fips,county_name,state,state_long,msa_type,msa_name,final_cluster,plain_label,assignment_confidence,assignment_margin,second_best_cluster,second_best_label
01001,Autauga County,AL,Alabama,Metro,"Montgomery, AL",2,Lower-tax severe-storm casualty counties,0.9953984239924141,0.9907968493745279,7,High-risk inland-flood and storm-injury counties
01003,Baldwin County,AL,Alabama,Metro,"Daphne-Fairhope-Foley, AL",7,High-risk inland-flood and storm-injury counties,0.999619102204874,0.9992382047339771,2,Lower-tax severe-storm casualty counties
01005,Barbour County,AL,Alabama,,,6,Lower-wage tornado and storm-injury counties,0.9920947751987162,0.9841895505369974,7,High-risk inland-flood and storm-injury counties
01007,Bibb County,AL,Alabama,Metro,"Birmingham-Hoover, AL",6,Lower-wage tornado and storm-injury counties,0.8238088458664942,0.6476177529660547,7,High-risk inland-flood and storm-injury counties
01009,Blount County,AL,Alabama,Metro,"Birmingham-Hoover, AL",6,Lower-wage tornado and storm-injury counties,0.9991547831066612,0.9983095716549765,7,High-risk inland-flood and storm-injury counties
01011,Bullock County,AL,Alabama,,,3,Older wildfire and mountain-hazard housing-market counties,0.9538944919668282,0.9100790517339923,7,High-risk inland-flood and storm-injury counties
01013,Butler County,AL,Alabama,,,0,"Transfer-reliant, temperature-variable severe-storm counties",0.9911705540048533,0.9845082916291399,3,Older wildfire and mountain-hazard housing-market counties
01015,Calhoun County,AL,Alabama,Metro,"Anniston-Oxford-Jacksonville, AL",2,Lower-tax severe-storm casualty counties,0.9986383347740712,0.9972766727968477,7,High-risk inland-flood and storm-injury counties
01017,Chambers County,AL,Alabama,Micro,"Valley, AL",0,"Transfer-reliant, temperature-variable severe-storm counties",0.9927192714624111,0.9870546598244591,7,High-risk inland-flood and storm-injury counties
01019,Cherokee County,AL,Alabama,,,6,Lower-wage tornado and storm-injury counties,0.9992378781866261,0.99847575843273,7,High-risk inland-flood and storm-injury counties
01021,Chilton County,AL,Alabama,Metro,"Birmingham-Hoover, AL",6,Lower-wage tornado and storm-injury counties,0.9961639533541035,0.992327907543761,7,High-risk inland-flood and storm-injury counties
01023,Choctaw County,AL,Alabama,,,6,Lower-wage tornado and storm-injury counties,0.9839656420171554,0.9679312845078861,7,High-risk inland-flood and storm-injury counties
01025,Clarke County,AL,Alabama,,,7,High-risk inland-flood and storm-injury counties,0.8192677489775388,0.6385355225434316,6,Lower-wage tornado and storm-injury counties
01027,Clay County,AL,Alabama,,,6,Lower-wage tornado and storm-injury counties,0.9619688755151704,0.9239377518058344,7,High-risk inland-flood and storm-injury counties
01029,Cleburne County,AL,Alabama,,,2,Lower-tax severe-storm casualty counties,0.9633002339950456,0.9266166281463877,7,High-risk inland-flood and storm-injury counties
01031,Coffee County,AL,Alabama,Micro,"Enterprise, AL",5,Cold-region severe-storm casualty counties,0.9714090897756583,0.9428182321761418,7,High-risk inland-flood and storm-injury counties
01033,Colbert County,AL,Alabama,Metro,"Florence-Muscle Shoals, AL",2,Lower-tax severe-storm casualty counties,0.996845530536495,0.9936911555008425,7,High-risk inland-flood and storm-injury counties
01035,Conecuh County,AL,Alabama,,,0,"Transfer-reliant, temperature-variable severe-storm counties",0.7212853869442662,0.4727576800800905,3,Older wildfire and mountain-hazard housing-market counties
01037,Coosa County,AL,Alabama,Micro,"Talladega-Sylacauga, AL",3,Older wildfire and mountain-hazard housing-market counties,0.9919515579845096,0.9842555446631629,7,High-risk inland-flood and storm-injury counties
01039,Covington County,AL,Alabama,,,2,Lower-tax severe-storm casualty counties,0.9874245146063542,0.9748490357129281,7,High-risk inland-flood and storm-injury counties
01041,Crenshaw County,AL,Alabama,,,0,"Transfer-reliant, temperature-variable severe-storm counties",0.9759193935732255,0.9545983001734794,3,Older wildfire and mountain-hazard housing-market counties
01043,Cullman County,AL,Alabama,Micro,"Cullman, AL",2,Lower-tax severe-storm casualty counties,0.992392223017905,0.984784452635668,7,High-risk inland-flood and storm-injury counties
01045,Dale County,AL,Alabama,Micro,"Ozark, AL",0,"Transfer-reliant, temperature-variable severe-storm counties",0.9962722501413331,0.9926577196047558,7,High-risk inland-flood and storm-injury counties
01047,Dallas County,AL,Alabama,Micro,"Selma, AL",2,Lower-tax severe-storm casualty counties,0.94752175469485,0.8950977337652909,7,High-risk inland-flood and storm-injury counties
01049,DeKalb County,AL,Alabama,,,2,Lower-tax severe-storm casualty counties,0.9971304064261469,0.9942608141809487,7,High-risk inland-flood and storm-injury counties
01051,Elmore County,AL,Alabama,Metro,"Montgomery, AL",2,Lower-tax severe-storm casualty counties,0.9960050917369759,0.9920102558711138,7,High-risk inland-flood and storm-injury counties
01053,Escambia County,AL,Alabama,,,2,Lower-tax severe-storm casualty counties,0.9728462054276803,0.9457048641665935,7,High-risk inland-flood and storm-injury counties
01055,Etowah County,AL,Alabama,Metro,"Gadsden, AL",6,Lower-wage tornado and storm-injury counties,0.9975071486140115,0.9950143015372074,7,High-risk inland-flood and storm-injury counties
01057,Fayette County,AL,Alabama,,,0,"Transfer-reliant, temperature-variable severe-storm counties",0.9621901481422953,0.9259288460312141,3,Older wildfire and mountain-hazard housing-market counties
01059,Franklin County,AL,Alabama,,,6,Lower-wage tornado and storm-injury counties,0.9958714947404624,0.9917430321697082,7,High-risk inland-flood and storm-injury counties
01061,Geneva County,AL,Alabama,Metro,"Dothan, AL",0,"Transfer-reliant, temperature-variable severe-storm counties",0.9837012001313209,0.9703978424686952,7,High-risk inland-flood and storm-injury counties
01063,Greene County,AL,Alabama,,,6,Lower-wage tornado and storm-injury counties,0.9334440379940419,0.8668880767665678,7,High-risk inland-flood and storm-injury counties
01065,Hale County,AL,Alabama,Metro,"Tuscaloosa, AL",2,Lower-tax severe-storm casualty counties,0.9174003836211604,0.8369979985939163,7,High-risk inland-flood and storm-injury counties
01067,Henry County,AL,Alabama,Metro,"Dothan, AL",2,Lower-tax severe-storm casualty counties,0.9963398397069663,0.9926796956094398,7,High-risk inland-flood and storm-injury counties
01069,Houston County,AL,Alabama,Metro,"Dothan, AL",2,Lower-tax severe-storm casualty counties,0.736628950396575,0.4732579129768723,7,High-risk inland-flood and storm-injury counties
01071,Jackson County,AL,Alabama,Micro,"Scottsboro, AL",2,Lower-tax severe-storm casualty counties,0.9972045562172906,0.9944091261857516,7,High-risk inland-flood and storm-injury counties
01073,Jefferson County,AL,Alabama,Metro,"Birmingham-Hoover, AL",7,High-risk inland-flood and storm-injury counties,0.8685508320573756,0.7371016752898507,2,Lower-tax severe-storm casualty counties
01075,Lamar County,AL,Alabama,,,0,"Transfer-reliant, temperature-variable severe-storm counties",0.7951616675019226,0.5966095889288554,3,Older wildfire and mountain-hazard housing-market counties
01077,Lauderdale County,AL,Alabama,Metro,"Florence-Muscle Shoals, AL",2,Lower-tax severe-storm casualty counties,0.9980436797478051,0.99608736210298,7,High-risk inland-flood and storm-injury counties
01079,Lawrence County,AL,Alabama,Metro,"Decatur, AL",2,Lower-tax severe-storm casualty counties,0.9950916726553857,0.9901833513281458,7,High-risk inland-flood and storm-injury counties
01081,Lee County,AL,Alabama,Metro,"Auburn-Opelika, AL",2,Lower-tax severe-storm casualty counties,0.9834716869268488,0.9669433766837922,7,High-risk inland-flood and storm-injury counties
01083,Limestone County,AL,Alabama,Metro,"Huntsville, AL",7,High-risk inland-flood and storm-injury counties,0.6212082835666597,0.26148687788621394,0,"Transfer-reliant, temperature-variable severe-storm counties"
01085,Lowndes County,AL,Alabama,Metro,"Montgomery, AL",6,Lower-wage tornado and storm-injury counties,0.6177817804083885,0.23556356084565772,7,High-risk inland-flood and storm-injury counties
01087,Macon County,AL,Alabama,,,0,"Transfer-reliant, temperature-variable severe-storm counties",0.7213548966917883,0.4473594156932197,3,Older wildfire and mountain-hazard housing-market counties
01089,Madison County,AL,Alabama,Metro,"Huntsville, AL",7,High-risk inland-flood and storm-injury counties,0.9981234608197689,0.996246921990346,2,Lower-tax severe-storm casualty counties
01091,Marengo County,AL,Alabama,,,2,Lower-tax severe-storm casualty counties,0.9549790459225511,0.9102889124708446,7,High-risk inland-flood and storm-injury counties
01093,Marion County,AL,Alabama,,,6,Lower-wage tornado and storm-injury counties,0.9988312713321552,0.9976625467064337,7,High-risk inland-flood and storm-injury counties
01095,Marshall County,AL,Alabama,Micro,"Albertville, AL",2,Lower-tax severe-storm casualty counties,0.9804811557215546,0.9609623163826306,7,High-risk inland-flood and storm-injury counties
01097,Mobile County,AL,Alabama,Metro,"Mobile, AL",7,High-risk inland-flood and storm-injury counties,0.9607443658123191,0.9214887409366662,2,Lower-tax severe-storm casualty counties
01099,Monroe County,AL,Alabama,,,3,Older wildfire and mountain-hazard housing-market counties,0.6908949517894591,0.47537971787549893,7,High-risk inland-flood and storm-injury counties
01101,Montgomery County,AL,Alabama,Metro,"Montgomery, AL",2,Lower-tax severe-storm casualty counties,0.99088397359164,0.9817679477043604,7,High-risk inland-flood and storm-injury counties
01103,Morgan County,AL,Alabama,Metro,"Decatur, AL",2,Lower-tax severe-storm casualty counties,0.9944460541010335,0.9888921232250535,7,High-risk inland-flood and storm-injury counties
01105,Perry County,AL,Alabama,,,3,Older wildfire and mountain-hazard housing-market counties,0.9827740567835341,0.9680941538792235,7,High-risk inland-flood and storm-injury counties
01107,Pickens County,AL,Alabama,Metro,"Tuscaloosa, AL",2,Lower-tax severe-storm casualty counties,0.8814169530298995,0.7632037622405393,7,High-risk inland-flood and storm-injury counties
01109,Pike County,AL,Alabama,Micro,"Troy, AL",6,Lower-wage tornado and storm-injury counties,0.9861494436989591,0.9722989045009652,7,High-risk inland-flood and storm-injury counties
01111,Randolph County,AL,Alabama,,,6,Lower-wage tornado and storm-injury counties,0.9986438525558009,0.9972877105934145,7,High-risk inland-flood and storm-injury counties
01113,Russell County,AL,Alabama,Metro,"Columbus, GA-AL",0,"Transfer-reliant, temperature-variable severe-storm counties",0.9927696945850932,0.9876490101967913,3,Older wildfire and mountain-hazard housing-market counties
01115,St. Clair County,AL,Alabama,Metro,"Birmingham-Hoover, AL",6,Lower-wage tornado and storm-injury counties,0.9945809328445181,0.9891619249109872,7,High-risk inland-flood and storm-injury counties
01117,Shelby County,AL,Alabama,Metro,"Birmingham-Hoover, AL",2,Lower-tax severe-storm casualty counties,0.7859718635522966,0.5719671918910069,7,High-risk inland-flood and storm-injury counties
01119,Sumter County,AL,Alabama,,,6,Lower-wage tornado and storm-injury counties,0.9844389076289274,0.9688778152587297,7,High-risk inland-flood and storm-injury counties
01121,Talladega County,AL,Alabama,Micro,"Talladega-Sylacauga, AL",2,Lower-tax severe-storm casualty counties,0.9987146411533939,0.9974292924017344,7,High-risk inland-flood and storm-injury counties
01123,Tallapoosa County,AL,Alabama,,,6,Lower-wage tornado and storm-injury counties,0.9870378729370658,0.9740758905174839,7,High-risk inland-flood and storm-injury counties
01125,Tuscaloosa County,AL,Alabama,Metro,"Tuscaloosa, AL",2,Lower-tax severe-storm casualty counties,0.9964947933530943,0.992989595983468,7,High-risk inland-flood and storm-injury counties
01127,Walker County,AL,Alabama,Metro,"Birmingham-Hoover, AL",6,Lower-wage tornado and storm-injury counties,0.9972196554745859,0.994439329693604,7,High-risk inland-flood and storm-injury counties
01129,Washington County,AL,Alabama,,,7,High-risk inland-flood and storm-injury counties,0.7558596701840448,0.52863616337931,3,Older wildfire and mountain-hazard housing-market counties
01131,Wilcox County,AL,Alabama,,,3,Older wildfire and mountain-hazard housing-market counties,0.7503349945729166,0.5247977388934711,0,"Transfer-reliant, temperature-variable severe-storm counties"
01133,Winston County,AL,Alabama,,,3,Older wildfire and mountain-hazard housing-market counties,0.9250337551383213,0.8619673214161867,0,"Transfer-reliant, temperature-variable severe-storm counties"
02010,Aleutian Islands Census Area,AK,Alaska,,,0,"Transfer-reliant, temperature-variable severe-storm counties",0.9998686547252186,0.9997783761005599,4,"High-premium, high-tax low-hazard counties"
02013,Aleutians East Borough,AK,Alaska,,,7,High-risk inland-flood and storm-injury counties,0.6934005969750493,0.3868012012885211,3,Older wildfire and mountain-hazard housing-market counties
02016,Aleutians West Census Area,AK,Alaska,,,7,High-risk inland-flood and storm-injury counties,0.6864282242136589,0.372856476965883,3,Older wildfire and mountain-hazard housing-market counties
02020,Anchorage Municipality,AK,Alaska,Metro,"Anchorage, AK",7,High-risk inland-flood and storm-injury counties,0.9879571662736479,0.9759143325547682,3,Older wildfire and mountain-hazard housing-market counties
02030,Angoon Division,AK,Alaska,,,0,"Transfer-reliant, temperature-variable severe-storm counties",0.9998686547252186,0.9997783761005599,4,"High-premium, high-tax low-hazard counties"
02040,Barrow-North Slope Division,AK,Alaska,,,0,"Transfer-reliant, temperature-variable severe-storm counties",0.9992032032595395,0.9985617837618387,3,Older wildfire and mountain-hazard housing-market counties
02050,Bethel Census Area,AK,Alaska,,,3,Older wildfire and mountain-hazard housing-market counties,0.9970054225497563,0.994011305375199,7,High-risk inland-flood and storm-injury counties
02060,Bristol Bay Borough,AK,Alaska,,,3,Older wildfire and mountain-hazard housing-market counties,0.9314126268427355,0.862827295192082,7,High-risk inland-flood and storm-injury counties
02063,Chugach Census Area,AK,Alaska,,,3,Older wildfire and mountain-hazard housing-market counties,0.7110279242192262,0.5074318460841445,7,High-risk inland-flood and storm-injury counties
02066,Copper River Census Area,AK,Alaska,,,3,Older wildfire and mountain-hazard housing-market counties,0.9558785516861884,0.9117575804865456,7,High-risk inland-flood and storm-injury counties
02068,Denali Borough,AK,Alaska,,,3,Older wildfire and mountain-hazard housing-market counties,0.8478707104170643,0.6957595835698798,7,High-risk inland-flood and storm-injury counties
02070,Dillingham Census Area,AK,Alaska,,,3,Older wildfire and mountain-hazard housing-market counties,0.9916778071806827,0.9833558450166646,7,High-risk inland-flood and storm-injury counties
02080,Cordova McCarthy Division,AK,Alaska,,,0,"Transfer-reliant, temperature-variable severe-storm counties",0.9998686547252186,0.9997783761005599,4,"High-premium, high-tax low-hazard counties"
02090,Fairbanks North Star Borough,AK,Alaska,Metro,"Fairbanks, AK",3,Older wildfire and mountain-hazard housing-market counties,0.9632964466052483,0.9265957132432292,7,High-risk inland-flood and storm-injury counties
02100,Haines Borough,AK,Alaska,,,3,Older wildfire and mountain-hazard housing-market counties,0.6342885467298894,0.26859928273986233,7,High-risk inland-flood and storm-injury counties
02105,Hoonah-Angoon Census Area,AK,Alaska,,,7,High-risk inland-flood and storm-injury counties,0.985701184958768,0.9714031423301853,3,Older wildfire and mountain-hazard housing-market counties
02110,Juneau City and Borough,AK,Alaska,Micro,"Juneau, AK",3,Older wildfire and mountain-hazard housing-market counties,0.789112081047348,0.5782609912017795,7,High-risk inland-flood and storm-injury counties
02120,Kenai-Cook Inlet Division,AK,Alaska,,,0,"Transfer-reliant, temperature-variable severe-storm counties",0.9998686547252186,0.9997783761005599,4,"High-premium, high-tax low-hazard counties"
02122,Kenai Peninsula Borough,AK,Alaska,,,3,Older wildfire and mountain-hazard housing-market counties,0.9080188653026064,0.8160377306716237,7,High-risk inland-flood and storm-injury counties
02130,Ketchikan Gateway Borough,AK,Alaska,Micro,"Ketchikan, AK",7,High-risk inland-flood and storm-injury counties,0.5190220239475607,0.03812428539040308,3,Older wildfire and mountain-hazard housing-market counties
02140,Kobuk Census Area,AK,Alaska,,,0,"Transfer-reliant, temperature-variable severe-storm counties",0.9998686547252186,0.9997783761005599,4,"High-premium, high-tax low-hazard counties"
02150,Kodiak Island Borough,AK,Alaska,,,3,Older wildfire and mountain-hazard housing-market counties,0.7458207727822026,0.4916709970712124,7,High-risk inland-flood and storm-injury counties
02158,Kusilvak Census Area,AK,Alaska,,,3,Older wildfire and mountain-hazard housing-market counties,0.9952569319804384,0.9905161316621038,7,High-risk inland-flood and storm-injury counties
02160,Kuskokwim Division,AK,Alaska,,,0,"Transfer-reliant, temperature-variable severe-storm counties",0.9998686547252186,0.9997783761005599,4,"High-premium, high-tax low-hazard counties"
02164,Lake and Peninsula Borough,AK,Alaska,,,3,Older wildfire and mountain-hazard housing-market counties,0.750375104029786,0.5007506103288968,7,High-risk inland-flood and storm-injury counties
02170,Matanuska-Susitna Borough,AK,Alaska,Metro,"Anchorage, AK",3,Older wildfire and mountain-hazard housing-market counties,0.8453773460720813,0.6907547985298288,7,High-risk inland-flood and storm-injury counties
02180,Nome Census Area,AK,Alaska,,,3,Older wildfire and mountain-hazard housing-market counties,0.9866877886292099,0.9734917458506258,7,High-risk inland-flood and storm-injury counties
02185,North Slope Borough,AK,Alaska,,,7,High-risk inland-flood and storm-injury counties,0.5878400862557652,0.17578891088360782,3,Older wildfire and mountain-hazard housing-market counties
02188,Northwest Arctic Borough,AK,Alaska,,,3,Older wildfire and mountain-hazard housing-market counties,0.9964028621789451,0.9928064419814534,7,High-risk inland-flood and storm-injury counties
02190,Outer Ketchikan Division,AK,Alaska,,,0,"Transfer-reliant, temperature-variable severe-storm counties",0.9998686547252186,0.9997783761005599,4,"High-premium, high-tax low-hazard counties"
02195,Petersburg Borough,AK,Alaska,,,3,Older wildfire and mountain-hazard housing-market counties,0.7738039162010909,0.5493114205559166,7,High-risk inland-flood and storm-injury counties
02198,Prince of Wales-Hyder Census Area,AK,Alaska,,,3,Older wildfire and mountain-hazard housing-market counties,0.7442909330131537,0.4886004173273481,7,High-risk inland-flood and storm-injury counties
02200,Prince of Wales Division,AK,Alaska,,,0,"Transfer-reliant, temperature-variable severe-storm counties",0.9998686547252186,0.9997783761005599,4,"High-premium, high-tax low-hazard counties"
02201,Prince of Wales-Outer Ketchikan Census Area,AK,Alaska,,,0,"Transfer-reliant, temperature-variable severe-storm counties",0.9989884051871879,0.9982017416514835,4,"High-premium, high-tax low-hazard counties"
02210,Seward Division,AK,Alaska,,,3,Older wildfire and mountain-hazard housing-market counties,0.5448702479283167,0.0939683122016654,0,"Transfer-reliant, temperature-variable severe-storm counties"
02220,Sitka City and Borough,AK,Alaska,,,7,High-risk inland-flood and storm-injury counties,0.9975567449472486,0.9951134901543929,3,Older wildfire and mountain-hazard housing-market counties
02230,Skagway Municipality,AK,Alaska,,,3,Older wildfire and mountain-hazard housing-market counties,0.8604326193329612,0.721334579307626,7,High-risk inland-flood and storm-injury counties
02231,Skagway-Yakutat-Angoon Census Area,AK,Alaska,,,0,"Transfer-reliant, temperature-variable severe-storm counties",0.9977956874178964,0.9961883467863015,3,Older wildfire and mountain-hazard housing-market counties
02232,Skagway-Hoonah-Angoon Census Area,AK,Alaska,,,0,"Transfer-reliant, temperature-variable severe-storm counties",0.9989761315402125,0.9980089281337563,4,"High-premium, high-tax low-hazard counties"
02240,Southeast Fairbanks Census Area,AK,Alaska,,,3,Older wildfire and mountain-hazard housing-market counties,0.9961086893790811,0.9922173917402977,7,High-risk inland-flood and storm-injury counties
02250,Upper Yukon Division,AK,Alaska,,,0,"Transfer-reliant, temperature-variable severe-storm counties",0.9998686547252186,0.9997783761005599,4,"High-premium, high-tax low-hazard counties"
02260,Valdez-Chitina-Whittier Division,AK,Alaska,,,0,"Transfer-reliant, temperature-variable severe-storm counties",0.9998686547252186,0.9997783761005599,4,"High-premium, high-tax low-hazard counties"
02261,Valdez-Cordova Census Area,AK,Alaska,,,0,"Transfer-reliant, temperature-variable severe-storm counties",0.9997538221058848,0.9996130411964462,4,"High-premium, high-tax low-hazard counties"
02270,Wade Hampton Census Area,AK,Alaska,,,0,"Transfer-reliant, temperature-variable severe-storm counties",0.9828449698530284,0.9663372617901854,4,"High-premium, high-tax low-hazard counties"
02275,Wrangell City and Borough,AK,Alaska,,,7,High-risk inland-flood and storm-injury counties,0.7032530690970472,0.412832744034164,3,Older wildfire and mountain-hazard housing-market counties
02280,Wrangell-Petersburg Census Area,AK,Alaska,,,0,"Transfer-reliant, temperature-variable severe-storm counties",0.9988724688901844,0.9977993898196762,4,"High-premium, high-tax low-hazard counties"
02282,Yakutat City and Borough,AK,Alaska,,,3,Older wildfire and mountain-hazard housing-market counties,0.9666329698202338,0.9342721501469375,7,High-risk inland-flood and storm-injury counties
02290,Yukon-Koyukuk Census Area,AK,Alaska,,,3,Older wildfire and mountain-hazard housing-market counties,0.9867405112660605,0.9734827103689438,7,High-risk inland-flood and storm-injury counties
04001,Apache County,AZ,Arizona,,,3,Older wildfire and mountain-hazard housing-market counties,0.6837466270991459,0.3674932542061444,7,High-risk inland-flood and storm-injury counties
04003,Cochise County,AZ,Arizona,Metro,"Sierra Vista-Douglas, AZ",7,High-risk inland-flood and storm-injury counties,0.9995309534535547,0.9990619689504427,2,Lower-tax severe-storm casualty counties
04005,Coconino County,AZ,Arizona,Metro,"Flagstaff, AZ",7,High-risk inland-flood and storm-injury counties,1.0,0.9999999999999997,2,Lower-tax severe-storm casualty counties
04007,Gila County,AZ,Arizona,Micro,"Payson, AZ",7,High-risk inland-flood and storm-injury counties,0.9999999988072759,0.9999999976158257,5,Cold-region severe-storm casualty counties
04009,Graham County,AZ,Arizona,Micro,"Safford, AZ",7,High-risk inland-flood and storm-injury counties,0.9561906755048809,0.9124687913679869,2,Lower-tax severe-storm casualty counties
04011,Greenlee County,AZ,Arizona,,,3,Older wildfire and mountain-hazard housing-market counties,0.9950942773356852,0.9901886252361848,7,High-risk inland-flood and storm-injury counties
04012,La Paz County,AZ,Arizona,,,7,High-risk inland-flood and storm-injury counties,0.9987196058890313,0.997987851590059,1,High-tax northern housing-market storm-risk counties
04013,Maricopa County,AZ,Arizona,Metro,"Phoenix-Mesa-Scottsdale, AZ",7,High-risk inland-flood and storm-injury counties,1.0,1.0,1,High-tax northern housing-market storm-risk counties
04015,Mohave County,AZ,Arizona,Metro,"Lake Havasu City-Kingman, AZ",7,High-risk inland-flood and storm-injury counties,0.9999999999999929,0.9999999999999857,2,Lower-tax severe-storm casualty counties
04017,Navajo County,AZ,Arizona,Micro,"Show Low, AZ",7,High-risk inland-flood and storm-injury counties,0.9991692825942671,0.9983385651923328,5,Cold-region severe-storm casualty counties
04019,Pima County,AZ,Arizona,Metro,"Tucson, AZ",7,High-risk inland-flood and storm-injury counties,0.9999999999889013,0.9999999999813363,2,Lower-tax severe-storm casualty counties
04021,Pinal County,AZ,Arizona,Metro,"Phoenix-Mesa-Scottsdale, AZ",7,High-risk inland-flood and storm-injury counties,0.9999471016882422,0.9999078348366541,6,Lower-wage tornado and storm-injury counties
04023,Santa Cruz County,AZ,Arizona,Micro,"Nogales, AZ",7,High-risk inland-flood and storm-injury counties,0.9999877360204501,0.9999754889936547,2,Lower-tax severe-storm casualty counties
04025,Yavapai County,AZ,Arizona,Metro,"Prescott, AZ",7,High-risk inland-flood and storm-injury counties,1.0,0.9999999999999994,5,Cold-region severe-storm casualty counties
04027,Yuma County,AZ,Arizona,Metro,"Yuma, AZ",7,High-risk inland-flood and storm-injury counties,0.8432469150061961,0.7663246789070925,3,Older wildfire and mountain-hazard housing-market counties
05001,Arkansas County,AR,Arkansas,,,5,Cold-region severe-storm casualty counties,0.9995480627922829,0.9990961334900821,7,High-risk inland-flood and storm-injury counties
05003,Ashley County,AR,Arkansas,,,6,Lower-wage tornado and storm-injury counties,0.9986054505545127,0.9972113235760475,7,High-risk inland-flood and storm-injury counties
05005,Baxter County,AR,Arkansas,Micro,"Mountain Home, AR",2,Lower-tax severe-storm casualty counties,0.9806942339594967,0.9620632954747641,7,High-risk inland-flood and storm-injury counties
05007,Benton County,AR,Arkansas,Metro,"Fayetteville-Springdale-Rogers, AR-MO",7,High-risk inland-flood and storm-injury counties,0.9980165178919845,0.9963448576270024,2,Lower-tax severe-storm casualty counties
05009,Boone County,AR,Arkansas,Micro,"Harrison, AR",2,Lower-tax severe-storm casualty counties,0.9668539447715215,0.9337428668526044,7,High-risk inland-flood and storm-injury counties
05011,Bradley County,AR,Arkansas,,,0,"Transfer-reliant, temperature-variable severe-storm counties",0.9997547041546292,0.9995790961896097,3,Older wildfire and mountain-hazard housing-market counties
05013,Calhoun County,AR,Arkansas,Micro,"Camden, AR",0,"Transfer-reliant, temperature-variable severe-storm counties",0.8406338707240977,0.6822448566221797,3,Older wildfire and mountain-hazard housing-market counties
05015,Carroll County,AR,Arkansas,,,5,Cold-region severe-storm casualty counties,0.9997448233767059,0.9994902960518204,7,High-risk inland-flood and storm-injury counties
05017,Chicot County,AR,Arkansas,,,6,Lower-wage tornado and storm-injury counties,0.9976945764578293,0.995389153356313,7,High-risk inland-flood and storm-injury counties
05019,Clark County,AR,Arkansas,Micro,"Arkadelphia, AR",0,"Transfer-reliant, temperature-variable severe-storm counties",0.9640928640064104,0.9326934854459172,4,"High-premium, high-tax low-hazard counties"
05021,Clay County,AR,Arkansas,,,5,Cold-region severe-storm casualty counties,0.9993387671384221,0.9986802153331942,7,High-risk inland-flood and storm-injury counties
05023,Cleburne County,AR,Arkansas,,,0,"Transfer-reliant, temperature-variable severe-storm counties",0.9994428771380084,0.9990090081555046,4,"High-premium, high-tax low-hazard counties"
05025,Cleveland County,AR,Arkansas,Metro,"Pine Bluff, AR",0,"Transfer-reliant, temperature-variable severe-storm counties",0.7496720647365556,0.5021604104401719,3,Older wildfire and mountain-hazard housing-market counties
05027,Columbia County,AR,Arkansas,Micro,"Magnolia, AR",0,"Transfer-reliant, temperature-variable severe-storm counties",0.9991660661581315,0.9985873576515757,4,"High-premium, high-tax low-hazard counties"
05029,Conway County,AR,Arkansas,,,0,"Transfer-reliant, temperature-variable severe-storm counties",0.8754942251403549,0.8129447741123894,7,High-risk inland-flood and storm-injury counties
05031,Craighead County,AR,Arkansas,Metro,"Jonesboro, AR",2,Lower-tax severe-storm casualty counties,0.9944946083602336,0.9889897763052422,7,High-risk inland-flood and storm-injury counties
05033,Crawford County,AR,Arkansas,Metro,"Fort Smith, AR-OK",2,Lower-tax severe-storm casualty counties,0.9961099381158767,0.9922226385751037,7,High-risk inland-flood and storm-injury counties
05035,Crittenden County,AR,Arkansas,Metro,"Memphis, TN-MS-AR",0,"Transfer-reliant, temperature-variable severe-storm counties",0.9997635653684817,0.9995366738393124,7,High-risk inland-flood and storm-injury counties
05037,Cross County,AR,Arkansas,,,2,Lower-tax severe-storm casualty counties,0.9993882171638968,0.9987764376698401,7,High-risk inland-flood and storm-injury counties
05039,Dallas County,AR,Arkansas,,,3,Older wildfire and mountain-hazard housing-market counties,0.5797406565196996,0.16300977306001935,0,"Transfer-reliant, temperature-variable severe-storm counties"
05041,Desha County,AR,Arkansas,,,0,"Transfer-reliant, temperature-variable severe-storm counties",0.9996471418260199,0.9994382976624255,4,"High-premium, high-tax low-hazard counties"
05043,Drew County,AR,Arkansas,,,0,"Transfer-reliant, temperature-variable severe-storm counties",0.9922014111085546,0.9847472753966572,4,"High-premium, high-tax low-hazard counties"
05045,Faulkner County,AR,Arkansas,Metro,"Little Rock-North Little Rock-Conway, AR",7,High-risk inland-flood and storm-injury counties,0.794949263933033,0.5920994651416118,6,Lower-wage tornado and storm-injury counties
05047,Franklin County,AR,Arkansas,,,0,"Transfer-reliant, temperature-variable severe-storm counties",0.9995469161044404,0.9992552670630575,4,"High-premium, high-tax low-hazard counties"
05049,Fulton County,AR,Arkansas,,,0,"Transfer-reliant, temperature-variable severe-storm counties",0.9963701454221899,0.9942152635055833,3,Older wildfire and mountain-hazard housing-market counties
05051,Garland County,AR,Arkansas,Metro,"Hot Springs, AR",6,Lower-wage tornado and storm-injury counties,0.9673641727619765,0.9348046686810572,7,High-risk inland-flood and storm-injury counties
05053,Grant County,AR,Arkansas,Metro,"Little Rock-North Little Rock-Conway, AR",0,"Transfer-reliant, temperature-variable severe-storm counties",0.9994758657397597,0.9991482603382132,4,"High-premium, high-tax low-hazard counties"
05055,Greene County,AR,Arkansas,Micro,"Paragould, AR",6,Lower-wage tornado and storm-injury counties,0.9968679771525527,0.9937389503151147,7,High-risk inland-flood and storm-injury counties
05057,Hempstead County,AR,Arkansas,,,6,Lower-wage tornado and storm-injury counties,0.995905559936114,0.9918112840646315,7,High-risk inland-flood and storm-injury counties
05059,Hot Spring County,AR,Arkansas,Micro,"Malvern, AR",0,"Transfer-reliant, temperature-variable severe-storm counties",0.9997519741772364,0.9995858965265167,4,"High-premium, high-tax low-hazard counties"
05061,Howard County,AR,Arkansas,,,2,Lower-tax severe-storm casualty counties,0.997910455883167,0.9958209120998959,7,High-risk inland-flood and storm-injury counties
05063,Independence County,AR,Arkansas,Micro,"Batesville, AR",0,"Transfer-reliant, temperature-variable severe-storm counties",0.9881386866296737,0.9775101814558327,4,"High-premium, high-tax low-hazard counties"
05065,Izard County,AR,Arkansas,,,6,Lower-wage tornado and storm-injury counties,0.9996916277938074,0.9993832723620673,7,High-risk inland-flood and storm-injury counties
05067,Jackson County,AR,Arkansas,,,5,Cold-region severe-storm casualty counties,0.9998289982382641,0.9996580564183694,7,High-risk inland-flood and storm-injury counties
05069,Jefferson County,AR,Arkansas,Metro,"Pine Bluff, AR",2,Lower-tax severe-storm casualty counties,0.9970815075645477,0.9941630494361495,7,High-risk inland-flood and storm-injury counties
05071,Johnson County,AR,Arkansas,,,0,"Transfer-reliant, temperature-variable severe-storm counties",0.9688418897654887,0.9385948834783138,4,"High-premium, high-tax low-hazard counties"
05073,Lafayette County,AR,Arkansas,,,6,Lower-wage tornado and storm-injury counties,0.9996381017400342,0.9992762039401591,7,High-risk inland-flood and storm-injury counties
05075,Lawrence County,AR,Arkansas,,,0,"Transfer-reliant, temperature-variable severe-storm counties",0.9990217762097193,0.9981947556969747,7,High-risk inland-flood and storm-injury counties
05077,Lee County,AR,Arkansas,,,0,"Transfer-reliant, temperature-variable severe-storm counties",0.7969173033100126,0.5963731856853225,3,Older wildfire and mountain-hazard housing-market counties
05079,Lincoln County,AR,Arkansas,Metro,"Pine Bluff, AR",0,"Transfer-reliant, temperature-variable severe-storm counties",0.9992383635183166,0.998533190941996,3,Older wildfire and mountain-hazard housing-market counties
05081,Little River County,AR,Arkansas,Metro,"Texarkana, TX-AR",5,Cold-region severe-storm casualty counties,0.9987496204537077,0.9974992419276847,7,High-risk inland-flood and storm-injury counties
05083,Logan County,AR,Arkansas,,,0,"Transfer-reliant, temperature-variable severe-storm counties",0.9453315316575888,0.8917128718438199,4,"High-premium, high-tax low-hazard counties"
05085,Lonoke County,AR,Arkansas,Metro,"Little Rock-North Little Rock-Conway, AR",2,Lower-tax severe-storm casualty counties,0.99817950960276,0.9963596002924479,7,High-risk inland-flood and storm-injury counties
05087,Madison County,AR,Arkansas,Metro,"Fayetteville-Springdale-Rogers, AR-MO",5,Cold-region severe-storm casualty counties,0.9984211531953275,0.996844520321553,7,High-risk inland-flood and storm-injury counties
05089,Marion County,AR,Arkansas,,,2,Lower-tax severe-storm casualty counties,0.9982903020739503,0.9965807757933975,7,High-risk inland-flood and storm-injury counties
05091,Miller County,AR,Arkansas,Metro,"Texarkana, TX-AR",0,"Transfer-reliant, temperature-variable severe-storm counties",0.9991660991725233,0.9983542032576698,7,High-risk inland-flood and storm-injury counties
05093,Mississippi County,AR,Arkansas,Micro,"Blytheville, AR",2,Lower-tax severe-storm casualty counties,0.9957227013849226,0.9914456535011376,7,High-risk inland-flood and storm-injury counties
05095,Monroe County,AR,Arkansas,,,0,"Transfer-reliant, temperature-variable severe-storm counties",0.921167959422937,0.8443099524312304,3,Older wildfire and mountain-hazard housing-market counties
05097,Montgomery County,AR,Arkansas,,,0,"Transfer-reliant, temperature-variable severe-storm counties",0.966817919310802,0.943675044853149,3,Older wildfire and mountain-hazard housing-market counties
05099,Nevada County,AR,Arkansas,,,0,"Transfer-reliant, temperature-variable severe-storm counties",0.99379441504534,0.9882866047344697,3,Older wildfire and mountain-hazard housing-market counties
05101,Newton County,AR,Arkansas,Micro,"Harrison, AR",6,Lower-wage tornado and storm-injury counties,0.9993049696101447,0.9986103272541879,7,High-risk inland-flood and storm-injury counties
05103,Ouachita County,AR,Arkansas,Micro,"Camden, AR",0,"Transfer-reliant, temperature-variable severe-storm counties",0.9998311942233721,0.9997121334385081,7,High-risk inland-flood and storm-injury counties
05105,Perry County,AR,Arkansas,Metro,"Little Rock-North Little Rock-Conway, AR",0,"Transfer-reliant, temperature-variable severe-storm counties",0.9980328050316828,0.9961906893232929,4,"High-premium, high-tax low-hazard counties"
05107,Phillips County,AR,Arkansas,Micro,"Helena-West Helena, AR",0,"Transfer-reliant, temperature-variable severe-storm counties",0.9988612328580092,0.9978977126985116,3,Older wildfire and mountain-hazard housing-market counties
05109,Pike County,AR,Arkansas,,,6,Lower-wage tornado and storm-injury counties,0.999463147510072,0.9989262961437185,7,High-risk inland-flood and storm-injury counties
05111,Poinsett County,AR,Arkansas,Metro,"Jonesboro, AR",2,Lower-tax severe-storm casualty counties,0.9993655625296751,0.9987311256683953,7,High-risk inland-flood and storm-injury counties
05113,Polk County,AR,Arkansas,,,6,Lower-wage tornado and storm-injury counties,0.9988738654637497,0.9977477784243888,7,High-risk inland-flood and storm-injury counties
05115,Pope County,AR,Arkansas,Micro,"Russellville, AR",2,Lower-tax severe-storm casualty counties,0.9940376234144841,0.9880752571359679,7,High-risk inland-flood and storm-injury counties
05117,Prairie County,AR,Arkansas,,,4,"High-premium, high-tax low-hazard counties",0.7837345076332642,0.5839795856404028,0,"Transfer-reliant, temperature-variable severe-storm counties"
05119,Pulaski County,AR,Arkansas,Metro,"Little Rock-North Little Rock-Conway, AR",7,High-risk inland-flood and storm-injury counties,0.7521883259911937,0.5043800022571312,2,Lower-tax severe-storm casualty counties
05121,Randolph County,AR,Arkansas,,,0,"Transfer-reliant, temperature-variable severe-storm counties",0.9996428789089106,0.9993651117813832,7,High-risk inland-flood and storm-injury counties
05123,St. Francis County,AR,Arkansas,Micro,"Forrest City, AR",2,Lower-tax severe-storm casualty counties,0.9983855977073802,0.996771357957437,7,High-risk inland-flood and storm-injury counties
05125,Saline County,AR,Arkansas,Metro,"Little Rock-North Little Rock-Conway, AR",6,Lower-wage tornado and storm-injury counties,0.5511508222346766,0.102716781391128,7,High-risk inland-flood and storm-injury counties
05127,Scott County,AR,Arkansas,,,5,Cold-region severe-storm casualty counties,0.9995260757398952,0.9990527657216508,7,High-risk inland-flood and storm-injury counties
05129,Searcy County,AR,Arkansas,,,0,"Transfer-reliant, temperature-variable severe-storm counties",0.6937354526664185,0.39485568222157086,3,Older wildfire and mountain-hazard housing-market counties
05131,Sebastian County,AR,Arkansas,Metro,"Fort Smith, AR-OK",5,Cold-region severe-storm casualty counties,0.9737102816091618,0.947427274236027,7,High-risk inland-flood and storm-injury counties
05133,Sevier County,AR,Arkansas,,,0,"Transfer-reliant, temperature-variable severe-storm counties",0.9968430783185407,0.9938864829199429,4,"High-premium, high-tax low-hazard counties"
05135,Sharp County,AR,Arkansas,,,0,"Transfer-reliant, temperature-variable severe-storm counties",0.9989385365918856,0.9981280861077289,4,"High-premium, high-tax low-hazard counties"
05137,Stone County,AR,Arkansas,,,0,"Transfer-reliant, temperature-variable severe-storm counties",0.9555349925526747,0.9136545511997338,3,Older wildfire and mountain-hazard housing-market counties
05139,Union County,AR,Arkansas,Micro,"El Dorado, AR",0,"Transfer-reliant, temperature-variable severe-storm counties",0.9506065454275244,0.922672866075557,7,High-risk inland-flood and storm-injury counties
05141,Van Buren County,AR,Arkansas,,,0,"Transfer-reliant, temperature-variable severe-storm counties",0.9978979052844166,0.996599644264151,3,Older wildfire and mountain-hazard housing-market counties
05143,Washington County,AR,Arkansas,Metro,"Fayetteville-Springdale-Rogers, AR-MO",2,Lower-tax severe-storm casualty counties,0.9839617319672382,0.9679238531716616,7,High-risk inland-flood and storm-injury counties
05145,White County,AR,Arkansas,Micro,"Searcy, AR",6,Lower-wage tornado and storm-injury counties,0.9904072812755875,0.9808196998177313,7,High-risk inland-flood and storm-injury counties
05147,Woodruff County,AR,Arkansas,,,6,Lower-wage tornado and storm-injury counties,0.9997985220437576,0.9995970833937533,7,High-risk inland-flood and storm-injury counties
05149,Yell County,AR,Arkansas,Micro,"Russellville, AR",6,Lower-wage tornado and storm-injury counties,0.9995213734443157,0.9990434234524709,7,High-risk inland-flood and storm-injury counties
06001,Alameda County,CA,California,Metro,"San Francisco-Oakland-Hayward, CA",7,High-risk inland-flood and storm-injury counties,1.0,1.0,3,Older wildfire and mountain-hazard housing-market counties
06003,Alpine County,CA,California,,,7,High-risk inland-flood and storm-injury counties,0.8882729068445592,0.776545813692121,3,Older wildfire and mountain-hazard housing-market counties
06005,Amador County,CA,California,,,7,High-risk inland-flood and storm-injury counties,0.9917594071516143,0.9835188143032303,3,Older wildfire and mountain-hazard housing-market counties
06007,Butte County,CA,California,Metro,"Chico, CA",7,High-risk inland-flood and storm-injury counties,0.9998464624581082,0.9996929249164107,3,Older wildfire and mountain-hazard housing-market counties
06009,Calaveras County,CA,California,,,7,High-risk inland-flood and storm-injury counties,0.9931502230406649,0.9863004460813308,3,Older wildfire and mountain-hazard housing-market counties
06011,Colusa County,CA,California,,,7,High-risk inland-flood and storm-injury counties,0.999989736238206,0.9999794724866385,3,Older wildfire and mountain-hazard housing-market counties
06013,Contra Costa County,CA,California,Metro,"San Francisco-Oakland-Hayward, CA",7,High-risk inland-flood and storm-injury counties,0.999999398713928,0.9999987974278571,3,Older wildfire and mountain-hazard housing-market counties
06015,Del Norte County,CA,California,Micro,"Crescent City, CA",7,High-risk inland-flood and storm-injury counties,0.8630613190032119,0.7261226405464929,3,Older wildfire and mountain-hazard housing-market counties
06017,El Dorado County,CA,California,Metro,"Sacramento--Roseville--Arden-Arcade, CA",7,High-risk inland-flood and storm-injury counties,0.9999999999999645,0.9999999999999313,5,Cold-region severe-storm casualty counties
06019,Fresno County,CA,California,Metro,"Fresno, CA",7,High-risk inland-flood and storm-injury counties,0.9999999999999929,0.9999999999999872,5,Cold-region severe-storm casualty counties
06021,Glenn County,CA,California,,,7,High-risk inland-flood and storm-injury counties,0.9999880192359194,0.9999760385456995,5,Cold-region severe-storm casualty counties
06023,Humboldt County,CA,California,Micro,"Eureka-Arcata-Fortuna, CA",7,High-risk inland-flood and storm-injury counties,0.9999999999998153,0.9999999999996317,3,Older wildfire and mountain-hazard housing-market counties
06025,Imperial County,CA,California,Metro,"El Centro, CA",7,High-risk inland-flood and storm-injury counties,0.726699699678834,0.4534089281791197,2,Lower-tax severe-storm casualty counties
06027,Inyo County,CA,California,,,7,High-risk inland-flood and storm-injury counties,0.9999995773425466,0.9999991561206634,6,Lower-wage tornado and storm-injury counties
06029,Kern County,CA,California,Metro,"Bakersfield, CA",7,High-risk inland-flood and storm-injury counties,0.9999999999999929,0.9999999999999887,2,Lower-tax severe-storm casualty counties
06031,Kings County,CA,California,Metro,"Hanford-Corcoran, CA",7,High-risk inland-flood and storm-injury counties,0.9993552825329755,0.9987106756426356,3,Older wildfire and mountain-hazard housing-market counties
06033,Lake County,CA,California,Micro,"Clearlake, CA",7,High-risk inland-flood and storm-injury counties,1.0,0.9999999999999999,6,Lower-wage tornado and storm-injury counties
06035,Lassen County,CA,California,Micro,"Susanville, CA",3,Older wildfire and mountain-hazard housing-market counties,0.8400135510509403,0.6800271021190002,7,High-risk inland-flood and storm-injury counties
06037,Los Angeles County,CA,California,Metro,"Los Angeles-Long Beach-Anaheim, CA",7,High-risk inland-flood and storm-injury counties,1.0,0.9999999999999998,1,High-tax northern housing-market storm-risk counties
06039,Madera County,CA,California,Metro,"Madera, CA",7,High-risk inland-flood and storm-injury counties,0.999929714648481,0.9998594292969701,3,Older wildfire and mountain-hazard housing-market counties
06041,Marin County,CA,California,Metro,"San Francisco-Oakland-Hayward, CA",7,High-risk inland-flood and storm-injury counties,1.0,1.0,3,Older wildfire and mountain-hazard housing-market counties
06043,Mariposa County,CA,California,,,7,High-risk inland-flood and storm-injury counties,0.9999999999984723,0.9999999999969421,3,Older wildfire and mountain-hazard housing-market counties
06045,Mendocino County,CA,California,Micro,"Ukiah, CA",7,High-risk inland-flood and storm-injury counties,0.9998172936009867,0.9996345872019724,3,Older wildfire and mountain-hazard housing-market counties
06047,Merced County,CA,California,Metro,"Merced, CA",7,High-risk inland-flood and storm-injury counties,0.9999885391490159,0.9999770782980514,3,Older wildfire and mountain-hazard housing-market counties
06049,Modoc County,CA,California,,,3,Older wildfire and mountain-hazard housing-market counties,0.9345465146177637,0.8690930293629986,7,High-risk inland-flood and storm-injury counties
06051,Mono County,CA,California,,,7,High-risk inland-flood and storm-injury counties,1.0,1.0,6,Lower-wage tornado and storm-injury counties
06053,Monterey County,CA,California,Metro,"Salinas, CA",7,High-risk inland-flood and storm-injury counties,0.9999999999999858,0.9999999999999714,3,Older wildfire and mountain-hazard housing-market counties
06055,Napa County,CA,California,Metro,"Napa, CA",7,High-risk inland-flood and storm-injury counties,0.9999613157381161,0.9999226314762292,3,Older wildfire and mountain-hazard housing-market counties
06057,Nevada County,CA,California,Micro,"Truckee-Grass Valley, CA",7,High-risk inland-flood and storm-injury counties,1.0,1.0,3,Older wildfire and mountain-hazard housing-market counties
06059,Orange County,CA,California,Metro,"Los Angeles-Long Beach-Anaheim, CA",7,High-risk inland-flood and storm-injury counties,1.0,1.0,1,High-tax northern housing-market storm-risk counties
06061,Placer County,CA,California,Metro,"Sacramento--Roseville--Arden-Arcade, CA",7,High-risk inland-flood and storm-injury counties,0.9999999999591438,0.999999999918286,5,Cold-region severe-storm casualty counties
06063,Plumas County,CA,California,,,7,High-risk inland-flood and storm-injury counties,0.6809762503918446,0.36195250078369207,3,Older wildfire and mountain-hazard housing-market counties
06065,Riverside County,CA,California,Metro,"Riverside-San Bernardino-Ontario, CA",7,High-risk inland-flood and storm-injury counties,1.0,1.0,2,Lower-tax severe-storm casualty counties
06067,Sacramento County,CA,California,Metro,"Sacramento--Roseville--Arden-Arcade, CA",7,High-risk inland-flood and storm-injury counties,0.9999999999798774,0.9999999999597686,2,Lower-tax severe-storm casualty counties
06069,San Benito County,CA,California,Metro,"San Jose-Sunnyvale-Santa Clara, CA",7,High-risk inland-flood and storm-injury counties,0.8284644590043564,0.6569289303913457,3,Older wildfire and mountain-hazard housing-market counties
06071,San Bernardino County,CA,California,Metro,"Riverside-San Bernardino-Ontario, CA",7,High-risk inland-flood and storm-injury counties,1.0,1.0,2,Lower-tax severe-storm casualty counties
06073,San Diego County,CA,California,Metro,"San Diego-Carlsbad, CA",7,High-risk inland-flood and storm-injury counties,1.0,1.0,1,High-tax northern housing-market storm-risk counties
06075,San Francisco County,CA,California,Metro,"San Francisco-Oakland-Hayward, CA",7,High-risk inland-flood and storm-injury counties,1.0,1.0,1,High-tax northern housing-market storm-risk counties
06077,San Joaquin County,CA,California,Metro,"Stockton-Lodi, CA",7,High-risk inland-flood and storm-injury counties,0.9999956175828364,0.9999912351658371,3,Older wildfire and mountain-hazard housing-market counties
06079,San Luis Obispo County,CA,California,Metro,"San Luis Obispo-Paso Robles-Arroyo Grande, CA",7,High-risk inland-flood and storm-injury counties,0.9999999826731526,0.9999999653511006,3,Older wildfire and mountain-hazard housing-market counties
06081,San Mateo County,CA,California,Metro,"San Francisco-Oakland-Hayward, CA",7,High-risk inland-flood and storm-injury counties,0.9999999999988347,0.999999999998041,1,High-tax northern housing-market storm-risk counties
06083,Santa Barbara County,CA,California,Metro,"Santa Maria-Santa Barbara, CA",7,High-risk inland-flood and storm-injury counties,1.0,0.9999999999999998,2,Lower-tax severe-storm casualty counties
06085,Santa Clara County,CA,California,Metro,"San Jose-Sunnyvale-Santa Clara, CA",7,High-risk inland-flood and storm-injury counties,1.0,1.0,3,Older wildfire and mountain-hazard housing-market counties
06087,Santa Cruz County,CA,California,Metro,"Santa Cruz-Watsonville, CA",7,High-risk inland-flood and storm-injury counties,0.9999999999998508,0.9999999999997459,1,High-tax northern housing-market storm-risk counties
06089,Shasta County,CA,California,Metro,"Redding, CA",7,High-risk inland-flood and storm-injury counties,0.9999999999678408,0.9999999999356809,5,Cold-region severe-storm casualty counties
06091,Sierra County,CA,California,,,7,High-risk inland-flood and storm-injury counties,0.9999999652257762,0.9999999304515552,3,Older wildfire and mountain-hazard housing-market counties
06093,Siskiyou County,CA,California,,,7,High-risk inland-flood and storm-injury counties,0.9999999999988489,0.9999999999976978,6,Lower-wage tornado and storm-injury counties
06095,Solano County,CA,California,Metro,"Vallejo-Fairfield, CA",7,High-risk inland-flood and storm-injury counties,0.9999999999999645,0.9999999999999328,3,Older wildfire and mountain-hazard housing-market counties
06097,Sonoma County,CA,California,Metro,"Santa Rosa, CA",7,High-risk inland-flood and storm-injury counties,1.0,1.0,3,Older wildfire and mountain-hazard housing-market counties
06099,Stanislaus County,CA,California,Metro,"Modesto, CA",7,High-risk inland-flood and storm-injury counties,0.9998699798958537,0.9997399598021911,3,Older wildfire and mountain-hazard housing-market counties
06101,Sutter County,CA,California,Metro,"Yuba City, CA",7,High-risk inland-flood and storm-injury counties,0.996167703986097,0.9923354109618,5,Cold-region severe-storm casualty counties
06103,Tehama County,CA,California,Micro,"Red Bluff, CA",7,High-risk inland-flood and storm-injury counties,0.999999998373525,0.9999999967473087,5,Cold-region severe-storm casualty counties
06105,Trinity County,CA,California,,,7,High-risk inland-flood and storm-injury counties,0.7879476161158907,0.5758952322457329,3,Older wildfire and mountain-hazard housing-market counties
06107,Tulare County,CA,California,Metro,"Visalia-Porterville, CA",7,High-risk inland-flood and storm-injury counties,1.0,0.999999999999999,3,Older wildfire and mountain-hazard housing-market counties
06109,Tuolumne County,CA,California,Micro,"Sonora, CA",7,High-risk inland-flood and storm-injury counties,0.9991881720173132,0.9983763440346263,3,Older wildfire and mountain-hazard housing-market counties
06111,Ventura County,CA,California,Metro,"Oxnard-Thousand Oaks-Ventura, CA",7,High-risk inland-flood and storm-injury counties,0.9999624539371708,0.999924910742566,3,Older wildfire and mountain-hazard housing-market counties
06113,Yolo County,CA,California,Metro,"Sacramento--Roseville--Arden-Arcade, CA",7,High-risk inland-flood and storm-injury counties,0.9831490520855318,0.9662981041727682,3,Older wildfire and mountain-hazard housing-market counties
06115,Yuba County,CA,California,Metro,"Yuba City, CA",7,High-risk inland-flood and storm-injury counties,0.8407392901800959,0.681478580993255,3,Older wildfire and mountain-hazard housing-market counties
08001,Adams County,CO,Colorado,Metro,"Denver-Aurora-Lakewood, CO",7,High-risk inland-flood and storm-injury counties,0.9999999883822781,0.9999999768431866,4,"High-premium, high-tax low-hazard counties"
08003,Alamosa County,CO,Colorado,,,3,Older wildfire and mountain-hazard housing-market counties,0.9876193640731498,0.9752387282297286,7,High-risk inland-flood and storm-injury counties
08005,Arapahoe County,CO,Colorado,Metro,"Denver-Aurora-Lakewood, CO",7,High-risk inland-flood and storm-injury counties,0.9999999997301643,0.9999999994603256,2,Lower-tax severe-storm casualty counties
08007,Archuleta County,CO,Colorado,,,7,High-risk inland-flood and storm-injury counties,0.9999999999391136,0.9999999998783267,6,Lower-wage tornado and storm-injury counties
08009,Baca County,CO,Colorado,,,7,High-risk inland-flood and storm-injury counties,0.9999725722926904,0.9999451449877714,6,Lower-wage tornado and storm-injury counties
08011,Bent County,CO,Colorado,,,7,High-risk inland-flood and storm-injury counties,0.9934485436123032,0.9868970873062043,3,Older wildfire and mountain-hazard housing-market counties
08013,Boulder County,CO,Colorado,Metro,"Boulder, CO",7,High-risk inland-flood and storm-injury counties,0.9999999999995808,0.9999999999991585,3,Older wildfire and mountain-hazard housing-market counties
08014,Broomfield County,CO,Colorado,Metro,"Denver-Aurora-Lakewood, CO",7,High-risk inland-flood and storm-injury counties,0.9919252668542089,0.9838864379783853,3,Older wildfire and mountain-hazard housing-market counties
08015,Chaffee County,CO,Colorado,,,7,High-risk inland-flood and storm-injury counties,0.9999905996409332,0.9999811992818675,3,Older wildfire and mountain-hazard housing-market counties
08017,Cheyenne County,CO,Colorado,,,7,High-risk inland-flood and storm-injury counties,0.7821493178176501,0.5642986956437985,6,Lower-wage tornado and storm-injury counties
08019,Clear Creek County,CO,Colorado,Metro,"Denver-Aurora-Lakewood, CO",7,High-risk inland-flood and storm-injury counties,1.0,1.0,1,High-tax northern housing-market storm-risk counties
08021,Conejos County,CO,Colorado,,,7,High-risk inland-flood and storm-injury counties,0.9823552923082938,0.964710584616589,3,Older wildfire and mountain-hazard housing-market counties
08023,Costilla County,CO,Colorado,,,3,Older wildfire and mountain-hazard housing-market counties,0.9941135613815082,0.9882271228390755,7,High-risk inland-flood and storm-injury counties
08025,Crowley County,CO,Colorado,,,3,Older wildfire and mountain-hazard housing-market counties,0.9303367023929315,0.8660576615025685,0,"Transfer-reliant, temperature-variable severe-storm counties"
08027,Custer County,CO,Colorado,,,3,Older wildfire and mountain-hazard housing-market counties,0.836911465554806,0.6738229311096087,7,High-risk inland-flood and storm-injury counties
08029,Delta County,CO,Colorado,,,3,Older wildfire and mountain-hazard housing-market counties,0.9919429421804407,0.983885884360899,7,High-risk inland-flood and storm-injury counties
08031,Denver County,CO,Colorado,Metro,"Denver-Aurora-Lakewood, CO",7,High-risk inland-flood and storm-injury counties,0.9999997509646644,0.9999995019295688,6,Lower-wage tornado and storm-injury counties
08033,Dolores County,CO,Colorado,,,7,High-risk inland-flood and storm-injury counties,0.9997093882528684,0.9994187784269678,3,Older wildfire and mountain-hazard housing-market counties
08035,Douglas County,CO,Colorado,Metro,"Denver-Aurora-Lakewood, CO",7,High-risk inland-flood and storm-injury counties,1.0,1.0,3,Older wildfire and mountain-hazard housing-market counties
08037,Eagle County,CO,Colorado,Micro,"Edwards, CO",7,High-risk inland-flood and storm-injury counties,0.9999999999141025,0.9999999998282084,3,Older wildfire and mountain-hazard housing-market counties
08039,Elbert County,CO,Colorado,Metro,"Denver-Aurora-Lakewood, CO",7,High-risk inland-flood and storm-injury counties,0.9999998286616436,0.9999996573232871,6,Lower-wage tornado and storm-injury counties
08041,El Paso County,CO,Colorado,Metro,"Colorado Springs, CO",7,High-risk inland-flood and storm-injury counties,1.0,0.9999999999999998,6,Lower-wage tornado and storm-injury counties
08043,Fremont County,CO,Colorado,Micro,"Cañon City, CO",7,High-risk inland-flood and storm-injury counties,0.9999999999962057,0.9999999999924101,3,Older wildfire and mountain-hazard housing-market counties
08045,Garfield County,CO,Colorado,Micro,"Glenwood Springs, CO",7,High-risk inland-flood and storm-injury counties,0.9999999998159552,0.9999999996319943,5,Cold-region severe-storm casualty counties
08047,Gilpin County,CO,Colorado,Metro,"Denver-Aurora-Lakewood, CO",7,High-risk inland-flood and storm-injury counties,0.9988326016103851,0.9976652032207685,3,Older wildfire and mountain-hazard housing-market counties
08049,Grand County,CO,Colorado,,,7,High-risk inland-flood and storm-injury counties,1.0,1.0,6,Lower-wage tornado and storm-injury counties
08051,Gunnison County,CO,Colorado,,,7,High-risk inland-flood and storm-injury counties,0.9999930477529247,0.9999860955058473,3,Older wildfire and mountain-hazard housing-market counties
08053,Hinsdale County,CO,Colorado,,,7,High-risk inland-flood and storm-injury counties,0.9993200973710217,0.9986401947420425,3,Older wildfire and mountain-hazard housing-market counties
08055,Huerfano County,CO,Colorado,,,3,Older wildfire and mountain-hazard housing-market counties,0.9146790610685096,0.8293581221370209,7,High-risk inland-flood and storm-injury counties
08057,Jackson County,CO,Colorado,,,7,High-risk inland-flood and storm-injury counties,0.9963721419176563,0.9927442838353105,3,Older wildfire and mountain-hazard housing-market counties
08059,Jefferson County,CO,Colorado,Metro,"Denver-Aurora-Lakewood, CO",7,High-risk inland-flood and storm-injury counties,1.0,0.9999999999999994,2,Lower-tax severe-storm casualty counties
08061,Kiowa County,CO,Colorado,,,7,High-risk inland-flood and storm-injury counties,0.9999892560667112,0.9999785121397039,6,Lower-wage tornado and storm-injury counties
08063,Kit Carson County,CO,Colorado,,,4,"High-premium, high-tax low-hazard counties",0.9952875732570123,0.9905875257919753,7,High-risk inland-flood and storm-injury counties
08065,Lake County,CO,Colorado,,,7,High-risk inland-flood and storm-injury counties,0.9743687486623056,0.9487374973246083,3,Older wildfire and mountain-hazard housing-market counties
08067,La Plata County,CO,Colorado,Micro,"Durango, CO",7,High-risk inland-flood and storm-injury counties,0.999994188775129,0.9999883775503449,3,Older wildfire and mountain-hazard housing-market counties
08069,Larimer County,CO,Colorado,Metro,"Fort Collins, CO",7,High-risk inland-flood and storm-injury counties,1.0,0.9999999999999993,3,Older wildfire and mountain-hazard housing-market counties
08071,Las Animas County,CO,Colorado,,,7,High-risk inland-flood and storm-injury counties,0.9623738307425771,0.9247476614851571,3,Older wildfire and mountain-hazard housing-market counties
08073,Lincoln County,CO,Colorado,,,4,"High-premium, high-tax low-hazard counties",0.7934070527810152,0.6608951120146939,7,High-risk inland-flood and storm-injury counties
08075,Logan County,CO,Colorado,Micro,"Sterling, CO",4,"High-premium, high-tax low-hazard counties",0.7912719023462248,0.5829439675995166,7,High-risk inland-flood and storm-injury counties
08077,Mesa County,CO,Colorado,Metro,"Grand Junction, CO",7,High-risk inland-flood and storm-injury counties,0.9999999990399573,0.9999999980799158,3,Older wildfire and mountain-hazard housing-market counties
08079,Mineral County,CO,Colorado,,,7,High-risk inland-flood and storm-injury counties,0.9919118241598012,0.983823648375301,3,Older wildfire and mountain-hazard housing-market counties
08081,Moffat County,CO,Colorado,Micro,"Craig, CO",7,High-risk inland-flood and storm-injury counties,0.9999999894920251,0.9999999823555576,3,Older wildfire and mountain-hazard housing-market counties
08083,Montezuma County,CO,Colorado,,,3,Older wildfire and mountain-hazard housing-market counties,0.873795679360982,0.7475913587493968,7,High-risk inland-flood and storm-injury counties
08085,Montrose County,CO,Colorado,Micro,"Montrose, CO",7,High-risk inland-flood and storm-injury counties,0.9603643634550351,0.9207287269100699,3,Older wildfire and mountain-hazard housing-market counties
08087,Morgan County,CO,Colorado,Micro,"Fort Morgan, CO",7,High-risk inland-flood and storm-injury counties,0.9999999998260165,0.9999999996523734,3,Older wildfire and mountain-hazard housing-market counties
08089,Otero County,CO,Colorado,,,5,Cold-region severe-storm casualty counties,0.9635490184049054,0.9270980368198531,7,High-risk inland-flood and storm-injury counties
08091,Ouray County,CO,Colorado,,,3,Older wildfire and mountain-hazard housing-market counties,0.9688674120615809,0.937734824123521,7,High-risk inland-flood and storm-injury counties
08093,Park County,CO,Colorado,Metro,"Denver-Aurora-Lakewood, CO",7,High-risk inland-flood and storm-injury counties,1.0,1.0,6,Lower-wage tornado and storm-injury counties
08095,Phillips County,CO,Colorado,,,7,High-risk inland-flood and storm-injury counties,0.6904784083152751,0.4054020938292819,4,"High-premium, high-tax low-hazard counties"
08097,Pitkin County,CO,Colorado,Micro,"Glenwood Springs, CO",7,High-risk inland-flood and storm-injury counties,0.9999999655647264,0.9999999311294503,3,Older wildfire and mountain-hazard housing-market counties
08099,Prowers County,CO,Colorado,,,7,High-risk inland-flood and storm-injury counties,0.9999996023743885,0.9999992049984474,3,Older wildfire and mountain-hazard housing-market counties
08101,Pueblo County,CO,Colorado,Metro,"Pueblo, CO",7,High-risk inland-flood and storm-injury counties,0.9999999941959032,0.9999999884156998,3,Older wildfire and mountain-hazard housing-market counties
08103,Rio Blanco County,CO,Colorado,,,3,Older wildfire and mountain-hazard housing-market counties,0.9471707765661492,0.8943415531322982,7,High-risk inland-flood and storm-injury counties
08105,Rio Grande County,CO,Colorado,,,3,Older wildfire and mountain-hazard housing-market counties,0.9881898478351464,0.9763796956721499,7,High-risk inland-flood and storm-injury counties
08107,Routt County,CO,Colorado,Micro,"Steamboat Springs, CO",3,Older wildfire and mountain-hazard housing-market counties,0.9392616300976264,0.8785232601952531,7,High-risk inland-flood and storm-injury counties
08109,Saguache County,CO,Colorado,,,3,Older wildfire and mountain-hazard housing-market counties,0.9791164447752748,0.9582328895505479,7,High-risk inland-flood and storm-injury counties
08111,San Juan County,CO,Colorado,,,7,High-risk inland-flood and storm-injury counties,0.9999999860802333,0.999999972160466,3,Older wildfire and mountain-hazard housing-market counties
08113,San Miguel County,CO,Colorado,,,3,Older wildfire and mountain-hazard housing-market counties,0.8346655720229729,0.6693311440459455,7,High-risk inland-flood and storm-injury counties
08115,Sedgwick County,CO,Colorado,,,3,Older wildfire and mountain-hazard housing-market counties,0.9107619083496439,0.8215960716737238,7,High-risk inland-flood and storm-injury counties
08117,Summit County,CO,Colorado,Micro,"Breckenridge, CO",7,High-risk inland-flood and storm-injury counties,0.9999973647341185,0.9999947294682404,3,Older wildfire and mountain-hazard housing-market counties
08119,Teller County,CO,Colorado,Metro,"Colorado Springs, CO",3,Older wildfire and mountain-hazard housing-market counties,0.816246415942544,0.6324928318850901,7,High-risk inland-flood and storm-injury counties
08121,Washington County,CO,Colorado,,,4,"High-premium, high-tax low-hazard counties",0.9823827634384155,0.9702190001829534,7,High-risk inland-flood and storm-injury counties
08123,Weld County,CO,Colorado,Metro,"Greeley, CO",7,High-risk inland-flood and storm-injury counties,0.999997884237743,0.9999957684755089,2,Lower-tax severe-storm casualty counties
08125,Yuma County,CO,Colorado,,,7,High-risk inland-flood and storm-injury counties,0.726992548992646,0.4539857205782466,6,Lower-wage tornado and storm-injury counties
09001,Fairfield County,CT,Connecticut,Metro,"Bridgeport-Stamford-Norwalk, CT",7,High-risk inland-flood and storm-injury counties,0.9812020126729992,0.9624040285081741,2,Lower-tax severe-storm casualty counties
09003,Hartford County,CT,Connecticut,Metro,"Hartford-West Hartford-East Hartford, CT",7,High-risk inland-flood and storm-injury counties,0.9743827496376197,0.9491609746569583,6,Lower-wage tornado and storm-injury counties
09005,Litchfield County,CT,Connecticut,Micro,"Torrington, CT",7,High-risk inland-flood and storm-injury counties,0.679186779517926,0.3583737510299841,2,Lower-tax severe-storm casualty counties
09007,Middlesex County,CT,Connecticut,Metro,"Hartford-West Hartford-East Hartford, CT",6,Lower-wage tornado and storm-injury counties,0.8410450785948922,0.6820906649295247,7,High-risk inland-flood and storm-injury counties
09009,New Haven County,CT,Connecticut,Metro,"New Haven-Milford, CT",2,Lower-tax severe-storm casualty counties,0.9764407104990134,0.9528814371922608,7,High-risk inland-flood and storm-injury counties
09011,New London County,CT,Connecticut,Metro,"Norwich-New London, CT",2,Lower-tax severe-storm casualty counties,0.7066920716668617,0.4133843308133807,7,High-risk inland-flood and storm-injury counties
09013,Tolland County,CT,Connecticut,Metro,"Hartford-West Hartford-East Hartford, CT",6,Lower-wage tornado and storm-injury counties,0.7576585695237967,0.5153487074290897,7,High-risk inland-flood and storm-injury counties
09015,Windham County,CT,Connecticut,Metro,"Worcester, MA-CT",5,Cold-region severe-storm casualty counties,0.9959308649929898,0.9918640834321436,7,High-risk inland-flood and storm-injury counties
10001,Kent County,DE,Delaware,Metro,"Dover, DE",0,"Transfer-reliant, temperature-variable severe-storm counties",0.7407711243975628,0.48579686278151546,7,High-risk inland-flood and storm-injury counties
10003,New Castle County,DE,Delaware,Metro,"Philadelphia-Camden-Wilmington, PA-NJ-DE-MD",7,High-risk inland-flood and storm-injury counties,0.9354065002617119,0.9010547830943977,1,High-tax northern housing-market storm-risk counties
10005,Sussex County,DE,Delaware,Metro,"Salisbury, MD-DE",7,High-risk inland-flood and storm-injury counties,0.9967434337195631,0.9943015266293469,1,High-tax northern housing-market storm-risk counties
11001,District of Columbia,DC,istrict of Columbia,Metro,"Washington-Arlington-Alexandria, DC-VA-MD-WV",7,High-risk inland-flood and storm-injury counties,0.99790172053799,0.9964323146668732,1,High-tax northern housing-market storm-risk counties
12001,Alachua County,FL,Florida,Metro,"Gainesville, FL",7,High-risk inland-flood and storm-injury counties,0.9464121830257984,0.8928244144682871,2,Lower-tax severe-storm casualty counties
12003,Baker County,FL,Florida,Metro,"Jacksonville, FL",6,Lower-wage tornado and storm-injury counties,0.9719715107371866,0.9439454689633588,7,High-risk inland-flood and storm-injury counties
12005,Bay County,FL,Florida,Metro,"Panama City, FL",7,High-risk inland-flood and storm-injury counties,0.9999994197288209,0.999998845718179,2,Lower-tax severe-storm casualty counties
12007,Bradford County,FL,Florida,,,7,High-risk inland-flood and storm-injury counties,0.8260442956689469,0.6520896014943194,6,Lower-wage tornado and storm-injury counties
12009,Brevard County,FL,Florida,Metro,"Palm Bay-Melbourne-Titusville, FL",7,High-risk inland-flood and storm-injury counties,0.9999999999711591,0.9999999999467147,1,High-tax northern housing-market storm-risk counties
12011,Broward County,FL,Florida,Metro,"Miami-Fort Lauderdale-West Palm Beach, FL",7,High-risk inland-flood and storm-injury counties,1.0,1.0,1,High-tax northern housing-market storm-risk counties
12013,Calhoun County,FL,Florida,,,7,High-risk inland-flood and storm-injury counties,0.9988769516431416,0.9977539296667884,2,Lower-tax severe-storm casualty counties
12015,Charlotte County,FL,Florida,Metro,"Punta Gorda, FL",7,High-risk inland-flood and storm-injury counties,0.9999999996060538,0.9999999992121077,1,High-tax northern housing-market storm-risk counties
12017,Citrus County,FL,Florida,Metro,"Homosassa Springs, FL",7,High-risk inland-flood and storm-injury counties,0.99999611898567,0.999992942278179,1,High-tax northern housing-market storm-risk counties
12019,Clay County,FL,Florida,Metro,"Jacksonville, FL",7,High-risk inland-flood and storm-injury counties,0.9999713981833639,0.9999430208883757,2,Lower-tax severe-storm casualty counties
12021,Collier County,FL,Florida,Metro,"Naples-Immokalee-Marco Island, FL",7,High-risk inland-flood and storm-injury counties,1.0,0.9999999999999999,1,High-tax northern housing-market storm-risk counties
12023,Columbia County,FL,Florida,Micro,"Lake City, FL",2,Lower-tax severe-storm casualty counties,0.5226804612963551,0.04536113488360477,7,High-risk inland-flood and storm-injury counties
12025,Dade County,FL,Florida,,,0,"Transfer-reliant, temperature-variable severe-storm counties",0.9997995844707768,0.9996646293118935,4,"High-premium, high-tax low-hazard counties"
12027,DeSoto County,FL,Florida,Micro,"Arcadia, FL",7,High-risk inland-flood and storm-injury counties,0.9991632694844511,0.9983265588363623,3,Older wildfire and mountain-hazard housing-market counties
12029,Dixie County,FL,Florida,,,7,High-risk inland-flood and storm-injury counties,0.999228262529213,0.9984565261762376,3,Older wildfire and mountain-hazard housing-market counties
12031,Duval County,FL,Florida,Metro,"Jacksonville, FL",7,High-risk inland-flood and storm-injury counties,0.9999999743545235,0.9999999489613991,2,Lower-tax severe-storm casualty counties
12033,Escambia County,FL,Florida,Metro,"Pensacola-Ferry Pass-Brent, FL",7,High-risk inland-flood and storm-injury counties,0.9999991114051636,0.9999983829623831,2,Lower-tax severe-storm casualty counties
12035,Flagler County,FL,Florida,Metro,"Deltona-Daytona Beach-Ormond Beach, FL",7,High-risk inland-flood and storm-injury counties,0.9999999247611512,0.9999998495551339,1,High-tax northern housing-market storm-risk counties
12037,Franklin County,FL,Florida,,,7,High-risk inland-flood and storm-injury counties,0.9999999992682689,0.999999998536539,3,Older wildfire and mountain-hazard housing-market counties
12039,Gadsden County,FL,Florida,Metro,"Tallahassee, FL",5,Cold-region severe-storm casualty counties,0.9900914248234708,0.9801851333450601,7,High-risk inland-flood and storm-injury counties
12041,Gilchrist County,FL,Florida,Metro,"Gainesville, FL",7,High-risk inland-flood and storm-injury counties,0.9953296558551059,0.9906651172637633,3,Older wildfire and mountain-hazard housing-market counties
12043,Glades County,FL,Florida,,,7,High-risk inland-flood and storm-injury counties,0.99994968915572,0.9998993783115936,6,Lower-wage tornado and storm-injury counties
12045,Gulf County,FL,Florida,Metro,"Panama City, FL",7,High-risk inland-flood and storm-injury counties,0.999999999995687,0.9999999999914908,1,High-tax northern housing-market storm-risk counties
12047,Hamilton County,FL,Florida,,,7,High-risk inland-flood and storm-injury counties,0.5770808359205306,0.15427072189386393,2,Lower-tax severe-storm casualty counties
12049,Hardee County,FL,Florida,Micro,"Wauchula, FL",7,High-risk inland-flood and storm-injury counties,0.895036448084629,0.7900728968699333,6,Lower-wage tornado and storm-injury counties
12051,Hendry County,FL,Florida,Micro,"Clewiston, FL",7,High-risk inland-flood and storm-injury counties,0.9999947072117926,0.999989414425038,3,Older wildfire and mountain-hazard housing-market counties
12053,Hernando County,FL,Florida,Metro,"Tampa-St. Petersburg-Clearwater, FL",7,High-risk inland-flood and storm-injury counties,0.9999977217011154,0.9999960666465001,1,High-tax northern housing-market storm-risk counties
12055,Highlands County,FL,Florida,Metro,"Sebring, FL",7,High-risk inland-flood and storm-injury counties,0.9999287493565259,0.9998574987462725,2,Lower-tax severe-storm casualty counties
12057,Hillsborough County,FL,Florida,Metro,"Tampa-St. Petersburg-Clearwater, FL",7,High-risk inland-flood and storm-injury counties,0.9999999884794661,0.9999999769601814,1,High-tax northern housing-market storm-risk counties
12059,Holmes County,FL,Florida,,,6,Lower-wage tornado and storm-injury counties,0.9932236608880767,0.9864488407460663,7,High-risk inland-flood and storm-injury counties
12061,Indian River County,FL,Florida,Metro,"Sebastian-Vero Beach, FL",7,High-risk inland-flood and storm-injury counties,0.9999999980639345,0.9999999962363278,1,High-tax northern housing-market storm-risk counties
12063,Jackson County,FL,Florida,,,6,Lower-wage tornado and storm-injury counties,0.9966609528176522,0.9933219369492416,7,High-risk inland-flood and storm-injury counties
12065,Jefferson County,FL,Florida,Metro,"Tallahassee, FL",7,High-risk inland-flood and storm-injury counties,0.9909728623374935,0.9845335884264655,3,Older wildfire and mountain-hazard housing-market counties
12067,Lafayette County,FL,Florida,,,7,High-risk inland-flood and storm-injury counties,0.5162775023359094,0.03257033514268953,3,Older wildfire and mountain-hazard housing-market counties
12069,Lake County,FL,Florida,Metro,"Orlando-Kissimmee-Sanford, FL",7,High-risk inland-flood and storm-injury counties,0.9999991808994453,0.9999984849406031,2,Lower-tax severe-storm casualty counties
12071,Lee County,FL,Florida,Metro,"Cape Coral-Fort Myers, FL",7,High-risk inland-flood and storm-injury counties,0.9999999999933493,0.9999999999867014,1,High-tax northern housing-market storm-risk counties
12073,Leon County,FL,Florida,Metro,"Tallahassee, FL",7,High-risk inland-flood and storm-injury counties,0.7366609708057646,0.4734549108519211,2,Lower-tax severe-storm casualty counties
12075,Levy County,FL,Florida,,,7,High-risk inland-flood and storm-injury counties,0.9999999258401459,0.999999855621739,1,High-tax northern housing-market storm-risk counties
12077,Liberty County,FL,Florida,,,7,High-risk inland-flood and storm-injury counties,0.8620614289025196,0.7241228670211689,3,Older wildfire and mountain-hazard housing-market counties
12079,Madison County,FL,Florida,,,0,"Transfer-reliant, temperature-variable severe-storm counties",0.9386714630227512,0.8793308855428308,3,Older wildfire and mountain-hazard housing-market counties
12081,Manatee County,FL,Florida,Metro,"North Port-Sarasota-Bradenton, FL",7,High-risk inland-flood and storm-injury counties,0.9999999997750919,0.999999999550214,1,High-tax northern housing-market storm-risk counties
12083,Marion County,FL,Florida,Metro,"Ocala, FL",7,High-risk inland-flood and storm-injury counties,0.9999888664721912,0.9999778212751979,2,Lower-tax severe-storm casualty counties
12085,Martin County,FL,Florida,Metro,"Port St. Lucie, FL",7,High-risk inland-flood and storm-injury counties,1.0,0.9999999999999999,1,High-tax northern housing-market storm-risk counties
12086,Miami-Dade County,FL,Florida,Metro,"Miami-Fort Lauderdale-West Palm Beach, FL",7,High-risk inland-flood and storm-injury counties,1.0,0.9999999999999973,1,High-tax northern housing-market storm-risk counties
12087,Monroe County,FL,Florida,Micro,"Key West, FL",7,High-risk inland-flood and storm-injury counties,0.9999999999998153,0.999999999999632,1,High-tax northern housing-market storm-risk counties
12089,Nassau County,FL,Florida,Metro,"Jacksonville, FL",7,High-risk inland-flood and storm-injury counties,0.9999187992126096,0.9998381539181096,6,Lower-wage tornado and storm-injury counties
12091,Okaloosa County,FL,Florida,Metro,"Crestview-Fort Walton Beach-Destin, FL",7,High-risk inland-flood and storm-injury counties,0.9999910076133977,0.9999821545400954,2,Lower-tax severe-storm casualty counties
12093,Okeechobee County,FL,Florida,Micro,"Okeechobee, FL",7,High-risk inland-flood and storm-injury counties,0.9999988016537887,0.9999976033076523,6,Lower-wage tornado and storm-injury counties
12095,Orange County,FL,Florida,Metro,"Orlando-Kissimmee-Sanford, FL",7,High-risk inland-flood and storm-injury counties,0.9999813400308946,0.9999626805532135,2,Lower-tax severe-storm casualty counties
12097,Osceola County,FL,Florida,Metro,"Orlando-Kissimmee-Sanford, FL",7,High-risk inland-flood and storm-injury counties,0.9983707019369442,0.9967414228181991,5,Cold-region severe-storm casualty counties
12099,Palm Beach County,FL,Florida,Metro,"Miami-Fort Lauderdale-West Palm Beach, FL",7,High-risk inland-flood and storm-injury counties,1.0,1.0,1,High-tax northern housing-market storm-risk counties
12101,Pasco County,FL,Florida,Metro,"Tampa-St. Petersburg-Clearwater, FL",7,High-risk inland-flood and storm-injury counties,0.999999806866886,0.9999996259883411,1,High-tax northern housing-market storm-risk counties
12103,Pinellas County,FL,Florida,Metro,"Tampa-St. Petersburg-Clearwater, FL",7,High-risk inland-flood and storm-injury counties,0.9999999999980815,0.9999999999961661,1,High-tax northern housing-market storm-risk counties
12105,Polk County,FL,Florida,Metro,"Lakeland-Winter Haven, FL",7,High-risk inland-flood and storm-injury counties,0.9989537404746449,0.9979074970908085,6,Lower-wage tornado and storm-injury counties
12107,Putnam County,FL,Florida,Micro,"Palatka, FL",7,High-risk inland-flood and storm-injury counties,0.999977407853799,0.9999550756533752,2,Lower-tax severe-storm casualty counties
12109,St. Johns County,FL,Florida,Metro,"Jacksonville, FL",7,High-risk inland-flood and storm-injury counties,0.9999999982268193,0.9999999964536412,1,High-tax northern housing-market storm-risk counties
12111,St. Lucie County,FL,Florida,Metro,"Port St. Lucie, FL",7,High-risk inland-flood and storm-injury counties,0.999999982567502,0.9999999654850653,1,High-tax northern housing-market storm-risk counties
12113,Santa Rosa County,FL,Florida,Metro,"Pensacola-Ferry Pass-Brent, FL",7,High-risk inland-flood and storm-injury counties,0.9999997316300129,0.999999464804418,1,High-tax northern housing-market storm-risk counties
12115,Sarasota County,FL,Florida,Metro,"North Port-Sarasota-Bradenton, FL",7,High-risk inland-flood and storm-injury counties,0.9999999996948716,0.999999999389749,1,High-tax northern housing-market storm-risk counties
12117,Seminole County,FL,Florida,Metro,"Orlando-Kissimmee-Sanford, FL",7,High-risk inland-flood and storm-injury counties,0.9678055487441704,0.9356111126498572,2,Lower-tax severe-storm casualty counties
12119,Sumter County,FL,Florida,Metro,"The Villages, FL",7,High-risk inland-flood and storm-injury counties,0.7078736974154459,0.41575853434111665,6,Lower-wage tornado and storm-injury counties
12121,Suwannee County,FL,Florida,,,0,"Transfer-reliant, temperature-variable severe-storm counties",0.8438652988897228,0.6895708152595192,7,High-risk inland-flood and storm-injury counties
12123,Taylor County,FL,Florida,,,7,High-risk inland-flood and storm-injury counties,0.9946602064842053,0.9893249012632481,3,Older wildfire and mountain-hazard housing-market counties
12125,Union County,FL,Florida,,,3,Older wildfire and mountain-hazard housing-market counties,0.9784391180082198,0.957011932238413,7,High-risk inland-flood and storm-injury counties
12127,Volusia County,FL,Florida,Metro,"Deltona-Daytona Beach-Ormond Beach, FL",7,High-risk inland-flood and storm-injury counties,0.9999999892423119,0.9999999833227396,1,High-tax northern housing-market storm-risk counties
12129,Wakulla County,FL,Florida,Metro,"Tallahassee, FL",7,High-risk inland-flood and storm-injury counties,0.9927500594244096,0.9855083799883158,5,Cold-region severe-storm casualty counties
12131,Walton County,FL,Florida,Metro,"Crestview-Fort Walton Beach-Destin, FL",7,High-risk inland-flood and storm-injury counties,0.9999999953544076,0.9999999910226297,2,Lower-tax severe-storm casualty counties
12133,Washington County,FL,Florida,,,7,High-risk inland-flood and storm-injury counties,0.9992949040163231,0.9985899121623272,2,Lower-tax severe-storm casualty counties
13001,Appling County,GA,Georgia,,,6,Lower-wage tornado and storm-injury counties,0.9894757048410225,0.9789514267450641,7,High-risk inland-flood and storm-injury counties
13003,Atkinson County,GA,Georgia,,,6,Lower-wage tornado and storm-injury counties,0.9921241249108024,0.9842482507418685,7,High-risk inland-flood and storm-injury counties
13005,Bacon County,GA,Georgia,,,6,Lower-wage tornado and storm-injury counties,0.8831963796552678,0.7663927706500941,7,High-risk inland-flood and storm-injury counties
13007,Baker County,GA,Georgia,Metro,"Albany, GA",3,Older wildfire and mountain-hazard housing-market counties,0.9265928050735865,0.8671942126496196,0,"Transfer-reliant, temperature-variable severe-storm counties"
13009,Baldwin County,GA,Georgia,Micro,"Milledgeville, GA",0,"Transfer-reliant, temperature-variable severe-storm counties",0.9989682592920812,0.9982276211199463,7,High-risk inland-flood and storm-injury counties
13011,Banks County,GA,Georgia,,,0,"Transfer-reliant, temperature-variable severe-storm counties",0.9902893730224631,0.9847824649276684,7,High-risk inland-flood and storm-injury counties
13013,Barrow County,GA,Georgia,Metro,"Atlanta-Sandy Springs-Roswell, GA",0,"Transfer-reliant, temperature-variable severe-storm counties",0.9664459600160599,0.9337920247872398,7,High-risk inland-flood and storm-injury counties
13015,Bartow County,GA,Georgia,Metro,"Atlanta-Sandy Springs-Roswell, GA",2,Lower-tax severe-storm casualty counties,0.9902640300182722,0.9805292209855148,7,High-risk inland-flood and storm-injury counties
13017,Ben Hill County,GA,Georgia,Micro,"Fitzgerald, GA",6,Lower-wage tornado and storm-injury counties,0.9890688319542076,0.9781376667210941,7,High-risk inland-flood and storm-injury counties
13019,Berrien County,GA,Georgia,,,5,Cold-region severe-storm casualty counties,0.9895154730229686,0.9790311306915004,7,High-risk inland-flood and storm-injury counties
13021,Bibb County,GA,Georgia,Metro,"Macon, GA",0,"Transfer-reliant, temperature-variable severe-storm counties",0.9865748253482299,0.9731632128613471,7,High-risk inland-flood and storm-injury counties
13023,Bleckley County,GA,Georgia,,,0,"Transfer-reliant, temperature-variable severe-storm counties",0.7616251127331537,0.5344928078191046,3,Older wildfire and mountain-hazard housing-market counties
13025,Brantley County,GA,Georgia,Metro,"Brunswick, GA",7,High-risk inland-flood and storm-injury counties,0.987541102852396,0.9750882089366121,6,Lower-wage tornado and storm-injury counties
13027,Brooks County,GA,Georgia,Metro,"Valdosta, GA",5,Cold-region severe-storm casualty counties,0.9983045598282304,0.9966096281925588,7,High-risk inland-flood and storm-injury counties
13029,Bryan County,GA,Georgia,Metro,"Savannah, GA",7,High-risk inland-flood and storm-injury counties,0.9996318028371166,0.9994079140828106,1,High-tax northern housing-market storm-risk counties
13031,Bulloch County,GA,Georgia,Micro,"Statesboro, GA",6,Lower-wage tornado and storm-injury counties,0.9949500073654388,0.9899001524343612,7,High-risk inland-flood and storm-injury counties
13033,Burke County,GA,Georgia,Metro,"Augusta-Richmond County, GA-SC",0,"Transfer-reliant, temperature-variable severe-storm counties",0.9764455097816194,0.954333095446202,7,High-risk inland-flood and storm-injury counties
13035,Butts County,GA,Georgia,Metro,"Atlanta-Sandy Springs-Roswell, GA",2,Lower-tax severe-storm casualty counties,0.9288219389229143,0.8576454206270404,7,High-risk inland-flood and storm-injury counties
13037,Calhoun County,GA,Georgia,,,6,Lower-wage tornado and storm-injury counties,0.7182588497036249,0.4365176994994542,7,High-risk inland-flood and storm-injury counties
13039,Camden County,GA,Georgia,Micro,"St. Marys, GA",7,High-risk inland-flood and storm-injury counties,0.9976002868231708,0.9952363620549511,1,High-tax northern housing-market storm-risk counties
13043,Candler County,GA,Georgia,,,6,Lower-wage tornado and storm-injury counties,0.9914343392742037,0.9828687063760176,7,High-risk inland-flood and storm-injury counties
13045,Carroll County,GA,Georgia,Metro,"Atlanta-Sandy Springs-Roswell, GA",0,"Transfer-reliant, temperature-variable severe-storm counties",0.9982479666204068,0.9965186872862923,7,High-risk inland-flood and storm-injury counties
13047,Catoosa County,GA,Georgia,Metro,"Chattanooga, TN-GA",6,Lower-wage tornado and storm-injury counties,0.9986167779449185,0.9972340543374475,7,High-risk inland-flood and storm-injury counties
13049,Charlton County,GA,Georgia,,,7,High-risk inland-flood and storm-injury counties,0.9971710521180605,0.9946412563833621,3,Older wildfire and mountain-hazard housing-market counties
13051,Chatham County,GA,Georgia,Metro,"Savannah, GA",7,High-risk inland-flood and storm-injury counties,0.9999989858087828,0.9999979717884336,1,High-tax northern housing-market storm-risk counties
13053,Chattahoochee County,GA,Georgia,Metro,"Columbus, GA-AL",0,"Transfer-reliant, temperature-variable severe-storm counties",0.6640109086028424,0.33648416231126194,3,Older wildfire and mountain-hazard housing-market counties
13055,Chattooga County,GA,Georgia,Micro,"Summerville, GA",0,"Transfer-reliant, temperature-variable severe-storm counties",0.9993944742048511,0.9990248320687497,3,Older wildfire and mountain-hazard housing-market counties
13057,Cherokee County,GA,Georgia,Metro,"Atlanta-Sandy Springs-Roswell, GA",7,High-risk inland-flood and storm-injury counties,0.6078762797167901,0.300365077455433,2,Lower-tax severe-storm casualty counties
13059,Clarke County,GA,Georgia,Metro,"Athens-Clarke County, GA",6,Lower-wage tornado and storm-injury counties,0.998066826459108,0.9961336658544634,7,High-risk inland-flood and storm-injury counties
13061,Clay County,GA,Georgia,,,6,Lower-wage tornado and storm-injury counties,0.5304585490503533,0.0609172413687582,7,High-risk inland-flood and storm-injury counties
13063,Clayton County,GA,Georgia,Metro,"Atlanta-Sandy Springs-Roswell, GA",5,Cold-region severe-storm casualty counties,0.5639848515648306,0.12798949620165812,7,High-risk inland-flood and storm-injury counties
13065,Clinch County,GA,Georgia,,,0,"Transfer-reliant, temperature-variable severe-storm counties",0.6670197164515285,0.4190179616024237,7,High-risk inland-flood and storm-injury counties
13067,Cobb County,GA,Georgia,Metro,"Atlanta-Sandy Springs-Roswell, GA",7,High-risk inland-flood and storm-injury counties,0.807465345494799,0.6149345754727047,6,Lower-wage tornado and storm-injury counties
13069,Coffee County,GA,Georgia,Micro,"Douglas, GA",0,"Transfer-reliant, temperature-variable severe-storm counties",0.9918905992904613,0.984194137288625,7,High-risk inland-flood and storm-injury counties
13071,Colquitt County,GA,Georgia,Micro,"Moultrie, GA",2,Lower-tax severe-storm casualty counties,0.9844412041269066,0.9688831149150532,7,High-risk inland-flood and storm-injury counties
13073,Columbia County,GA,Georgia,Metro,"Augusta-Richmond County, GA-SC",6,Lower-wage tornado and storm-injury counties,0.9912877936928535,0.9825766751413804,7,High-risk inland-flood and storm-injury counties
13075,Cook County,GA,Georgia,,,2,Lower-tax severe-storm casualty counties,0.9919138840165445,0.9838297079252531,7,High-risk inland-flood and storm-injury counties
13077,Coweta County,GA,Georgia,Metro,"Atlanta-Sandy Springs-Roswell, GA",2,Lower-tax severe-storm casualty counties,0.9901505735974149,0.980301873238781,7,High-risk inland-flood and storm-injury counties
13079,Crawford County,GA,Georgia,Metro,"Macon, GA",6,Lower-wage tornado and storm-injury counties,0.9634867027244812,0.9269734239619382,7,High-risk inland-flood and storm-injury counties
13081,Crisp County,GA,Georgia,Micro,"Cordele, GA",6,Lower-wage tornado and storm-injury counties,0.9911268226400665,0.9822536454467772,7,High-risk inland-flood and storm-injury counties
13083,Dade County,GA,Georgia,Metro,"Chattanooga, TN-GA",0,"Transfer-reliant, temperature-variable severe-storm counties",0.9994027289744167,0.998985142711931,3,Older wildfire and mountain-hazard housing-market counties
13085,Dawson County,GA,Georgia,Metro,"Atlanta-Sandy Springs-Roswell, GA",0,"Transfer-reliant, temperature-variable severe-storm counties",0.9938935116488009,0.9890994952920239,3,Older wildfire and mountain-hazard housing-market counties
13087,Decatur County,GA,Georgia,Micro,"Bainbridge, GA",0,"Transfer-reliant, temperature-variable severe-storm counties",0.9985323220220136,0.997115876409447,7,High-risk inland-flood and storm-injury counties
13089,DeKalb County,GA,Georgia,Metro,"Atlanta-Sandy Springs-Roswell, GA",7,High-risk inland-flood and storm-injury counties,0.7330814250327625,0.466208112801761,6,Lower-wage tornado and storm-injury counties
13091,Dodge County,GA,Georgia,,,0,"Transfer-reliant, temperature-variable severe-storm counties",0.9922274385626813,0.9856738830328332,3,Older wildfire and mountain-hazard housing-market counties
13093,Dooly County,GA,Georgia,,,3,Older wildfire and mountain-hazard housing-market counties,0.9470961629260861,0.8974518692355957,7,High-risk inland-flood and storm-injury counties
13095,Dougherty County,GA,Georgia,Metro,"Albany, GA",2,Lower-tax severe-storm casualty counties,0.9482973197600093,0.8965949219991316,7,High-risk inland-flood and storm-injury counties
13097,Douglas County,GA,Georgia,Metro,"Atlanta-Sandy Springs-Roswell, GA",6,Lower-wage tornado and storm-injury counties,0.9721650329993238,0.9443355617900777,7,High-risk inland-flood and storm-injury counties
13099,Early County,GA,Georgia,,,6,Lower-wage tornado and storm-injury counties,0.9846831072978309,0.9693662146135515,7,High-risk inland-flood and storm-injury counties
13101,Echols County,GA,Georgia,Metro,"Valdosta, GA",3,Older wildfire and mountain-hazard housing-market counties,0.9879183328461038,0.9817624354824609,7,High-risk inland-flood and storm-injury counties
13103,Effingham County,GA,Georgia,Metro,"Savannah, GA",7,High-risk inland-flood and storm-injury counties,0.9800439494379762,0.9605819051990463,6,Lower-wage tornado and storm-injury counties
13105,Elbert County,GA,Georgia,,,0,"Transfer-reliant, temperature-variable severe-storm counties",0.9998111327680853,0.9996442255975886,7,High-risk inland-flood and storm-injury counties
13107,Emanuel County,GA,Georgia,,,6,Lower-wage tornado and storm-injury counties,0.9956751552599624,0.9913503142353844,7,High-risk inland-flood and storm-injury counties
13109,Evans County,GA,Georgia,,,0,"Transfer-reliant, temperature-variable severe-storm counties",0.8712164275687334,0.7485868575170396,3,Older wildfire and mountain-hazard housing-market counties
13111,Fannin County,GA,Georgia,,,0,"Transfer-reliant, temperature-variable severe-storm counties",0.9790632616823614,0.965287964967239,3,Older wildfire and mountain-hazard housing-market counties
13113,Fayette County,GA,Georgia,Metro,"Atlanta-Sandy Springs-Roswell, GA",0,"Transfer-reliant, temperature-variable severe-storm counties",0.8003046711612519,0.6006331383239903,7,High-risk inland-flood and storm-injury counties
13115,Floyd County,GA,Georgia,Metro,"Rome, GA",6,Lower-wage tornado and storm-injury counties,0.9949945078540594,0.9899902139313383,7,High-risk inland-flood and storm-injury counties
13117,Forsyth County,GA,Georgia,Metro,"Atlanta-Sandy Springs-Roswell, GA",7,High-risk inland-flood and storm-injury counties,0.9341327482725574,0.8685489239304652,0,"Transfer-reliant, temperature-variable severe-storm counties"
13119,Franklin County,GA,Georgia,,,0,"Transfer-reliant, temperature-variable severe-storm counties",0.9980470374467784,0.9964353404585282,7,High-risk inland-flood and storm-injury counties
13121,Fulton County,GA,Georgia,Metro,"Atlanta-Sandy Springs-Roswell, GA",7,High-risk inland-flood and storm-injury counties,0.9060366606578688,0.8120957964362153,2,Lower-tax severe-storm casualty counties
13123,Gilmer County,GA,Georgia,,,6,Lower-wage tornado and storm-injury counties,0.9939430400469296,0.9878878801825802,7,High-risk inland-flood and storm-injury counties
13125,Glascock County,GA,Georgia,,,3,Older wildfire and mountain-hazard housing-market counties,0.9927828454329631,0.9856163589460669,7,High-risk inland-flood and storm-injury counties
13127,Glynn County,GA,Georgia,Metro,"Brunswick, GA",7,High-risk inland-flood and storm-injury counties,0.9999454089103044,0.9998918633832188,1,High-tax northern housing-market storm-risk counties
13129,Gordon County,GA,Georgia,Micro,"Calhoun, GA",0,"Transfer-reliant, temperature-variable severe-storm counties",0.9994196151066522,0.9988461278634378,7,High-risk inland-flood and storm-injury counties
13131,Grady County,GA,Georgia,,,6,Lower-wage tornado and storm-injury counties,0.9958021675461104,0.9916043365762627,7,High-risk inland-flood and storm-injury counties
13133,Greene County,GA,Georgia,,,0,"Transfer-reliant, temperature-variable severe-storm counties",0.9198715649445169,0.8792499459685655,7,High-risk inland-flood and storm-injury counties
13135,Gwinnett County,GA,Georgia,Metro,"Atlanta-Sandy Springs-Roswell, GA",7,High-risk inland-flood and storm-injury counties,0.9384335326903237,0.8768701612957678,6,Lower-wage tornado and storm-injury counties
13137,Habersham County,GA,Georgia,Micro,"Cornelia, GA",0,"Transfer-reliant, temperature-variable severe-storm counties",0.9994965896652563,0.9990430518283793,7,High-risk inland-flood and storm-injury counties
13139,Hall County,GA,Georgia,Metro,"Gainesville, GA",6,Lower-wage tornado and storm-injury counties,0.8443825713332661,0.6887658198471438,7,High-risk inland-flood and storm-injury counties
13141,Hancock County,GA,Georgia,Micro,"Milledgeville, GA",3,Older wildfire and mountain-hazard housing-market counties,0.9871768714961655,0.9797031789760324,7,High-risk inland-flood and storm-injury counties
13143,Haralson County,GA,Georgia,Metro,"Atlanta-Sandy Springs-Roswell, GA",6,Lower-wage tornado and storm-injury counties,0.9539099908877984,0.9078200028135982,7,High-risk inland-flood and storm-injury counties
13145,Harris County,GA,Georgia,Metro,"Columbus, GA-AL",0,"Transfer-reliant, temperature-variable severe-storm counties",0.9981186920870682,0.9968207228727791,7,High-risk inland-flood and storm-injury counties
13147,Hart County,GA,Georgia,,,0,"Transfer-reliant, temperature-variable severe-storm counties",0.9988660520759285,0.9982235051094691,3,Older wildfire and mountain-hazard housing-market counties
13149,Heard County,GA,Georgia,Metro,"Atlanta-Sandy Springs-Roswell, GA",0,"Transfer-reliant, temperature-variable severe-storm counties",0.9854440650433959,0.9724986765824178,3,Older wildfire and mountain-hazard housing-market counties
13151,Henry County,GA,Georgia,Metro,"Atlanta-Sandy Springs-Roswell, GA",6,Lower-wage tornado and storm-injury counties,0.9260585254241662,0.8521170588908796,7,High-risk inland-flood and storm-injury counties
13153,Houston County,GA,Georgia,Metro,"Warner Robins, GA",2,Lower-tax severe-storm casualty counties,0.925626469714163,0.8512531731811939,7,High-risk inland-flood and storm-injury counties
13155,Irwin County,GA,Georgia,,,0,"Transfer-reliant, temperature-variable severe-storm counties",0.9096920182552867,0.8241441910397769,3,Older wildfire and mountain-hazard housing-market counties
13157,Jackson County,GA,Georgia,Micro,"Jefferson, GA",5,Cold-region severe-storm casualty counties,0.9201849844894797,0.8450284428566874,7,High-risk inland-flood and storm-injury counties
13159,Jasper County,GA,Georgia,Metro,"Atlanta-Sandy Springs-Roswell, GA",2,Lower-tax severe-storm casualty counties,0.9464598721617741,0.8929260983126113,7,High-risk inland-flood and storm-injury counties
13161,Jeff Davis County,GA,Georgia,,,0,"Transfer-reliant, temperature-variable severe-storm counties",0.8494262485438875,0.7182196119464558,3,Older wildfire and mountain-hazard housing-market counties
13163,Jefferson County,GA,Georgia,,,6,Lower-wage tornado and storm-injury counties,0.9965013874266749,0.9930027797536782,7,High-risk inland-flood and storm-injury counties
13165,Jenkins County,GA,Georgia,,,3,Older wildfire and mountain-hazard housing-market counties,0.9208017592229154,0.8703820061192216,7,High-risk inland-flood and storm-injury counties
13167,Johnson County,GA,Georgia,Micro,"Dublin, GA",3,Older wildfire and mountain-hazard housing-market counties,0.907657683753739,0.8283210784433178,0,"Transfer-reliant, temperature-variable severe-storm counties"
13169,Jones County,GA,Georgia,Metro,"Macon, GA",0,"Transfer-reliant, temperature-variable severe-storm counties",0.9230946142157908,0.848659434554405,3,Older wildfire and mountain-hazard housing-market counties
13171,Lamar County,GA,Georgia,Metro,"Atlanta-Sandy Springs-Roswell, GA",0,"Transfer-reliant, temperature-variable severe-storm counties",0.979644287988632,0.9612230400320869,3,Older wildfire and mountain-hazard housing-market counties
13173,Lanier County,GA,Georgia,Metro,"Valdosta, GA",0,"Transfer-reliant, temperature-variable severe-storm counties",0.9956824972344852,0.9935120331602706,7,High-risk inland-flood and storm-injury counties
13175,Laurens County,GA,Georgia,Micro,"Dublin, GA",0,"Transfer-reliant, temperature-variable severe-storm counties",0.9992576657212535,0.9985172306128008,7,High-risk inland-flood and storm-injury counties
13177,Lee County,GA,Georgia,Metro,"Albany, GA",0,"Transfer-reliant, temperature-variable severe-storm counties",0.9988974552560281,0.9978401579927586,7,High-risk inland-flood and storm-injury counties
13179,Liberty County,GA,Georgia,Metro,"Hinesville, GA",7,High-risk inland-flood and storm-injury counties,0.9519711415225834,0.9039499326911928,6,Lower-wage tornado and storm-injury counties
13181,Lincoln County,GA,Georgia,Metro,"Augusta-Richmond County, GA-SC",6,Lower-wage tornado and storm-injury counties,0.8932129124442431,0.7864337558256108,7,High-risk inland-flood and storm-injury counties
13183,Long County,GA,Georgia,Metro,"Hinesville, GA",7,High-risk inland-flood and storm-injury counties,0.9937209109918711,0.9882142640921515,3,Older wildfire and mountain-hazard housing-market counties
13185,Lowndes County,GA,Georgia,Metro,"Valdosta, GA",6,Lower-wage tornado and storm-injury counties,0.9949452996489896,0.9899001939418342,7,High-risk inland-flood and storm-injury counties
13187,Lumpkin County,GA,Georgia,,,6,Lower-wage tornado and storm-injury counties,0.9974565634253486,0.9949198830759092,7,High-risk inland-flood and storm-injury counties
13189,McDuffie County,GA,Georgia,Metro,"Augusta-Richmond County, GA-SC",0,"Transfer-reliant, temperature-variable severe-storm counties",0.988212097538204,0.9773942006963942,3,Older wildfire and mountain-hazard housing-market counties
13191,McIntosh County,GA,Georgia,Metro,"Brunswick, GA",7,High-risk inland-flood and storm-injury counties,0.9999429207330273,0.9998996260736194,1,High-tax northern housing-market storm-risk counties
13193,Macon County,GA,Georgia,,,3,Older wildfire and mountain-hazard housing-market counties,0.8638677688265408,0.7310595687418185,7,High-risk inland-flood and storm-injury counties
13195,Madison County,GA,Georgia,Metro,"Athens-Clarke County, GA",0,"Transfer-reliant, temperature-variable severe-storm counties",0.9787774736829762,0.9618645854049719,3,Older wildfire and mountain-hazard housing-market counties
13197,Marion County,GA,Georgia,Metro,"Columbus, GA-AL",3,Older wildfire and mountain-hazard housing-market counties,0.761081267579293,0.5332403766514167,0,"Transfer-reliant, temperature-variable severe-storm counties"
13199,Meriwether County,GA,Georgia,Metro,"Atlanta-Sandy Springs-Roswell, GA",6,Lower-wage tornado and storm-injury counties,0.9995564445838594,0.9991130913313074,7,High-risk inland-flood and storm-injury counties
13201,Miller County,GA,Georgia,,,2,Lower-tax severe-storm casualty counties,0.8145404846549547,0.6290814046176816,7,High-risk inland-flood and storm-injury counties
13205,Mitchell County,GA,Georgia,,,6,Lower-wage tornado and storm-injury counties,0.9994459795956574,0.9988919634038708,7,High-risk inland-flood and storm-injury counties
13207,Monroe County,GA,Georgia,Metro,"Macon, GA",6,Lower-wage tornado and storm-injury counties,0.9995953037888266,0.999190896500298,7,High-risk inland-flood and storm-injury counties
13209,Montgomery County,GA,Georgia,Micro,"Vidalia, GA",3,Older wildfire and mountain-hazard housing-market counties,0.838530490834399,0.6855630505830685,0,"Transfer-reliant, temperature-variable severe-storm counties"
13211,Morgan County,GA,Georgia,Metro,"Atlanta-Sandy Springs-Roswell, GA",6,Lower-wage tornado and storm-injury counties,0.9983900708322956,0.9967836652430332,7,High-risk inland-flood and storm-injury counties
13213,Murray County,GA,Georgia,Metro,"Dalton, GA",2,Lower-tax severe-storm casualty counties,0.9997577568418087,0.9995156070095368,7,High-risk inland-flood and storm-injury counties
13215,Muscogee County,GA,Georgia,Metro,"Columbus, GA-AL",0,"Transfer-reliant, temperature-variable severe-storm counties",0.9989057912136022,0.9978192111014658,7,High-risk inland-flood and storm-injury counties
13217,Newton County,GA,Georgia,Metro,"Atlanta-Sandy Springs-Roswell, GA",2,Lower-tax severe-storm casualty counties,0.9996942283473369,0.9993885092020308,7,High-risk inland-flood and storm-injury counties
13219,Oconee County,GA,Georgia,Metro,"Athens-Clarke County, GA",0,"Transfer-reliant, temperature-variable severe-storm counties",0.9903114620998059,0.9824794802212915,3,Older wildfire and mountain-hazard housing-market counties
13221,Oglethorpe County,GA,Georgia,Metro,"Athens-Clarke County, GA",0,"Transfer-reliant, temperature-variable severe-storm counties",0.9870011525086607,0.9751690788966857,3,Older wildfire and mountain-hazard housing-market counties
13223,Paulding County,GA,Georgia,Metro,"Atlanta-Sandy Springs-Roswell, GA",2,Lower-tax severe-storm casualty counties,0.9985896936032178,0.9971814166620806,7,High-risk inland-flood and storm-injury counties
13225,Peach County,GA,Georgia,Metro,"Warner Robins, GA",0,"Transfer-reliant, temperature-variable severe-storm counties",0.9997824962213667,0.9996074265296658,7,High-risk inland-flood and storm-injury counties
13227,Pickens County,GA,Georgia,Metro,"Atlanta-Sandy Springs-Roswell, GA",0,"Transfer-reliant, temperature-variable severe-storm counties",0.9995021228626111,0.9991497502511623,3,Older wildfire and mountain-hazard housing-market counties
13229,Pierce County,GA,Georgia,Micro,"Waycross, GA",0,"Transfer-reliant, temperature-variable severe-storm counties",0.9309644286231209,0.8804259263968753,3,Older wildfire and mountain-hazard housing-market counties
13231,Pike County,GA,Georgia,Metro,"Atlanta-Sandy Springs-Roswell, GA",6,Lower-wage tornado and storm-injury counties,0.9987266746140905,0.9974534355002357,7,High-risk inland-flood and storm-injury counties
13233,Polk County,GA,Georgia,Micro,"Cedartown, GA",0,"Transfer-reliant, temperature-variable severe-storm counties",0.999823274045511,0.9996556483543734,7,High-risk inland-flood and storm-injury counties
13235,Pulaski County,GA,Georgia,Metro,"Warner Robins, GA",6,Lower-wage tornado and storm-injury counties,0.9984579186343157,0.9969158966655627,7,High-risk inland-flood and storm-injury counties
13237,Putnam County,GA,Georgia,,,0,"Transfer-reliant, temperature-variable severe-storm counties",0.9993618317323034,0.998847516919258,3,Older wildfire and mountain-hazard housing-market counties
13239,Quitman County,GA,Georgia,,,6,Lower-wage tornado and storm-injury counties,0.895072370064007,0.7901447455724155,7,High-risk inland-flood and storm-injury counties
13241,Rabun County,GA,Georgia,,,5,Cold-region severe-storm casualty counties,0.9972758036950202,0.9945624357231475,7,High-risk inland-flood and storm-injury counties
13243,Randolph County,GA,Georgia,,,6,Lower-wage tornado and storm-injury counties,0.9968993346787062,0.993798671164389,7,High-risk inland-flood and storm-injury counties
13245,Richmond County,GA,Georgia,Metro,"Augusta-Richmond County, GA-SC",2,Lower-tax severe-storm casualty counties,0.9991216622824276,0.9982447633662352,7,High-risk inland-flood and storm-injury counties
13247,Rockdale County,GA,Georgia,Metro,"Atlanta-Sandy Springs-Roswell, GA",0,"Transfer-reliant, temperature-variable severe-storm counties",0.9980303846633767,0.9961310829645861,7,High-risk inland-flood and storm-injury counties
13249,Schley County,GA,Georgia,Micro,"Americus, GA",3,Older wildfire and mountain-hazard housing-market counties,0.9874937291370521,0.9811732616317571,7,High-risk inland-flood and storm-injury counties
13251,Screven County,GA,Georgia,,,0,"Transfer-reliant, temperature-variable severe-storm counties",0.9998805651605814,0.9998091415810451,3,Older wildfire and mountain-hazard housing-market counties
13253,Seminole County,GA,Georgia,,,0,"Transfer-reliant, temperature-variable severe-storm counties",0.6918372916048134,0.3904659691784828,3,Older wildfire and mountain-hazard housing-market counties
13255,Spalding County,GA,Georgia,Metro,"Atlanta-Sandy Springs-Roswell, GA",2,Lower-tax severe-storm casualty counties,0.999459266693292,0.9989188832506706,7,High-risk inland-flood and storm-injury counties
13257,Stephens County,GA,Georgia,Micro,"Toccoa, GA",0,"Transfer-reliant, temperature-variable severe-storm counties",0.9996705065316775,0.9994720683383124,3,Older wildfire and mountain-hazard housing-market counties
13259,Stewart County,GA,Georgia,,,3,Older wildfire and mountain-hazard housing-market counties,0.9693865514216451,0.9494370469638519,7,High-risk inland-flood and storm-injury counties
13261,Sumter County,GA,Georgia,Micro,"Americus, GA",0,"Transfer-reliant, temperature-variable severe-storm counties",0.994699613471255,0.989763565894572,3,Older wildfire and mountain-hazard housing-market counties
13263,Talbot County,GA,Georgia,,,0,"Transfer-reliant, temperature-variable severe-storm counties",0.9844218629421907,0.9692740162697946,3,Older wildfire and mountain-hazard housing-market counties
13265,Taliaferro County,GA,Georgia,,,3,Older wildfire and mountain-hazard housing-market counties,0.9962586519896568,0.9925327432175891,7,High-risk inland-flood and storm-injury counties
13267,Tattnall County,GA,Georgia,,,0,"Transfer-reliant, temperature-variable severe-storm counties",0.9997936745557385,0.9996886625672909,3,Older wildfire and mountain-hazard housing-market counties
13269,Taylor County,GA,Georgia,,,0,"Transfer-reliant, temperature-variable severe-storm counties",0.6773092859254016,0.35653801319843675,3,Older wildfire and mountain-hazard housing-market counties
13271,Telfair County,GA,Georgia,,,0,"Transfer-reliant, temperature-variable severe-storm counties",0.9727164119800438,0.9460186426517565,3,Older wildfire and mountain-hazard housing-market counties
13273,Terrell County,GA,Georgia,Metro,"Albany, GA",0,"Transfer-reliant, temperature-variable severe-storm counties",0.9886906421371713,0.9823905491994034,3,Older wildfire and mountain-hazard housing-market counties
13275,Thomas County,GA,Georgia,Micro,"Thomasville, GA",6,Lower-wage tornado and storm-injury counties,0.9996046579056256,0.9992093769211097,7,High-risk inland-flood and storm-injury counties
13277,Tift County,GA,Georgia,Micro,"Tifton, GA",0,"Transfer-reliant, temperature-variable severe-storm counties",0.9999289570628586,0.9998677196946336,7,High-risk inland-flood and storm-injury counties
13279,Toombs County,GA,Georgia,Micro,"Vidalia, GA",0,"Transfer-reliant, temperature-variable severe-storm counties",0.9987138056510111,0.9976302726992021,3,Older wildfire and mountain-hazard housing-market counties
13281,Towns County,GA,Georgia,,,3,Older wildfire and mountain-hazard housing-market counties,0.9932693974266783,0.9898122771368131,0,"Transfer-reliant, temperature-variable severe-storm counties"
13283,Treutlen County,GA,Georgia,,,3,Older wildfire and mountain-hazard housing-market counties,0.9931445786401487,0.9894502551976692,0,"Transfer-reliant, temperature-variable severe-storm counties"
13285,Troup County,GA,Georgia,Micro,"LaGrange, GA",2,Lower-tax severe-storm casualty counties,0.9985347599754878,0.9970775087262949,7,High-risk inland-flood and storm-injury counties
13287,Turner County,GA,Georgia,,,2,Lower-tax severe-storm casualty counties,0.9649015982649127,0.9298310780782997,7,High-risk inland-flood and storm-injury counties
13289,Twiggs County,GA,Georgia,Metro,"Macon, GA",3,Older wildfire and mountain-hazard housing-market counties,0.6123704063564763,0.22781096452359434,0,"Transfer-reliant, temperature-variable severe-storm counties"
13291,Union County,GA,Georgia,,,0,"Transfer-reliant, temperature-variable severe-storm counties",0.9980903693081251,0.9964308639384583,3,Older wildfire and mountain-hazard housing-market counties
13293,Upson County,GA,Georgia,Micro,"Thomaston, GA",0,"Transfer-reliant, temperature-variable severe-storm counties",0.9998265822587599,0.999730096300114,7,High-risk inland-flood and storm-injury counties
13295,Walker County,GA,Georgia,Metro,"Chattanooga, TN-GA",0,"Transfer-reliant, temperature-variable severe-storm counties",0.9999081676454133,0.9998262240703384,7,High-risk inland-flood and storm-injury counties
13297,Walton County,GA,Georgia,Metro,"Atlanta-Sandy Springs-Roswell, GA",0,"Transfer-reliant, temperature-variable severe-storm counties",0.9963282856939983,0.9926739085870802,7,High-risk inland-flood and storm-injury counties
13299,Ware County,GA,Georgia,Micro,"Waycross, GA",2,Lower-tax severe-storm casualty counties,0.9964256710691667,0.9928535332267443,7,High-risk inland-flood and storm-injury counties
13301,Warren County,GA,Georgia,,,3,Older wildfire and mountain-hazard housing-market counties,0.8522854485561057,0.7107977036101716,0,"Transfer-reliant, temperature-variable severe-storm counties"
13303,Washington County,GA,Georgia,,,6,Lower-wage tornado and storm-injury counties,0.999603206593531,0.999206437869617,7,High-risk inland-flood and storm-injury counties
13305,Wayne County,GA,Georgia,Micro,"Jesup, GA",7,High-risk inland-flood and storm-injury counties,0.7313124379317832,0.4627851374409414,6,Lower-wage tornado and storm-injury counties
13307,Webster County,GA,Georgia,,,3,Older wildfire and mountain-hazard housing-market counties,0.9942310865192161,0.9902788574959516,7,High-risk inland-flood and storm-injury counties
13309,Wheeler County,GA,Georgia,,,5,Cold-region severe-storm casualty counties,0.9164681357684243,0.8329421187852676,7,High-risk inland-flood and storm-injury counties
13311,White County,GA,Georgia,,,2,Lower-tax severe-storm casualty counties,0.9995616578544497,0.9991238978364659,7,High-risk inland-flood and storm-injury counties
13313,Whitfield County,GA,Georgia,Metro,"Dalton, GA",5,Cold-region severe-storm casualty counties,0.997090463008619,0.9944515556260468,7,High-risk inland-flood and storm-injury counties
13315,Wilcox County,GA,Georgia,,,6,Lower-wage tornado and storm-injury counties,0.9983307340445766,0.9966614753423071,7,High-risk inland-flood and storm-injury counties
13317,Wilkes County,GA,Georgia,,,6,Lower-wage tornado and storm-injury counties,0.9962302395200253,0.9924620254482048,7,High-risk inland-flood and storm-injury counties
13319,Wilkinson County,GA,Georgia,,,5,Cold-region severe-storm casualty counties,0.9904875924917779,0.9809775556909528,7,High-risk inland-flood and storm-injury counties
13321,Worth County,GA,Georgia,Metro,"Albany, GA",6,Lower-wage tornado and storm-injury counties,0.9955541169893865,0.9911092410112144,7,High-risk inland-flood and storm-injury counties
13510,Columbus County,GA,Georgia,,,0,"Transfer-reliant, temperature-variable severe-storm counties",0.9998686547252186,0.9997783761005599,4,"High-premium, high-tax low-hazard counties"
15001,Hawaii County,HI,Hawaii,Micro,"Hilo, HI",7,High-risk inland-flood and storm-injury counties,1.0,0.9999999999999997,1,High-tax northern housing-market storm-risk counties
15003,Honolulu County,HI,Hawaii,Metro,"Urban Honolulu, HI",7,High-risk inland-flood and storm-injury counties,0.9999999994284536,0.9999999988569057,1,High-tax northern housing-market storm-risk counties
15007,Kauai County,HI,Hawaii,Micro,"Kapaa, HI",7,High-risk inland-flood and storm-injury counties,0.9999999999981313,0.9999999999962627,1,High-tax northern housing-market storm-risk counties
15009,Maui + Kalawao County,HI,Hawaii,Metro,"Kahului-Wailuku-Lahaina, HI",7,High-risk inland-flood and storm-injury counties,0.9999999999999787,0.9999999999999598,1,High-tax northern housing-market storm-risk counties
16001,Ada County,ID,Idaho,Metro,"Boise City, ID",7,High-risk inland-flood and storm-injury counties,0.9999999998625171,0.9999999997684333,1,High-tax northern housing-market storm-risk counties
16003,Adams County,ID,Idaho,,,3,Older wildfire and mountain-hazard housing-market counties,0.9849204805209175,0.9698409610449612,7,High-risk inland-flood and storm-injury counties
16005,Bannock County,ID,Idaho,Metro,"Pocatello, ID",7,High-risk inland-flood and storm-injury counties,0.8548410099268406,0.7096820230538741,3,Older wildfire and mountain-hazard housing-market counties
16007,Bear Lake County,ID,Idaho,,,7,High-risk inland-flood and storm-injury counties,0.9998952053056376,0.99979041061172,3,Older wildfire and mountain-hazard housing-market counties
16009,Benewah County,ID,Idaho,,,3,Older wildfire and mountain-hazard housing-market counties,0.9951848316857055,0.9903696766910536,7,High-risk inland-flood and storm-injury counties
16011,Bingham County,ID,Idaho,Micro,"Blackfoot, ID",7,High-risk inland-flood and storm-injury counties,0.6401406154978118,0.28028143883536566,3,Older wildfire and mountain-hazard housing-market counties
16013,Blaine County,ID,Idaho,Micro,"Hailey, ID",7,High-risk inland-flood and storm-injury counties,0.9999998870007325,0.9999997740048083,3,Older wildfire and mountain-hazard housing-market counties
16015,Boise County,ID,Idaho,Metro,"Boise City, ID",3,Older wildfire and mountain-hazard housing-market counties,0.991478936046136,0.9829578720952381,7,High-risk inland-flood and storm-injury counties
16017,Bonner County,ID,Idaho,Micro,"Sandpoint, ID",7,High-risk inland-flood and storm-injury counties,0.9979293899979178,0.9958587805682837,5,Cold-region severe-storm casualty counties
16019,Bonneville County,ID,Idaho,Metro,"Idaho Falls, ID",7,High-risk inland-flood and storm-injury counties,0.9999999810268252,0.999999962103264,6,Lower-wage tornado and storm-injury counties
16021,Boundary County,ID,Idaho,,,7,High-risk inland-flood and storm-injury counties,0.9999855841805845,0.9999711840153176,6,Lower-wage tornado and storm-injury counties
16023,Butte County,ID,Idaho,Metro,"Idaho Falls, ID",3,Older wildfire and mountain-hazard housing-market counties,0.9952643744927393,0.9905287489896374,7,High-risk inland-flood and storm-injury counties
16025,Camas County,ID,Idaho,Micro,"Hailey, ID",3,Older wildfire and mountain-hazard housing-market counties,0.8700070048050784,0.7400140096110603,7,High-risk inland-flood and storm-injury counties
16027,Canyon County,ID,Idaho,Metro,"Boise City, ID",7,High-risk inland-flood and storm-injury counties,0.9999860436595577,0.9999722725104184,6,Lower-wage tornado and storm-injury counties
16029,Caribou County,ID,Idaho,,,3,Older wildfire and mountain-hazard housing-market counties,0.991742252363946,0.9834845047828927,7,High-risk inland-flood and storm-injury counties
16031,Cassia County,ID,Idaho,Micro,"Burley, ID",7,High-risk inland-flood and storm-injury counties,0.6416213752334656,0.283243026125571,3,Older wildfire and mountain-hazard housing-market counties
16033,Clark County,ID,Idaho,,,3,Older wildfire and mountain-hazard housing-market counties,0.9293237390021702,0.858647478012271,7,High-risk inland-flood and storm-injury counties
16035,Clearwater County,ID,Idaho,,,7,High-risk inland-flood and storm-injury counties,0.9999963948747675,0.9999941425908915,6,Lower-wage tornado and storm-injury counties
16037,Custer County,ID,Idaho,,,3,Older wildfire and mountain-hazard housing-market counties,0.9917183429097015,0.9834366858194163,7,High-risk inland-flood and storm-injury counties
16039,Elmore County,ID,Idaho,Micro,"Mountain Home, ID",7,High-risk inland-flood and storm-injury counties,0.9999942987024136,0.9999886014331842,3,Older wildfire and mountain-hazard housing-market counties
16041,Franklin County,ID,Idaho,Metro,"Logan, UT-ID",3,Older wildfire and mountain-hazard housing-market counties,0.9901074405344165,0.9802148812689386,7,High-risk inland-flood and storm-injury counties
16043,Fremont County,ID,Idaho,Micro,"Rexburg, ID",7,High-risk inland-flood and storm-injury counties,0.9999895865508522,0.9999791765066794,3,Older wildfire and mountain-hazard housing-market counties
16045,Gem County,ID,Idaho,Metro,"Boise City, ID",3,Older wildfire and mountain-hazard housing-market counties,0.9935029534860869,0.9870059069861434,7,High-risk inland-flood and storm-injury counties
16047,Gooding County,ID,Idaho,,,3,Older wildfire and mountain-hazard housing-market counties,0.991756367151017,0.9835127346119846,7,High-risk inland-flood and storm-injury counties
16049,Idaho County,ID,Idaho,,,7,High-risk inland-flood and storm-injury counties,0.9999660265622201,0.9999327931890452,6,Lower-wage tornado and storm-injury counties
16051,Jefferson County,ID,Idaho,Metro,"Idaho Falls, ID",7,High-risk inland-flood and storm-injury counties,0.5679747721768836,0.1359495893994475,3,Older wildfire and mountain-hazard housing-market counties
16053,Jerome County,ID,Idaho,Micro,"Twin Falls, ID",3,Older wildfire and mountain-hazard housing-market counties,0.9859972886417854,0.9719945787411866,7,High-risk inland-flood and storm-injury counties
16055,Kootenai County,ID,Idaho,Metro,"Coeur d'Alene, ID",7,High-risk inland-flood and storm-injury counties,0.9862564083936355,0.9725134154153982,3,Older wildfire and mountain-hazard housing-market counties
16057,Latah County,ID,Idaho,Micro,"Moscow, ID",7,High-risk inland-flood and storm-injury counties,0.99999861572003,0.9999972423347054,6,Lower-wage tornado and storm-injury counties
16059,Lemhi County,ID,Idaho,,,3,Older wildfire and mountain-hazard housing-market counties,0.9951214728473247,0.9902429458475764,7,High-risk inland-flood and storm-injury counties
16061,Lewis County,ID,Idaho,,,3,Older wildfire and mountain-hazard housing-market counties,0.9932951851424591,0.9865903837930876,7,High-risk inland-flood and storm-injury counties
16063,Lincoln County,ID,Idaho,Micro,"Hailey, ID",3,Older wildfire and mountain-hazard housing-market counties,0.9819209374222556,0.9638420306130119,7,High-risk inland-flood and storm-injury counties
16065,Madison County,ID,Idaho,Micro,"Rexburg, ID",7,High-risk inland-flood and storm-injury counties,0.5475811149387962,0.09516223420735614,3,Older wildfire and mountain-hazard housing-market counties
16067,Minidoka County,ID,Idaho,Micro,"Burley, ID",3,Older wildfire and mountain-hazard housing-market counties,0.6710071893439182,0.34992167259166534,7,High-risk inland-flood and storm-injury counties
16069,Nez Perce County,ID,Idaho,Metro,"Lewiston, ID-WA",3,Older wildfire and mountain-hazard housing-market counties,0.9595290458913084,0.9190594643839897,7,High-risk inland-flood and storm-injury counties
16071,Oneida County,ID,Idaho,,,3,Older wildfire and mountain-hazard housing-market counties,0.9937574426967463,0.9875148853935227,7,High-risk inland-flood and storm-injury counties
16073,Owyhee County,ID,Idaho,Metro,"Boise City, ID",3,Older wildfire and mountain-hazard housing-market counties,0.9906740772010196,0.9813481544243067,7,High-risk inland-flood and storm-injury counties
16075,Payette County,ID,Idaho,Micro,"Ontario, OR-ID",7,High-risk inland-flood and storm-injury counties,0.9999999656948552,0.9999999315471679,6,Lower-wage tornado and storm-injury counties
16077,Power County,ID,Idaho,,,3,Older wildfire and mountain-hazard housing-market counties,0.9772868524955879,0.9545737130958887,7,High-risk inland-flood and storm-injury counties
16079,Shoshone County,ID,Idaho,,,3,Older wildfire and mountain-hazard housing-market counties,0.9959407651546633,0.9918815388782544,7,High-risk inland-flood and storm-injury counties
16081,Teton County,ID,Idaho,Micro,"Jackson, WY-ID",3,Older wildfire and mountain-hazard housing-market counties,0.979680276468656,0.9593605529381872,7,High-risk inland-flood and storm-injury counties
16083,Twin Falls County,ID,Idaho,Micro,"Twin Falls, ID",7,High-risk inland-flood and storm-injury counties,0.9999997426141978,0.999999492092206,6,Lower-wage tornado and storm-injury counties
16085,Valley County,ID,Idaho,,,3,Older wildfire and mountain-hazard housing-market counties,0.9737204880706071,0.9474409761412171,7,High-risk inland-flood and storm-injury counties
16087,Washington County,ID,Idaho,,,3,Older wildfire and mountain-hazard housing-market counties,0.9940558195611048,0.9881116391245282,7,High-risk inland-flood and storm-injury counties
17001,Adams County,IL,Illinois,Micro,"Quincy, IL-MO",0,"Transfer-reliant, temperature-variable severe-storm counties",0.99914537804381,0.9984332171915432,7,High-risk inland-flood and storm-injury counties
17003,Alexander County,IL,Illinois,Metro,"Cape Girardeau, MO-IL",0,"Transfer-reliant, temperature-variable severe-storm counties",0.9602363370963437,0.9365335665693351,7,High-risk inland-flood and storm-injury counties
17005,Bond County,IL,Illinois,Metro,"St. Louis, MO-IL",6,Lower-wage tornado and storm-injury counties,0.9992594311090683,0.998518865929673,7,High-risk inland-flood and storm-injury counties
17007,Boone County,IL,Illinois,Metro,"Rockford, IL",2,Lower-tax severe-storm casualty counties,0.9961983301548804,0.9923970517437134,7,High-risk inland-flood and storm-injury counties
17009,Brown County,IL,Illinois,,,6,Lower-wage tornado and storm-injury counties,0.9977128054169162,0.9954257143356345,7,High-risk inland-flood and storm-injury counties
17011,Bureau County,IL,Illinois,Micro,"Ottawa-Peru, IL",6,Lower-wage tornado and storm-injury counties,0.9980604335747915,0.9961212840548201,7,High-risk inland-flood and storm-injury counties
17013,Calhoun County,IL,Illinois,Metro,"St. Louis, MO-IL",3,Older wildfire and mountain-hazard housing-market counties,0.9482844409333586,0.8985378127194311,0,"Transfer-reliant, temperature-variable severe-storm counties"
17015,Carroll County,IL,Illinois,,,0,"Transfer-reliant, temperature-variable severe-storm counties",0.5188191590339535,0.03832739098861698,4,"High-premium, high-tax low-hazard counties"
17017,Cass County,IL,Illinois,,,0,"Transfer-reliant, temperature-variable severe-storm counties",0.9942471081469548,0.9897995770583031,3,Older wildfire and mountain-hazard housing-market counties
17019,Champaign County,IL,Illinois,Metro,"Champaign-Urbana, IL",7,High-risk inland-flood and storm-injury counties,0.9055143989112312,0.8112344506200173,0,"Transfer-reliant, temperature-variable severe-storm counties"
17021,Christian County,IL,Illinois,Micro,"Taylorville, IL",2,Lower-tax severe-storm casualty counties,0.9918668462848929,0.9837336967374047,7,High-risk inland-flood and storm-injury counties
17023,Clark County,IL,Illinois,,,0,"Transfer-reliant, temperature-variable severe-storm counties",0.9996191001192417,0.9993492585111294,3,Older wildfire and mountain-hazard housing-market counties
17025,Clay County,IL,Illinois,,,6,Lower-wage tornado and storm-injury counties,0.9979482332248897,0.9958964675393952,7,High-risk inland-flood and storm-injury counties
17027,Clinton County,IL,Illinois,Metro,"St. Louis, MO-IL",5,Cold-region severe-storm casualty counties,0.9995857941935636,0.9991737902496477,7,High-risk inland-flood and storm-injury counties
17029,Coles County,IL,Illinois,Micro,"Charleston-Mattoon, IL",0,"Transfer-reliant, temperature-variable severe-storm counties",0.9984490313803317,0.9971840014652376,7,High-risk inland-flood and storm-injury counties
17031,Cook County,IL,Illinois,Metro,"Chicago-Naperville-Elgin, IL-IN-WI",7,High-risk inland-flood and storm-injury counties,0.9999999725773708,0.9999999532332285,2,Lower-tax severe-storm casualty counties
17033,Crawford County,IL,Illinois,,,2,Lower-tax severe-storm casualty counties,0.9979376582356977,0.9958753554641135,7,High-risk inland-flood and storm-injury counties
17035,Cumberland County,IL,Illinois,Micro,"Charleston-Mattoon, IL",6,Lower-wage tornado and storm-injury counties,0.9996450685488948,0.9992901408729765,7,High-risk inland-flood and storm-injury counties
17037,DeKalb County,IL,Illinois,Metro,"Chicago-Naperville-Elgin, IL-IN-WI",2,Lower-tax severe-storm casualty counties,0.9879573036767088,0.9759146696301558,7,High-risk inland-flood and storm-injury counties
17039,De Witt County,IL,Illinois,Metro,"Bloomington, IL",0,"Transfer-reliant, temperature-variable severe-storm counties",0.9971699132953628,0.9952756537249468,4,"High-premium, high-tax low-hazard counties"
17041,Douglas County,IL,Illinois,,,0,"Transfer-reliant, temperature-variable severe-storm counties",0.9967034804452599,0.993574223358878,4,"High-premium, high-tax low-hazard counties"
17043,DuPage County,IL,Illinois,Metro,"Chicago-Naperville-Elgin, IL-IN-WI",7,High-risk inland-flood and storm-injury counties,0.7468260413519423,0.4936624656268894,2,Lower-tax severe-storm casualty counties
17045,Edgar County,IL,Illinois,,,0,"Transfer-reliant, temperature-variable severe-storm counties",0.9990740585314267,0.9983514066021949,3,Older wildfire and mountain-hazard housing-market counties
17047,Edwards County,IL,Illinois,,,4,"High-premium, high-tax low-hazard counties",0.9870573069369097,0.9802177168871621,7,High-risk inland-flood and storm-injury counties
17049,Effingham County,IL,Illinois,Micro,"Effingham, IL",6,Lower-wage tornado and storm-injury counties,0.9992690175611894,0.9985387024633111,7,High-risk inland-flood and storm-injury counties
17051,Fayette County,IL,Illinois,,,0,"Transfer-reliant, temperature-variable severe-storm counties",0.9982531895767481,0.9966137326807587,3,Older wildfire and mountain-hazard housing-market counties
17053,Ford County,IL,Illinois,Metro,"Champaign-Urbana, IL",6,Lower-wage tornado and storm-injury counties,0.9988049123574849,0.997609964067917,7,High-risk inland-flood and storm-injury counties
17055,Franklin County,IL,Illinois,,,4,"High-premium, high-tax low-hazard counties",0.6834133560222536,0.5023549078935841,7,High-risk inland-flood and storm-injury counties
17057,Fulton County,IL,Illinois,Micro,"Canton, IL",6,Lower-wage tornado and storm-injury counties,0.986071218729484,0.9721514575713642,7,High-risk inland-flood and storm-injury counties
17059,Gallatin County,IL,Illinois,,,0,"Transfer-reliant, temperature-variable severe-storm counties",0.8849638890712839,0.7894461741246688,4,"High-premium, high-tax low-hazard counties"
17061,Greene County,IL,Illinois,,,3,Older wildfire and mountain-hazard housing-market counties,0.9404674648362439,0.8911720856266939,0,"Transfer-reliant, temperature-variable severe-storm counties"
17063,Grundy County,IL,Illinois,Metro,"Chicago-Naperville-Elgin, IL-IN-WI",6,Lower-wage tornado and storm-injury counties,0.9959415695001588,0.9918835571094268,7,High-risk inland-flood and storm-injury counties
17065,Hamilton County,IL,Illinois,,,0,"Transfer-reliant, temperature-variable severe-storm counties",0.9697554885872445,0.9457072253158388,3,Older wildfire and mountain-hazard housing-market counties
17067,Hancock County,IL,Illinois,Micro,"Fort Madison-Keokuk, IA-IL-MO",6,Lower-wage tornado and storm-injury counties,0.9993011584903797,0.9986023264504587,7,High-risk inland-flood and storm-injury counties
17069,Hardin County,IL,Illinois,,,6,Lower-wage tornado and storm-injury counties,0.9923478077511075,0.9846956897872131,7,High-risk inland-flood and storm-injury counties
17071,Henderson County,IL,Illinois,Micro,"Burlington, IA-IL",4,"High-premium, high-tax low-hazard counties",0.4662012858875888,0.12446616980188213,3,Older wildfire and mountain-hazard housing-market counties
17073,Henry County,IL,Illinois,Metro,"Davenport-Moline-Rock Island, IA-IL",6,Lower-wage tornado and storm-injury counties,0.9916896445992726,0.9833884329914631,7,High-risk inland-flood and storm-injury counties
17075,Iroquois County,IL,Illinois,,,4,"High-premium, high-tax low-hazard counties",0.5204249233113118,0.04408630564065835,0,"Transfer-reliant, temperature-variable severe-storm counties"
17077,Jackson County,IL,Illinois,Metro,"Carbondale-Marion, IL",6,Lower-wage tornado and storm-injury counties,0.8954360076377763,0.7920656127241824,7,High-risk inland-flood and storm-injury counties
17079,Jasper County,IL,Illinois,,,6,Lower-wage tornado and storm-injury counties,0.9980107018659473,0.9960214185174713,7,High-risk inland-flood and storm-injury counties
17081,Jefferson County,IL,Illinois,Micro,"Mount Vernon, IL",2,Lower-tax severe-storm casualty counties,0.9995530875492212,0.9991062138110978,7,High-risk inland-flood and storm-injury counties
17083,Jersey County,IL,Illinois,Metro,"St. Louis, MO-IL",5,Cold-region severe-storm casualty counties,0.9985683824647386,0.9971423687824157,7,High-risk inland-flood and storm-injury counties
17085,Jo Daviess County,IL,Illinois,,,0,"Transfer-reliant, temperature-variable severe-storm counties",0.8565109642831051,0.7145741936356149,4,"High-premium, high-tax low-hazard counties"
17087,Johnson County,IL,Illinois,,,2,Lower-tax severe-storm casualty counties,0.9989319906078802,0.9978644695601427,7,High-risk inland-flood and storm-injury counties
17089,Kane County,IL,Illinois,Metro,"Chicago-Naperville-Elgin, IL-IN-WI",7,High-risk inland-flood and storm-injury counties,0.9669862166167645,0.9340717621751904,6,Lower-wage tornado and storm-injury counties
17091,Kankakee County,IL,Illinois,Metro,"Kankakee, IL",0,"Transfer-reliant, temperature-variable severe-storm counties",0.39619714874022377,0.051414446292435134,4,"High-premium, high-tax low-hazard counties"
17093,Kendall County,IL,Illinois,Metro,"Chicago-Naperville-Elgin, IL-IN-WI",7,High-risk inland-flood and storm-injury counties,0.9812889371049817,0.9639132296028085,4,"High-premium, high-tax low-hazard counties"
17095,Knox County,IL,Illinois,Micro,"Galesburg, IL",0,"Transfer-reliant, temperature-variable severe-storm counties",0.9992042695423258,0.9986980675206163,7,High-risk inland-flood and storm-injury counties
17097,Lake County,IL,Illinois,Metro,"Chicago-Naperville-Elgin, IL-IN-WI",7,High-risk inland-flood and storm-injury counties,0.9997179952217649,0.9995588584117868,1,High-tax northern housing-market storm-risk counties
17099,LaSalle County,IL,Illinois,Micro,"Ottawa-Peru, IL",2,Lower-tax severe-storm casualty counties,0.9616887470907826,0.9233774958575068,7,High-risk inland-flood and storm-injury counties
17101,Lawrence County,IL,Illinois,,,0,"Transfer-reliant, temperature-variable severe-storm counties",0.9787371758332076,0.9585620095641139,3,Older wildfire and mountain-hazard housing-market counties
17103,Lee County,IL,Illinois,Micro,"Dixon, IL",6,Lower-wage tornado and storm-injury counties,0.9994476244621681,0.9988955902255342,7,High-risk inland-flood and storm-injury counties
17105,Livingston County,IL,Illinois,Micro,"Pontiac, IL",2,Lower-tax severe-storm casualty counties,0.9980877641970354,0.9961755463231033,7,High-risk inland-flood and storm-injury counties
17107,Logan County,IL,Illinois,Micro,"Lincoln, IL",2,Lower-tax severe-storm casualty counties,0.9965011530447562,0.9930024555808262,7,High-risk inland-flood and storm-injury counties
17109,McDonough County,IL,Illinois,Micro,"Macomb, IL",0,"Transfer-reliant, temperature-variable severe-storm counties",0.9969242447106491,0.9947950932083732,4,"High-premium, high-tax low-hazard counties"
17111,McHenry County,IL,Illinois,Metro,"Chicago-Naperville-Elgin, IL-IN-WI",7,High-risk inland-flood and storm-injury counties,0.907345810298452,0.8155622102815634,6,Lower-wage tornado and storm-injury counties
17113,McLean County,IL,Illinois,Metro,"Bloomington, IL",7,High-risk inland-flood and storm-injury counties,0.8889605656730001,0.7812755861196322,6,Lower-wage tornado and storm-injury counties
17115,Macon County,IL,Illinois,Metro,"Decatur, IL",6,Lower-wage tornado and storm-injury counties,0.9813645297077541,0.9627344954239505,7,High-risk inland-flood and storm-injury counties
17117,Macoupin County,IL,Illinois,Metro,"St. Louis, MO-IL",0,"Transfer-reliant, temperature-variable severe-storm counties",0.9995141773227958,0.999151722715125,4,"High-premium, high-tax low-hazard counties"
17119,Madison County,IL,Illinois,Metro,"St. Louis, MO-IL",2,Lower-tax severe-storm casualty counties,0.9921758432289883,0.984352014549329,7,High-risk inland-flood and storm-injury counties
17121,Marion County,IL,Illinois,Micro,"Centralia, IL",2,Lower-tax severe-storm casualty counties,0.9998489556221993,0.9996979142200229,7,High-risk inland-flood and storm-injury counties
17123,Marshall County,IL,Illinois,Metro,"Peoria, IL",0,"Transfer-reliant, temperature-variable severe-storm counties",0.9982123213486993,0.9969133596492022,4,"High-premium, high-tax low-hazard counties"
17125,Mason County,IL,Illinois,,,0,"Transfer-reliant, temperature-variable severe-storm counties",0.999831938133846,0.999732913911419,4,"High-premium, high-tax low-hazard counties"
17127,Massac County,IL,Illinois,Micro,"Paducah, KY-IL",6,Lower-wage tornado and storm-injury counties,0.9991480895069542,0.9982962031838607,7,High-risk inland-flood and storm-injury counties
17129,Menard County,IL,Illinois,Metro,"Springfield, IL",0,"Transfer-reliant, temperature-variable severe-storm counties",0.735918301965235,0.48931630301559925,4,"High-premium, high-tax low-hazard counties"
17131,Mercer County,IL,Illinois,Metro,"Davenport-Moline-Rock Island, IA-IL",0,"Transfer-reliant, temperature-variable severe-storm counties",0.7280138695683994,0.4564920336076317,4,"High-premium, high-tax low-hazard counties"
17133,Monroe County,IL,Illinois,Metro,"St. Louis, MO-IL",0,"Transfer-reliant, temperature-variable severe-storm counties",0.9979801018574153,0.9961946492878105,4,"High-premium, high-tax low-hazard counties"
17135,Montgomery County,IL,Illinois,,,6,Lower-wage tornado and storm-injury counties,0.9995003063206073,0.9990006204097082,7,High-risk inland-flood and storm-injury counties
17137,Morgan County,IL,Illinois,Micro,"Jacksonville, IL",6,Lower-wage tornado and storm-injury counties,0.9978880863591929,0.9957764317230565,7,High-risk inland-flood and storm-injury counties
17139,Moultrie County,IL,Illinois,,,0,"Transfer-reliant, temperature-variable severe-storm counties",0.9753826469477903,0.9513067085947297,4,"High-premium, high-tax low-hazard counties"
17141,Ogle County,IL,Illinois,Micro,"Rochelle, IL",6,Lower-wage tornado and storm-injury counties,0.9924541616137336,0.9849122567036322,7,High-risk inland-flood and storm-injury counties
17143,Peoria County,IL,Illinois,Metro,"Peoria, IL",2,Lower-tax severe-storm casualty counties,0.9720715406603085,0.9441442963139423,7,High-risk inland-flood and storm-injury counties
17145,Perry County,IL,Illinois,,,6,Lower-wage tornado and storm-injury counties,0.9989848913014098,0.9979704054166812,7,High-risk inland-flood and storm-injury counties
17147,Piatt County,IL,Illinois,Metro,"Champaign-Urbana, IL",0,"Transfer-reliant, temperature-variable severe-storm counties",0.9990262182041165,0.998174853570308,4,"High-premium, high-tax low-hazard counties"
17149,Pike County,IL,Illinois,,,5,Cold-region severe-storm casualty counties,0.9997386965602214,0.9994774224826769,7,High-risk inland-flood and storm-injury counties
17151,Pope County,IL,Illinois,,,6,Lower-wage tornado and storm-injury counties,0.9986465826890932,0.9972942598540632,7,High-risk inland-flood and storm-injury counties
17153,Pulaski County,IL,Illinois,,,2,Lower-tax severe-storm casualty counties,0.9910571149733391,0.9821142446367267,7,High-risk inland-flood and storm-injury counties
17155,Putnam County,IL,Illinois,Micro,"Ottawa-Peru, IL",3,Older wildfire and mountain-hazard housing-market counties,0.6563334816676296,0.42861410663913246,0,"Transfer-reliant, temperature-variable severe-storm counties"
17157,Randolph County,IL,Illinois,,,0,"Transfer-reliant, temperature-variable severe-storm counties",0.9998220368176405,0.9997059418207108,4,"High-premium, high-tax low-hazard counties"
17159,Richland County,IL,Illinois,,,0,"Transfer-reliant, temperature-variable severe-storm counties",0.9995066796961446,0.9992368641943833,4,"High-premium, high-tax low-hazard counties"
17161,Rock Island County,IL,Illinois,Metro,"Davenport-Moline-Rock Island, IA-IL",2,Lower-tax severe-storm casualty counties,0.9492362090434683,0.8984727117957809,7,High-risk inland-flood and storm-injury counties
17163,St. Clair County,IL,Illinois,Metro,"St. Louis, MO-IL",2,Lower-tax severe-storm casualty counties,0.9971962484777235,0.9943925960954658,7,High-risk inland-flood and storm-injury counties
17165,Saline County,IL,Illinois,,,2,Lower-tax severe-storm casualty counties,0.9982682771190003,0.9965366014325661,7,High-risk inland-flood and storm-injury counties
17167,Sangamon County,IL,Illinois,Metro,"Springfield, IL",7,High-risk inland-flood and storm-injury counties,0.9988226809252474,0.9984667704100809,4,"High-premium, high-tax low-hazard counties"
17169,Schuyler County,IL,Illinois,,,6,Lower-wage tornado and storm-injury counties,0.950813369114481,0.9020623508292118,7,High-risk inland-flood and storm-injury counties
17171,Scott County,IL,Illinois,Micro,"Jacksonville, IL",3,Older wildfire and mountain-hazard housing-market counties,0.6233124517713511,0.2497438543138351,0,"Transfer-reliant, temperature-variable severe-storm counties"
17173,Shelby County,IL,Illinois,,,2,Lower-tax severe-storm casualty counties,0.9994971099735778,0.9989942519637528,7,High-risk inland-flood and storm-injury counties
17175,Stark County,IL,Illinois,Metro,"Peoria, IL",0,"Transfer-reliant, temperature-variable severe-storm counties",0.920684853852161,0.8419718054440306,3,Older wildfire and mountain-hazard housing-market counties
17177,Stephenson County,IL,Illinois,Micro,"Freeport, IL",0,"Transfer-reliant, temperature-variable severe-storm counties",0.8695921570505656,0.7572296511325386,4,"High-premium, high-tax low-hazard counties"
17179,Tazewell County,IL,Illinois,Metro,"Peoria, IL",6,Lower-wage tornado and storm-injury counties,0.9914889357145314,0.9829907829739076,7,High-risk inland-flood and storm-injury counties
17181,Union County,IL,Illinois,,,5,Cold-region severe-storm casualty counties,0.9997074417148533,0.9994149089624835,7,High-risk inland-flood and storm-injury counties
17183,Vermilion County,IL,Illinois,Metro,"Danville, IL",6,Lower-wage tornado and storm-injury counties,0.9784981997293548,0.9570024786790109,7,High-risk inland-flood and storm-injury counties
17185,Wabash County,IL,Illinois,,,5,Cold-region severe-storm casualty counties,0.9994583151552321,0.9989167901303233,7,High-risk inland-flood and storm-injury counties
17187,Warren County,IL,Illinois,,,6,Lower-wage tornado and storm-injury counties,0.9976952484935662,0.995390498708059,7,High-risk inland-flood and storm-injury counties
17189,Washington County,IL,Illinois,,,0,"Transfer-reliant, temperature-variable severe-storm counties",0.9995877984256344,0.9992425459018294,4,"High-premium, high-tax low-hazard counties"
17191,Wayne County,IL,Illinois,,,0,"Transfer-reliant, temperature-variable severe-storm counties",0.9714988861501688,0.9434321069164479,4,"High-premium, high-tax low-hazard counties"
17193,White County,IL,Illinois,,,2,Lower-tax severe-storm casualty counties,0.997907259109738,0.9958145262253444,7,High-risk inland-flood and storm-injury counties
17195,Whiteside County,IL,Illinois,Micro,"Sterling, IL",0,"Transfer-reliant, temperature-variable severe-storm counties",0.6188697114473679,0.24697784176876847,4,"High-premium, high-tax low-hazard counties"
17197,Will County,IL,Illinois,Metro,"Chicago-Naperville-Elgin, IL-IN-WI",7,High-risk inland-flood and storm-injury counties,0.713321446369108,0.42664302078739685,2,Lower-tax severe-storm casualty counties
17199,Williamson County,IL,Illinois,Metro,"Carbondale-Marion, IL",6,Lower-wage tornado and storm-injury counties,0.9847184772483882,0.9694624206360225,7,High-risk inland-flood and storm-injury counties
17201,Winnebago County,IL,Illinois,Metro,"Rockford, IL",2,Lower-tax severe-storm casualty counties,0.8935442657981074,0.7870910172294342,7,High-risk inland-flood and storm-injury counties
17203,Woodford County,IL,Illinois,Metro,"Peoria, IL",0,"Transfer-reliant, temperature-variable severe-storm counties",0.9704246699544755,0.9431519880494454,4,"High-premium, high-tax low-hazard counties"
18001,Adams County,IN,Indiana,Micro,"Decatur, IN",2,Lower-tax severe-storm casualty counties,0.9985024485504594,0.9970077012726384,7,High-risk inland-flood and storm-injury counties
18003,Allen County,IN,Indiana,Metro,"Fort Wayne, IN",2,Lower-tax severe-storm casualty counties,0.9933842134294105,0.9867877211729654,7,High-risk inland-flood and storm-injury counties
18005,Bartholomew County,IN,Indiana,Metro,"Columbus, IN",2,Lower-tax severe-storm casualty counties,0.9987254279668103,0.9974562633521107,7,High-risk inland-flood and storm-injury counties
18007,Benton County,IN,Indiana,Metro,"Lafayette-West Lafayette, IN",0,"Transfer-reliant, temperature-variable severe-storm counties",0.6872868482905767,0.45135246060076223,4,"High-premium, high-tax low-hazard counties"
18009,Blackford County,IN,Indiana,,,6,Lower-wage tornado and storm-injury counties,0.9960299289747102,0.992061342227847,7,High-risk inland-flood and storm-injury counties
18011,Boone County,IN,Indiana,Metro,"Indianapolis-Carmel-Anderson, IN",2,Lower-tax severe-storm casualty counties,0.999096779818407,0.9981936333412339,7,High-risk inland-flood and storm-injury counties
18013,Brown County,IN,Indiana,Metro,"Indianapolis-Carmel-Anderson, IN",0,"Transfer-reliant, temperature-variable severe-storm counties",0.9953097117611442,0.9910303387982111,3,Older wildfire and mountain-hazard housing-market counties
18015,Carroll County,IN,Indiana,Metro,"Lafayette-West Lafayette, IN",0,"Transfer-reliant, temperature-variable severe-storm counties",0.9984228473876433,0.9973117604062576,3,Older wildfire and mountain-hazard housing-market counties
18017,Cass County,IN,Indiana,Micro,"Logansport, IN",2,Lower-tax severe-storm casualty counties,0.9980694659681958,0.9961389470524632,7,High-risk inland-flood and storm-injury counties
18019,Clark County,IN,Indiana,Metro,"Louisville/Jefferson County, KY-IN",2,Lower-tax severe-storm casualty counties,0.9978425830088127,0.9956853875515698,7,High-risk inland-flood and storm-injury counties
18021,Clay County,IN,Indiana,Metro,"Terre Haute, IN",0,"Transfer-reliant, temperature-variable severe-storm counties",0.9951112396721123,0.9922190629927276,3,Older wildfire and mountain-hazard housing-market counties
18023,Clinton County,IN,Indiana,Micro,"Frankfort, IN",6,Lower-wage tornado and storm-injury counties,0.9997212468197991,0.9994425975395355,7,High-risk inland-flood and storm-injury counties
18025,Crawford County,IN,Indiana,,,0,"Transfer-reliant, temperature-variable severe-storm counties",0.9962550783416014,0.9931100001787676,3,Older wildfire and mountain-hazard housing-market counties
18027,Daviess County,IN,Indiana,Micro,"Washington, IN",0,"Transfer-reliant, temperature-variable severe-storm counties",0.9983328574011051,0.9970759870954891,4,"High-premium, high-tax low-hazard counties"
18029,Dearborn County,IN,Indiana,Metro,"Cincinnati, OH-KY-IN",0,"Transfer-reliant, temperature-variable severe-storm counties",0.9694241255683715,0.9394370282241905,4,"High-premium, high-tax low-hazard counties"
18031,Decatur County,IN,Indiana,Micro,"Greensburg, IN",2,Lower-tax severe-storm casualty counties,0.9985788589719987,0.9971584588158539,7,High-risk inland-flood and storm-injury counties
18033,DeKalb County,IN,Indiana,Micro,"Auburn, IN",6,Lower-wage tornado and storm-injury counties,0.9977753232622091,0.9956274450540655,7,High-risk inland-flood and storm-injury counties
18035,Delaware County,IN,Indiana,Metro,"Muncie, IN",0,"Transfer-reliant, temperature-variable severe-storm counties",0.6684533603256035,0.3999664765645135,7,High-risk inland-flood and storm-injury counties
18037,Dubois County,IN,Indiana,Micro,"Jasper, IN",6,Lower-wage tornado and storm-injury counties,0.8986099340110252,0.7996230591791051,7,High-risk inland-flood and storm-injury counties
18039,Elkhart County,IN,Indiana,Metro,"Elkhart-Goshen, IN",6,Lower-wage tornado and storm-injury counties,0.8698348336458063,0.741900322872624,7,High-risk inland-flood and storm-injury counties
18041,Fayette County,IN,Indiana,Micro,"Connersville, IN",6,Lower-wage tornado and storm-injury counties,0.999771490399628,0.9995431357259992,7,High-risk inland-flood and storm-injury counties
18043,Floyd County,IN,Indiana,Metro,"Louisville/Jefferson County, KY-IN",6,Lower-wage tornado and storm-injury counties,0.9980794567962005,0.9961678711622625,7,High-risk inland-flood and storm-injury counties
18045,Fountain County,IN,Indiana,,,2,Lower-tax severe-storm casualty counties,0.9950808369614237,0.9901625153484634,7,High-risk inland-flood and storm-injury counties
18047,Franklin County,IN,Indiana,,,5,Cold-region severe-storm casualty counties,0.999760673827978,0.999521365442166,7,High-risk inland-flood and storm-injury counties
18049,Fulton County,IN,Indiana,,,2,Lower-tax severe-storm casualty counties,0.9989646720358006,0.9979301880796865,7,High-risk inland-flood and storm-injury counties
18051,Gibson County,IN,Indiana,,,2,Lower-tax severe-storm casualty counties,0.9996136149615562,0.9992272827093487,7,High-risk inland-flood and storm-injury counties
18053,Grant County,IN,Indiana,Micro,"Marion, IN",0,"Transfer-reliant, temperature-variable severe-storm counties",0.9998219174460937,0.9996782792146667,7,High-risk inland-flood and storm-injury counties
18055,Greene County,IN,Indiana,,,2,Lower-tax severe-storm casualty counties,0.9996576610064064,0.9993155666141298,7,High-risk inland-flood and storm-injury counties
18057,Hamilton County,IN,Indiana,Metro,"Indianapolis-Carmel-Anderson, IN",2,Lower-tax severe-storm casualty counties,0.9725133656257788,0.9450280925053881,7,High-risk inland-flood and storm-injury counties
18059,Hancock County,IN,Indiana,Metro,"Indianapolis-Carmel-Anderson, IN",0,"Transfer-reliant, temperature-variable severe-storm counties",0.9993496351582616,0.9988338355977135,7,High-risk inland-flood and storm-injury counties
18061,Harrison County,IN,Indiana,Metro,"Louisville/Jefferson County, KY-IN",6,Lower-wage tornado and storm-injury counties,0.9996617868763773,0.999324935658703,7,High-risk inland-flood and storm-injury counties
18063,Hendricks County,IN,Indiana,Metro,"Indianapolis-Carmel-Anderson, IN",2,Lower-tax severe-storm casualty counties,0.9986666060428318,0.9973335149599221,7,High-risk inland-flood and storm-injury counties
18065,Henry County,IN,Indiana,Micro,"New Castle, IN",0,"Transfer-reliant, temperature-variable severe-storm counties",0.9997689217449238,0.9996477902908922,4,"High-premium, high-tax low-hazard counties"
18067,Howard County,IN,Indiana,Metro,"Kokomo, IN",6,Lower-wage tornado and storm-injury counties,0.9994700176544539,0.9989406713175081,7,High-risk inland-flood and storm-injury counties
18069,Huntington County,IN,Indiana,Micro,"Huntington, IN",6,Lower-wage tornado and storm-injury counties,0.9997527462274624,0.9995071927555131,7,High-risk inland-flood and storm-injury counties
18071,Jackson County,IN,Indiana,Micro,"Seymour, IN",0,"Transfer-reliant, temperature-variable severe-storm counties",0.9997417935427986,0.9995451249405999,4,"High-premium, high-tax low-hazard counties"
18073,Jasper County,IN,Indiana,Metro,"Chicago-Naperville-Elgin, IL-IN-WI",6,Lower-wage tornado and storm-injury counties,0.9977480187650778,0.9955204719468642,7,High-risk inland-flood and storm-injury counties
18075,Jay County,IN,Indiana,,,0,"Transfer-reliant, temperature-variable severe-storm counties",0.9488644095743785,0.8981728391449426,3,Older wildfire and mountain-hazard housing-market counties
18077,Jefferson County,IN,Indiana,Micro,"Madison, IN",5,Cold-region severe-storm casualty counties,0.9998493336407621,0.9997009109554577,7,High-risk inland-flood and storm-injury counties
18079,Jennings County,IN,Indiana,Micro,"North Vernon, IN",6,Lower-wage tornado and storm-injury counties,0.9998194790406298,0.9996414045767459,7,High-risk inland-flood and storm-injury counties
18081,Johnson County,IN,Indiana,Metro,"Indianapolis-Carmel-Anderson, IN",6,Lower-wage tornado and storm-injury counties,0.9955670749459901,0.991148281027964,7,High-risk inland-flood and storm-injury counties
18083,Knox County,IN,Indiana,Micro,"Vincennes, IN",0,"Transfer-reliant, temperature-variable severe-storm counties",0.9997631502352742,0.9996059243969506,4,"High-premium, high-tax low-hazard counties"
18085,Kosciusko County,IN,Indiana,Micro,"Warsaw, IN",6,Lower-wage tornado and storm-injury counties,0.9991613238481204,0.9983377754889494,7,High-risk inland-flood and storm-injury counties
18087,LaGrange County,IN,Indiana,,,6,Lower-wage tornado and storm-injury counties,0.9993987706521037,0.9987976196483305,7,High-risk inland-flood and storm-injury counties
18089,Lake County,IN,Indiana,Metro,"Chicago-Naperville-Elgin, IL-IN-WI",2,Lower-tax severe-storm casualty counties,0.7585936396891284,0.5202353582514703,7,High-risk inland-flood and storm-injury counties
18091,LaPorte County,IN,Indiana,Metro,"Michigan City-La Porte, IN",6,Lower-wage tornado and storm-injury counties,0.996839940226234,0.993826696876013,7,High-risk inland-flood and storm-injury counties
18093,Lawrence County,IN,Indiana,Micro,"Bedford, IN",0,"Transfer-reliant, temperature-variable severe-storm counties",0.9998455315795265,0.9997477535521749,4,"High-premium, high-tax low-hazard counties"
18095,Madison County,IN,Indiana,Metro,"Indianapolis-Carmel-Anderson, IN",6,Lower-wage tornado and storm-injury counties,0.9975902746840508,0.9951865191611946,7,High-risk inland-flood and storm-injury counties
18097,Marion County,IN,Indiana,Metro,"Indianapolis-Carmel-Anderson, IN",2,Lower-tax severe-storm casualty counties,0.9109786715902226,0.8220011976288608,7,High-risk inland-flood and storm-injury counties
18099,Marshall County,IN,Indiana,Micro,"Plymouth, IN",2,Lower-tax severe-storm casualty counties,0.9996108029457107,0.9992271221139644,7,High-risk inland-flood and storm-injury counties
18101,Martin County,IN,Indiana,,,2,Lower-tax severe-storm casualty counties,0.9990968239286437,0.9981948818982924,7,High-risk inland-flood and storm-injury counties
18103,Miami County,IN,Indiana,Micro,"Peru, IN",0,"Transfer-reliant, temperature-variable severe-storm counties",0.9948056015910562,0.9897626859527469,4,"High-premium, high-tax low-hazard counties"
18105,Monroe County,IN,Indiana,Metro,"Bloomington, IN",2,Lower-tax severe-storm casualty counties,0.9996216378379275,0.999243423985591,7,High-risk inland-flood and storm-injury counties
18107,Montgomery County,IN,Indiana,Micro,"Crawfordsville, IN",0,"Transfer-reliant, temperature-variable severe-storm counties",0.9771100149471529,0.9545318884073866,4,"High-premium, high-tax low-hazard counties"
18109,Morgan County,IN,Indiana,Metro,"Indianapolis-Carmel-Anderson, IN",5,Cold-region severe-storm casualty counties,0.999649069750922,0.9992985170647237,7,High-risk inland-flood and storm-injury counties
18111,Newton County,IN,Indiana,Metro,"Chicago-Naperville-Elgin, IL-IN-WI",0,"Transfer-reliant, temperature-variable severe-storm counties",0.8905788844149827,0.785446585759412,4,"High-premium, high-tax low-hazard counties"
18113,Noble County,IN,Indiana,Micro,"Kendallville, IN",6,Lower-wage tornado and storm-injury counties,0.9994272333009635,0.9988549401889657,7,High-risk inland-flood and storm-injury counties
18115,Ohio County,IN,Indiana,Metro,"Cincinnati, OH-KY-IN",3,Older wildfire and mountain-hazard housing-market counties,0.7821285305513612,0.5665214559166712,0,"Transfer-reliant, temperature-variable severe-storm counties"
18117,Orange County,IN,Indiana,,,6,Lower-wage tornado and storm-injury counties,0.9998281142303501,0.9996564637608231,7,High-risk inland-flood and storm-injury counties
18119,Owen County,IN,Indiana,Metro,"Bloomington, IN",2,Lower-tax severe-storm casualty counties,0.9995117141438429,0.9990234852015214,7,High-risk inland-flood and storm-injury counties
18121,Parke County,IN,Indiana,,,0,"Transfer-reliant, temperature-variable severe-storm counties",0.9995956131540918,0.9992999323522452,3,Older wildfire and mountain-hazard housing-market counties
18123,Perry County,IN,Indiana,,,0,"Transfer-reliant, temperature-variable severe-storm counties",0.9996807250863396,0.9995387249058728,3,Older wildfire and mountain-hazard housing-market counties
18125,Pike County,IN,Indiana,Micro,"Jasper, IN",0,"Transfer-reliant, temperature-variable severe-storm counties",0.9986471913669881,0.9974990319955784,3,Older wildfire and mountain-hazard housing-market counties
18127,Porter County,IN,Indiana,Metro,"Chicago-Naperville-Elgin, IL-IN-WI",5,Cold-region severe-storm casualty counties,0.9580180390126541,0.9171521895000035,7,High-risk inland-flood and storm-injury counties
18129,Posey County,IN,Indiana,Metro,"Evansville, IN-KY",0,"Transfer-reliant, temperature-variable severe-storm counties",0.9600931822634413,0.9209358752881927,4,"High-premium, high-tax low-hazard counties"
18131,Pulaski County,IN,Indiana,,,3,Older wildfire and mountain-hazard housing-market counties,0.7176549788332328,0.43746860358864503,0,"Transfer-reliant, temperature-variable severe-storm counties"
18133,Putnam County,IN,Indiana,Metro,"Indianapolis-Carmel-Anderson, IN",6,Lower-wage tornado and storm-injury counties,0.9996808382143142,0.9993619644361974,7,High-risk inland-flood and storm-injury counties
18135,Randolph County,IN,Indiana,,,2,Lower-tax severe-storm casualty counties,0.9881045469747248,0.9766803568655765,7,High-risk inland-flood and storm-injury counties
18137,Ripley County,IN,Indiana,,,0,"Transfer-reliant, temperature-variable severe-storm counties",0.9955775593955087,0.9924212978019126,4,"High-premium, high-tax low-hazard counties"
18139,Rush County,IN,Indiana,,,6,Lower-wage tornado and storm-injury counties,0.9998605604339326,0.9997211799836462,7,High-risk inland-flood and storm-injury counties
18141,St. Joseph County,IN,Indiana,Metro,"South Bend-Mishawaka, IN-MI",5,Cold-region severe-storm casualty counties,0.9948414559751724,0.9900282929106541,7,High-risk inland-flood and storm-injury counties
18143,Scott County,IN,Indiana,Metro,"Louisville/Jefferson County, KY-IN",6,Lower-wage tornado and storm-injury counties,0.9997580666227344,0.9995165006715028,7,High-risk inland-flood and storm-injury counties
18145,Shelby County,IN,Indiana,Metro,"Indianapolis-Carmel-Anderson, IN",6,Lower-wage tornado and storm-injury counties,0.999620835804409,0.9992427836112808,7,High-risk inland-flood and storm-injury counties
18147,Spencer County,IN,Indiana,,,0,"Transfer-reliant, temperature-variable severe-storm counties",0.7624392646485585,0.5260365771793892,4,"High-premium, high-tax low-hazard counties"
18149,Starke County,IN,Indiana,,,2,Lower-tax severe-storm casualty counties,0.9983818238988067,0.9968078440661787,7,High-risk inland-flood and storm-injury counties
18151,Steuben County,IN,Indiana,Micro,"Angola, IN",6,Lower-wage tornado and storm-injury counties,0.9995034131347412,0.9990099884230375,7,High-risk inland-flood and storm-injury counties
18153,Sullivan County,IN,Indiana,Metro,"Terre Haute, IN",2,Lower-tax severe-storm casualty counties,0.9993312663576558,0.9986625626608373,7,High-risk inland-flood and storm-injury counties
18155,Switzerland County,IN,Indiana,,,5,Cold-region severe-storm casualty counties,0.9996968158708556,0.9993942717385274,7,High-risk inland-flood and storm-injury counties
18157,Tippecanoe County,IN,Indiana,Metro,"Lafayette-West Lafayette, IN",0,"Transfer-reliant, temperature-variable severe-storm counties",0.9913353452638208,0.983368894590948,7,High-risk inland-flood and storm-injury counties
18159,Tipton County,IN,Indiana,,,0,"Transfer-reliant, temperature-variable severe-storm counties",0.9369887842152497,0.8747596547609987,3,Older wildfire and mountain-hazard housing-market counties
18161,Union County,IN,Indiana,Metro,"Cincinnati, OH-KY-IN",6,Lower-wage tornado and storm-injury counties,0.9981504572384597,0.9963036685793278,7,High-risk inland-flood and storm-injury counties
18163,Vanderburgh County,IN,Indiana,Metro,"Evansville, IN-KY",2,Lower-tax severe-storm casualty counties,0.9888758496760902,0.9777588700990422,7,High-risk inland-flood and storm-injury counties
18165,Vermillion County,IN,Indiana,Metro,"Terre Haute, IN",0,"Transfer-reliant, temperature-variable severe-storm counties",0.9694607563999862,0.9392653982527781,3,Older wildfire and mountain-hazard housing-market counties
18167,Vigo County,IN,Indiana,Metro,"Terre Haute, IN",0,"Transfer-reliant, temperature-variable severe-storm counties",0.9965026360054753,0.9934419799600721,7,High-risk inland-flood and storm-injury counties
18169,Wabash County,IN,Indiana,Micro,"Wabash, IN",5,Cold-region severe-storm casualty counties,0.999898601500111,0.9997981064303637,7,High-risk inland-flood and storm-injury counties
18171,Warren County,IN,Indiana,,,3,Older wildfire and mountain-hazard housing-market counties,0.6674655787976767,0.33699507268527995,0,"Transfer-reliant, temperature-variable severe-storm counties"
18173,Warrick County,IN,Indiana,Metro,"Evansville, IN-KY",2,Lower-tax severe-storm casualty counties,0.9992237190414908,0.9984474672353407,7,High-risk inland-flood and storm-injury counties
18175,Washington County,IN,Indiana,Metro,"Louisville/Jefferson County, KY-IN",0,"Transfer-reliant, temperature-variable severe-storm counties",0.9996760010064127,0.9994064907212756,4,"High-premium, high-tax low-hazard counties"
18177,Wayne County,IN,Indiana,Micro,"Richmond, IN",2,Lower-tax severe-storm casualty counties,0.9997073671784922,0.9994153477522276,7,High-risk inland-flood and storm-injury counties
18179,Wells County,IN,Indiana,Metro,"Fort Wayne, IN",6,Lower-wage tornado and storm-injury counties,0.9998009707573211,0.9996020121236016,7,High-risk inland-flood and storm-injury counties
18181,White County,IN,Indiana,,,0,"Transfer-reliant, temperature-variable severe-storm counties",0.8855104706003313,0.7722955537572583,4,"High-premium, high-tax low-hazard counties"
18183,Whitley County,IN,Indiana,Metro,"Fort Wayne, IN",0,"Transfer-reliant, temperature-variable severe-storm counties",0.9995964007080177,0.9992931429851317,4,"High-premium, high-tax low-hazard counties"
19001,Adair County,IA,Iowa,,,2,Lower-tax severe-storm casualty counties,0.9879740818895992,0.9759481654306122,7,High-risk inland-flood and storm-injury counties
19003,Adams County,IA,Iowa,,,5,Cold-region severe-storm casualty counties,0.988290402288384,0.9765808053605997,7,High-risk inland-flood and storm-injury counties
19005,Allamakee County,IA,Iowa,,,6,Lower-wage tornado and storm-injury counties,0.9995737590405042,0.9991478078219803,7,High-risk inland-flood and storm-injury counties
19007,Appanoose County,IA,Iowa,,,4,"High-premium, high-tax low-hazard counties",0.998873732217551,0.9978344812833209,7,High-risk inland-flood and storm-injury counties
19009,Audubon County,IA,Iowa,,,4,"High-premium, high-tax low-hazard counties",0.7149375007683091,0.4605771393296628,0,"Transfer-reliant, temperature-variable severe-storm counties"
19011,Benton County,IA,Iowa,Metro,"Cedar Rapids, IA",2,Lower-tax severe-storm casualty counties,0.9961006264060138,0.9922012570565109,7,High-risk inland-flood and storm-injury counties
19013,Black Hawk County,IA,Iowa,Metro,"Waterloo-Cedar Falls, IA",7,High-risk inland-flood and storm-injury counties,0.998466747070482,0.9970506240625364,4,"High-premium, high-tax low-hazard counties"
19015,Boone County,IA,Iowa,Micro,"Boone, IA",4,"High-premium, high-tax low-hazard counties",0.9639614400379761,0.9364083180685198,0,"Transfer-reliant, temperature-variable severe-storm counties"
19017,Bremer County,IA,Iowa,Metro,"Waterloo-Cedar Falls, IA",6,Lower-wage tornado and storm-injury counties,0.9962928798176338,0.9925858402313326,7,High-risk inland-flood and storm-injury counties
19019,Buchanan County,IA,Iowa,,,0,"Transfer-reliant, temperature-variable severe-storm counties",0.896708208011292,0.7975029964426519,4,"High-premium, high-tax low-hazard counties"
19021,Buena Vista County,IA,Iowa,Micro,"Storm Lake, IA",6,Lower-wage tornado and storm-injury counties,0.977419743520888,0.9548399354591071,7,High-risk inland-flood and storm-injury counties
19023,Butler County,IA,Iowa,,,2,Lower-tax severe-storm casualty counties,0.9674217425019503,0.9348435339387267,7,High-risk inland-flood and storm-injury counties
19025,Calhoun County,IA,Iowa,,,4,"High-premium, high-tax low-hazard counties",0.9925195713862436,0.9881196580522532,0,"Transfer-reliant, temperature-variable severe-storm counties"
19027,Carroll County,IA,Iowa,,,4,"High-premium, high-tax low-hazard counties",0.9320155693369132,0.8683570199540155,0,"Transfer-reliant, temperature-variable severe-storm counties"
19029,Cass County,IA,Iowa,,,4,"High-premium, high-tax low-hazard counties",0.9736119835491328,0.9522604733383806,0,"Transfer-reliant, temperature-variable severe-storm counties"
19031,Cedar County,IA,Iowa,,,6,Lower-wage tornado and storm-injury counties,0.9995084025176663,0.9990169536225308,7,High-risk inland-flood and storm-injury counties
19033,Cerro Gordo County,IA,Iowa,Micro,"Mason City, IA",7,High-risk inland-flood and storm-injury counties,0.7883425564093153,0.576896674497861,6,Lower-wage tornado and storm-injury counties
19035,Cherokee County,IA,Iowa,,,4,"High-premium, high-tax low-hazard counties",0.9505350434926021,0.9012389020229135,0,"Transfer-reliant, temperature-variable severe-storm counties"
19037,Chickasaw County,IA,Iowa,,,5,Cold-region severe-storm casualty counties,0.9963128866460838,0.9926260489471209,7,High-risk inland-flood and storm-injury counties
19039,Clarke County,IA,Iowa,,,4,"High-premium, high-tax low-hazard counties",0.7973789562595476,0.5957806944916164,0,"Transfer-reliant, temperature-variable severe-storm counties"
19041,Clay County,IA,Iowa,Micro,"Spencer, IA",5,Cold-region severe-storm casualty counties,0.9771298508670867,0.9542597730528699,7,High-risk inland-flood and storm-injury counties
19043,Clayton County,IA,Iowa,,,2,Lower-tax severe-storm casualty counties,0.8471544948154524,0.6943182857999838,7,High-risk inland-flood and storm-injury counties
19045,Clinton County,IA,Iowa,Micro,"Clinton, IA",6,Lower-wage tornado and storm-injury counties,0.9973095893922841,0.9946197450842469,7,High-risk inland-flood and storm-injury counties
19047,Crawford County,IA,Iowa,,,4,"High-premium, high-tax low-hazard counties",0.9993021884675312,0.9988079481803742,0,"Transfer-reliant, temperature-variable severe-storm counties"
19049,Dallas County,IA,Iowa,Metro,"Des Moines-West Des Moines, IA",7,High-risk inland-flood and storm-injury counties,0.9943521730188271,0.9887652574404777,6,Lower-wage tornado and storm-injury counties
19051,Davis County,IA,Iowa,Micro,"Ottumwa, IA",4,"High-premium, high-tax low-hazard counties",0.9968448070720033,0.9943017935360933,0,"Transfer-reliant, temperature-variable severe-storm counties"
19053,Decatur County,IA,Iowa,,,4,"High-premium, high-tax low-hazard counties",0.9682531792827236,0.9392555925721521,0,"Transfer-reliant, temperature-variable severe-storm counties"
19055,Delaware County,IA,Iowa,,,0,"Transfer-reliant, temperature-variable severe-storm counties",0.901495906140181,0.8035085365419684,4,"High-premium, high-tax low-hazard counties"
19057,Des Moines County,IA,Iowa,Micro,"Burlington, IA-IL",0,"Transfer-reliant, temperature-variable severe-storm counties",0.858122059616155,0.7514865955249699,4,"High-premium, high-tax low-hazard counties"
19059,Dickinson County,IA,Iowa,Micro,"Spirit Lake, IA",4,"High-premium, high-tax low-hazard counties",0.897697041788573,0.7968888893498671,0,"Transfer-reliant, temperature-variable severe-storm counties"
19061,Dubuque County,IA,Iowa,Metro,"Dubuque, IA",6,Lower-wage tornado and storm-injury counties,0.993158869319379,0.9863452966939096,7,High-risk inland-flood and storm-injury counties
19063,Emmet County,IA,Iowa,,,4,"High-premium, high-tax low-hazard counties",0.999580054560383,0.9992170973528746,7,High-risk inland-flood and storm-injury counties
19065,Fayette County,IA,Iowa,,,6,Lower-wage tornado and storm-injury counties,0.9930771439227051,0.9861543168591389,7,High-risk inland-flood and storm-injury counties
19067,Floyd County,IA,Iowa,,,0,"Transfer-reliant, temperature-variable severe-storm counties",0.9467388930614634,0.8946649217587374,4,"High-premium, high-tax low-hazard counties"
19069,Franklin County,IA,Iowa,,,4,"High-premium, high-tax low-hazard counties",0.9776171831774948,0.9560783481722779,0,"Transfer-reliant, temperature-variable severe-storm counties"
19071,Fremont County,IA,Iowa,,,2,Lower-tax severe-storm casualty counties,0.8585609028479964,0.7171229567693103,7,High-risk inland-flood and storm-injury counties
19073,Greene County,IA,Iowa,,,0,"Transfer-reliant, temperature-variable severe-storm counties",0.7424933583294003,0.4929283978218353,4,"High-premium, high-tax low-hazard counties"
19075,Grundy County,IA,Iowa,Metro,"Waterloo-Cedar Falls, IA",4,"High-premium, high-tax low-hazard counties",0.9977611305503309,0.9958362927431228,0,"Transfer-reliant, temperature-variable severe-storm counties"
19077,Guthrie County,IA,Iowa,Metro,"Des Moines-West Des Moines, IA",4,"High-premium, high-tax low-hazard counties",0.9901075757016041,0.9814475975681671,0,"Transfer-reliant, temperature-variable severe-storm counties"
19079,Hamilton County,IA,Iowa,,,4,"High-premium, high-tax low-hazard counties",0.6614778756515045,0.33843386732766934,0,"Transfer-reliant, temperature-variable severe-storm counties"
19081,Hancock County,IA,Iowa,,,4,"High-premium, high-tax low-hazard counties",0.9987490204188053,0.9976432251946872,0,"Transfer-reliant, temperature-variable severe-storm counties"
19083,Hardin County,IA,Iowa,,,4,"High-premium, high-tax low-hazard counties",0.9844500242726897,0.9698840618969206,7,High-risk inland-flood and storm-injury counties
19085,Harrison County,IA,Iowa,Metro,"Omaha-Council Bluffs, NE-IA",4,"High-premium, high-tax low-hazard counties",0.9795508226382189,0.9594281724962191,0,"Transfer-reliant, temperature-variable severe-storm counties"
19087,Henry County,IA,Iowa,,,6,Lower-wage tornado and storm-injury counties,0.9992207668643077,0.9984415947750729,7,High-risk inland-flood and storm-injury counties
19089,Howard County,IA,Iowa,,,4,"High-premium, high-tax low-hazard counties",0.8304598553701383,0.6626827297196788,0,"Transfer-reliant, temperature-variable severe-storm counties"
19091,Humboldt County,IA,Iowa,,,4,"High-premium, high-tax low-hazard counties",0.9689815111613399,0.9390073171093433,0,"Transfer-reliant, temperature-variable severe-storm counties"
19093,Ida County,IA,Iowa,,,0,"Transfer-reliant, temperature-variable severe-storm counties",0.7822845813721493,0.5843325141941451,4,"High-premium, high-tax low-hazard counties"
19095,Iowa County,IA,Iowa,,,0,"Transfer-reliant, temperature-variable severe-storm counties",0.9957710608930842,0.9916228724014017,4,"High-premium, high-tax low-hazard counties"
19097,Jackson County,IA,Iowa,,,6,Lower-wage tornado and storm-injury counties,0.9998857945542826,0.9997715998798887,7,High-risk inland-flood and storm-injury counties
19099,Jasper County,IA,Iowa,Micro,"Newton, IA",6,Lower-wage tornado and storm-injury counties,0.875965104652993,0.7524201397283777,7,High-risk inland-flood and storm-injury counties
19101,Jefferson County,IA,Iowa,Micro,"Fairfield, IA",0,"Transfer-reliant, temperature-variable severe-storm counties",0.9897787991164209,0.9807911961766794,4,"High-premium, high-tax low-hazard counties"
19103,Johnson County,IA,Iowa,Metro,"Iowa City, IA",6,Lower-wage tornado and storm-injury counties,0.9221003936631769,0.8442141075066655,7,High-risk inland-flood and storm-injury counties
19105,Jones County,IA,Iowa,Metro,"Cedar Rapids, IA",0,"Transfer-reliant, temperature-variable severe-storm counties",0.6245677288873266,0.2496753749099131,4,"High-premium, high-tax low-hazard counties"
19107,Keokuk County,IA,Iowa,,,6,Lower-wage tornado and storm-injury counties,0.9984077462008242,0.9968154925696943,7,High-risk inland-flood and storm-injury counties
19109,Kossuth County,IA,Iowa,,,4,"High-premium, high-tax low-hazard counties",0.9986946537783029,0.9975571539257864,7,High-risk inland-flood and storm-injury counties
19111,Lee County,IA,Iowa,Micro,"Fort Madison-Keokuk, IA-IL-MO",0,"Transfer-reliant, temperature-variable severe-storm counties",0.999616681428578,0.9992955724396879,4,"High-premium, high-tax low-hazard counties"
19113,Linn County,IA,Iowa,Metro,"Cedar Rapids, IA",2,Lower-tax severe-storm casualty counties,0.8978119662420565,0.7956239800252106,7,High-risk inland-flood and storm-injury counties
19115,Louisa County,IA,Iowa,,,0,"Transfer-reliant, temperature-variable severe-storm counties",0.913522865190095,0.8278073870680969,4,"High-premium, high-tax low-hazard counties"
19117,Lucas County,IA,Iowa,,,2,Lower-tax severe-storm casualty counties,0.9804192398413715,0.9608386782691127,7,High-risk inland-flood and storm-injury counties
19119,Lyon County,IA,Iowa,,,4,"High-premium, high-tax low-hazard counties",0.9988044839978049,0.9976137228312995,7,High-risk inland-flood and storm-injury counties
19121,Madison County,IA,Iowa,Metro,"Des Moines-West Des Moines, IA",2,Lower-tax severe-storm casualty counties,0.809477577080802,0.6189551551540002,7,High-risk inland-flood and storm-injury counties
19123,Mahaska County,IA,Iowa,Micro,"Oskaloosa, IA",4,"High-premium, high-tax low-hazard counties",0.9749952783635238,0.9598504780175742,0,"Transfer-reliant, temperature-variable severe-storm counties"
19125,Marion County,IA,Iowa,,,6,Lower-wage tornado and storm-injury counties,0.5141306358204342,0.02826133069732545,7,High-risk inland-flood and storm-injury counties
19127,Marshall County,IA,Iowa,Micro,"Marshalltown, IA",6,Lower-wage tornado and storm-injury counties,0.7561450472080509,0.5123224751525437,7,High-risk inland-flood and storm-injury counties
19129,Mills County,IA,Iowa,Metro,"Omaha-Council Bluffs, NE-IA",4,"High-premium, high-tax low-hazard counties",0.7081067183873052,0.41851194550450044,0,"Transfer-reliant, temperature-variable severe-storm counties"
19131,Mitchell County,IA,Iowa,,,4,"High-premium, high-tax low-hazard counties",0.998923024309746,0.998251783849679,0,"Transfer-reliant, temperature-variable severe-storm counties"
19133,Monona County,IA,Iowa,,,4,"High-premium, high-tax low-hazard counties",0.9855049489341762,0.9711093132396127,0,"Transfer-reliant, temperature-variable severe-storm counties"
19135,Monroe County,IA,Iowa,,,4,"High-premium, high-tax low-hazard counties",0.9748263036568674,0.950365531647799,0,"Transfer-reliant, temperature-variable severe-storm counties"
19137,Montgomery County,IA,Iowa,,,4,"High-premium, high-tax low-hazard counties",0.9982499266557255,0.9968030159853896,0,"Transfer-reliant, temperature-variable severe-storm counties"
19139,Muscatine County,IA,Iowa,Micro,"Muscatine, IA",2,Lower-tax severe-storm casualty counties,0.9990556749261281,0.9981114127862185,7,High-risk inland-flood and storm-injury counties
19141,Obrien County,IA,Iowa,,,4,"High-premium, high-tax low-hazard counties",0.853789403836432,0.7086732966492322,0,"Transfer-reliant, temperature-variable severe-storm counties"
19143,Osceola County,IA,Iowa,,,4,"High-premium, high-tax low-hazard counties",0.9955188356774085,0.9914723679696537,0,"Transfer-reliant, temperature-variable severe-storm counties"
19145,Page County,IA,Iowa,,,5,Cold-region severe-storm casualty counties,0.988282176530235,0.9765643532438186,7,High-risk inland-flood and storm-injury counties
19147,Palo Alto County,IA,Iowa,,,4,"High-premium, high-tax low-hazard counties",0.999430189078126,0.9989933343323641,0,"Transfer-reliant, temperature-variable severe-storm counties"
19149,Plymouth County,IA,Iowa,Metro,"Sioux City, IA-NE-SD",4,"High-premium, high-tax low-hazard counties",0.9972662328896689,0.9956264459437892,0,"Transfer-reliant, temperature-variable severe-storm counties"
19151,Pocahontas County,IA,Iowa,,,6,Lower-wage tornado and storm-injury counties,0.8069482501942141,0.613903274129662,7,High-risk inland-flood and storm-injury counties
19153,Polk County,IA,Iowa,Metro,"Des Moines-West Des Moines, IA",7,High-risk inland-flood and storm-injury counties,0.9997680831175882,0.9995361848375406,2,Lower-tax severe-storm casualty counties
19155,Pottawattamie County,IA,Iowa,Metro,"Omaha-Council Bluffs, NE-IA",2,Lower-tax severe-storm casualty counties,0.9808445371879841,0.9616890951921963,7,High-risk inland-flood and storm-injury counties
19157,Poweshiek County,IA,Iowa,,,2,Lower-tax severe-storm casualty counties,0.9920532470166599,0.9841066640066777,7,High-risk inland-flood and storm-injury counties
19159,Ringgold County,IA,Iowa,,,4,"High-premium, high-tax low-hazard counties",0.9209846459412651,0.843890687281898,0,"Transfer-reliant, temperature-variable severe-storm counties"
19161,Sac County,IA,Iowa,,,4,"High-premium, high-tax low-hazard counties",0.9996210294090042,0.9993557260633885,0,"Transfer-reliant, temperature-variable severe-storm counties"
19163,Scott County,IA,Iowa,Metro,"Davenport-Moline-Rock Island, IA-IL",7,High-risk inland-flood and storm-injury counties,0.9939823255242665,0.9906446773284122,1,High-tax northern housing-market storm-risk counties
19165,Shelby County,IA,Iowa,,,4,"High-premium, high-tax low-hazard counties",0.9990875226436169,0.998260275867866,7,High-risk inland-flood and storm-injury counties
19167,Sioux County,IA,Iowa,,,5,Cold-region severe-storm casualty counties,0.8854499373240551,0.7708998818045044,7,High-risk inland-flood and storm-injury counties
19169,Story County,IA,Iowa,Metro,"Ames, IA",7,High-risk inland-flood and storm-injury counties,0.9808257276449942,0.9617256039368051,6,Lower-wage tornado and storm-injury counties
19171,Tama County,IA,Iowa,,,4,"High-premium, high-tax low-hazard counties",0.9869912347414502,0.9788572556516424,7,High-risk inland-flood and storm-injury counties
19173,Taylor County,IA,Iowa,,,6,Lower-wage tornado and storm-injury counties,0.9783400966229471,0.9566802184290284,7,High-risk inland-flood and storm-injury counties
19175,Union County,IA,Iowa,,,4,"High-premium, high-tax low-hazard counties",0.7586254441864225,0.5207864796590591,0,"Transfer-reliant, temperature-variable severe-storm counties"
19177,Van Buren County,IA,Iowa,,,0,"Transfer-reliant, temperature-variable severe-storm counties",0.8976297130312918,0.8019351695703884,4,"High-premium, high-tax low-hazard counties"
19179,Wapello County,IA,Iowa,Micro,"Ottumwa, IA",6,Lower-wage tornado and storm-injury counties,0.9345723694933843,0.8691610779973042,7,High-risk inland-flood and storm-injury counties
19181,Warren County,IA,Iowa,Metro,"Des Moines-West Des Moines, IA",7,High-risk inland-flood and storm-injury counties,0.968983650558843,0.9379802299245635,4,"High-premium, high-tax low-hazard counties"
19183,Washington County,IA,Iowa,Metro,"Iowa City, IA",0,"Transfer-reliant, temperature-variable severe-storm counties",0.9847014302343435,0.9696418662833246,4,"High-premium, high-tax low-hazard counties"
19185,Wayne County,IA,Iowa,,,4,"High-premium, high-tax low-hazard counties",0.9642981690324475,0.9298011520213988,0,"Transfer-reliant, temperature-variable severe-storm counties"
19187,Webster County,IA,Iowa,Micro,"Fort Dodge, IA",4,"High-premium, high-tax low-hazard counties",0.9432312693624024,0.887017779145726,7,High-risk inland-flood and storm-injury counties
19189,Winnebago County,IA,Iowa,,,4,"High-premium, high-tax low-hazard counties",0.9981524881654876,0.9964014822637505,0,"Transfer-reliant, temperature-variable severe-storm counties"
19191,Winneshiek County,IA,Iowa,,,0,"Transfer-reliant, temperature-variable severe-storm counties",0.9611968657815584,0.9234545757283539,4,"High-premium, high-tax low-hazard counties"
19193,Woodbury County,IA,Iowa,Metro,"Sioux City, IA-NE-SD",7,High-risk inland-flood and storm-injury counties,0.9404467005213659,0.8810754337623478,4,"High-premium, high-tax low-hazard counties"
19195,Worth County,IA,Iowa,Micro,"Mason City, IA",4,"High-premium, high-tax low-hazard counties",0.9899451103972706,0.9813201342783251,0,"Transfer-reliant, temperature-variable severe-storm counties"
19197,Wright County,IA,Iowa,,,4,"High-premium, high-tax low-hazard counties",0.8416508555481189,0.6855848664345289,0,"Transfer-reliant, temperature-variable severe-storm counties"
20001,Allen County,KS,Kansas,,,6,Lower-wage tornado and storm-injury counties,0.9995116788869727,0.9990233986414527,7,High-risk inland-flood and storm-injury counties
20003,Anderson County,KS,Kansas,,,6,Lower-wage tornado and storm-injury counties,0.9992595216171907,0.9985190807557556,7,High-risk inland-flood and storm-injury counties
20005,Atchison County,KS,Kansas,Micro,"Atchison, KS",0,"Transfer-reliant, temperature-variable severe-storm counties",0.9458884858558068,0.8923264535091169,4,"High-premium, high-tax low-hazard counties"
20007,Barber County,KS,Kansas,,,6,Lower-wage tornado and storm-injury counties,0.9785229191101305,0.9570458921088086,7,High-risk inland-flood and storm-injury counties
20009,Barton County,KS,Kansas,Micro,"Great Bend, KS",6,Lower-wage tornado and storm-injury counties,0.9965089719170758,0.993025358023871,7,High-risk inland-flood and storm-injury counties
20011,Bourbon County,KS,Kansas,,,0,"Transfer-reliant, temperature-variable severe-storm counties",0.7952166842733869,0.6008587784243535,4,"High-premium, high-tax low-hazard counties"
20013,Brown County,KS,Kansas,,,0,"Transfer-reliant, temperature-variable severe-storm counties",0.4995980686512419,0.00834047152768791,3,Older wildfire and mountain-hazard housing-market counties
20015,Butler County,KS,Kansas,Metro,"Wichita, KS",2,Lower-tax severe-storm casualty counties,0.9603510478103916,0.9207021022585355,7,High-risk inland-flood and storm-injury counties
20017,Chase County,KS,Kansas,,,6,Lower-wage tornado and storm-injury counties,0.9993284647740829,0.9986569295687195,7,High-risk inland-flood and storm-injury counties
20019,Chautauqua County,KS,Kansas,,,0,"Transfer-reliant, temperature-variable severe-storm counties",0.9431031758252584,0.8969669555437141,3,Older wildfire and mountain-hazard housing-market counties
20021,Cherokee County,KS,Kansas,,,0,"Transfer-reliant, temperature-variable severe-storm counties",0.9932344100906767,0.9870447850403795,4,"High-premium, high-tax low-hazard counties"
20023,Cheyenne County,KS,Kansas,,,0,"Transfer-reliant, temperature-variable severe-storm counties",0.7506094163804055,0.5248035652604668,4,"High-premium, high-tax low-hazard counties"
20025,Clark County,KS,Kansas,,,0,"Transfer-reliant, temperature-variable severe-storm counties",0.6436481784957844,0.3898117421001494,4,"High-premium, high-tax low-hazard counties"
20027,Clay County,KS,Kansas,,,4,"High-premium, high-tax low-hazard counties",0.7880383033376102,0.5865859455048383,0,"Transfer-reliant, temperature-variable severe-storm counties"
20029,Cloud County,KS,Kansas,,,0,"Transfer-reliant, temperature-variable severe-storm counties",0.9874803897811207,0.9769157542066683,4,"High-premium, high-tax low-hazard counties"
20031,Coffey County,KS,Kansas,,,0,"Transfer-reliant, temperature-variable severe-storm counties",0.9662378602017612,0.933260155385237,4,"High-premium, high-tax low-hazard counties"
20033,Comanche County,KS,Kansas,,,4,"High-premium, high-tax low-hazard counties",0.4038664751176476,0.041279144209092566,7,High-risk inland-flood and storm-injury counties
20035,Cowley County,KS,Kansas,Micro,"Arkansas City-Winfield, KS",6,Lower-wage tornado and storm-injury counties,0.9941956061974988,0.988396963364848,7,High-risk inland-flood and storm-injury counties
20037,Crawford County,KS,Kansas,Micro,"Pittsburg, KS",6,Lower-wage tornado and storm-injury counties,0.9943517446081912,0.9887274173664553,7,High-risk inland-flood and storm-injury counties
20039,Decatur County,KS,Kansas,,,0,"Transfer-reliant, temperature-variable severe-storm counties",0.7529423792992576,0.5343339925733281,3,Older wildfire and mountain-hazard housing-market counties
20041,Dickinson County,KS,Kansas,,,6,Lower-wage tornado and storm-injury counties,0.9971384186077737,0.9942768375619451,7,High-risk inland-flood and storm-injury counties
20043,Doniphan County,KS,Kansas,Metro,"St. Joseph, MO-KS",0,"Transfer-reliant, temperature-variable severe-storm counties",0.990828015908562,0.9834661403120928,3,Older wildfire and mountain-hazard housing-market counties
20045,Douglas County,KS,Kansas,Metro,"Lawrence, KS",6,Lower-wage tornado and storm-injury counties,0.9947524071581111,0.9895048509681207,7,High-risk inland-flood and storm-injury counties
20047,Edwards County,KS,Kansas,,,4,"High-premium, high-tax low-hazard counties",0.7705347716807988,0.5765018305478252,0,"Transfer-reliant, temperature-variable severe-storm counties"
20049,Elk County,KS,Kansas,,,0,"Transfer-reliant, temperature-variable severe-storm counties",0.9266199434851101,0.8757788605795362,3,Older wildfire and mountain-hazard housing-market counties
20051,Ellis County,KS,Kansas,Micro,"Hays, KS",4,"High-premium, high-tax low-hazard counties",0.9679549283342398,0.9399967501007381,7,High-risk inland-flood and storm-injury counties
20053,Ellsworth County,KS,Kansas,,,0,"Transfer-reliant, temperature-variable severe-storm counties",0.9724878735061175,0.9606257892604237,3,Older wildfire and mountain-hazard housing-market counties
20055,Finney County,KS,Kansas,Micro,"Garden City, KS",4,"High-premium, high-tax low-hazard counties",0.8272918589193403,0.6552554757989593,7,High-risk inland-flood and storm-injury counties
20057,Ford County,KS,Kansas,Micro,"Dodge City, KS",7,High-risk inland-flood and storm-injury counties,0.5082923861516102,0.01659233542232108,6,Lower-wage tornado and storm-injury counties
20059,Franklin County,KS,Kansas,Micro,"Ottawa, KS",0,"Transfer-reliant, temperature-variable severe-storm counties",0.9914686401416837,0.9833672823460707,4,"High-premium, high-tax low-hazard counties"
20061,Geary County,KS,Kansas,Micro,"Junction City, KS",7,High-risk inland-flood and storm-injury counties,0.6809492398532698,0.3618986512703245,6,Lower-wage tornado and storm-injury counties
20063,Gove County,KS,Kansas,,,6,Lower-wage tornado and storm-injury counties,0.9980159067794562,0.9960318816198505,7,High-risk inland-flood and storm-injury counties
20065,Graham County,KS,Kansas,,,0,"Transfer-reliant, temperature-variable severe-storm counties",0.9060925754698832,0.8216347794605867,4,"High-premium, high-tax low-hazard counties"
20067,Grant County,KS,Kansas,,,4,"High-premium, high-tax low-hazard counties",0.9916271497541506,0.9867505329423254,7,High-risk inland-flood and storm-injury counties
20069,Gray County,KS,Kansas,,,4,"High-premium, high-tax low-hazard counties",0.9719018487206671,0.9519511530802788,0,"Transfer-reliant, temperature-variable severe-storm counties"
20071,Greeley County,KS,Kansas,,,3,Older wildfire and mountain-hazard housing-market counties,0.7366689244803549,0.5313523643954995,0,"Transfer-reliant, temperature-variable severe-storm counties"
20073,Greenwood County,KS,Kansas,,,6,Lower-wage tornado and storm-injury counties,0.9996861613201774,0.9993723243948404,7,High-risk inland-flood and storm-injury counties
20075,Hamilton County,KS,Kansas,,,4,"High-premium, high-tax low-hazard counties",0.974595737940661,0.9496812328200909,7,High-risk inland-flood and storm-injury counties
20077,Harper County,KS,Kansas,,,0,"Transfer-reliant, temperature-variable severe-storm counties",0.9981491356950022,0.9973342057687011,7,High-risk inland-flood and storm-injury counties
20079,Harvey County,KS,Kansas,Metro,"Wichita, KS",6,Lower-wage tornado and storm-injury counties,0.9994412868644348,0.9988828432970391,7,High-risk inland-flood and storm-injury counties
20081,Haskell County,KS,Kansas,,,4,"High-premium, high-tax low-hazard counties",0.7650558670637752,0.5419927566024583,0,"Transfer-reliant, temperature-variable severe-storm counties"
20083,Hodgeman County,KS,Kansas,,,4,"High-premium, high-tax low-hazard counties",0.9433987494687801,0.91525114078616,7,High-risk inland-flood and storm-injury counties
20085,Jackson County,KS,Kansas,Metro,"Topeka, KS",0,"Transfer-reliant, temperature-variable severe-storm counties",0.8245587840107569,0.6786435296704987,4,"High-premium, high-tax low-hazard counties"
20087,Jefferson County,KS,Kansas,Metro,"Topeka, KS",6,Lower-wage tornado and storm-injury counties,0.9975563806110499,0.9951127619585541,7,High-risk inland-flood and storm-injury counties
20089,Jewell County,KS,Kansas,,,6,Lower-wage tornado and storm-injury counties,0.998729897715491,0.9974598981659312,7,High-risk inland-flood and storm-injury counties
20091,Johnson County,KS,Kansas,Metro,"Kansas City, MO-KS",7,High-risk inland-flood and storm-injury counties,0.9999776723560885,0.9999566106364096,4,"High-premium, high-tax low-hazard counties"
20093,Kearny County,KS,Kansas,Micro,"Garden City, KS",4,"High-premium, high-tax low-hazard counties",0.9736493012091809,0.9591935935763096,7,High-risk inland-flood and storm-injury counties
20095,Kingman County,KS,Kansas,Metro,"Wichita, KS",6,Lower-wage tornado and storm-injury counties,0.9988577629370813,0.9977155573970291,7,High-risk inland-flood and storm-injury counties
20097,Kiowa County,KS,Kansas,,,4,"High-premium, high-tax low-hazard counties",0.9937462562608336,0.9896953312133308,0,"Transfer-reliant, temperature-variable severe-storm counties"
20099,Labette County,KS,Kansas,Micro,"Parsons, KS",0,"Transfer-reliant, temperature-variable severe-storm counties",0.5550584283072618,0.13899581664226673,4,"High-premium, high-tax low-hazard counties"
20101,Lane County,KS,Kansas,,,6,Lower-wage tornado and storm-injury counties,0.9520443471228965,0.9040887004097963,7,High-risk inland-flood and storm-injury counties
20103,Leavenworth County,KS,Kansas,Metro,"Kansas City, MO-KS",0,"Transfer-reliant, temperature-variable severe-storm counties",0.8039844705275686,0.6297163508354048,7,High-risk inland-flood and storm-injury counties
20105,Lincoln County,KS,Kansas,,,6,Lower-wage tornado and storm-injury counties,0.99902615567638,0.9980523163304342,7,High-risk inland-flood and storm-injury counties
20107,Linn County,KS,Kansas,Metro,"Kansas City, MO-KS",0,"Transfer-reliant, temperature-variable severe-storm counties",0.9983748773417707,0.9968627779254422,3,Older wildfire and mountain-hazard housing-market counties
20109,Logan County,KS,Kansas,,,0,"Transfer-reliant, temperature-variable severe-storm counties",0.9866016366670295,0.9766730746008556,4,"High-premium, high-tax low-hazard counties"
20111,Lyon County,KS,Kansas,Micro,"Emporia, KS",5,Cold-region severe-storm casualty counties,0.9926997395640903,0.985399480232939,7,High-risk inland-flood and storm-injury counties
20113,McPherson County,KS,Kansas,Micro,"McPherson, KS",4,"High-premium, high-tax low-hazard counties",0.9587937232599177,0.9301275651664007,0,"Transfer-reliant, temperature-variable severe-storm counties"
20115,Marion County,KS,Kansas,,,4,"High-premium, high-tax low-hazard counties",0.9696167958049855,0.9412114815918768,0,"Transfer-reliant, temperature-variable severe-storm counties"
20117,Marshall County,KS,Kansas,,,0,"Transfer-reliant, temperature-variable severe-storm counties",0.8484353134884616,0.7180748873278373,3,Older wildfire and mountain-hazard housing-market counties
20119,Meade County,KS,Kansas,,,4,"High-premium, high-tax low-hazard counties",0.8447102319362619,0.7082990205837807,0,"Transfer-reliant, temperature-variable severe-storm counties"
20121,Miami County,KS,Kansas,Metro,"Kansas City, MO-KS",2,Lower-tax severe-storm casualty counties,0.9881954372909864,0.9763909064037725,7,High-risk inland-flood and storm-injury counties
20123,Mitchell County,KS,Kansas,,,4,"High-premium, high-tax low-hazard counties",0.6769966348874791,0.3542815733561142,0,"Transfer-reliant, temperature-variable severe-storm counties"
20125,Montgomery County,KS,Kansas,Micro,"Coffeyville, KS",5,Cold-region severe-storm casualty counties,0.9499594236658473,0.8999277382691289,7,High-risk inland-flood and storm-injury counties
20127,Morris County,KS,Kansas,,,0,"Transfer-reliant, temperature-variable severe-storm counties",0.6724610905276771,0.4523971516145523,3,Older wildfire and mountain-hazard housing-market counties
20129,Morton County,KS,Kansas,,,4,"High-premium, high-tax low-hazard counties",0.7143327750420054,0.5328570991940544,0,"Transfer-reliant, temperature-variable severe-storm counties"
20131,Nemaha County,KS,Kansas,,,0,"Transfer-reliant, temperature-variable severe-storm counties",0.5024422982462071,0.02345845920044265,3,Older wildfire and mountain-hazard housing-market counties
20133,Neosho County,KS,Kansas,,,5,Cold-region severe-storm casualty counties,0.9997518118343264,0.9995036511021573,7,High-risk inland-flood and storm-injury counties
20135,Ness County,KS,Kansas,,,4,"High-premium, high-tax low-hazard counties",0.9791289345064744,0.9615223018645891,7,High-risk inland-flood and storm-injury counties
20137,Norton County,KS,Kansas,,,2,Lower-tax severe-storm casualty counties,0.9775369861549347,0.9550758314979801,7,High-risk inland-flood and storm-injury counties
20139,Osage County,KS,Kansas,Metro,"Topeka, KS",0,"Transfer-reliant, temperature-variable severe-storm counties",0.8144932510244377,0.6297781894653558,4,"High-premium, high-tax low-hazard counties"
20141,Osborne County,KS,Kansas,,,4,"High-premium, high-tax low-hazard counties",0.9260744322144033,0.8554247833436497,0,"Transfer-reliant, temperature-variable severe-storm counties"
20143,Ottawa County,KS,Kansas,Micro,"Salina, KS",6,Lower-wage tornado and storm-injury counties,0.9949794434364418,0.9899588899945422,7,High-risk inland-flood and storm-injury counties
20145,Pawnee County,KS,Kansas,,,4,"High-premium, high-tax low-hazard counties",0.9896662311424624,0.9806862283510752,0,"Transfer-reliant, temperature-variable severe-storm counties"
20147,Phillips County,KS,Kansas,,,4,"High-premium, high-tax low-hazard counties",0.7217459710644843,0.4443430817569971,0,"Transfer-reliant, temperature-variable severe-storm counties"
20149,Pottawatomie County,KS,Kansas,Metro,"Manhattan, KS",0,"Transfer-reliant, temperature-variable severe-storm counties",0.9339387707973744,0.8694435298710127,4,"High-premium, high-tax low-hazard counties"
20151,Pratt County,KS,Kansas,,,4,"High-premium, high-tax low-hazard counties",0.9473263191504012,0.9013801659704618,0,"Transfer-reliant, temperature-variable severe-storm counties"
20153,Rawlins County,KS,Kansas,,,4,"High-premium, high-tax low-hazard counties",0.5489382144407681,0.10496820365986032,0,"Transfer-reliant, temperature-variable severe-storm counties"
20155,Reno County,KS,Kansas,Micro,"Hutchinson, KS",2,Lower-tax severe-storm casualty counties,0.9876364447226268,0.9752728908556749,7,High-risk inland-flood and storm-injury counties
20157,Republic County,KS,Kansas,,,6,Lower-wage tornado and storm-injury counties,0.9872042040937401,0.9744084082852725,7,High-risk inland-flood and storm-injury counties
20159,Rice County,KS,Kansas,,,4,"High-premium, high-tax low-hazard counties",0.7305836102547958,0.4616286900586623,0,"Transfer-reliant, temperature-variable severe-storm counties"
20161,Riley County,KS,Kansas,Metro,"Manhattan, KS",6,Lower-wage tornado and storm-injury counties,0.9976175078587879,0.9952350668054109,7,High-risk inland-flood and storm-injury counties
20163,Rooks County,KS,Kansas,,,4,"High-premium, high-tax low-hazard counties",0.5699162062644494,0.14128010566677185,0,"Transfer-reliant, temperature-variable severe-storm counties"
20165,Rush County,KS,Kansas,,,4,"High-premium, high-tax low-hazard counties",0.9849017452751665,0.9784547759554737,3,Older wildfire and mountain-hazard housing-market counties
20167,Russell County,KS,Kansas,,,2,Lower-tax severe-storm casualty counties,0.9723813047732272,0.9447710195347843,7,High-risk inland-flood and storm-injury counties
20169,Saline County,KS,Kansas,Micro,"Salina, KS",4,"High-premium, high-tax low-hazard counties",0.7126797724881342,0.42594151613519754,7,High-risk inland-flood and storm-injury counties
20171,Scott County,KS,Kansas,,,2,Lower-tax severe-storm casualty counties,0.9940725741347411,0.9881576688328343,7,High-risk inland-flood and storm-injury counties
20173,Sedgwick County,KS,Kansas,Metro,"Wichita, KS",7,High-risk inland-flood and storm-injury counties,0.9949182548902704,0.989836659108834,2,Lower-tax severe-storm casualty counties
20175,Seward County,KS,Kansas,Micro,"Liberal, KS",4,"High-premium, high-tax low-hazard counties",0.9754028469816102,0.9510793019620497,7,High-risk inland-flood and storm-injury counties
20177,Shawnee County,KS,Kansas,Metro,"Topeka, KS",4,"High-premium, high-tax low-hazard counties",0.6035371400757444,0.28862746025819025,0,"Transfer-reliant, temperature-variable severe-storm counties"
20179,Sheridan County,KS,Kansas,,,0,"Transfer-reliant, temperature-variable severe-storm counties",0.7550367407096696,0.5411092495217781,4,"High-premium, high-tax low-hazard counties"
20181,Sherman County,KS,Kansas,,,6,Lower-wage tornado and storm-injury counties,0.9842088766044659,0.9684177535267573,7,High-risk inland-flood and storm-injury counties
20183,Smith County,KS,Kansas,,,4,"High-premium, high-tax low-hazard counties",0.838288459176947,0.676764979528907,0,"Transfer-reliant, temperature-variable severe-storm counties"
20185,Stafford County,KS,Kansas,,,4,"High-premium, high-tax low-hazard counties",0.9956569528104717,0.9925938175538866,3,Older wildfire and mountain-hazard housing-market counties
20187,Stanton County,KS,Kansas,,,4,"High-premium, high-tax low-hazard counties",0.996973518290537,0.9939527190053008,7,High-risk inland-flood and storm-injury counties
20189,Stevens County,KS,Kansas,,,4,"High-premium, high-tax low-hazard counties",0.996838037739882,0.9949340825834032,0,"Transfer-reliant, temperature-variable severe-storm counties"
20191,Sumner County,KS,Kansas,Metro,"Wichita, KS",6,Lower-wage tornado and storm-injury counties,0.9997003356734953,0.999400880240755,7,High-risk inland-flood and storm-injury counties
20193,Thomas County,KS,Kansas,,,4,"High-premium, high-tax low-hazard counties",0.9895883578256536,0.979885562337799,0,"Transfer-reliant, temperature-variable severe-storm counties"
20195,Trego County,KS,Kansas,,,4,"High-premium, high-tax low-hazard counties",0.760842514793779,0.5323374238655658,3,Older wildfire and mountain-hazard housing-market counties
20197,Wabaunsee County,KS,Kansas,Metro,"Topeka, KS",6,Lower-wage tornado and storm-injury counties,0.9949315915278011,0.9898631842786735,7,High-risk inland-flood and storm-injury counties
20199,Wallace County,KS,Kansas,,,4,"High-premium, high-tax low-hazard counties",0.9955454383997835,0.992062641733125,0,"Transfer-reliant, temperature-variable severe-storm counties"
20201,Washington County,KS,Kansas,,,4,"High-premium, high-tax low-hazard counties",0.8768318643436178,0.8100635824806958,3,Older wildfire and mountain-hazard housing-market counties
20203,Wichita County,KS,Kansas,,,6,Lower-wage tornado and storm-injury counties,0.9629027055456454,0.9258054181046441,7,High-risk inland-flood and storm-injury counties
20205,Wilson County,KS,Kansas,,,4,"High-premium, high-tax low-hazard counties",0.8700544187966652,0.7407351526339406,0,"Transfer-reliant, temperature-variable severe-storm counties"
20207,Woodson County,KS,Kansas,,,4,"High-premium, high-tax low-hazard counties",0.5775880549395135,0.34201862732737204,0,"Transfer-reliant, temperature-variable severe-storm counties"
20209,Wyandotte County,KS,Kansas,Metro,"Kansas City, MO-KS",4,"High-premium, high-tax low-hazard counties",0.5942585694962637,0.35184516142672595,0,"Transfer-reliant, temperature-variable severe-storm counties"
21001,Adair County,KY,Kentucky,,,0,"Transfer-reliant, temperature-variable severe-storm counties",0.9919454360372046,0.9865209257620191,7,High-risk inland-flood and storm-injury counties
21003,Allen County,KY,Kentucky,Metro,"Bowling Green, KY",5,Cold-region severe-storm casualty counties,0.9821076947412914,0.9642153977414587,7,High-risk inland-flood and storm-injury counties
21005,Anderson County,KY,Kentucky,Micro,"Frankfort, KY",0,"Transfer-reliant, temperature-variable severe-storm counties",0.9006132089812579,0.8264043195946844,7,High-risk inland-flood and storm-injury counties
21007,Ballard County,KY,Kentucky,Micro,"Paducah, KY-IL",7,High-risk inland-flood and storm-injury counties,0.972192761030983,0.9521269381593824,0,"Transfer-reliant, temperature-variable severe-storm counties"
21009,Barren County,KY,Kentucky,Micro,"Glasgow, KY",6,Lower-wage tornado and storm-injury counties,0.9789259623689823,0.9578519424798068,7,High-risk inland-flood and storm-injury counties
21011,Bath County,KY,Kentucky,Micro,"Mount Sterling, KY",5,Cold-region severe-storm casualty counties,0.9918496006025815,0.983699228798085,7,High-risk inland-flood and storm-injury counties
21013,Bell County,KY,Kentucky,Micro,"Middlesborough, KY",0,"Transfer-reliant, temperature-variable severe-storm counties",0.929344401609957,0.8837573864672653,3,Older wildfire and mountain-hazard housing-market counties
21015,Boone County,KY,Kentucky,Metro,"Cincinnati, OH-KY-IN",6,Lower-wage tornado and storm-injury counties,0.8316708810709098,0.6634176204657283,7,High-risk inland-flood and storm-injury counties
21017,Bourbon County,KY,Kentucky,Metro,"Lexington-Fayette, KY",5,Cold-region severe-storm casualty counties,0.6975743369709244,0.39514869137375774,7,High-risk inland-flood and storm-injury counties
21019,Boyd County,KY,Kentucky,Metro,"Huntington-Ashland, WV-KY-OH",0,"Transfer-reliant, temperature-variable severe-storm counties",0.9916822299724364,0.9833696809817467,7,High-risk inland-flood and storm-injury counties
21021,Boyle County,KY,Kentucky,Micro,"Danville, KY",0,"Transfer-reliant, temperature-variable severe-storm counties",0.5542705249612938,0.10907638940446002,7,High-risk inland-flood and storm-injury counties
21023,Bracken County,KY,Kentucky,Metro,"Cincinnati, OH-KY-IN",5,Cold-region severe-storm casualty counties,0.9916351218987082,0.9832702775439415,7,High-risk inland-flood and storm-injury counties
21025,Breathitt County,KY,Kentucky,,,5,Cold-region severe-storm casualty counties,0.990038880998317,0.9801077458532762,7,High-risk inland-flood and storm-injury counties
21027,Breckinridge County,KY,Kentucky,,,7,High-risk inland-flood and storm-injury counties,0.9679688613683691,0.935937722737501,6,Lower-wage tornado and storm-injury counties
21029,Bullitt County,KY,Kentucky,Metro,"Louisville/Jefferson County, KY-IN",7,High-risk inland-flood and storm-injury counties,0.9982658111419904,0.9965316224053239,2,Lower-tax severe-storm casualty counties
21031,Butler County,KY,Kentucky,Metro,"Bowling Green, KY",0,"Transfer-reliant, temperature-variable severe-storm counties",0.8815368242695185,0.8019266307998988,3,Older wildfire and mountain-hazard housing-market counties
21033,Caldwell County,KY,Kentucky,,,2,Lower-tax severe-storm casualty counties,0.8145826847553047,0.6291661963801262,7,High-risk inland-flood and storm-injury counties
21035,Calloway County,KY,Kentucky,Micro,"Murray, KY",7,High-risk inland-flood and storm-injury counties,0.6459207642699063,0.2918415300481163,2,Lower-tax severe-storm casualty counties
21037,Campbell County,KY,Kentucky,Metro,"Cincinnati, OH-KY-IN",5,Cold-region severe-storm casualty counties,0.9869809330969684,0.9739672602819113,7,High-risk inland-flood and storm-injury counties
21039,Carlisle County,KY,Kentucky,,,5,Cold-region severe-storm casualty counties,0.9980633562557449,0.9961267207003467,7,High-risk inland-flood and storm-injury counties
21041,Carroll County,KY,Kentucky,,,0,"Transfer-reliant, temperature-variable severe-storm counties",0.8952962887884593,0.8058233015056845,3,Older wildfire and mountain-hazard housing-market counties
21043,Carter County,KY,Kentucky,,,0,"Transfer-reliant, temperature-variable severe-storm counties",0.9986962309185528,0.9979610373339844,7,High-risk inland-flood and storm-injury counties
21045,Casey County,KY,Kentucky,,,5,Cold-region severe-storm casualty counties,0.9951780559910453,0.9903589028808392,7,High-risk inland-flood and storm-injury counties
21047,Christian County,KY,Kentucky,Metro,"Clarksville, TN-KY",2,Lower-tax severe-storm casualty counties,0.5300593383601003,0.06011875741535855,7,High-risk inland-flood and storm-injury counties
21049,Clark County,KY,Kentucky,Metro,"Lexington-Fayette, KY",0,"Transfer-reliant, temperature-variable severe-storm counties",0.9992982351041013,0.9986971674196269,7,High-risk inland-flood and storm-injury counties
21051,Clay County,KY,Kentucky,,,7,High-risk inland-flood and storm-injury counties,0.8838815640369272,0.7677641972232533,2,Lower-tax severe-storm casualty counties
21053,Clinton County,KY,Kentucky,,,0,"Transfer-reliant, temperature-variable severe-storm counties",0.7448701799118577,0.49852214945413065,3,Older wildfire and mountain-hazard housing-market counties
21055,Crittenden County,KY,Kentucky,,,0,"Transfer-reliant, temperature-variable severe-storm counties",0.9847594612282258,0.9706126000160835,3,Older wildfire and mountain-hazard housing-market counties
21057,Cumberland County,KY,Kentucky,,,3,Older wildfire and mountain-hazard housing-market counties,0.5975367965635041,0.2831119273117935,0,"Transfer-reliant, temperature-variable severe-storm counties"
21059,Daviess County,KY,Kentucky,Metro,"Owensboro, KY",5,Cold-region severe-storm casualty counties,0.5507653149665896,0.10153113035873973,7,High-risk inland-flood and storm-injury counties
21061,Edmonson County,KY,Kentucky,Metro,"Bowling Green, KY",2,Lower-tax severe-storm casualty counties,0.5255208928936196,0.05104216265323458,7,High-risk inland-flood and storm-injury counties
21063,Elliott County,KY,Kentucky,,,3,Older wildfire and mountain-hazard housing-market counties,0.9647300968774847,0.9404722656458229,0,"Transfer-reliant, temperature-variable severe-storm counties"
21065,Estill County,KY,Kentucky,,,2,Lower-tax severe-storm casualty counties,0.722397330323065,0.4447996651636152,7,High-risk inland-flood and storm-injury counties
21067,Fayette County,KY,Kentucky,Metro,"Lexington-Fayette, KY",7,High-risk inland-flood and storm-injury counties,0.8931725567485783,0.786345174505376,6,Lower-wage tornado and storm-injury counties
21069,Fleming County,KY,Kentucky,,,7,High-risk inland-flood and storm-injury counties,0.9977171569876956,0.995434313975518,6,Lower-wage tornado and storm-injury counties
21071,Floyd County,KY,Kentucky,,,7,High-risk inland-flood and storm-injury counties,0.9993071630176386,0.9986143443181816,2,Lower-tax severe-storm casualty counties
21073,Franklin County,KY,Kentucky,Micro,"Frankfort, KY",5,Cold-region severe-storm casualty counties,0.9887961910995997,0.9775931017722612,7,High-risk inland-flood and storm-injury counties
21075,Fulton County,KY,Kentucky,Micro,"Union City, TN-KY",7,High-risk inland-flood and storm-injury counties,0.9479916675310384,0.8959833352647941,2,Lower-tax severe-storm casualty counties
21077,Gallatin County,KY,Kentucky,Metro,"Cincinnati, OH-KY-IN",7,High-risk inland-flood and storm-injury counties,0.9954448757446515,0.9908897514893639,6,Lower-wage tornado and storm-injury counties
21079,Garrard County,KY,Kentucky,,,0,"Transfer-reliant, temperature-variable severe-storm counties",0.9991947485805088,0.9984831040400612,7,High-risk inland-flood and storm-injury counties
21081,Grant County,KY,Kentucky,Metro,"Cincinnati, OH-KY-IN",6,Lower-wage tornado and storm-injury counties,0.9940433517852538,0.9880867047619791,7,High-risk inland-flood and storm-injury counties
21083,Graves County,KY,Kentucky,Micro,"Mayfield, KY",7,High-risk inland-flood and storm-injury counties,0.9616761990978893,0.9233523985564632,2,Lower-tax severe-storm casualty counties
21085,Grayson County,KY,Kentucky,,,6,Lower-wage tornado and storm-injury counties,0.9937858448225845,0.9875716900950111,7,High-risk inland-flood and storm-injury counties
21087,Green County,KY,Kentucky,,,3,Older wildfire and mountain-hazard housing-market counties,0.6379430912138294,0.27710083393447255,7,High-risk inland-flood and storm-injury counties
21089,Greenup County,KY,Kentucky,Metro,"Huntington-Ashland, WV-KY-OH",7,High-risk inland-flood and storm-injury counties,0.9925700222928584,0.9851400445890197,5,Cold-region severe-storm casualty counties
21091,Hancock County,KY,Kentucky,Metro,"Owensboro, KY",0,"Transfer-reliant, temperature-variable severe-storm counties",0.9971159454762909,0.9956717669845093,3,Older wildfire and mountain-hazard housing-market counties
21093,Hardin County,KY,Kentucky,Metro,"Elizabethtown-Fort Knox, KY",2,Lower-tax severe-storm casualty counties,0.764726973629971,0.5294540741770035,7,High-risk inland-flood and storm-injury counties
21095,Harlan County,KY,Kentucky,,,0,"Transfer-reliant, temperature-variable severe-storm counties",0.6612395785910377,0.34738312432702234,3,Older wildfire and mountain-hazard housing-market counties
21097,Harrison County,KY,Kentucky,,,6,Lower-wage tornado and storm-injury counties,0.9947954561190715,0.9895909127449127,7,High-risk inland-flood and storm-injury counties
21099,Hart County,KY,Kentucky,,,2,Lower-tax severe-storm casualty counties,0.9882399362824867,0.9764799811901621,7,High-risk inland-flood and storm-injury counties
21101,Henderson County,KY,Kentucky,Metro,"Evansville, IN-KY",2,Lower-tax severe-storm casualty counties,0.9096902651778128,0.819380537343435,7,High-risk inland-flood and storm-injury counties
21103,Henry County,KY,Kentucky,Metro,"Louisville/Jefferson County, KY-IN",6,Lower-wage tornado and storm-injury counties,0.9967089317170034,0.9934178776096171,7,High-risk inland-flood and storm-injury counties
21105,Hickman County,KY,Kentucky,,,6,Lower-wage tornado and storm-injury counties,0.9472709750767566,0.8945419501868646,7,High-risk inland-flood and storm-injury counties
21107,Hopkins County,KY,Kentucky,Micro,"Madisonville, KY",7,High-risk inland-flood and storm-injury counties,0.9998590246852191,0.9997180493704468,2,Lower-tax severe-storm casualty counties
21109,Jackson County,KY,Kentucky,,,3,Older wildfire and mountain-hazard housing-market counties,0.8353284453347048,0.6886248480937999,0,"Transfer-reliant, temperature-variable severe-storm counties"
21111,Jefferson County,KY,Kentucky,Metro,"Louisville/Jefferson County, KY-IN",7,High-risk inland-flood and storm-injury counties,0.9873237902819653,0.9746476213643208,2,Lower-tax severe-storm casualty counties
21113,Jessamine County,KY,Kentucky,Metro,"Lexington-Fayette, KY",7,High-risk inland-flood and storm-injury counties,0.9999993058993077,0.9999986118080085,3,Older wildfire and mountain-hazard housing-market counties
21115,Johnson County,KY,Kentucky,,,7,High-risk inland-flood and storm-injury counties,0.900963828882274,0.8019650472109608,2,Lower-tax severe-storm casualty counties
21117,Kenton County,KY,Kentucky,Metro,"Cincinnati, OH-KY-IN",0,"Transfer-reliant, temperature-variable severe-storm counties",0.738643616659113,0.47729100381832196,7,High-risk inland-flood and storm-injury counties
21119,Knott County,KY,Kentucky,,,7,High-risk inland-flood and storm-injury counties,0.997900094829559,0.995800189676814,5,Cold-region severe-storm casualty counties
21121,Knox County,KY,Kentucky,Micro,"London, KY",0,"Transfer-reliant, temperature-variable severe-storm counties",0.968977915124187,0.9385798156451679,7,High-risk inland-flood and storm-injury counties
21123,Larue County,KY,Kentucky,Metro,"Elizabethtown-Fort Knox, KY",6,Lower-wage tornado and storm-injury counties,0.9751369903369344,0.9502739808448512,7,High-risk inland-flood and storm-injury counties
21125,Laurel County,KY,Kentucky,Micro,"London, KY",7,High-risk inland-flood and storm-injury counties,0.9999996466089824,0.999999293257648,2,Lower-tax severe-storm casualty counties
21127,Lawrence County,KY,Kentucky,,,6,Lower-wage tornado and storm-injury counties,0.971111948493301,0.9422239468391189,7,High-risk inland-flood and storm-injury counties
21129,Lee County,KY,Kentucky,,,3,Older wildfire and mountain-hazard housing-market counties,0.932937925842764,0.8688033990070292,7,High-risk inland-flood and storm-injury counties
21131,Leslie County,KY,Kentucky,,,5,Cold-region severe-storm casualty counties,0.8233696700583852,0.6475688268834437,7,High-risk inland-flood and storm-injury counties
21133,Letcher County,KY,Kentucky,,,5,Cold-region severe-storm casualty counties,0.773026328361552,0.5464753553868364,7,High-risk inland-flood and storm-injury counties
21135,Lewis County,KY,Kentucky,,,7,High-risk inland-flood and storm-injury counties,0.6896811594195874,0.3793627810674102,3,Older wildfire and mountain-hazard housing-market counties
21137,Lincoln County,KY,Kentucky,Micro,"Danville, KY",0,"Transfer-reliant, temperature-variable severe-storm counties",0.9447776316319336,0.9042051760299599,7,High-risk inland-flood and storm-injury counties
21139,Livingston County,KY,Kentucky,Micro,"Paducah, KY-IL",0,"Transfer-reliant, temperature-variable severe-storm counties",0.9864373221569396,0.9750708095798872,7,High-risk inland-flood and storm-injury counties
21141,Logan County,KY,Kentucky,,,2,Lower-tax severe-storm casualty counties,0.9496751123092255,0.899350278830104,7,High-risk inland-flood and storm-injury counties
21143,Lyon County,KY,Kentucky,,,7,High-risk inland-flood and storm-injury counties,0.8830590042638445,0.7661180224163573,2,Lower-tax severe-storm casualty counties
21145,McCracken County,KY,Kentucky,Micro,"Paducah, KY-IL",7,High-risk inland-flood and storm-injury counties,0.6554958265960601,0.3109916535523512,2,Lower-tax severe-storm casualty counties
21147,McCreary County,KY,Kentucky,,,0,"Transfer-reliant, temperature-variable severe-storm counties",0.9466736980685954,0.8980574611031409,3,Older wildfire and mountain-hazard housing-market counties
21149,McLean County,KY,Kentucky,Metro,"Owensboro, KY",0,"Transfer-reliant, temperature-variable severe-storm counties",0.5024771098400275,0.034553290711777984,7,High-risk inland-flood and storm-injury counties
21151,Madison County,KY,Kentucky,Micro,"Richmond-Berea, KY",2,Lower-tax severe-storm casualty counties,0.8365798676096691,0.6732066989900255,7,High-risk inland-flood and storm-injury counties
21153,Magoffin County,KY,Kentucky,,,0,"Transfer-reliant, temperature-variable severe-storm counties",0.8369012149167823,0.7165751748945559,3,Older wildfire and mountain-hazard housing-market counties
21155,Marion County,KY,Kentucky,,,2,Lower-tax severe-storm casualty counties,0.8501674609890754,0.7003356185513866,7,High-risk inland-flood and storm-injury counties
21157,Marshall County,KY,Kentucky,,,2,Lower-tax severe-storm casualty counties,0.9791725879466571,0.958345176077871,7,High-risk inland-flood and storm-injury counties
21159,Martin County,KY,Kentucky,,,3,Older wildfire and mountain-hazard housing-market counties,0.973222301072899,0.9468335949886355,7,High-risk inland-flood and storm-injury counties
21161,Mason County,KY,Kentucky,Micro,"Maysville, KY",0,"Transfer-reliant, temperature-variable severe-storm counties",0.9970272874504539,0.9949137767766758,3,Older wildfire and mountain-hazard housing-market counties
21163,Meade County,KY,Kentucky,Metro,"Elizabethtown-Fort Knox, KY",6,Lower-wage tornado and storm-injury counties,0.9952193410939413,0.9904386826695706,7,High-risk inland-flood and storm-injury counties
21165,Menifee County,KY,Kentucky,Micro,"Mount Sterling, KY",3,Older wildfire and mountain-hazard housing-market counties,0.9732507543881531,0.946969658037069,7,High-risk inland-flood and storm-injury counties
21167,Mercer County,KY,Kentucky,,,7,High-risk inland-flood and storm-injury counties,0.9195451131894735,0.8390902264366149,5,Cold-region severe-storm casualty counties
21169,Metcalfe County,KY,Kentucky,Micro,"Glasgow, KY",0,"Transfer-reliant, temperature-variable severe-storm counties",0.9983288841611461,0.9970149298214216,3,Older wildfire and mountain-hazard housing-market counties
21171,Monroe County,KY,Kentucky,,,5,Cold-region severe-storm casualty counties,0.9630852457202825,0.9261706772449961,7,High-risk inland-flood and storm-injury counties
21173,Montgomery County,KY,Kentucky,Micro,"Mount Sterling, KY",0,"Transfer-reliant, temperature-variable severe-storm counties",0.6257254264814192,0.25163446444091603,7,High-risk inland-flood and storm-injury counties
21175,Morgan County,KY,Kentucky,,,0,"Transfer-reliant, temperature-variable severe-storm counties",0.9501782746137444,0.9028040745366025,3,Older wildfire and mountain-hazard housing-market counties
21177,Muhlenberg County,KY,Kentucky,,,2,Lower-tax severe-storm casualty counties,0.9993993535849283,0.9987987078913877,7,High-risk inland-flood and storm-injury counties
21179,Nelson County,KY,Kentucky,Micro,"Bardstown, KY",5,Cold-region severe-storm casualty counties,0.9960755657969836,0.9935349511782714,7,High-risk inland-flood and storm-injury counties
21181,Nicholas County,KY,Kentucky,,,5,Cold-region severe-storm casualty counties,0.9988743824804038,0.9977491351411766,7,High-risk inland-flood and storm-injury counties
21183,Ohio County,KY,Kentucky,,,2,Lower-tax severe-storm casualty counties,0.999767419376037,0.9995348661250812,7,High-risk inland-flood and storm-injury counties
21185,Oldham County,KY,Kentucky,Metro,"Louisville/Jefferson County, KY-IN",0,"Transfer-reliant, temperature-variable severe-storm counties",0.9947592506941909,0.9913580064158839,4,"High-premium, high-tax low-hazard counties"
21187,Owen County,KY,Kentucky,,,5,Cold-region severe-storm casualty counties,0.9985430521374671,0.9973883219489973,7,High-risk inland-flood and storm-injury counties
21189,Owsley County,KY,Kentucky,,,3,Older wildfire and mountain-hazard housing-market counties,0.9768146159990898,0.9685985969744049,0,"Transfer-reliant, temperature-variable severe-storm counties"
21191,Pendleton County,KY,Kentucky,Metro,"Cincinnati, OH-KY-IN",2,Lower-tax severe-storm casualty counties,0.9989434390295362,0.9978881169080435,7,High-risk inland-flood and storm-injury counties
21193,Perry County,KY,Kentucky,,,5,Cold-region severe-storm casualty counties,0.8263019940102927,0.669911340233226,7,High-risk inland-flood and storm-injury counties
21195,Pike County,KY,Kentucky,,,6,Lower-wage tornado and storm-injury counties,0.8868537197746531,0.7800840127571412,7,High-risk inland-flood and storm-injury counties
21197,Powell County,KY,Kentucky,,,2,Lower-tax severe-storm casualty counties,0.9181806549477238,0.8376480478695232,7,High-risk inland-flood and storm-injury counties
21199,Pulaski County,KY,Kentucky,Micro,"Somerset, KY",2,Lower-tax severe-storm casualty counties,0.9786391891439752,0.9573062324746591,7,High-risk inland-flood and storm-injury counties
21201,Robertson County,KY,Kentucky,,,3,Older wildfire and mountain-hazard housing-market counties,0.9925727301733175,0.988425915973026,0,"Transfer-reliant, temperature-variable severe-storm counties"
21203,Rockcastle County,KY,Kentucky,Micro,"Richmond-Berea, KY",3,Older wildfire and mountain-hazard housing-market counties,0.4597716596554052,0.11900690506360934,1,High-tax northern housing-market storm-risk counties
21205,Rowan County,KY,Kentucky,,,5,Cold-region severe-storm casualty counties,0.9987580101372667,0.9975928194782704,7,High-risk inland-flood and storm-injury counties
21207,Russell County,KY,Kentucky,,,0,"Transfer-reliant, temperature-variable severe-storm counties",0.9976713372073942,0.9967614352456129,4,"High-premium, high-tax low-hazard counties"
21209,Scott County,KY,Kentucky,Metro,"Lexington-Fayette, KY",2,Lower-tax severe-storm casualty counties,0.9992248977342753,0.998467364123237,7,High-risk inland-flood and storm-injury counties
21211,Shelby County,KY,Kentucky,Metro,"Louisville/Jefferson County, KY-IN",0,"Transfer-reliant, temperature-variable severe-storm counties",0.9991421751602549,0.9983224293919776,7,High-risk inland-flood and storm-injury counties
21213,Simpson County,KY,Kentucky,,,2,Lower-tax severe-storm casualty counties,0.9998345590264097,0.9996694352190307,7,High-risk inland-flood and storm-injury counties
21215,Spencer County,KY,Kentucky,Metro,"Louisville/Jefferson County, KY-IN",5,Cold-region severe-storm casualty counties,0.9857932944181812,0.9778152521319309,1,High-tax northern housing-market storm-risk counties
21217,Taylor County,KY,Kentucky,Micro,"Campbellsville, KY",2,Lower-tax severe-storm casualty counties,0.9991058829818561,0.9982126735673431,7,High-risk inland-flood and storm-injury counties
21219,Todd County,KY,Kentucky,,,6,Lower-wage tornado and storm-injury counties,0.9971234320337622,0.9942476848480638,7,High-risk inland-flood and storm-injury counties
21221,Trigg County,KY,Kentucky,Metro,"Clarksville, TN-KY",0,"Transfer-reliant, temperature-variable severe-storm counties",0.8075807797704393,0.6331723589346341,4,"High-premium, high-tax low-hazard counties"
21223,Trimble County,KY,Kentucky,Metro,"Louisville/Jefferson County, KY-IN",6,Lower-wage tornado and storm-injury counties,0.9995385626686663,0.9990771441525549,7,High-risk inland-flood and storm-injury counties
21225,Union County,KY,Kentucky,,,2,Lower-tax severe-storm casualty counties,0.9988632650482118,0.9977265405551319,7,High-risk inland-flood and storm-injury counties
21227,Warren County,KY,Kentucky,Metro,"Bowling Green, KY",2,Lower-tax severe-storm casualty counties,0.9964245392776446,0.9928491014013601,7,High-risk inland-flood and storm-injury counties
21229,Washington County,KY,Kentucky,,,2,Lower-tax severe-storm casualty counties,0.9994517051100401,0.9989034405148164,7,High-risk inland-flood and storm-injury counties
21231,Wayne County,KY,Kentucky,,,0,"Transfer-reliant, temperature-variable severe-storm counties",0.8920891641841658,0.7896552619970054,4,"High-premium, high-tax low-hazard counties"
21233,Webster County,KY,Kentucky,,,0,"Transfer-reliant, temperature-variable severe-storm counties",0.8579925112352652,0.7165536623408968,4,"High-premium, high-tax low-hazard counties"
21235,Whitley County,KY,Kentucky,Micro,"London, KY",5,Cold-region severe-storm casualty counties,0.9773133828307443,0.954641837211935,7,High-risk inland-flood and storm-injury counties
21237,Wolfe County,KY,Kentucky,,,3,Older wildfire and mountain-hazard housing-market counties,0.9913935823169562,0.9856516606776191,7,High-risk inland-flood and storm-injury counties
21239,Woodford County,KY,Kentucky,Metro,"Lexington-Fayette, KY",0,"Transfer-reliant, temperature-variable severe-storm counties",0.9998533540017948,0.9997878990558228,7,High-risk inland-flood and storm-injury counties
22001,Acadia Parish,LA,Louisiana,Metro,"Lafayette, LA",7,High-risk inland-flood and storm-injury counties,0.5472048613876848,0.09440972564597983,2,Lower-tax severe-storm casualty counties
22003,Allen Parish,LA,Louisiana,,,0,"Transfer-reliant, temperature-variable severe-storm counties",0.9989100594427339,0.9980558544015404,7,High-risk inland-flood and storm-injury counties
22005,Ascension Parish,LA,Louisiana,Metro,"Baton Rouge, LA",7,High-risk inland-flood and storm-injury counties,0.976021945399058,0.9520439097490125,6,Lower-wage tornado and storm-injury counties
22007,Assumption Parish,LA,Louisiana,,,7,High-risk inland-flood and storm-injury counties,0.9807861873397531,0.9615725829303676,3,Older wildfire and mountain-hazard housing-market counties
22009,Avoyelles Parish,LA,Louisiana,,,6,Lower-wage tornado and storm-injury counties,0.9988199763844741,0.99764000288961,7,High-risk inland-flood and storm-injury counties
22011,Beauregard Parish,LA,Louisiana,Micro,"DeRidder, LA",6,Lower-wage tornado and storm-injury counties,0.9979337263761155,0.995867479534588,7,High-risk inland-flood and storm-injury counties
22013,Bienville Parish,LA,Louisiana,,,2,Lower-tax severe-storm casualty counties,0.9916238320607591,0.9832477801625794,7,High-risk inland-flood and storm-injury counties
22015,Bossier Parish,LA,Louisiana,Metro,"Shreveport-Bossier City, LA",2,Lower-tax severe-storm casualty counties,0.983513193455969,0.967026387854817,7,High-risk inland-flood and storm-injury counties
22017,Caddo Parish,LA,Louisiana,Metro,"Shreveport-Bossier City, LA",7,High-risk inland-flood and storm-injury counties,0.999581949910662,0.9991689799744434,2,Lower-tax severe-storm casualty counties
22019,Calcasieu Parish,LA,Louisiana,Metro,"Lake Charles, LA",7,High-risk inland-flood and storm-injury counties,0.9696298611828599,0.939259722960171,2,Lower-tax severe-storm casualty counties
22021,Caldwell Parish,LA,Louisiana,,,2,Lower-tax severe-storm casualty counties,0.9804337715499569,0.9608676077092004,7,High-risk inland-flood and storm-injury counties
22023,Cameron Parish,LA,Louisiana,Metro,"Lake Charles, LA",7,High-risk inland-flood and storm-injury counties,0.9658381972610468,0.9317018987871156,3,Older wildfire and mountain-hazard housing-market counties
22025,Catahoula Parish,LA,Louisiana,,,6,Lower-wage tornado and storm-injury counties,0.9966121964207304,0.9932243928671465,7,High-risk inland-flood and storm-injury counties
22027,Claiborne Parish,LA,Louisiana,,,6,Lower-wage tornado and storm-injury counties,0.9957261322633815,0.99145226481683,7,High-risk inland-flood and storm-injury counties
22029,Concordia Parish,LA,Louisiana,Micro,"Natchez, MS-LA",0,"Transfer-reliant, temperature-variable severe-storm counties",0.9674092447097458,0.9362753779939051,3,Older wildfire and mountain-hazard housing-market counties
22031,De Soto Parish,LA,Louisiana,Metro,"Shreveport-Bossier City, LA",2,Lower-tax severe-storm casualty counties,0.9993053066258988,0.9986106136409785,7,High-risk inland-flood and storm-injury counties
22033,East Baton Rouge Parish,LA,Louisiana,Metro,"Baton Rouge, LA",7,High-risk inland-flood and storm-injury counties,0.7802809106194966,0.5605627935519917,2,Lower-tax severe-storm casualty counties
22035,East Carroll Parish,LA,Louisiana,,,0,"Transfer-reliant, temperature-variable severe-storm counties",0.9133150806561443,0.8435396767559984,3,Older wildfire and mountain-hazard housing-market counties
22037,East Feliciana Parish,LA,Louisiana,Metro,"Baton Rouge, LA",0,"Transfer-reliant, temperature-variable severe-storm counties",0.6062305165499948,0.2295886690080442,3,Older wildfire and mountain-hazard housing-market counties
22039,Evangeline Parish,LA,Louisiana,,,0,"Transfer-reliant, temperature-variable severe-storm counties",0.9966900985817101,0.9935735597019428,7,High-risk inland-flood and storm-injury counties
22041,Franklin Parish,LA,Louisiana,,,2,Lower-tax severe-storm casualty counties,0.9936470165139968,0.9872940623204699,7,High-risk inland-flood and storm-injury counties
22043,Grant Parish,LA,Louisiana,Metro,"Alexandria, LA",7,High-risk inland-flood and storm-injury counties,0.5145009149626191,0.15954692566379813,6,Lower-wage tornado and storm-injury counties
22045,Iberia Parish,LA,Louisiana,Metro,"Lafayette, LA",7,High-risk inland-flood and storm-injury counties,0.812009302488821,0.6240186071861381,2,Lower-tax severe-storm casualty counties
22047,Iberville Parish,LA,Louisiana,Metro,"Baton Rouge, LA",7,High-risk inland-flood and storm-injury counties,0.9883392223974364,0.9787001826954324,0,"Transfer-reliant, temperature-variable severe-storm counties"
22049,Jackson Parish,LA,Louisiana,,,6,Lower-wage tornado and storm-injury counties,0.9908867614712186,0.9817735286095308,7,High-risk inland-flood and storm-injury counties
22051,Jefferson Parish,LA,Louisiana,Metro,"New Orleans-Metairie, LA",7,High-risk inland-flood and storm-injury counties,0.9999999999959144,0.9999999999918285,2,Lower-tax severe-storm casualty counties
22053,Jefferson Davis Parish,LA,Louisiana,,,0,"Transfer-reliant, temperature-variable severe-storm counties",0.8567596939431844,0.7213502240082976,7,High-risk inland-flood and storm-injury counties
22055,Lafayette Parish,LA,Louisiana,Metro,"Lafayette, LA",7,High-risk inland-flood and storm-injury counties,0.9983424514470669,0.996816091778329,0,"Transfer-reliant, temperature-variable severe-storm counties"
22057,Lafourche Parish,LA,Louisiana,Metro,"Houma-Thibodaux, LA",7,High-risk inland-flood and storm-injury counties,0.9964614739145192,0.9929229483122177,2,Lower-tax severe-storm casualty counties
22059,LaSalle Parish,LA,Louisiana,,,3,Older wildfire and mountain-hazard housing-market counties,0.3947864359228206,0.09942687531159017,4,"High-premium, high-tax low-hazard counties"
22061,Lincoln Parish,LA,Louisiana,Micro,"Ruston, LA",2,Lower-tax severe-storm casualty counties,0.9968729478552538,0.9937458966478027,7,High-risk inland-flood and storm-injury counties
22063,Livingston Parish,LA,Louisiana,Metro,"Baton Rouge, LA",7,High-risk inland-flood and storm-injury counties,0.9315090729463436,0.8630181482432244,2,Lower-tax severe-storm casualty counties
22065,Madison Parish,LA,Louisiana,,,6,Lower-wage tornado and storm-injury counties,0.9886420909990717,0.977284206927127,7,High-risk inland-flood and storm-injury counties
22067,Morehouse Parish,LA,Louisiana,Micro,"Bastrop, LA",2,Lower-tax severe-storm casualty counties,0.9982903203994621,0.9965806420329519,7,High-risk inland-flood and storm-injury counties
22069,Natchitoches Parish,LA,Louisiana,Micro,"Natchitoches, LA",2,Lower-tax severe-storm casualty counties,0.9993690350090215,0.9987380702456884,7,High-risk inland-flood and storm-injury counties
22071,Orleans Parish,LA,Louisiana,Metro,"New Orleans-Metairie, LA",7,High-risk inland-flood and storm-injury counties,0.9999999999999503,0.9999999999999102,2,Lower-tax severe-storm casualty counties
22073,Ouachita Parish,LA,Louisiana,Metro,"Monroe, LA",2,Lower-tax severe-storm casualty counties,0.9628172847224079,0.9256345966418631,7,High-risk inland-flood and storm-injury counties
22075,Plaquemines Parish,LA,Louisiana,Metro,"New Orleans-Metairie, LA",7,High-risk inland-flood and storm-injury counties,0.9999999826646474,0.9999999653293051,3,Older wildfire and mountain-hazard housing-market counties
22077,Pointe Coupee Parish,LA,Louisiana,Metro,"Baton Rouge, LA",6,Lower-wage tornado and storm-injury counties,0.9978485258586123,0.9956970527206904,7,High-risk inland-flood and storm-injury counties
22079,Rapides Parish,LA,Louisiana,Metro,"Alexandria, LA",2,Lower-tax severe-storm casualty counties,0.9533598398051143,0.9067198385856235,7,High-risk inland-flood and storm-injury counties
22081,Red River Parish,LA,Louisiana,,,2,Lower-tax severe-storm casualty counties,0.9964190808842875,0.9928382434171434,7,High-risk inland-flood and storm-injury counties
22083,Richland Parish,LA,Louisiana,,,6,Lower-wage tornado and storm-injury counties,0.9993625073287659,0.9987250152827161,7,High-risk inland-flood and storm-injury counties
22085,Sabine Parish,LA,Louisiana,,,2,Lower-tax severe-storm casualty counties,0.9928795387433198,0.9857590866522595,7,High-risk inland-flood and storm-injury counties
22087,St. Bernard Parish,LA,Louisiana,Metro,"New Orleans-Metairie, LA",7,High-risk inland-flood and storm-injury counties,0.9999990777746948,0.999998155645025,2,Lower-tax severe-storm casualty counties
22089,St. Charles Parish,LA,Louisiana,Metro,"New Orleans-Metairie, LA",7,High-risk inland-flood and storm-injury counties,0.9999999999849933,0.9999999999701111,2,Lower-tax severe-storm casualty counties
22091,St. Helena Parish,LA,Louisiana,Metro,"Baton Rouge, LA",5,Cold-region severe-storm casualty counties,0.9541567087072029,0.90831367064676,7,High-risk inland-flood and storm-injury counties
22093,St. James Parish,LA,Louisiana,Metro,"New Orleans-Metairie, LA",7,High-risk inland-flood and storm-injury counties,0.9994931697934172,0.9989883790506282,2,Lower-tax severe-storm casualty counties
22095,St. John the Baptist Parish,LA,Louisiana,Metro,"New Orleans-Metairie, LA",7,High-risk inland-flood and storm-injury counties,0.9999960175248295,0.9999920350496735,6,Lower-wage tornado and storm-injury counties
22097,St. Landry Parish,LA,Louisiana,Micro,"Opelousas, LA",2,Lower-tax severe-storm casualty counties,0.9807332535446127,0.9614665073661454,7,High-risk inland-flood and storm-injury counties
22099,St. Martin Parish,LA,Louisiana,Metro,"Lafayette, LA",5,Cold-region severe-storm casualty counties,0.8958380422260819,0.7916761035961336,7,High-risk inland-flood and storm-injury counties
22101,St. Mary Parish,LA,Louisiana,Micro,"Morgan City, LA",7,High-risk inland-flood and storm-injury counties,0.9999304622876819,0.999866655061381,0,"Transfer-reliant, temperature-variable severe-storm counties"
22103,St. Tammany Parish,LA,Louisiana,Metro,"New Orleans-Metairie, LA",7,High-risk inland-flood and storm-injury counties,0.9999999535093178,0.9999999070193278,5,Cold-region severe-storm casualty counties
22105,Tangipahoa Parish,LA,Louisiana,Metro,"Hammond, LA",7,High-risk inland-flood and storm-injury counties,0.6927142383242127,0.38542848296828497,2,Lower-tax severe-storm casualty counties
22107,Tensas Parish,LA,Louisiana,,,3,Older wildfire and mountain-hazard housing-market counties,0.9805810497477656,0.9648156472516404,0,"Transfer-reliant, temperature-variable severe-storm counties"
22109,Terrebonne Parish,LA,Louisiana,Metro,"Houma-Thibodaux, LA",7,High-risk inland-flood and storm-injury counties,0.999999998688736,0.9999999975312404,3,Older wildfire and mountain-hazard housing-market counties
22111,Union Parish,LA,Louisiana,Metro,"Monroe, LA",2,Lower-tax severe-storm casualty counties,0.994292391672722,0.9885847834117588,7,High-risk inland-flood and storm-injury counties
22113,Vermilion Parish,LA,Louisiana,Metro,"Lafayette, LA",7,High-risk inland-flood and storm-injury counties,0.9958058717422953,0.9916117439269488,5,Cold-region severe-storm casualty counties
22115,Vernon Parish,LA,Louisiana,Micro,"Fort Polk South, LA",5,Cold-region severe-storm casualty counties,0.9988551139550095,0.9977116589620934,7,High-risk inland-flood and storm-injury counties
22117,Washington Parish,LA,Louisiana,Micro,"Bogalusa, LA",6,Lower-wage tornado and storm-injury counties,0.9989724874434569,0.9979450792893227,7,High-risk inland-flood and storm-injury counties
22119,Webster Parish,LA,Louisiana,Metro,"Shreveport-Bossier City, LA",5,Cold-region severe-storm casualty counties,0.9973531257540559,0.994706336271267,7,High-risk inland-flood and storm-injury counties
22121,West Baton Rouge Parish,LA,Louisiana,Metro,"Baton Rouge, LA",7,High-risk inland-flood and storm-injury counties,0.7536909355877857,0.5073832347763084,2,Lower-tax severe-storm casualty counties
22123,West Carroll Parish,LA,Louisiana,,,0,"Transfer-reliant, temperature-variable severe-storm counties",0.8268328753958764,0.6606870944911819,3,Older wildfire and mountain-hazard housing-market counties
22125,West Feliciana Parish,LA,Louisiana,Metro,"Baton Rouge, LA",0,"Transfer-reliant, temperature-variable severe-storm counties",0.8334450687552616,0.6975005689753859,3,Older wildfire and mountain-hazard housing-market counties
22127,Winn Parish,LA,Louisiana,,,0,"Transfer-reliant, temperature-variable severe-storm counties",0.9963086646616208,0.9933123622661115,3,Older wildfire and mountain-hazard housing-market counties
23001,Androscoggin County,ME,Maine,Metro,"Lewiston-Auburn, ME",0,"Transfer-reliant, temperature-variable severe-storm counties",0.9987457665823622,0.9976341253353859,7,High-risk inland-flood and storm-injury counties
23003,Aroostook County,ME,Maine,,,5,Cold-region severe-storm casualty counties,0.9932058600700584,0.9880569710632666,1,High-tax northern housing-market storm-risk counties
23005,Cumberland County,ME,Maine,Metro,"Portland-South Portland, ME",2,Lower-tax severe-storm casualty counties,0.5252629391149123,0.2089009366746457,1,High-tax northern housing-market storm-risk counties
23007,Franklin County,ME,Maine,,,0,"Transfer-reliant, temperature-variable severe-storm counties",0.5253228076115086,0.2743064016931993,3,Older wildfire and mountain-hazard housing-market counties
23009,Hancock County,ME,Maine,,,1,High-tax northern housing-market storm-risk counties,0.7246751016948828,0.503435579440671,7,High-risk inland-flood and storm-injury counties
23011,Kennebec County,ME,Maine,Micro,"Augusta-Waterville, ME",5,Cold-region severe-storm casualty counties,0.957516392251004,0.929108910193307,1,High-tax northern housing-market storm-risk counties
23013,Knox County,ME,Maine,,,3,Older wildfire and mountain-hazard housing-market counties,0.5566156862647149,0.32394650576754525,1,High-tax northern housing-market storm-risk counties
23015,Lincoln County,ME,Maine,,,7,High-risk inland-flood and storm-injury counties,0.3482518765790259,0.006533668087692068,3,Older wildfire and mountain-hazard housing-market counties
23017,Oxford County,ME,Maine,,,2,Lower-tax severe-storm casualty counties,0.7996167104942268,0.6139085210975846,7,High-risk inland-flood and storm-injury counties
23019,Penobscot County,ME,Maine,Metro,"Bangor, ME",1,High-tax northern housing-market storm-risk counties,0.5667356871149646,0.17059203121309208,6,Lower-wage tornado and storm-injury counties
23021,Piscataquis County,ME,Maine,,,1,High-tax northern housing-market storm-risk counties,0.8001919313675777,0.6268875380829613,6,Lower-wage tornado and storm-injury counties
23023,Sagadahoc County,ME,Maine,Metro,"Portland-South Portland, ME",3,Older wildfire and mountain-hazard housing-market counties,0.564089382720696,0.13147550889614235,7,High-risk inland-flood and storm-injury counties
23025,Somerset County,ME,Maine,,,0,"Transfer-reliant, temperature-variable severe-storm counties",0.982973221270291,0.9741745869484596,1,High-tax northern housing-market storm-risk counties
23027,Waldo County,ME,Maine,,,3,Older wildfire and mountain-hazard housing-market counties,0.9019222347240691,0.8375313344233447,7,High-risk inland-flood and storm-injury counties
23029,Washington County,ME,Maine,,,0,"Transfer-reliant, temperature-variable severe-storm counties",0.9681909806447202,0.9437560279048272,3,Older wildfire and mountain-hazard housing-market counties
23031,York County,ME,Maine,Metro,"Portland-South Portland, ME",7,High-risk inland-flood and storm-injury counties,0.7968338487009189,0.6182228066984303,1,High-tax northern housing-market storm-risk counties
24001,Allegany County,MD,Maryland,Metro,"Cumberland, MD-WV",6,Lower-wage tornado and storm-injury counties,0.9905189130252678,0.9846849428628975,7,High-risk inland-flood and storm-injury counties
24003,Anne Arundel County,MD,Maryland,Metro,"Baltimore-Columbia-Towson, MD",7,High-risk inland-flood and storm-injury counties,0.944450856538051,0.8914787897866574,2,Lower-tax severe-storm casualty counties
24005,Baltimore County,MD,Maryland,Metro,"Baltimore-Columbia-Towson, MD",7,High-risk inland-flood and storm-injury counties,0.9944727474060302,0.9893999010756931,2,Lower-tax severe-storm casualty counties
24009,Calvert County,MD,Maryland,Metro,"Washington-Arlington-Alexandria, DC-VA-MD-WV",7,High-risk inland-flood and storm-injury counties,0.9364014652218581,0.8802759913573066,0,"Transfer-reliant, temperature-variable severe-storm counties"
24011,Caroline County,MD,Maryland,,,7,High-risk inland-flood and storm-injury counties,0.9813999985054157,0.9628423182095723,2,Lower-tax severe-storm casualty counties
24013,Carroll County,MD,Maryland,Metro,"Baltimore-Columbia-Towson, MD",2,Lower-tax severe-storm casualty counties,0.9566267901820737,0.9135081616864372,7,High-risk inland-flood and storm-injury counties
24015,Cecil County,MD,Maryland,Metro,"Philadelphia-Camden-Wilmington, PA-NJ-DE-MD",7,High-risk inland-flood and storm-injury counties,0.997784981316919,0.9957149012407034,0,"Transfer-reliant, temperature-variable severe-storm counties"
24017,Charles County,MD,Maryland,Metro,"Washington-Arlington-Alexandria, DC-VA-MD-WV",7,High-risk inland-flood and storm-injury counties,0.9238261386172822,0.8476552237597752,6,Lower-wage tornado and storm-injury counties
24019,Dorchester County,MD,Maryland,Micro,"Cambridge, MD",7,High-risk inland-flood and storm-injury counties,0.9999998355847872,0.9999996784533757,3,Older wildfire and mountain-hazard housing-market counties
24021,Frederick County,MD,Maryland,Metro,"Washington-Arlington-Alexandria, DC-VA-MD-WV",7,High-risk inland-flood and storm-injury counties,0.9128766499934018,0.8320661800363734,5,Cold-region severe-storm casualty counties
24023,Garrett County,MD,Maryland,,,1,High-tax northern housing-market storm-risk counties,0.3381866547884698,0.06377250551353081,0,"Transfer-reliant, temperature-variable severe-storm counties"
24025,Harford County,MD,Maryland,Metro,"Baltimore-Columbia-Towson, MD",7,High-risk inland-flood and storm-injury counties,0.9444763492355165,0.8968834347822313,2,Lower-tax severe-storm casualty counties
24027,Howard County,MD,Maryland,Metro,"Baltimore-Columbia-Towson, MD",7,High-risk inland-flood and storm-injury counties,0.9200785622608403,0.8410340854220998,1,High-tax northern housing-market storm-risk counties
24029,Kent County,MD,Maryland,,,7,High-risk inland-flood and storm-injury counties,0.9832067635182424,0.9667968487419428,1,High-tax northern housing-market storm-risk counties
24031,Montgomery County,MD,Maryland,Metro,"Washington-Arlington-Alexandria, DC-VA-MD-WV",7,High-risk inland-flood and storm-injury counties,0.9991848134821673,0.9985561588165129,2,Lower-tax severe-storm casualty counties
24033,Prince George's County,MD,Maryland,Metro,"Washington-Arlington-Alexandria, DC-VA-MD-WV",7,High-risk inland-flood and storm-injury counties,0.999822739974525,0.9996456036059418,6,Lower-wage tornado and storm-injury counties
24035,Queen Anne's County,MD,Maryland,Metro,"Baltimore-Columbia-Towson, MD",7,High-risk inland-flood and storm-injury counties,0.9829175864554768,0.9658872815470423,6,Lower-wage tornado and storm-injury counties
24037,St. Mary's County,MD,Maryland,Metro,"California-Lexington Park, MD",7,High-risk inland-flood and storm-injury counties,0.6996074925433191,0.3995521315803013,0,"Transfer-reliant, temperature-variable severe-storm counties"
24039,Somerset County,MD,Maryland,Metro,"Salisbury, MD-DE",7,High-risk inland-flood and storm-injury counties,0.7297538324712023,0.4914979747970233,6,Lower-wage tornado and storm-injury counties
24041,Talbot County,MD,Maryland,Micro,"Easton, MD",7,High-risk inland-flood and storm-injury counties,0.999999927657238,0.9999998853017996,1,High-tax northern housing-market storm-risk counties
24043,Washington County,MD,Maryland,Metro,"Hagerstown-Martinsburg, MD-WV",6,Lower-wage tornado and storm-injury counties,0.9927578445238672,0.9860247335448136,7,High-risk inland-flood and storm-injury counties
24045,Wicomico County,MD,Maryland,Metro,"Salisbury, MD-DE",7,High-risk inland-flood and storm-injury counties,0.971933735049597,0.9474472294950329,1,High-tax northern housing-market storm-risk counties
24047,Worcester County,MD,Maryland,Metro,"Salisbury, MD-DE",7,High-risk inland-flood and storm-injury counties,0.9938003934297212,0.9895594242615068,1,High-tax northern housing-market storm-risk counties
24510,Baltimore City,MD,Maryland,Metro,"Baltimore-Columbia-Towson, MD",5,Cold-region severe-storm casualty counties,0.6270679140177545,0.2549566795082968,7,High-risk inland-flood and storm-injury counties
25001,Barnstable County,MA,Massachusetts,Metro,"Barnstable Town, MA",7,High-risk inland-flood and storm-injury counties,0.9999933071929952,0.9999866271493353,1,High-tax northern housing-market storm-risk counties
25003,Berkshire County,MA,Massachusetts,Metro,"Pittsfield, MA",5,Cold-region severe-storm casualty counties,0.974327836752206,0.9506773690936664,7,High-risk inland-flood and storm-injury counties
25005,Bristol County,MA,Massachusetts,Metro,"Providence-Warwick, RI-MA",7,High-risk inland-flood and storm-injury counties,0.9956353949256236,0.9912725272316212,1,High-tax northern housing-market storm-risk counties
25007,Dukes County,MA,Massachusetts,Micro,"Vineyard Haven, MA",7,High-risk inland-flood and storm-injury counties,0.9999999995392201,0.9999999991011005,3,Older wildfire and mountain-hazard housing-market counties
25009,Essex County,MA,Massachusetts,Metro,"Boston-Cambridge-Newton, MA-NH",7,High-risk inland-flood and storm-injury counties,0.9999468675870187,0.9998937351907038,1,High-tax northern housing-market storm-risk counties
25011,Franklin County,MA,Massachusetts,Micro,"Greenfield Town, MA",6,Lower-wage tornado and storm-injury counties,0.9812779966490924,0.9643916003869921,7,High-risk inland-flood and storm-injury counties
25013,Hampden County,MA,Massachusetts,Metro,"Springfield, MA",7,High-risk inland-flood and storm-injury counties,0.8544553225892123,0.7185406385476519,1,High-tax northern housing-market storm-risk counties
25015,Hampshire County,MA,Massachusetts,Metro,"Springfield, MA",6,Lower-wage tornado and storm-injury counties,0.9689154285156742,0.9385322661694311,7,High-risk inland-flood and storm-injury counties
25017,Middlesex County,MA,Massachusetts,Metro,"Boston-Cambridge-Newton, MA-NH",7,High-risk inland-flood and storm-injury counties,0.999693310285592,0.9993947928546162,1,High-tax northern housing-market storm-risk counties
25019,Nantucket County,MA,Massachusetts,,,7,High-risk inland-flood and storm-injury counties,0.9999999738493702,0.9999999560655115,1,High-tax northern housing-market storm-risk counties
25021,Norfolk County,MA,Massachusetts,Metro,"Boston-Cambridge-Newton, MA-NH",7,High-risk inland-flood and storm-injury counties,0.9988731735032645,0.9980128961715053,1,High-tax northern housing-market storm-risk counties
25023,Plymouth County,MA,Massachusetts,Metro,"Boston-Cambridge-Newton, MA-NH",7,High-risk inland-flood and storm-injury counties,0.9999782913848331,0.999956582771599,1,High-tax northern housing-market storm-risk counties
25025,Suffolk County,MA,Massachusetts,Metro,"Boston-Cambridge-Newton, MA-NH",7,High-risk inland-flood and storm-injury counties,0.996255408080453,0.9928617865375927,1,High-tax northern housing-market storm-risk counties
25027,Worcester County,MA,Massachusetts,Metro,"Worcester, MA-CT",7,High-risk inland-flood and storm-injury counties,0.9963210398266421,0.9926608934435122,6,Lower-wage tornado and storm-injury counties
26001,Alcona County,MI,Michigan,,,3,Older wildfire and mountain-hazard housing-market counties,0.9362637392279095,0.8729555064924597,7,High-risk inland-flood and storm-injury counties
26003,Alger County,MI,Michigan,,,3,Older wildfire and mountain-hazard housing-market counties,0.9688930732218902,0.9387394393872726,7,High-risk inland-flood and storm-injury counties
26005,Allegan County,MI,Michigan,Micro,"Holland, MI",7,High-risk inland-flood and storm-injury counties,0.7629086439231143,0.528517840961467,0,"Transfer-reliant, temperature-variable severe-storm counties"
26007,Alpena County,MI,Michigan,Micro,"Alpena, MI",3,Older wildfire and mountain-hazard housing-market counties,0.9378781748756125,0.8779248622780603,7,High-risk inland-flood and storm-injury counties
26009,Antrim County,MI,Michigan,,,7,High-risk inland-flood and storm-injury counties,0.8123142496784085,0.6948672760494258,1,High-tax northern housing-market storm-risk counties
26011,Arenac County,MI,Michigan,,,3,Older wildfire and mountain-hazard housing-market counties,0.6310342714043052,0.2857809503209794,0,"Transfer-reliant, temperature-variable severe-storm counties"
26013,Baraga County,MI,Michigan,,,3,Older wildfire and mountain-hazard housing-market counties,0.7810328997673196,0.6549991130801337,7,High-risk inland-flood and storm-injury counties
26015,Barry County,MI,Michigan,Metro,"Grand Rapids-Wyoming, MI",7,High-risk inland-flood and storm-injury counties,0.38634851228711553,0.004198452228839633,0,"Transfer-reliant, temperature-variable severe-storm counties"
26017,Bay County,MI,Michigan,Metro,"Bay City, MI",0,"Transfer-reliant, temperature-variable severe-storm counties",0.9949591955852396,0.9900284816459112,7,High-risk inland-flood and storm-injury counties
26019,Benzie County,MI,Michigan,Micro,"Traverse City, MI",3,Older wildfire and mountain-hazard housing-market counties,0.590863352495932,0.2898100557115552,7,High-risk inland-flood and storm-injury counties
26021,Berrien County,MI,Michigan,Metro,"Niles-Benton Harbor, MI",6,Lower-wage tornado and storm-injury counties,0.9891962572130603,0.978682137384002,7,High-risk inland-flood and storm-injury counties
26023,Branch County,MI,Michigan,Micro,"Coldwater, MI",0,"Transfer-reliant, temperature-variable severe-storm counties",0.999698743350914,0.9995515751547698,3,Older wildfire and mountain-hazard housing-market counties
26025,Calhoun County,MI,Michigan,Metro,"Battle Creek, MI",0,"Transfer-reliant, temperature-variable severe-storm counties",0.9976922972626545,0.9965027395803414,7,High-risk inland-flood and storm-injury counties
26027,Cass County,MI,Michigan,Metro,"South Bend-Mishawaka, IN-MI",5,Cold-region severe-storm casualty counties,0.9994210182015169,0.998847830969486,7,High-risk inland-flood and storm-injury counties
26029,Charlevoix County,MI,Michigan,,,3,Older wildfire and mountain-hazard housing-market counties,0.8376048760919717,0.6760158223008211,7,High-risk inland-flood and storm-injury counties
26031,Cheboygan County,MI,Michigan,,,7,High-risk inland-flood and storm-injury counties,0.7354040225555301,0.480998420375183,1,High-tax northern housing-market storm-risk counties
26033,Chippewa County,MI,Michigan,Micro,"Sault Ste. Marie, MI",6,Lower-wage tornado and storm-injury counties,0.9118413032901472,0.8238542566850474,7,High-risk inland-flood and storm-injury counties
26035,Clare County,MI,Michigan,,,0,"Transfer-reliant, temperature-variable severe-storm counties",0.9434106801796822,0.8875191647663809,3,Older wildfire and mountain-hazard housing-market counties
26037,Clinton County,MI,Michigan,Metro,"Lansing-East Lansing, MI",6,Lower-wage tornado and storm-injury counties,0.9981043760550333,0.9962149532354575,7,High-risk inland-flood and storm-injury counties
26039,Crawford County,MI,Michigan,,,3,Older wildfire and mountain-hazard housing-market counties,0.9942760157084849,0.990696149663382,7,High-risk inland-flood and storm-injury counties
26041,Delta County,MI,Michigan,Micro,"Escanaba, MI",6,Lower-wage tornado and storm-injury counties,0.9877589472964797,0.9755401404437117,7,High-risk inland-flood and storm-injury counties
26043,Dickinson County,MI,Michigan,Micro,"Iron Mountain, MI-WI",4,"High-premium, high-tax low-hazard counties",0.932719581542583,0.8675728361637425,0,"Transfer-reliant, temperature-variable severe-storm counties"
26045,Eaton County,MI,Michigan,Metro,"Lansing-East Lansing, MI",1,High-tax northern housing-market storm-risk counties,0.834182444478803,0.6766055017190709,7,High-risk inland-flood and storm-injury counties
26047,Emmet County,MI,Michigan,,,3,Older wildfire and mountain-hazard housing-market counties,0.8596943450663962,0.728664126945543,7,High-risk inland-flood and storm-injury counties
26049,Genesee County,MI,Michigan,Metro,"Flint, MI",0,"Transfer-reliant, temperature-variable severe-storm counties",0.9766966942459693,0.9534777645535333,7,High-risk inland-flood and storm-injury counties
26051,Gladwin County,MI,Michigan,,,0,"Transfer-reliant, temperature-variable severe-storm counties",0.9826507799173889,0.9675470581801625,3,Older wildfire and mountain-hazard housing-market counties
26053,Gogebic County,MI,Michigan,,,6,Lower-wage tornado and storm-injury counties,0.9962556441848456,0.9925113878887498,7,High-risk inland-flood and storm-injury counties
26055,Grand Traverse County,MI,Michigan,Micro,"Traverse City, MI",1,High-tax northern housing-market storm-risk counties,0.7304377962873141,0.4609370933729367,7,High-risk inland-flood and storm-injury counties
26057,Gratiot County,MI,Michigan,Micro,"Alma, MI",0,"Transfer-reliant, temperature-variable severe-storm counties",0.996842610818509,0.9949418621678597,3,Older wildfire and mountain-hazard housing-market counties
26059,Hillsdale County,MI,Michigan,Micro,"Hillsdale, MI",0,"Transfer-reliant, temperature-variable severe-storm counties",0.9995271643698928,0.9992269299344881,3,Older wildfire and mountain-hazard housing-market counties
26061,Houghton County,MI,Michigan,Micro,"Houghton, MI",5,Cold-region severe-storm casualty counties,0.9917038780902622,0.9834722766998246,7,High-risk inland-flood and storm-injury counties
26063,Huron County,MI,Michigan,,,6,Lower-wage tornado and storm-injury counties,0.9942784741109558,0.9886595852978536,7,High-risk inland-flood and storm-injury counties
26065,Ingham County,MI,Michigan,Metro,"Lansing-East Lansing, MI",2,Lower-tax severe-storm casualty counties,0.9805260096372339,0.9611583019253913,7,High-risk inland-flood and storm-injury counties
26067,Ionia County,MI,Michigan,Micro,"Ionia, MI",6,Lower-wage tornado and storm-injury counties,0.998232415805253,0.9964684872507003,7,High-risk inland-flood and storm-injury counties
26069,Iosco County,MI,Michigan,,,6,Lower-wage tornado and storm-injury counties,0.9509523750677658,0.902604133222812,7,High-risk inland-flood and storm-injury counties
26071,Iron County,MI,Michigan,,,0,"Transfer-reliant, temperature-variable severe-storm counties",0.7517482397818628,0.5108782454484593,4,"High-premium, high-tax low-hazard counties"
26073,Isabella County,MI,Michigan,Micro,"Mount Pleasant, MI",0,"Transfer-reliant, temperature-variable severe-storm counties",0.9917768467334637,0.9852733195719809,4,"High-premium, high-tax low-hazard counties"
26075,Jackson County,MI,Michigan,Metro,"Jackson, MI",0,"Transfer-reliant, temperature-variable severe-storm counties",0.9991109889163088,0.9984657230485786,7,High-risk inland-flood and storm-injury counties
26077,Kalamazoo County,MI,Michigan,Metro,"Kalamazoo-Portage, MI",1,High-tax northern housing-market storm-risk counties,0.8198547687679558,0.640082579017778,7,High-risk inland-flood and storm-injury counties
26079,Kalkaska County,MI,Michigan,Micro,"Traverse City, MI",3,Older wildfire and mountain-hazard housing-market counties,0.8728212745196331,0.7755286101416676,1,High-tax northern housing-market storm-risk counties
26081,Kent County,MI,Michigan,Metro,"Grand Rapids-Wyoming, MI",1,High-tax northern housing-market storm-risk counties,0.9609623195239232,0.9223950371057195,7,High-risk inland-flood and storm-injury counties
26083,Keweenaw County,MI,Michigan,Micro,"Houghton, MI",3,Older wildfire and mountain-hazard housing-market counties,0.938373071102752,0.8767465231968047,7,High-risk inland-flood and storm-injury counties
26085,Lake County,MI,Michigan,,,3,Older wildfire and mountain-hazard housing-market counties,0.55793675878357,0.1219173094724012,0,"Transfer-reliant, temperature-variable severe-storm counties"
26087,Lapeer County,MI,Michigan,Metro,"Detroit-Warren-Dearborn, MI",5,Cold-region severe-storm casualty counties,0.9979748226313152,0.996466810493663,7,High-risk inland-flood and storm-injury counties
26089,Leelanau County,MI,Michigan,Micro,"Traverse City, MI",7,High-risk inland-flood and storm-injury counties,0.6131595215349157,0.4143382534134864,1,High-tax northern housing-market storm-risk counties
26091,Lenawee County,MI,Michigan,Micro,"Adrian, MI",0,"Transfer-reliant, temperature-variable severe-storm counties",0.9995747485011406,0.9993149723680612,4,"High-premium, high-tax low-hazard counties"
26093,Livingston County,MI,Michigan,Metro,"Detroit-Warren-Dearborn, MI",1,High-tax northern housing-market storm-risk counties,0.746147091457018,0.5037342641786728,7,High-risk inland-flood and storm-injury counties
26095,Luce County,MI,Michigan,,,3,Older wildfire and mountain-hazard housing-market counties,0.9932095770318176,0.9864611160080663,7,High-risk inland-flood and storm-injury counties
26097,Mackinac County,MI,Michigan,,,7,High-risk inland-flood and storm-injury counties,0.6427168468255737,0.2856398392778665,3,Older wildfire and mountain-hazard housing-market counties
26099,Macomb County,MI,Michigan,Metro,"Detroit-Warren-Dearborn, MI",7,High-risk inland-flood and storm-injury counties,0.5033129154515082,0.006626584849713069,1,High-tax northern housing-market storm-risk counties
26101,Manistee County,MI,Michigan,,,7,High-risk inland-flood and storm-injury counties,0.646776306318627,0.3210852421405328,1,High-tax northern housing-market storm-risk counties
26103,Marquette County,MI,Michigan,Micro,"Marquette, MI",7,High-risk inland-flood and storm-injury counties,0.5262188294332915,0.05287768077276067,2,Lower-tax severe-storm casualty counties
26105,Mason County,MI,Michigan,Micro,"Ludington, MI",3,Older wildfire and mountain-hazard housing-market counties,0.8906233348012111,0.7907449519726348,7,High-risk inland-flood and storm-injury counties
26107,Mecosta County,MI,Michigan,Micro,"Big Rapids, MI",0,"Transfer-reliant, temperature-variable severe-storm counties",0.9993963878392925,0.9990878830710014,3,Older wildfire and mountain-hazard housing-market counties
26109,Menominee County,MI,Michigan,Micro,"Marinette, WI-MI",0,"Transfer-reliant, temperature-variable severe-storm counties",0.43452446278251916,0.14642467915649715,7,High-risk inland-flood and storm-injury counties
26111,Midland County,MI,Michigan,Metro,"Midland, MI",0,"Transfer-reliant, temperature-variable severe-storm counties",0.9990790380691108,0.998508520006997,7,High-risk inland-flood and storm-injury counties
26113,Missaukee County,MI,Michigan,Micro,"Cadillac, MI",3,Older wildfire and mountain-hazard housing-market counties,0.9798515149584014,0.9674627262585561,7,High-risk inland-flood and storm-injury counties
26115,Monroe County,MI,Michigan,Metro,"Monroe, MI",1,High-tax northern housing-market storm-risk counties,0.6942678837923211,0.3908194593169565,7,High-risk inland-flood and storm-injury counties
26117,Montcalm County,MI,Michigan,Metro,"Grand Rapids-Wyoming, MI",0,"Transfer-reliant, temperature-variable severe-storm counties",0.9949449750227136,0.9922142703446187,3,Older wildfire and mountain-hazard housing-market counties
26119,Montmorency County,MI,Michigan,,,3,Older wildfire and mountain-hazard housing-market counties,0.9958483543967981,0.992045151636569,7,High-risk inland-flood and storm-injury counties
26121,Muskegon County,MI,Michigan,Metro,"Muskegon, MI",0,"Transfer-reliant, temperature-variable severe-storm counties",0.8116426843411191,0.627582241114192,7,High-risk inland-flood and storm-injury counties
26123,Newaygo County,MI,Michigan,,,0,"Transfer-reliant, temperature-variable severe-storm counties",0.9978673498144373,0.9961777910481057,3,Older wildfire and mountain-hazard housing-market counties
26125,Oakland County,MI,Michigan,Metro,"Detroit-Warren-Dearborn, MI",7,High-risk inland-flood and storm-injury counties,0.5968165823641609,0.19363740231530024,1,High-tax northern housing-market storm-risk counties
26127,Oceana County,MI,Michigan,,,3,Older wildfire and mountain-hazard housing-market counties,0.9218299243573701,0.849477645756664,7,High-risk inland-flood and storm-injury counties
26129,Ogemaw County,MI,Michigan,,,2,Lower-tax severe-storm casualty counties,0.9975737291262573,0.9951486693230267,7,High-risk inland-flood and storm-injury counties
26131,Ontonagon County,MI,Michigan,,,3,Older wildfire and mountain-hazard housing-market counties,0.9867023752679088,0.973414328988147,7,High-risk inland-flood and storm-injury counties
26133,Osceola County,MI,Michigan,,,0,"Transfer-reliant, temperature-variable severe-storm counties",0.4992064251582269,0.0012454777395355388,3,Older wildfire and mountain-hazard housing-market counties
26135,Oscoda County,MI,Michigan,,,3,Older wildfire and mountain-hazard housing-market counties,0.9952521029621983,0.9906036501605109,7,High-risk inland-flood and storm-injury counties
26137,Otsego County,MI,Michigan,,,7,High-risk inland-flood and storm-injury counties,0.7917355748795871,0.6033806455877966,1,High-tax northern housing-market storm-risk counties
26139,Ottawa County,MI,Michigan,Metro,"Grand Rapids-Wyoming, MI",1,High-tax northern housing-market storm-risk counties,0.8128176924011893,0.6321803249273341,7,High-risk inland-flood and storm-injury counties
26141,Presque Isle County,MI,Michigan,,,7,High-risk inland-flood and storm-injury counties,0.7990342969379626,0.5980762264516919,1,High-tax northern housing-market storm-risk counties
26143,Roscommon County,MI,Michigan,,,0,"Transfer-reliant, temperature-variable severe-storm counties",0.7170814440473563,0.4375803545337902,3,Older wildfire and mountain-hazard housing-market counties
26145,Saginaw County,MI,Michigan,Metro,"Saginaw, MI",6,Lower-wage tornado and storm-injury counties,0.9989902445090943,0.9979807255234169,7,High-risk inland-flood and storm-injury counties
26147,St. Clair County,MI,Michigan,Metro,"Detroit-Warren-Dearborn, MI",6,Lower-wage tornado and storm-injury counties,0.941096135380272,0.8842306001222194,7,High-risk inland-flood and storm-injury counties
26149,St. Joseph County,MI,Michigan,Micro,"Sturgis, MI",6,Lower-wage tornado and storm-injury counties,0.9996226899909757,0.9992453975302592,7,High-risk inland-flood and storm-injury counties
26151,Sanilac County,MI,Michigan,,,0,"Transfer-reliant, temperature-variable severe-storm counties",0.9711438860997836,0.9551293847883507,3,Older wildfire and mountain-hazard housing-market counties
26153,Schoolcraft County,MI,Michigan,,,3,Older wildfire and mountain-hazard housing-market counties,0.9558132345785653,0.9116666919066012,7,High-risk inland-flood and storm-injury counties
26155,Shiawassee County,MI,Michigan,Micro,"Owosso, MI",0,"Transfer-reliant, temperature-variable severe-storm counties",0.9986115929127222,0.9973688102875289,7,High-risk inland-flood and storm-injury counties
26157,Tuscola County,MI,Michigan,,,0,"Transfer-reliant, temperature-variable severe-storm counties",0.9822149768892494,0.9654334479167759,7,High-risk inland-flood and storm-injury counties
26159,Van Buren County,MI,Michigan,Metro,"Kalamazoo-Portage, MI",7,High-risk inland-flood and storm-injury counties,0.9184397721215922,0.842809197807271,0,"Transfer-reliant, temperature-variable severe-storm counties"
26161,Washtenaw County,MI,Michigan,Metro,"Ann Arbor, MI",7,High-risk inland-flood and storm-injury counties,0.8950975507757434,0.8105865957629563,1,High-tax northern housing-market storm-risk counties
26163,Wayne County,MI,Michigan,Metro,"Detroit-Warren-Dearborn, MI",7,High-risk inland-flood and storm-injury counties,0.9803346301604193,0.9610049197410416,2,Lower-tax severe-storm casualty counties
26165,Wexford County,MI,Michigan,Micro,"Cadillac, MI",1,High-tax northern housing-market storm-risk counties,0.5756458672107353,0.2839153984574737,3,Older wildfire and mountain-hazard housing-market counties
27001,Aitkin County,MN,Minnesota,,,7,High-risk inland-flood and storm-injury counties,0.8874870576002706,0.7754572268937314,2,Lower-tax severe-storm casualty counties
27003,Anoka County,MN,Minnesota,Metro,"Minneapolis-St. Paul-Bloomington, MN-WI",7,High-risk inland-flood and storm-injury counties,0.9526656150962189,0.9067713716751566,4,"High-premium, high-tax low-hazard counties"
27005,Becker County,MN,Minnesota,,,7,High-risk inland-flood and storm-injury counties,0.7388829655222274,0.4777667399139103,6,Lower-wage tornado and storm-injury counties
27007,Beltrami County,MN,Minnesota,Micro,"Bemidji, MN",4,"High-premium, high-tax low-hazard counties",0.79980662734053,0.5999153407925564,7,High-risk inland-flood and storm-injury counties
27009,Benton County,MN,Minnesota,Metro,"St. Cloud, MN",4,"High-premium, high-tax low-hazard counties",0.9389762447636106,0.8780703885805303,7,High-risk inland-flood and storm-injury counties
27011,Big Stone County,MN,Minnesota,,,4,"High-premium, high-tax low-hazard counties",0.9961420335391988,0.9927349094109402,7,High-risk inland-flood and storm-injury counties
27013,Blue Earth County,MN,Minnesota,Metro,"Mankato-North Mankato, MN",7,High-risk inland-flood and storm-injury counties,0.985011471260328,0.970023046638278,2,Lower-tax severe-storm casualty counties
27015,Brown County,MN,Minnesota,Micro,"New Ulm, MN",4,"High-premium, high-tax low-hazard counties",0.9736597728397045,0.9473228558195879,7,High-risk inland-flood and storm-injury counties
27017,Carlton County,MN,Minnesota,Metro,"Duluth, MN-WI",0,"Transfer-reliant, temperature-variable severe-storm counties",0.750074678727386,0.5018290445176837,4,"High-premium, high-tax low-hazard counties"
27019,Carver County,MN,Minnesota,Metro,"Minneapolis-St. Paul-Bloomington, MN-WI",7,High-risk inland-flood and storm-injury counties,0.9804620694487409,0.960926699897763,4,"High-premium, high-tax low-hazard counties"
27021,Cass County,MN,Minnesota,Micro,"Brainerd, MN",7,High-risk inland-flood and storm-injury counties,0.8534353294080849,0.7074758732869211,6,Lower-wage tornado and storm-injury counties
27023,Chippewa County,MN,Minnesota,,,4,"High-premium, high-tax low-hazard counties",0.9842605874781432,0.9687465032881276,0,"Transfer-reliant, temperature-variable severe-storm counties"
27025,Chisago County,MN,Minnesota,Metro,"Minneapolis-St. Paul-Bloomington, MN-WI",4,"High-premium, high-tax low-hazard counties",0.9929726631447006,0.9870148787185747,7,High-risk inland-flood and storm-injury counties
27027,Clay County,MN,Minnesota,Metro,"Fargo, ND-MN",4,"High-premium, high-tax low-hazard counties",0.9379389179668071,0.8759762919640511,7,High-risk inland-flood and storm-injury counties
27029,Clearwater County,MN,Minnesota,,,4,"High-premium, high-tax low-hazard counties",0.593433761166779,0.22897180957256763,3,Older wildfire and mountain-hazard housing-market counties
27031,Cook County,MN,Minnesota,,,7,High-risk inland-flood and storm-injury counties,0.9757592231122705,0.9515509427670694,2,Lower-tax severe-storm casualty counties
27033,Cottonwood County,MN,Minnesota,,,4,"High-premium, high-tax low-hazard counties",0.9914937267558818,0.9831742796570389,0,"Transfer-reliant, temperature-variable severe-storm counties"
27035,Crow Wing County,MN,Minnesota,Micro,"Brainerd, MN",7,High-risk inland-flood and storm-injury counties,0.639501958442897,0.2868443330008502,6,Lower-wage tornado and storm-injury counties
27037,Dakota County,MN,Minnesota,Metro,"Minneapolis-St. Paul-Bloomington, MN-WI",7,High-risk inland-flood and storm-injury counties,0.9995907202608327,0.9991872388071592,6,Lower-wage tornado and storm-injury counties
27039,Dodge County,MN,Minnesota,Metro,"Rochester, MN",4,"High-premium, high-tax low-hazard counties",0.9819952397558565,0.9639946044651175,7,High-risk inland-flood and storm-injury counties
27041,Douglas County,MN,Minnesota,Micro,"Alexandria, MN",7,High-risk inland-flood and storm-injury counties,0.94697898211293,0.8939767339794235,2,Lower-tax severe-storm casualty counties
27043,Faribault County,MN,Minnesota,,,4,"High-premium, high-tax low-hazard counties",0.9998848624154267,0.9997811517084746,7,High-risk inland-flood and storm-injury counties
27045,Fillmore County,MN,Minnesota,Metro,"Rochester, MN",4,"High-premium, high-tax low-hazard counties",0.9987888527046023,0.9975786827120371,7,High-risk inland-flood and storm-injury counties
27047,Freeborn County,MN,Minnesota,Micro,"Albert Lea, MN",6,Lower-wage tornado and storm-injury counties,0.9398797317422156,0.8797604234007984,7,High-risk inland-flood and storm-injury counties
27049,Goodhue County,MN,Minnesota,Micro,"Red Wing, MN",7,High-risk inland-flood and storm-injury counties,0.9519042936620689,0.9038087320033253,2,Lower-tax severe-storm casualty counties
27051,Grant County,MN,Minnesota,,,4,"High-premium, high-tax low-hazard counties",0.9983300995216327,0.9973789723347146,7,High-risk inland-flood and storm-injury counties
27053,Hennepin County,MN,Minnesota,Metro,"Minneapolis-St. Paul-Bloomington, MN-WI",7,High-risk inland-flood and storm-injury counties,0.9999335562229914,0.9998671355721546,1,High-tax northern housing-market storm-risk counties
27055,Houston County,MN,Minnesota,Metro,"La Crosse-Onalaska, WI-MN",4,"High-premium, high-tax low-hazard counties",0.8413803684090398,0.6954218576325336,7,High-risk inland-flood and storm-injury counties
27057,Hubbard County,MN,Minnesota,,,4,"High-premium, high-tax low-hazard counties",0.9907996121774899,0.9816683170622799,7,High-risk inland-flood and storm-injury counties
27059,Isanti County,MN,Minnesota,Metro,"Minneapolis-St. Paul-Bloomington, MN-WI",4,"High-premium, high-tax low-hazard counties",0.9978994901087332,0.9958329933972512,7,High-risk inland-flood and storm-injury counties
27061,Itasca County,MN,Minnesota,,,4,"High-premium, high-tax low-hazard counties",0.9892521908747414,0.9816258526034584,7,High-risk inland-flood and storm-injury counties
27063,Jackson County,MN,Minnesota,,,4,"High-premium, high-tax low-hazard counties",0.996405683104276,0.9933505723171107,0,"Transfer-reliant, temperature-variable severe-storm counties"
27065,Kanabec County,MN,Minnesota,,,4,"High-premium, high-tax low-hazard counties",0.9953555250303739,0.9915193844365745,7,High-risk inland-flood and storm-injury counties
27067,Kandiyohi County,MN,Minnesota,Micro,"Willmar, MN",5,Cold-region severe-storm casualty counties,0.9584086716704491,0.9168173664100167,7,High-risk inland-flood and storm-injury counties
27069,Kittson County,MN,Minnesota,,,4,"High-premium, high-tax low-hazard counties",0.9943548107310698,0.9893047502293256,0,"Transfer-reliant, temperature-variable severe-storm counties"
27071,Koochiching County,MN,Minnesota,,,3,Older wildfire and mountain-hazard housing-market counties,0.9887725221980432,0.9836856522939063,4,"High-premium, high-tax low-hazard counties"
27073,Lac qui Parle County,MN,Minnesota,,,4,"High-premium, high-tax low-hazard counties",0.9987193996802912,0.9976324755618733,0,"Transfer-reliant, temperature-variable severe-storm counties"
27075,Lake County,MN,Minnesota,,,7,High-risk inland-flood and storm-injury counties,0.9644179279009295,0.9292274236437491,2,Lower-tax severe-storm casualty counties
27077,Lake of the Woods County,MN,Minnesota,,,3,Older wildfire and mountain-hazard housing-market counties,0.9774263669187556,0.964206103029798,7,High-risk inland-flood and storm-injury counties
27079,Le Sueur County,MN,Minnesota,Metro,"Minneapolis-St. Paul-Bloomington, MN-WI",4,"High-premium, high-tax low-hazard counties",0.9946200170023733,0.9892415046149221,7,High-risk inland-flood and storm-injury counties
27081,Lincoln County,MN,Minnesota,,,4,"High-premium, high-tax low-hazard counties",0.9996972069044969,0.9994932937078551,0,"Transfer-reliant, temperature-variable severe-storm counties"
27083,Lyon County,MN,Minnesota,Micro,"Marshall, MN",7,High-risk inland-flood and storm-injury counties,0.9869616073717288,0.9740189221056473,6,Lower-wage tornado and storm-injury counties
27085,McLeod County,MN,Minnesota,Micro,"Hutchinson, MN",4,"High-premium, high-tax low-hazard counties",0.9426219942696142,0.8852497595151415,7,High-risk inland-flood and storm-injury counties
27087,Mahnomen County,MN,Minnesota,,,4,"High-premium, high-tax low-hazard counties",0.9544263956563813,0.9198863949619813,3,Older wildfire and mountain-hazard housing-market counties
27089,Marshall County,MN,Minnesota,,,4,"High-premium, high-tax low-hazard counties",0.9996112029128328,0.9993953413537734,7,High-risk inland-flood and storm-injury counties
27091,Martin County,MN,Minnesota,,,4,"High-premium, high-tax low-hazard counties",0.9997944822313682,0.9996002869477293,7,High-risk inland-flood and storm-injury counties
27093,Meeker County,MN,Minnesota,,,7,High-risk inland-flood and storm-injury counties,0.6575658497882556,0.31513210236434536,6,Lower-wage tornado and storm-injury counties
27095,Mille Lacs County,MN,Minnesota,Metro,"Minneapolis-St. Paul-Bloomington, MN-WI",4,"High-premium, high-tax low-hazard counties",0.9989097400628272,0.9978245899047461,7,High-risk inland-flood and storm-injury counties
27097,Morrison County,MN,Minnesota,,,4,"High-premium, high-tax low-hazard counties",0.997289565374358,0.9945801929725242,7,High-risk inland-flood and storm-injury counties
27099,Mower County,MN,Minnesota,Micro,"Austin, MN",7,High-risk inland-flood and storm-injury counties,0.982630618834469,0.9652647044763952,6,Lower-wage tornado and storm-injury counties
27101,Murray County,MN,Minnesota,,,4,"High-premium, high-tax low-hazard counties",0.9990555150047241,0.9981130464325708,7,High-risk inland-flood and storm-injury counties
27103,Nicollet County,MN,Minnesota,Metro,"Mankato-North Mankato, MN",4,"High-premium, high-tax low-hazard counties",0.9935470593008782,0.9870953349245091,7,High-risk inland-flood and storm-injury counties
27105,Nobles County,MN,Minnesota,Micro,"Worthington, MN",7,High-risk inland-flood and storm-injury counties,0.7795159312831366,0.5590319839555629,5,Cold-region severe-storm casualty counties
27107,Norman County,MN,Minnesota,,,4,"High-premium, high-tax low-hazard counties",0.9835047203959615,0.9671877975334369,0,"Transfer-reliant, temperature-variable severe-storm counties"
27109,Olmsted County,MN,Minnesota,Metro,"Rochester, MN",7,High-risk inland-flood and storm-injury counties,0.9958017949944311,0.992280299056713,5,Cold-region severe-storm casualty counties
27111,Otter Tail County,MN,Minnesota,Micro,"Fergus Falls, MN",7,High-risk inland-flood and storm-injury counties,0.9962219768926163,0.992444090822097,2,Lower-tax severe-storm casualty counties
27113,Pennington County,MN,Minnesota,,,4,"High-premium, high-tax low-hazard counties",0.9933148035687192,0.9867691217924467,7,High-risk inland-flood and storm-injury counties
27115,Pine County,MN,Minnesota,,,0,"Transfer-reliant, temperature-variable severe-storm counties",0.6616519425769929,0.32617313270381865,4,"High-premium, high-tax low-hazard counties"
27117,Pipestone County,MN,Minnesota,,,4,"High-premium, high-tax low-hazard counties",0.9902833160715616,0.9810095276883741,0,"Transfer-reliant, temperature-variable severe-storm counties"
27119,Polk County,MN,Minnesota,Metro,"Grand Forks, ND-MN",7,High-risk inland-flood and storm-injury counties,0.8900259728789702,0.7800529629583632,4,"High-premium, high-tax low-hazard counties"
27121,Pope County,MN,Minnesota,,,4,"High-premium, high-tax low-hazard counties",0.9981810855363203,0.9965330803519933,7,High-risk inland-flood and storm-injury counties
27123,Ramsey County,MN,Minnesota,Metro,"Minneapolis-St. Paul-Bloomington, MN-WI",7,High-risk inland-flood and storm-injury counties,0.9594561253657632,0.9198025189816782,6,Lower-wage tornado and storm-injury counties
27125,Red Lake County,MN,Minnesota,,,4,"High-premium, high-tax low-hazard counties",0.9897452380277763,0.9809764511904959,3,Older wildfire and mountain-hazard housing-market counties
27127,Redwood County,MN,Minnesota,,,5,Cold-region severe-storm casualty counties,0.988497132358082,0.9769942654601926,7,High-risk inland-flood and storm-injury counties
27129,Renville County,MN,Minnesota,,,5,Cold-region severe-storm casualty counties,0.992405667641044,0.9848113356086919,7,High-risk inland-flood and storm-injury counties
27131,Rice County,MN,Minnesota,Micro,"Faribault-Northfield, MN",7,High-risk inland-flood and storm-injury counties,0.6658271639806805,0.3317183404072221,4,"High-premium, high-tax low-hazard counties"
27133,Rock County,MN,Minnesota,,,4,"High-premium, high-tax low-hazard counties",0.999422152595501,0.9988477989506125,7,High-risk inland-flood and storm-injury counties
27135,Roseau County,MN,Minnesota,,,4,"High-premium, high-tax low-hazard counties",0.9993488303547617,0.9989194914025916,0,"Transfer-reliant, temperature-variable severe-storm counties"
27137,St. Louis County,MN,Minnesota,Metro,"Duluth, MN-WI",7,High-risk inland-flood and storm-injury counties,0.9530430037269513,0.9062401674334826,2,Lower-tax severe-storm casualty counties
27139,Scott County,MN,Minnesota,Metro,"Minneapolis-St. Paul-Bloomington, MN-WI",7,High-risk inland-flood and storm-injury counties,0.6027543546033822,0.20556622478092107,4,"High-premium, high-tax low-hazard counties"
27141,Sherburne County,MN,Minnesota,Metro,"Minneapolis-St. Paul-Bloomington, MN-WI",4,"High-premium, high-tax low-hazard counties",0.9692062999622633,0.9384207277275077,7,High-risk inland-flood and storm-injury counties
27143,Sibley County,MN,Minnesota,Metro,"Minneapolis-St. Paul-Bloomington, MN-WI",5,Cold-region severe-storm casualty counties,0.9829596617578216,0.9659193237972866,7,High-risk inland-flood and storm-injury counties
27145,Stearns County,MN,Minnesota,Metro,"St. Cloud, MN",7,High-risk inland-flood and storm-injury counties,0.9991725461717899,0.9983687990907605,6,Lower-wage tornado and storm-injury counties
27147,Steele County,MN,Minnesota,Micro,"Owatonna, MN",4,"High-premium, high-tax low-hazard counties",0.9974517165125109,0.9949041002750155,7,High-risk inland-flood and storm-injury counties
27149,Stevens County,MN,Minnesota,,,4,"High-premium, high-tax low-hazard counties",0.9997652163888713,0.9995386211640852,7,High-risk inland-flood and storm-injury counties
27151,Swift County,MN,Minnesota,,,7,High-risk inland-flood and storm-injury counties,0.8497593731282282,0.6995203876778777,6,Lower-wage tornado and storm-injury counties
27153,Todd County,MN,Minnesota,,,4,"High-premium, high-tax low-hazard counties",0.9992666928198966,0.9985434734458292,7,High-risk inland-flood and storm-injury counties
27155,Traverse County,MN,Minnesota,,,3,Older wildfire and mountain-hazard housing-market counties,0.7680212735610176,0.5884839645365971,4,"High-premium, high-tax low-hazard counties"
27157,Wabasha County,MN,Minnesota,Metro,"Rochester, MN",4,"High-premium, high-tax low-hazard counties",0.9708828656380118,0.9417683774972656,7,High-risk inland-flood and storm-injury counties
27159,Wadena County,MN,Minnesota,,,4,"High-premium, high-tax low-hazard counties",0.9995010559381053,0.9990514785888247,7,High-risk inland-flood and storm-injury counties
27161,Waseca County,MN,Minnesota,,,7,High-risk inland-flood and storm-injury counties,0.8896622136755278,0.7793264685997479,6,Lower-wage tornado and storm-injury counties
27163,Washington County,MN,Minnesota,Metro,"Minneapolis-St. Paul-Bloomington, MN-WI",7,High-risk inland-flood and storm-injury counties,0.8968011491241626,0.793884960991169,6,Lower-wage tornado and storm-injury counties
27165,Watonwan County,MN,Minnesota,,,4,"High-premium, high-tax low-hazard counties",0.9993059664540648,0.9988560456444001,0,"Transfer-reliant, temperature-variable severe-storm counties"
27167,Wilkin County,MN,Minnesota,Micro,"Wahpeton, ND-MN",4,"High-premium, high-tax low-hazard counties",0.961389143902202,0.9391919832377784,3,Older wildfire and mountain-hazard housing-market counties
27169,Winona County,MN,Minnesota,Micro,"Winona, MN",7,High-risk inland-flood and storm-injury counties,0.9878473907816531,0.9764798505695101,5,Cold-region severe-storm casualty counties
27171,Wright County,MN,Minnesota,Metro,"Minneapolis-St. Paul-Bloomington, MN-WI",7,High-risk inland-flood and storm-injury counties,0.9719563122335403,0.9440830752643455,4,"High-premium, high-tax low-hazard counties"
27173,Yellow Medicine County,MN,Minnesota,,,4,"High-premium, high-tax low-hazard counties",0.9996377990163681,0.9993942832754398,0,"Transfer-reliant, temperature-variable severe-storm counties"
28001,Adams County,MS,Mississippi,Micro,"Natchez, MS-LA",2,Lower-tax severe-storm casualty counties,0.9994185313029411,0.9988370647020293,7,High-risk inland-flood and storm-injury counties
28003,Alcorn County,MS,Mississippi,Micro,"Corinth, MS",6,Lower-wage tornado and storm-injury counties,0.9996541204490866,0.9993082428578236,7,High-risk inland-flood and storm-injury counties
28005,Amite County,MS,Mississippi,Micro,"McComb, MS",2,Lower-tax severe-storm casualty counties,0.8922282012020066,0.7844750417839238,7,High-risk inland-flood and storm-injury counties
28007,Attala County,MS,Mississippi,,,0,"Transfer-reliant, temperature-variable severe-storm counties",0.9783841814525808,0.9570501650277828,4,"High-premium, high-tax low-hazard counties"
28009,Benton County,MS,Mississippi,Metro,"Memphis, TN-MS-AR",2,Lower-tax severe-storm casualty counties,0.9435886198652951,0.8871776185278993,7,High-risk inland-flood and storm-injury counties
28011,Bolivar County,MS,Mississippi,Micro,"Cleveland, MS",6,Lower-wage tornado and storm-injury counties,0.9992920262154219,0.998584054925299,7,High-risk inland-flood and storm-injury counties
28013,Calhoun County,MS,Mississippi,,,0,"Transfer-reliant, temperature-variable severe-storm counties",0.9989252117772628,0.99792267829847,3,Older wildfire and mountain-hazard housing-market counties
28015,Carroll County,MS,Mississippi,Micro,"Greenwood, MS",2,Lower-tax severe-storm casualty counties,0.997436749615446,0.9948734993658088,7,High-risk inland-flood and storm-injury counties
28017,Chickasaw County,MS,Mississippi,,,2,Lower-tax severe-storm casualty counties,0.9895138482869459,0.979027730441842,7,High-risk inland-flood and storm-injury counties
28019,Choctaw County,MS,Mississippi,,,0,"Transfer-reliant, temperature-variable severe-storm counties",0.996885229179955,0.9939653479975421,3,Older wildfire and mountain-hazard housing-market counties
28021,Claiborne County,MS,Mississippi,Micro,"Vicksburg, MS",2,Lower-tax severe-storm casualty counties,0.9992265139469589,0.998453060817044,7,High-risk inland-flood and storm-injury counties
28023,Clarke County,MS,Mississippi,Micro,"Meridian, MS",6,Lower-wage tornado and storm-injury counties,0.9992725766204077,0.9985451562777607,7,High-risk inland-flood and storm-injury counties
28025,Clay County,MS,Mississippi,,,0,"Transfer-reliant, temperature-variable severe-storm counties",0.9937991173136337,0.9887042232938802,3,Older wildfire and mountain-hazard housing-market counties
28027,Coahoma County,MS,Mississippi,Micro,"Clarksdale, MS",2,Lower-tax severe-storm casualty counties,0.9480445170135953,0.8960892554305895,7,High-risk inland-flood and storm-injury counties
28029,Copiah County,MS,Mississippi,Metro,"Jackson, MS",0,"Transfer-reliant, temperature-variable severe-storm counties",0.9956441133904628,0.9917927280813523,7,High-risk inland-flood and storm-injury counties
28031,Covington County,MS,Mississippi,,,2,Lower-tax severe-storm casualty counties,0.9963328153454066,0.9926662110770553,7,High-risk inland-flood and storm-injury counties
28033,DeSoto County,MS,Mississippi,Metro,"Memphis, TN-MS-AR",6,Lower-wage tornado and storm-injury counties,0.91225480520264,0.8246859581070136,7,High-risk inland-flood and storm-injury counties
28035,Forrest County,MS,Mississippi,Metro,"Hattiesburg, MS",2,Lower-tax severe-storm casualty counties,0.9710599754962789,0.9421200162239414,7,High-risk inland-flood and storm-injury counties
28037,Franklin County,MS,Mississippi,,,6,Lower-wage tornado and storm-injury counties,0.9992252231028946,0.9984504469342235,7,High-risk inland-flood and storm-injury counties
28039,George County,MS,Mississippi,,,7,High-risk inland-flood and storm-injury counties,0.904582630576364,0.8091694709743967,2,Lower-tax severe-storm casualty counties
28041,Greene County,MS,Mississippi,,,6,Lower-wage tornado and storm-injury counties,0.9974825837190453,0.994965168458886,7,High-risk inland-flood and storm-injury counties
28043,Grenada County,MS,Mississippi,Micro,"Grenada, MS",6,Lower-wage tornado and storm-injury counties,0.9995563333687408,0.9991126670124626,7,High-risk inland-flood and storm-injury counties
28045,Hancock County,MS,Mississippi,Metro,"Gulfport-Biloxi-Pascagoula, MS",7,High-risk inland-flood and storm-injury counties,0.9999999745930029,0.999999960003139,1,High-tax northern housing-market storm-risk counties
28047,Harrison County,MS,Mississippi,Metro,"Gulfport-Biloxi-Pascagoula, MS",7,High-risk inland-flood and storm-injury counties,0.9999999138232206,0.99999982780983,1,High-tax northern housing-market storm-risk counties
28049,Hinds County,MS,Mississippi,Metro,"Jackson, MS",7,High-risk inland-flood and storm-injury counties,0.9995745285437457,0.9992629604937325,2,Lower-tax severe-storm casualty counties
28051,Holmes County,MS,Mississippi,,,2,Lower-tax severe-storm casualty counties,0.9975752104014199,0.9951504220409382,7,High-risk inland-flood and storm-injury counties
28053,Humphreys County,MS,Mississippi,,,2,Lower-tax severe-storm casualty counties,0.9831332793845649,0.9662665622826747,7,High-risk inland-flood and storm-injury counties
28055,Issaquena County,MS,Mississippi,,,3,Older wildfire and mountain-hazard housing-market counties,0.9569659005040029,0.9176660328122908,0,"Transfer-reliant, temperature-variable severe-storm counties"
28057,Itawamba County,MS,Mississippi,Micro,"Tupelo, MS",5,Cold-region severe-storm casualty counties,0.9996766092909716,0.9993544677836187,7,High-risk inland-flood and storm-injury counties
28059,Jackson County,MS,Mississippi,Metro,"Gulfport-Biloxi-Pascagoula, MS",7,High-risk inland-flood and storm-injury counties,0.9999995728779385,0.9999991457695053,2,Lower-tax severe-storm casualty counties
28061,Jasper County,MS,Mississippi,Micro,"Laurel, MS",2,Lower-tax severe-storm casualty counties,0.9987825062684985,0.997565022083368,7,High-risk inland-flood and storm-injury counties
28063,Jefferson County,MS,Mississippi,,,0,"Transfer-reliant, temperature-variable severe-storm counties",0.9964806643989103,0.9932529723985474,3,Older wildfire and mountain-hazard housing-market counties
28065,Jefferson Davis County,MS,Mississippi,,,2,Lower-tax severe-storm casualty counties,0.9937673447402687,0.987534805847848,7,High-risk inland-flood and storm-injury counties
28067,Jones County,MS,Mississippi,Micro,"Laurel, MS",2,Lower-tax severe-storm casualty counties,0.600505961874847,0.20101333490024803,7,High-risk inland-flood and storm-injury counties
28069,Kemper County,MS,Mississippi,Micro,"Meridian, MS",0,"Transfer-reliant, temperature-variable severe-storm counties",0.7734811742030946,0.585833058235774,3,Older wildfire and mountain-hazard housing-market counties
28071,Lafayette County,MS,Mississippi,Micro,"Oxford, MS",0,"Transfer-reliant, temperature-variable severe-storm counties",0.9875763423487218,0.9752357231276604,7,High-risk inland-flood and storm-injury counties
28073,Lamar County,MS,Mississippi,Metro,"Hattiesburg, MS",5,Cold-region severe-storm casualty counties,0.9945310376732316,0.9890646364388991,7,High-risk inland-flood and storm-injury counties
28075,Lauderdale County,MS,Mississippi,Micro,"Meridian, MS",6,Lower-wage tornado and storm-injury counties,0.9983975446752721,0.9967950943436806,7,High-risk inland-flood and storm-injury counties
28077,Lawrence County,MS,Mississippi,,,2,Lower-tax severe-storm casualty counties,0.9992702343526275,0.9985404773464965,7,High-risk inland-flood and storm-injury counties
28079,Leake County,MS,Mississippi,,,2,Lower-tax severe-storm casualty counties,0.999463537988024,0.9989270762686014,7,High-risk inland-flood and storm-injury counties
28081,Lee County,MS,Mississippi,Micro,"Tupelo, MS",6,Lower-wage tornado and storm-injury counties,0.9987579319659153,0.9975161912784308,7,High-risk inland-flood and storm-injury counties
28083,Leflore County,MS,Mississippi,Micro,"Greenwood, MS",5,Cold-region severe-storm casualty counties,0.9989392421383275,0.9978784944157718,7,High-risk inland-flood and storm-injury counties
28085,Lincoln County,MS,Mississippi,Micro,"Brookhaven, MS",6,Lower-wage tornado and storm-injury counties,0.9985300803727812,0.997060160875669,7,High-risk inland-flood and storm-injury counties
28087,Lowndes County,MS,Mississippi,Micro,"Columbus, MS",2,Lower-tax severe-storm casualty counties,0.9973192763688701,0.9946386603434907,7,High-risk inland-flood and storm-injury counties
28089,Madison County,MS,Mississippi,Metro,"Jackson, MS",2,Lower-tax severe-storm casualty counties,0.9893493885378422,0.9786989267339254,7,High-risk inland-flood and storm-injury counties
28091,Marion County,MS,Mississippi,,,2,Lower-tax severe-storm casualty counties,0.9977597935561319,0.9955195951014308,7,High-risk inland-flood and storm-injury counties
28093,Marshall County,MS,Mississippi,Metro,"Memphis, TN-MS-AR",2,Lower-tax severe-storm casualty counties,0.9895189028658454,0.9790380820364276,7,High-risk inland-flood and storm-injury counties
28095,Monroe County,MS,Mississippi,,,2,Lower-tax severe-storm casualty counties,0.9971882567687224,0.9943766488316523,7,High-risk inland-flood and storm-injury counties
28097,Montgomery County,MS,Mississippi,,,0,"Transfer-reliant, temperature-variable severe-storm counties",0.9938717510707473,0.9878609641535869,3,Older wildfire and mountain-hazard housing-market counties
28099,Neshoba County,MS,Mississippi,,,5,Cold-region severe-storm casualty counties,0.9993923601401234,0.9987847900274526,7,High-risk inland-flood and storm-injury counties
28101,Newton County,MS,Mississippi,,,0,"Transfer-reliant, temperature-variable severe-storm counties",0.9994861028524399,0.9991942875784937,4,"High-premium, high-tax low-hazard counties"
28103,Noxubee County,MS,Mississippi,,,6,Lower-wage tornado and storm-injury counties,0.9994754089640479,0.9989508181835958,7,High-risk inland-flood and storm-injury counties
28105,Oktibbeha County,MS,Mississippi,Micro,"Starkville, MS",6,Lower-wage tornado and storm-injury counties,0.9996308009917513,0.9992617130360943,7,High-risk inland-flood and storm-injury counties
28107,Panola County,MS,Mississippi,,,2,Lower-tax severe-storm casualty counties,0.9996957559021705,0.9993915139485287,7,High-risk inland-flood and storm-injury counties
28109,Pearl River County,MS,Mississippi,Micro,"Picayune, MS",5,Cold-region severe-storm casualty counties,0.5546633974705085,0.10932783223906473,7,High-risk inland-flood and storm-injury counties
28111,Perry County,MS,Mississippi,Metro,"Hattiesburg, MS",6,Lower-wage tornado and storm-injury counties,0.9984959201931447,0.9969918597874466,7,High-risk inland-flood and storm-injury counties
28113,Pike County,MS,Mississippi,Micro,"McComb, MS",0,"Transfer-reliant, temperature-variable severe-storm counties",0.9998567480257132,0.9997546742571404,7,High-risk inland-flood and storm-injury counties
28115,Pontotoc County,MS,Mississippi,Micro,"Tupelo, MS",2,Lower-tax severe-storm casualty counties,0.9985437960890221,0.9970876168687123,7,High-risk inland-flood and storm-injury counties
28117,Prentiss County,MS,Mississippi,,,0,"Transfer-reliant, temperature-variable severe-storm counties",0.9998119325811183,0.999663687764949,3,Older wildfire and mountain-hazard housing-market counties
28119,Quitman County,MS,Mississippi,,,6,Lower-wage tornado and storm-injury counties,0.9764402900144623,0.9528805849711421,7,High-risk inland-flood and storm-injury counties
28121,Rankin County,MS,Mississippi,Metro,"Jackson, MS",2,Lower-tax severe-storm casualty counties,0.883816400541279,0.7676357418566075,7,High-risk inland-flood and storm-injury counties
28123,Scott County,MS,Mississippi,,,2,Lower-tax severe-storm casualty counties,0.9989863925168077,0.9979727851491271,7,High-risk inland-flood and storm-injury counties
28125,Sharkey County,MS,Mississippi,,,2,Lower-tax severe-storm casualty counties,0.9925768407293628,0.9851537055890232,7,High-risk inland-flood and storm-injury counties
28127,Simpson County,MS,Mississippi,Metro,"Jackson, MS",2,Lower-tax severe-storm casualty counties,0.9992398290977469,0.9984796587048801,7,High-risk inland-flood and storm-injury counties
28129,Smith County,MS,Mississippi,,,0,"Transfer-reliant, temperature-variable severe-storm counties",0.9994868656043311,0.9990957134991183,3,Older wildfire and mountain-hazard housing-market counties
28131,Stone County,MS,Mississippi,,,6,Lower-wage tornado and storm-injury counties,0.9094621544956177,0.8189243141448564,7,High-risk inland-flood and storm-injury counties
28133,Sunflower County,MS,Mississippi,Micro,"Indianola, MS",6,Lower-wage tornado and storm-injury counties,0.9977379417019244,0.9954759294445881,7,High-risk inland-flood and storm-injury counties
28135,Tallahatchie County,MS,Mississippi,,,5,Cold-region severe-storm casualty counties,0.9972671444786273,0.9945343251363695,7,High-risk inland-flood and storm-injury counties
28137,Tate County,MS,Mississippi,Metro,"Memphis, TN-MS-AR",6,Lower-wage tornado and storm-injury counties,0.9985138360940546,0.9970294681170018,7,High-risk inland-flood and storm-injury counties
28139,Tippah County,MS,Mississippi,,,2,Lower-tax severe-storm casualty counties,0.9835344075691864,0.967144170461303,7,High-risk inland-flood and storm-injury counties
28141,Tishomingo County,MS,Mississippi,,,0,"Transfer-reliant, temperature-variable severe-storm counties",0.9995315144214735,0.9991955253862034,3,Older wildfire and mountain-hazard housing-market counties
28143,Tunica County,MS,Mississippi,Metro,"Memphis, TN-MS-AR",6,Lower-wage tornado and storm-injury counties,0.9983399013715947,0.9966798031522982,7,High-risk inland-flood and storm-injury counties
28145,Union County,MS,Mississippi,,,2,Lower-tax severe-storm casualty counties,0.9994663892023503,0.9989329094909275,7,High-risk inland-flood and storm-injury counties
28147,Walthall County,MS,Mississippi,,,2,Lower-tax severe-storm casualty counties,0.9763203488593855,0.9526407175246273,7,High-risk inland-flood and storm-injury counties
28149,Warren County,MS,Mississippi,Micro,"Vicksburg, MS",6,Lower-wage tornado and storm-injury counties,0.9967815863029881,0.9935636443488822,7,High-risk inland-flood and storm-injury counties
28151,Washington County,MS,Mississippi,Micro,"Greenville, MS",2,Lower-tax severe-storm casualty counties,0.9971310604869277,0.9942621212690457,7,High-risk inland-flood and storm-injury counties
28153,Wayne County,MS,Mississippi,,,6,Lower-wage tornado and storm-injury counties,0.9991960942321614,0.9983921887068583,7,High-risk inland-flood and storm-injury counties
28155,Webster County,MS,Mississippi,,,6,Lower-wage tornado and storm-injury counties,0.9990542188409872,0.9981084544599528,7,High-risk inland-flood and storm-injury counties
28157,Wilkinson County,MS,Mississippi,,,2,Lower-tax severe-storm casualty counties,0.928104948948669,0.8562390335113997,7,High-risk inland-flood and storm-injury counties
28159,Winston County,MS,Mississippi,,,0,"Transfer-reliant, temperature-variable severe-storm counties",0.9983060559885458,0.9972898070885826,4,"High-premium, high-tax low-hazard counties"
28161,Yalobusha County,MS,Mississippi,,,2,Lower-tax severe-storm casualty counties,0.8605230589870146,0.7210538190295587,7,High-risk inland-flood and storm-injury counties
28163,Yazoo County,MS,Mississippi,Metro,"Jackson, MS",2,Lower-tax severe-storm casualty counties,0.9983542252867003,0.9967084520695064,7,High-risk inland-flood and storm-injury counties
29001,Adair County,MO,Missouri,Micro,"Kirksville, MO",0,"Transfer-reliant, temperature-variable severe-storm counties",0.9964618138823836,0.994108072460733,4,"High-premium, high-tax low-hazard counties"
29003,Andrew County,MO,Missouri,Metro,"St. Joseph, MO-KS",4,"High-premium, high-tax low-hazard counties",0.9291147416806065,0.9033377102516102,7,High-risk inland-flood and storm-injury counties
29005,Atchison County,MO,Missouri,,,4,"High-premium, high-tax low-hazard counties",0.9915562248297597,0.9868234867718795,0,"Transfer-reliant, temperature-variable severe-storm counties"
29007,Audrain County,MO,Missouri,Micro,"Mexico, MO",5,Cold-region severe-storm casualty counties,0.9974764507386773,0.9949576797628029,7,High-risk inland-flood and storm-injury counties
29009,Barry County,MO,Missouri,,,5,Cold-region severe-storm casualty counties,0.9755098325957897,0.9510308231407871,7,High-risk inland-flood and storm-injury counties
29011,Barton County,MO,Missouri,,,2,Lower-tax severe-storm casualty counties,0.9992932171204991,0.9985864556273883,7,High-risk inland-flood and storm-injury counties
29013,Bates County,MO,Missouri,Metro,"Kansas City, MO-KS",5,Cold-region severe-storm casualty counties,0.999718691740426,0.999437403335396,7,High-risk inland-flood and storm-injury counties
29015,Benton County,MO,Missouri,,,5,Cold-region severe-storm casualty counties,0.999292583301929,0.9985852170527373,7,High-risk inland-flood and storm-injury counties
29017,Bollinger County,MO,Missouri,Metro,"Cape Girardeau, MO-IL",2,Lower-tax severe-storm casualty counties,0.9930501671484143,0.9861003362591488,7,High-risk inland-flood and storm-injury counties
29019,Boone County,MO,Missouri,Metro,"Columbia, MO",6,Lower-wage tornado and storm-injury counties,0.9888704360137528,0.9777706619092094,7,High-risk inland-flood and storm-injury counties
29021,Buchanan County,MO,Missouri,Metro,"St. Joseph, MO-KS",0,"Transfer-reliant, temperature-variable severe-storm counties",0.4988082543179001,0.037103977425060164,4,"High-premium, high-tax low-hazard counties"
29023,Butler County,MO,Missouri,Micro,"Poplar Bluff, MO",7,High-risk inland-flood and storm-injury counties,0.871951562037285,0.7448262642203178,2,Lower-tax severe-storm casualty counties
29025,Caldwell County,MO,Missouri,Metro,"Kansas City, MO-KS",0,"Transfer-reliant, temperature-variable severe-storm counties",0.9597449822156853,0.9354489066118326,4,"High-premium, high-tax low-hazard counties"
29027,Callaway County,MO,Missouri,Metro,"Jefferson City, MO",6,Lower-wage tornado and storm-injury counties,0.9983440867094436,0.996691794098217,7,High-risk inland-flood and storm-injury counties
29029,Camden County,MO,Missouri,,,6,Lower-wage tornado and storm-injury counties,0.9643196907921829,0.9286448299248136,7,High-risk inland-flood and storm-injury counties
29031,Cape Girardeau County,MO,Missouri,Metro,"Cape Girardeau, MO-IL",7,High-risk inland-flood and storm-injury counties,0.9524534641743775,0.9272848807528845,4,"High-premium, high-tax low-hazard counties"
29033,Carroll County,MO,Missouri,,,4,"High-premium, high-tax low-hazard counties",0.757847063821601,0.556529916070237,0,"Transfer-reliant, temperature-variable severe-storm counties"
29035,Carter County,MO,Missouri,,,2,Lower-tax severe-storm casualty counties,0.987484701075437,0.9749694090624779,7,High-risk inland-flood and storm-injury counties
29037,Cass County,MO,Missouri,Metro,"Kansas City, MO-KS",0,"Transfer-reliant, temperature-variable severe-storm counties",0.9222200309605829,0.8699948170368861,7,High-risk inland-flood and storm-injury counties
29039,Cedar County,MO,Missouri,,,0,"Transfer-reliant, temperature-variable severe-storm counties",0.9798748957975976,0.9601580043338513,4,"High-premium, high-tax low-hazard counties"
29041,Chariton County,MO,Missouri,,,3,Older wildfire and mountain-hazard housing-market counties,0.587822307498553,0.18233946718965066,0,"Transfer-reliant, temperature-variable severe-storm counties"
29043,Christian County,MO,Missouri,Metro,"Springfield, MO",2,Lower-tax severe-storm casualty counties,0.9910268240849309,0.9820542470613949,7,High-risk inland-flood and storm-injury counties
29045,Clark County,MO,Missouri,Micro,"Fort Madison-Keokuk, IA-IL-MO",6,Lower-wage tornado and storm-injury counties,0.999562833768096,0.9991256707126603,7,High-risk inland-flood and storm-injury counties
29047,Clay County,MO,Missouri,Metro,"Kansas City, MO-KS",7,High-risk inland-flood and storm-injury counties,0.6059952716027959,0.2121384295081961,6,Lower-wage tornado and storm-injury counties
29049,Clinton County,MO,Missouri,Metro,"Kansas City, MO-KS",2,Lower-tax severe-storm casualty counties,0.9977254633274054,0.9954509302784645,7,High-risk inland-flood and storm-injury counties
29051,Cole County,MO,Missouri,Metro,"Jefferson City, MO",2,Lower-tax severe-storm casualty counties,0.9422761573008979,0.8845578510490527,7,High-risk inland-flood and storm-injury counties
29053,Cooper County,MO,Missouri,,,5,Cold-region severe-storm casualty counties,0.9994499832160018,0.9989003369394832,7,High-risk inland-flood and storm-injury counties
29055,Crawford County,MO,Missouri,,,5,Cold-region severe-storm casualty counties,0.9998975137286876,0.9997952599748791,7,High-risk inland-flood and storm-injury counties
29057,Dade County,MO,Missouri,,,5,Cold-region severe-storm casualty counties,0.9992779196454841,0.9985558989166131,7,High-risk inland-flood and storm-injury counties
29059,Dallas County,MO,Missouri,Metro,"Springfield, MO",5,Cold-region severe-storm casualty counties,0.999516657808011,0.9990334986045141,7,High-risk inland-flood and storm-injury counties
29061,Daviess County,MO,Missouri,,,0,"Transfer-reliant, temperature-variable severe-storm counties",0.6629449773759526,0.34937791426100634,4,"High-premium, high-tax low-hazard counties"
29063,DeKalb County,MO,Missouri,Metro,"St. Joseph, MO-KS",0,"Transfer-reliant, temperature-variable severe-storm counties",0.9162001973592676,0.8526862189478616,4,"High-premium, high-tax low-hazard counties"
29065,Dent County,MO,Missouri,,,5,Cold-region severe-storm casualty counties,0.9997037720357644,0.9994169674058787,7,High-risk inland-flood and storm-injury counties
29067,Douglas County,MO,Missouri,,,5,Cold-region severe-storm casualty counties,0.9986554955932653,0.9973117031874276,7,High-risk inland-flood and storm-injury counties
29069,Dunklin County,MO,Missouri,Micro,"Kennett, MO",2,Lower-tax severe-storm casualty counties,0.999495191784175,0.9989903841739016,7,High-risk inland-flood and storm-injury counties
29071,Franklin County,MO,Missouri,Metro,"St. Louis, MO-IL",6,Lower-wage tornado and storm-injury counties,0.9986187133579415,0.9972391615684185,7,High-risk inland-flood and storm-injury counties
29073,Gasconade County,MO,Missouri,,,0,"Transfer-reliant, temperature-variable severe-storm counties",0.9636181248573207,0.928393440953815,3,Older wildfire and mountain-hazard housing-market counties
29075,Gentry County,MO,Missouri,,,4,"High-premium, high-tax low-hazard counties",0.9961232437589194,0.9927445447688791,0,"Transfer-reliant, temperature-variable severe-storm counties"
29077,Greene County,MO,Missouri,Metro,"Springfield, MO",7,High-risk inland-flood and storm-injury counties,0.9883403598944835,0.9766865456653561,2,Lower-tax severe-storm casualty counties
29079,Grundy County,MO,Missouri,,,0,"Transfer-reliant, temperature-variable severe-storm counties",0.999134763464344,0.998724274660962,4,"High-premium, high-tax low-hazard counties"
29081,Harrison County,MO,Missouri,,,6,Lower-wage tornado and storm-injury counties,0.9987270239568103,0.9974540502579048,7,High-risk inland-flood and storm-injury counties
29083,Henry County,MO,Missouri,,,5,Cold-region severe-storm casualty counties,0.9989886036827155,0.9979772339088993,7,High-risk inland-flood and storm-injury counties
29085,Hickory County,MO,Missouri,,,6,Lower-wage tornado and storm-injury counties,0.9986532957226947,0.9973066297049503,7,High-risk inland-flood and storm-injury counties
29087,Holt County,MO,Missouri,,,0,"Transfer-reliant, temperature-variable severe-storm counties",0.8108857762946614,0.7178067282078973,3,Older wildfire and mountain-hazard housing-market counties
29089,Howard County,MO,Missouri,,,0,"Transfer-reliant, temperature-variable severe-storm counties",0.8601404125086826,0.7225087591032685,3,Older wildfire and mountain-hazard housing-market counties
29091,Howell County,MO,Missouri,Micro,"West Plains, MO",2,Lower-tax severe-storm casualty counties,0.9984334774878472,0.9968685472041279,7,High-risk inland-flood and storm-injury counties
29093,Iron County,MO,Missouri,,,2,Lower-tax severe-storm casualty counties,0.9995181788182135,0.9990363651606433,7,High-risk inland-flood and storm-injury counties
29095,Jackson County,MO,Missouri,Metro,"Kansas City, MO-KS",2,Lower-tax severe-storm casualty counties,0.5773101676347915,0.15462033628415217,7,High-risk inland-flood and storm-injury counties
29097,Jasper County,MO,Missouri,Metro,"Joplin, MO",2,Lower-tax severe-storm casualty counties,0.8700481417803744,0.7400969288726245,7,High-risk inland-flood and storm-injury counties
29099,Jefferson County,MO,Missouri,Metro,"St. Louis, MO-IL",2,Lower-tax severe-storm casualty counties,0.5527784971403055,0.10663829140027326,7,High-risk inland-flood and storm-injury counties
29101,Johnson County,MO,Missouri,Micro,"Warrensburg, MO",2,Lower-tax severe-storm casualty counties,0.9978155168878272,0.9956312869732789,7,High-risk inland-flood and storm-injury counties
29103,Knox County,MO,Missouri,,,6,Lower-wage tornado and storm-injury counties,0.9813434221978897,0.9626924326117953,7,High-risk inland-flood and storm-injury counties
29105,Laclede County,MO,Missouri,Micro,"Lebanon, MO",5,Cold-region severe-storm casualty counties,0.9989378327708902,0.9978781543931837,7,High-risk inland-flood and storm-injury counties
29107,Lafayette County,MO,Missouri,Metro,"Kansas City, MO-KS",0,"Transfer-reliant, temperature-variable severe-storm counties",0.9992587908716665,0.9986158617738824,4,"High-premium, high-tax low-hazard counties"
29109,Lawrence County,MO,Missouri,,,2,Lower-tax severe-storm casualty counties,0.9993622251913333,0.9987244651810345,7,High-risk inland-flood and storm-injury counties
29111,Lewis County,MO,Missouri,Micro,"Quincy, IL-MO",5,Cold-region severe-storm casualty counties,0.9993918713857026,0.998783805486243,7,High-risk inland-flood and storm-injury counties
29113,Lincoln County,MO,Missouri,Metro,"St. Louis, MO-IL",0,"Transfer-reliant, temperature-variable severe-storm counties",0.9938819825190988,0.9902266969696574,7,High-risk inland-flood and storm-injury counties
29115,Linn County,MO,Missouri,,,0,"Transfer-reliant, temperature-variable severe-storm counties",0.9855618706449369,0.9724717304351963,3,Older wildfire and mountain-hazard housing-market counties
29117,Livingston County,MO,Missouri,,,0,"Transfer-reliant, temperature-variable severe-storm counties",0.9779809596262907,0.9580726598969692,4,"High-premium, high-tax low-hazard counties"
29119,McDonald County,MO,Missouri,Metro,"Fayetteville-Springdale-Rogers, AR-MO",5,Cold-region severe-storm casualty counties,0.9986403525506281,0.9972807386060296,7,High-risk inland-flood and storm-injury counties
29121,Macon County,MO,Missouri,,,0,"Transfer-reliant, temperature-variable severe-storm counties",0.8866663223207583,0.7770466262937036,3,Older wildfire and mountain-hazard housing-market counties
29123,Madison County,MO,Missouri,,,6,Lower-wage tornado and storm-injury counties,0.9995328713492686,0.9990658400443546,7,High-risk inland-flood and storm-injury counties
29125,Maries County,MO,Missouri,,,6,Lower-wage tornado and storm-injury counties,0.9995478105752792,0.9990956273104014,7,High-risk inland-flood and storm-injury counties
29127,Marion County,MO,Missouri,Micro,"Hannibal, MO",0,"Transfer-reliant, temperature-variable severe-storm counties",0.9997916225619882,0.999679540207886,3,Older wildfire and mountain-hazard housing-market counties
29129,Mercer County,MO,Missouri,,,0,"Transfer-reliant, temperature-variable severe-storm counties",0.7247290243017002,0.4962916710071028,3,Older wildfire and mountain-hazard housing-market counties
29131,Miller County,MO,Missouri,,,6,Lower-wage tornado and storm-injury counties,0.9991151799446327,0.9982306545764916,7,High-risk inland-flood and storm-injury counties
29133,Mississippi County,MO,Missouri,,,0,"Transfer-reliant, temperature-variable severe-storm counties",0.9490921672664707,0.9012777537992074,4,"High-premium, high-tax low-hazard counties"
29135,Moniteau County,MO,Missouri,Metro,"Jefferson City, MO",0,"Transfer-reliant, temperature-variable severe-storm counties",0.9882450129437635,0.9772647642053808,3,Older wildfire and mountain-hazard housing-market counties
29137,Monroe County,MO,Missouri,,,0,"Transfer-reliant, temperature-variable severe-storm counties",0.8976649669989923,0.7966962519631787,3,Older wildfire and mountain-hazard housing-market counties
29139,Montgomery County,MO,Missouri,,,6,Lower-wage tornado and storm-injury counties,0.9994414480055293,0.998882961282292,7,High-risk inland-flood and storm-injury counties
29141,Morgan County,MO,Missouri,,,0,"Transfer-reliant, temperature-variable severe-storm counties",0.7250848477363101,0.4599485274483254,4,"High-premium, high-tax low-hazard counties"
29143,New Madrid County,MO,Missouri,,,2,Lower-tax severe-storm casualty counties,0.998226683270425,0.9964533686835908,7,High-risk inland-flood and storm-injury counties
29145,Newton County,MO,Missouri,Metro,"Joplin, MO",6,Lower-wage tornado and storm-injury counties,0.8650749319283808,0.7346958982507801,7,High-risk inland-flood and storm-injury counties
29147,Nodaway County,MO,Missouri,Micro,"Maryville, MO",5,Cold-region severe-storm casualty counties,0.9988112521001347,0.9976225659581409,7,High-risk inland-flood and storm-injury counties
29149,Oregon County,MO,Missouri,,,6,Lower-wage tornado and storm-injury counties,0.9992031512140156,0.9984066734374408,7,High-risk inland-flood and storm-injury counties
29151,Osage County,MO,Missouri,Metro,"Jefferson City, MO",0,"Transfer-reliant, temperature-variable severe-storm counties",0.9883551995795469,0.9786869288012169,3,Older wildfire and mountain-hazard housing-market counties
29153,Ozark County,MO,Missouri,,,2,Lower-tax severe-storm casualty counties,0.995740492464889,0.9914811470788445,7,High-risk inland-flood and storm-injury counties
29155,Pemiscot County,MO,Missouri,,,2,Lower-tax severe-storm casualty counties,0.9991377123762741,0.9982754249720187,7,High-risk inland-flood and storm-injury counties
29157,Perry County,MO,Missouri,,,2,Lower-tax severe-storm casualty counties,0.9981721153591286,0.9963478793584163,7,High-risk inland-flood and storm-injury counties
29159,Pettis County,MO,Missouri,Micro,"Sedalia, MO",0,"Transfer-reliant, temperature-variable severe-storm counties",0.9966576263738012,0.9943259114417172,4,"High-premium, high-tax low-hazard counties"
29161,Phelps County,MO,Missouri,Micro,"Rolla, MO",6,Lower-wage tornado and storm-injury counties,0.995217464714525,0.9904627086786695,7,High-risk inland-flood and storm-injury counties
29163,Pike County,MO,Missouri,,,0,"Transfer-reliant, temperature-variable severe-storm counties",0.9983272355279251,0.9969871673999253,3,Older wildfire and mountain-hazard housing-market counties
29165,Platte County,MO,Missouri,Metro,"Kansas City, MO-KS",6,Lower-wage tornado and storm-injury counties,0.5683878761357355,0.13678184875981958,7,High-risk inland-flood and storm-injury counties
29167,Polk County,MO,Missouri,Metro,"Springfield, MO",5,Cold-region severe-storm casualty counties,0.9993880648470054,0.9987764284482907,7,High-risk inland-flood and storm-injury counties
29169,Pulaski County,MO,Missouri,Micro,"Fort Leonard Wood, MO",5,Cold-region severe-storm casualty counties,0.9087620621170649,0.8197018756293429,7,High-risk inland-flood and storm-injury counties
29171,Putnam County,MO,Missouri,,,3,Older wildfire and mountain-hazard housing-market counties,0.6391715861579526,0.2868375760841192,0,"Transfer-reliant, temperature-variable severe-storm counties"
29173,Ralls County,MO,Missouri,Micro,"Hannibal, MO",0,"Transfer-reliant, temperature-variable severe-storm counties",0.6953239545403003,0.3930138664663262,3,Older wildfire and mountain-hazard housing-market counties
29175,Randolph County,MO,Missouri,Micro,"Moberly, MO",6,Lower-wage tornado and storm-injury counties,0.9991725340062992,0.9983450810514913,7,High-risk inland-flood and storm-injury counties
29177,Ray County,MO,Missouri,Metro,"Kansas City, MO-KS",0,"Transfer-reliant, temperature-variable severe-storm counties",0.6896181941648107,0.381235299343942,4,"High-premium, high-tax low-hazard counties"
29179,Reynolds County,MO,Missouri,,,5,Cold-region severe-storm casualty counties,0.9994069238157248,0.9988139215003247,7,High-risk inland-flood and storm-injury counties
29181,Ripley County,MO,Missouri,,,6,Lower-wage tornado and storm-injury counties,0.9996760529483651,0.9993521678383763,7,High-risk inland-flood and storm-injury counties
29183,St. Charles County,MO,Missouri,Metro,"St. Louis, MO-IL",2,Lower-tax severe-storm casualty counties,0.9649382406410132,0.929876997568432,7,High-risk inland-flood and storm-injury counties
29185,St. Clair County,MO,Missouri,,,0,"Transfer-reliant, temperature-variable severe-storm counties",0.9966455421200902,0.9935332026570207,4,"High-premium, high-tax low-hazard counties"
29186,Ste. Genevieve County,MO,Missouri,,,6,Lower-wage tornado and storm-injury counties,0.9995746310541394,0.9991492935984694,7,High-risk inland-flood and storm-injury counties
29187,St. Francois County,MO,Missouri,Micro,"Farmington, MO",0,"Transfer-reliant, temperature-variable severe-storm counties",0.9995622714493173,0.9991960736839292,7,High-risk inland-flood and storm-injury counties
29189,St. Louis County,MO,Missouri,Metro,"St. Louis, MO-IL",7,High-risk inland-flood and storm-injury counties,0.9999183444503658,0.9998369652579149,1,High-tax northern housing-market storm-risk counties
29193,Ste. Genevieve County,MO,Missouri,,,0,"Transfer-reliant, temperature-variable severe-storm counties",0.9998562719732677,0.9997529508106155,4,"High-premium, high-tax low-hazard counties"
29195,Saline County,MO,Missouri,Micro,"Marshall, MO",0,"Transfer-reliant, temperature-variable severe-storm counties",0.9986291363267898,0.9976105347283051,3,Older wildfire and mountain-hazard housing-market counties
29197,Schuyler County,MO,Missouri,Micro,"Kirksville, MO",3,Older wildfire and mountain-hazard housing-market counties,0.9964265583527978,0.9931231514009728,7,High-risk inland-flood and storm-injury counties
29199,Scotland County,MO,Missouri,,,6,Lower-wage tornado and storm-injury counties,0.9996229079276288,0.9992458534144529,7,High-risk inland-flood and storm-injury counties
29201,Scott County,MO,Missouri,Micro,"Sikeston, MO",2,Lower-tax severe-storm casualty counties,0.9967965815067528,0.993594518410628,7,High-risk inland-flood and storm-injury counties
29203,Shannon County,MO,Missouri,,,0,"Transfer-reliant, temperature-variable severe-storm counties",0.9933275905833835,0.987816999523982,4,"High-premium, high-tax low-hazard counties"
29205,Shelby County,MO,Missouri,,,6,Lower-wage tornado and storm-injury counties,0.9994022885485258,0.9988045779177674,7,High-risk inland-flood and storm-injury counties
29207,Stoddard County,MO,Missouri,,,6,Lower-wage tornado and storm-injury counties,0.9948576694005803,0.9897204925340467,7,High-risk inland-flood and storm-injury counties
29209,Stone County,MO,Missouri,Micro,"Branson, MO",2,Lower-tax severe-storm casualty counties,0.9780475688955784,0.956095925646689,7,High-risk inland-flood and storm-injury counties
29211,Sullivan County,MO,Missouri,,,0,"Transfer-reliant, temperature-variable severe-storm counties",0.5561622548109753,0.11495907556084989,3,Older wildfire and mountain-hazard housing-market counties
29213,Taney County,MO,Missouri,Micro,"Branson, MO",2,Lower-tax severe-storm casualty counties,0.9953998233905641,0.9907997085778262,7,High-risk inland-flood and storm-injury counties
29215,Texas County,MO,Missouri,,,0,"Transfer-reliant, temperature-variable severe-storm counties",0.992791829420573,0.988947928847027,4,"High-premium, high-tax low-hazard counties"
29217,Vernon County,MO,Missouri,,,5,Cold-region severe-storm casualty counties,0.9998583177652766,0.9997168974951273,7,High-risk inland-flood and storm-injury counties
29219,Warren County,MO,Missouri,Metro,"St. Louis, MO-IL",6,Lower-wage tornado and storm-injury counties,0.9981779717768182,0.9963570106768879,7,High-risk inland-flood and storm-injury counties
29221,Washington County,MO,Missouri,,,6,Lower-wage tornado and storm-injury counties,0.9997880560674938,0.9995761198509299,7,High-risk inland-flood and storm-injury counties
29223,Wayne County,MO,Missouri,,,2,Lower-tax severe-storm casualty counties,0.9992155849644756,0.9984311909097323,7,High-risk inland-flood and storm-injury counties
29225,Webster County,MO,Missouri,Metro,"Springfield, MO",5,Cold-region severe-storm casualty counties,0.9986323776756557,0.997266571818006,7,High-risk inland-flood and storm-injury counties
29227,Worth County,MO,Missouri,,,3,Older wildfire and mountain-hazard housing-market counties,0.993515640983706,0.9888649211664303,7,High-risk inland-flood and storm-injury counties
29229,Wright County,MO,Missouri,,,2,Lower-tax severe-storm casualty counties,0.9958838257283984,0.9917677514537564,7,High-risk inland-flood and storm-injury counties
29510,St. Louis City,MO,Missouri,Metro,"St. Louis, MO-IL",2,Lower-tax severe-storm casualty counties,0.993903519391195,0.9878161928628022,7,High-risk inland-flood and storm-injury counties
30001,Beaverhead County,MT,Montana,,,3,Older wildfire and mountain-hazard housing-market counties,0.9882485338982244,0.9764972232395511,7,High-risk inland-flood and storm-injury counties
30003,Big Horn County,MT,Montana,,,7,High-risk inland-flood and storm-injury counties,0.999736008119737,0.9994812204569409,2,Lower-tax severe-storm casualty counties
30005,Blaine County,MT,Montana,,,3,Older wildfire and mountain-hazard housing-market counties,0.5912061567061773,0.19445262928613583,4,"High-premium, high-tax low-hazard counties"
30007,Broadwater County,MT,Montana,,,3,Older wildfire and mountain-hazard housing-market counties,0.9923591833377723,0.9847244970966117,7,High-risk inland-flood and storm-injury counties
30009,Carbon County,MT,Montana,Metro,"Billings, MT",3,Older wildfire and mountain-hazard housing-market counties,0.9829683628688902,0.9659367278685629,7,High-risk inland-flood and storm-injury counties
30011,Carter County,MT,Montana,,,3,Older wildfire and mountain-hazard housing-market counties,0.9953745583775361,0.9911827244035384,7,High-risk inland-flood and storm-injury counties
30013,Cascade County,MT,Montana,Metro,"Great Falls, MT",5,Cold-region severe-storm casualty counties,0.7612086029314075,0.5224173325083948,7,High-risk inland-flood and storm-injury counties
30015,Chouteau County,MT,Montana,,,3,Older wildfire and mountain-hazard housing-market counties,0.9847785117437439,0.9698926115226697,7,High-risk inland-flood and storm-injury counties
30017,Custer County,MT,Montana,,,2,Lower-tax severe-storm casualty counties,0.8698590260627826,0.7397250191480544,7,High-risk inland-flood and storm-injury counties
30019,Daniels County,MT,Montana,,,3,Older wildfire and mountain-hazard housing-market counties,0.9792898789281517,0.9683244079346696,7,High-risk inland-flood and storm-injury counties
30021,Dawson County,MT,Montana,,,5,Cold-region severe-storm casualty counties,0.9718877727055085,0.9437755456741803,7,High-risk inland-flood and storm-injury counties
30023,Deer Lodge County,MT,Montana,,,3,Older wildfire and mountain-hazard housing-market counties,0.9929798262872157,0.9860690163216417,7,High-risk inland-flood and storm-injury counties
30025,Fallon County,MT,Montana,,,7,High-risk inland-flood and storm-injury counties,0.9631637527811567,0.9263275129442171,6,Lower-wage tornado and storm-injury counties
30027,Fergus County,MT,Montana,,,3,Older wildfire and mountain-hazard housing-market counties,0.9419827777335552,0.9097726699264187,7,High-risk inland-flood and storm-injury counties
30029,Flathead County,MT,Montana,Micro,"Kalispell, MT",7,High-risk inland-flood and storm-injury counties,0.999850090454507,0.9997002978614399,6,Lower-wage tornado and storm-injury counties
30031,Gallatin County,MT,Montana,Micro,"Bozeman, MT",7,High-risk inland-flood and storm-injury counties,0.6723852961179051,0.34477059744535055,3,Older wildfire and mountain-hazard housing-market counties
30033,Garfield County,MT,Montana,,,3,Older wildfire and mountain-hazard housing-market counties,0.9930415825790607,0.9860915591319641,7,High-risk inland-flood and storm-injury counties
30035,Glacier County,MT,Montana,,,3,Older wildfire and mountain-hazard housing-market counties,0.9931180127787357,0.9862554625475217,7,High-risk inland-flood and storm-injury counties
30037,Golden Valley County,MT,Montana,Metro,"Billings, MT",3,Older wildfire and mountain-hazard housing-market counties,0.9563964064444832,0.9129712108466967,7,High-risk inland-flood and storm-injury counties
30039,Granite County,MT,Montana,,,3,Older wildfire and mountain-hazard housing-market counties,0.9852047466541365,0.9704102247420417,7,High-risk inland-flood and storm-injury counties
30041,Hill County,MT,Montana,,,3,Older wildfire and mountain-hazard housing-market counties,0.5688222461394961,0.21781342107525092,4,"High-premium, high-tax low-hazard counties"
30043,Jefferson County,MT,Montana,Micro,"Helena, MT",3,Older wildfire and mountain-hazard housing-market counties,0.9799132827089797,0.9599181753042473,7,High-risk inland-flood and storm-injury counties
30045,Judith Basin County,MT,Montana,,,3,Older wildfire and mountain-hazard housing-market counties,0.9878418262481365,0.9757444176593166,7,High-risk inland-flood and storm-injury counties
30047,Lake County,MT,Montana,,,3,Older wildfire and mountain-hazard housing-market counties,0.9974175685332248,0.994835783552744,7,High-risk inland-flood and storm-injury counties
30049,Lewis and Clark County,MT,Montana,Micro,"Helena, MT",7,High-risk inland-flood and storm-injury counties,0.9767379218694452,0.9534758890234889,6,Lower-wage tornado and storm-injury counties
30051,Liberty County,MT,Montana,,,3,Older wildfire and mountain-hazard housing-market counties,0.995514096296533,0.9910425524464053,7,High-risk inland-flood and storm-injury counties
30053,Lincoln County,MT,Montana,,,3,Older wildfire and mountain-hazard housing-market counties,0.9899429929604452,0.979886247708386,7,High-risk inland-flood and storm-injury counties
30055,McCone County,MT,Montana,,,4,"High-premium, high-tax low-hazard counties",0.9884962349814769,0.9795125329172554,3,Older wildfire and mountain-hazard housing-market counties
30057,Madison County,MT,Montana,,,3,Older wildfire and mountain-hazard housing-market counties,0.9713437265230425,0.942687453047299,7,High-risk inland-flood and storm-injury counties
30059,Meagher County,MT,Montana,,,3,Older wildfire and mountain-hazard housing-market counties,0.9913878695604543,0.9827779105437033,7,High-risk inland-flood and storm-injury counties
30061,Mineral County,MT,Montana,,,7,High-risk inland-flood and storm-injury counties,0.9993325044408046,0.998668279060291,3,Older wildfire and mountain-hazard housing-market counties
30063,Missoula County,MT,Montana,Metro,"Missoula, MT",3,Older wildfire and mountain-hazard housing-market counties,0.756339752651756,0.514118479880635,7,High-risk inland-flood and storm-injury counties
30065,Musselshell County,MT,Montana,,,3,Older wildfire and mountain-hazard housing-market counties,0.6501700847234144,0.3621533315705949,4,"High-premium, high-tax low-hazard counties"
30067,Park County,MT,Montana,,,3,Older wildfire and mountain-hazard housing-market counties,0.9480051779937142,0.8960103563248276,7,High-risk inland-flood and storm-injury counties
30069,Petroleum County,MT,Montana,,,3,Older wildfire and mountain-hazard housing-market counties,0.9809262719535581,0.9618585494969533,7,High-risk inland-flood and storm-injury counties
30071,Phillips County,MT,Montana,,,4,"High-premium, high-tax low-hazard counties",0.6860871105399341,0.3887199025191985,3,Older wildfire and mountain-hazard housing-market counties
30073,Pondera County,MT,Montana,,,3,Older wildfire and mountain-hazard housing-market counties,0.9982133224217183,0.9964537592644663,7,High-risk inland-flood and storm-injury counties
30075,Powder River County,MT,Montana,,,3,Older wildfire and mountain-hazard housing-market counties,0.9817807431266087,0.9636110448339273,7,High-risk inland-flood and storm-injury counties
30077,Powell County,MT,Montana,,,7,High-risk inland-flood and storm-injury counties,0.997943713587733,0.995912502938297,5,Cold-region severe-storm casualty counties
30079,Prairie County,MT,Montana,,,3,Older wildfire and mountain-hazard housing-market counties,0.9944058109204946,0.9906092609956486,7,High-risk inland-flood and storm-injury counties
30081,Ravalli County,MT,Montana,,,3,Older wildfire and mountain-hazard housing-market counties,0.9716170262634319,0.9432341812482278,7,High-risk inland-flood and storm-injury counties
30083,Richland County,MT,Montana,,,6,Lower-wage tornado and storm-injury counties,0.5047671137462081,0.009543517304935856,7,High-risk inland-flood and storm-injury counties
30085,Roosevelt County,MT,Montana,,,4,"High-premium, high-tax low-hazard counties",0.9990712315105243,0.9985897399218565,7,High-risk inland-flood and storm-injury counties
30087,Rosebud County,MT,Montana,,,3,Older wildfire and mountain-hazard housing-market counties,0.9606678475185513,0.9314711258253117,7,High-risk inland-flood and storm-injury counties
30089,Sanders County,MT,Montana,,,3,Older wildfire and mountain-hazard housing-market counties,0.9937667627804542,0.9875336335865514,7,High-risk inland-flood and storm-injury counties
30091,Sheridan County,MT,Montana,,,4,"High-premium, high-tax low-hazard counties",0.9801617995822358,0.9698759037902607,7,High-risk inland-flood and storm-injury counties
30093,Silver Bow County,MT,Montana,Micro,"Butte-Silver Bow, MT",3,Older wildfire and mountain-hazard housing-market counties,0.9961641973436678,0.9929596901333866,7,High-risk inland-flood and storm-injury counties
30095,Stillwater County,MT,Montana,,,3,Older wildfire and mountain-hazard housing-market counties,0.9849079978428417,0.96981625361032,7,High-risk inland-flood and storm-injury counties
30097,Sweet Grass County,MT,Montana,,,3,Older wildfire and mountain-hazard housing-market counties,0.9856763340896008,0.9713530230415719,7,High-risk inland-flood and storm-injury counties
30099,Teton County,MT,Montana,,,3,Older wildfire and mountain-hazard housing-market counties,0.9741868573511488,0.9494410874364513,7,High-risk inland-flood and storm-injury counties
30101,Toole County,MT,Montana,,,3,Older wildfire and mountain-hazard housing-market counties,0.995586770405081,0.991176371470483,7,High-risk inland-flood and storm-injury counties
30103,Treasure County,MT,Montana,,,3,Older wildfire and mountain-hazard housing-market counties,0.5714317613106917,0.1428936679248305,7,High-risk inland-flood and storm-injury counties
30105,Valley County,MT,Montana,,,4,"High-premium, high-tax low-hazard counties",0.9941602204931227,0.9906434561754253,7,High-risk inland-flood and storm-injury counties
30107,Wheatland County,MT,Montana,,,3,Older wildfire and mountain-hazard housing-market counties,0.9855179768618145,0.9713051495047067,7,High-risk inland-flood and storm-injury counties
30109,Wibaux County,MT,Montana,,,3,Older wildfire and mountain-hazard housing-market counties,0.9507288917032936,0.9014627370760357,7,High-risk inland-flood and storm-injury counties
30111,Yellowstone County,MT,Montana,Metro,"Billings, MT",6,Lower-wage tornado and storm-injury counties,0.6933030013668158,0.38660624676356276,7,High-risk inland-flood and storm-injury counties
30901,Park County,MT,Montana,,,0,"Transfer-reliant, temperature-variable severe-storm counties",0.9998636048889926,0.999768093995227,4,"High-premium, high-tax low-hazard counties"
31001,Adams County,NE,Nebraska,Micro,"Hastings, NE",6,Lower-wage tornado and storm-injury counties,0.8210183188093754,0.6420836670983671,7,High-risk inland-flood and storm-injury counties
31003,Antelope County,NE,Nebraska,,,4,"High-premium, high-tax low-hazard counties",0.974919997740662,0.9557813063216348,0,"Transfer-reliant, temperature-variable severe-storm counties"
31005,Arthur County,NE,Nebraska,,,7,High-risk inland-flood and storm-injury counties,0.9498764505043388,0.8998287545375834,3,Older wildfire and mountain-hazard housing-market counties
31007,Banner County,NE,Nebraska,Micro,"Scottsbluff, NE",3,Older wildfire and mountain-hazard housing-market counties,0.785568357681842,0.6738166662547738,4,"High-premium, high-tax low-hazard counties"
31009,Blaine County,NE,Nebraska,,,4,"High-premium, high-tax low-hazard counties",0.7686052837572748,0.5414452031290101,3,Older wildfire and mountain-hazard housing-market counties
31011,Boone County,NE,Nebraska,,,4,"High-premium, high-tax low-hazard counties",0.9996113544986585,0.9993828502459136,0,"Transfer-reliant, temperature-variable severe-storm counties"
31013,Box Butte County,NE,Nebraska,,,4,"High-premium, high-tax low-hazard counties",0.9985322229989745,0.9978138564532026,0,"Transfer-reliant, temperature-variable severe-storm counties"
31015,Boyd County,NE,Nebraska,,,7,High-risk inland-flood and storm-injury counties,0.6366981166017293,0.27339623504734806,5,Cold-region severe-storm casualty counties
31017,Brown County,NE,Nebraska,,,4,"High-premium, high-tax low-hazard counties",0.9965766329358856,0.9940035371991943,3,Older wildfire and mountain-hazard housing-market counties
31019,Buffalo County,NE,Nebraska,Micro,"Kearney, NE",7,High-risk inland-flood and storm-injury counties,0.8544052193602723,0.7088402802345468,4,"High-premium, high-tax low-hazard counties"
31021,Burt County,NE,Nebraska,,,6,Lower-wage tornado and storm-injury counties,0.993891863277185,0.9877837287678982,7,High-risk inland-flood and storm-injury counties
31023,Butler County,NE,Nebraska,,,4,"High-premium, high-tax low-hazard counties",0.9997841959508493,0.9996152243510433,7,High-risk inland-flood and storm-injury counties
31025,Cass County,NE,Nebraska,Metro,"Omaha-Council Bluffs, NE-IA",6,Lower-wage tornado and storm-injury counties,0.8188048872036884,0.6376117192457881,7,High-risk inland-flood and storm-injury counties
31027,Cedar County,NE,Nebraska,,,4,"High-premium, high-tax low-hazard counties",0.999335909233944,0.9990094256886336,0,"Transfer-reliant, temperature-variable severe-storm counties"
31029,Chase County,NE,Nebraska,,,4,"High-premium, high-tax low-hazard counties",0.9989832756339422,0.9981718401061878,0,"Transfer-reliant, temperature-variable severe-storm counties"
31031,Cherry County,NE,Nebraska,,,4,"High-premium, high-tax low-hazard counties",0.9994225420262074,0.9988674166271426,7,High-risk inland-flood and storm-injury counties
31033,Cheyenne County,NE,Nebraska,,,4,"High-premium, high-tax low-hazard counties",0.9984086706165669,0.9977816436258262,7,High-risk inland-flood and storm-injury counties
31035,Clay County,NE,Nebraska,,,4,"High-premium, high-tax low-hazard counties",0.9981128986040505,0.9966570305548036,0,"Transfer-reliant, temperature-variable severe-storm counties"
31037,Colfax County,NE,Nebraska,,,4,"High-premium, high-tax low-hazard counties",0.9931587556692402,0.9863220938744556,7,High-risk inland-flood and storm-injury counties
31039,Cuming County,NE,Nebraska,,,4,"High-premium, high-tax low-hazard counties",0.9993716143861697,0.9987525877695824,7,High-risk inland-flood and storm-injury counties
31041,Custer County,NE,Nebraska,,,4,"High-premium, high-tax low-hazard counties",0.9919214320714318,0.9848104932188964,0,"Transfer-reliant, temperature-variable severe-storm counties"
31043,Dakota County,NE,Nebraska,Metro,"Sioux City, IA-NE-SD",4,"High-premium, high-tax low-hazard counties",0.9111351012850353,0.860076700916026,7,High-risk inland-flood and storm-injury counties
31045,Dawes County,NE,Nebraska,,,4,"High-premium, high-tax low-hazard counties",0.9914516488184537,0.9865756897761183,3,Older wildfire and mountain-hazard housing-market counties
31047,Dawson County,NE,Nebraska,Micro,"Lexington, NE",2,Lower-tax severe-storm casualty counties,0.8406582539216589,0.6813170109425694,7,High-risk inland-flood and storm-injury counties
31049,Deuel County,NE,Nebraska,,,3,Older wildfire and mountain-hazard housing-market counties,0.8986806143008377,0.8103878197319636,4,"High-premium, high-tax low-hazard counties"
31051,Dixon County,NE,Nebraska,Metro,"Sioux City, IA-NE-SD",4,"High-premium, high-tax low-hazard counties",0.9557204002289716,0.9222370721784764,3,Older wildfire and mountain-hazard housing-market counties
31053,Dodge County,NE,Nebraska,Micro,"Fremont, NE",7,High-risk inland-flood and storm-injury counties,0.7402373072562514,0.4808630441960587,6,Lower-wage tornado and storm-injury counties
31055,Douglas County,NE,Nebraska,Metro,"Omaha-Council Bluffs, NE-IA",7,High-risk inland-flood and storm-injury counties,0.996930973284165,0.9938619466254789,2,Lower-tax severe-storm casualty counties
31057,Dundy County,NE,Nebraska,,,4,"High-premium, high-tax low-hazard counties",0.9986143666427637,0.9979311052692359,3,Older wildfire and mountain-hazard housing-market counties
31059,Fillmore County,NE,Nebraska,,,4,"High-premium, high-tax low-hazard counties",0.9981595954467318,0.9968217141809578,0,"Transfer-reliant, temperature-variable severe-storm counties"
31061,Franklin County,NE,Nebraska,,,4,"High-premium, high-tax low-hazard counties",0.9900613681585768,0.9813519351971286,0,"Transfer-reliant, temperature-variable severe-storm counties"
31063,Frontier County,NE,Nebraska,,,4,"High-premium, high-tax low-hazard counties",0.9995755429539048,0.9993053329465196,0,"Transfer-reliant, temperature-variable severe-storm counties"
31065,Furnas County,NE,Nebraska,,,4,"High-premium, high-tax low-hazard counties",0.9986464893107471,0.997881179003492,7,High-risk inland-flood and storm-injury counties
31067,Gage County,NE,Nebraska,Micro,"Beatrice, NE",4,"High-premium, high-tax low-hazard counties",0.9980948230790031,0.9962106144466715,7,High-risk inland-flood and storm-injury counties
31069,Garden County,NE,Nebraska,,,5,Cold-region severe-storm casualty counties,0.9857949658246374,0.9715899820894837,7,High-risk inland-flood and storm-injury counties
31071,Garfield County,NE,Nebraska,,,3,Older wildfire and mountain-hazard housing-market counties,0.9722864553894937,0.9583361221402328,7,High-risk inland-flood and storm-injury counties
31073,Gosper County,NE,Nebraska,Micro,"Lexington, NE",4,"High-premium, high-tax low-hazard counties",0.8947029061575055,0.7979560613764073,3,Older wildfire and mountain-hazard housing-market counties
31075,Grant County,NE,Nebraska,,,7,High-risk inland-flood and storm-injury counties,0.7759602708728519,0.55192054185251,6,Lower-wage tornado and storm-injury counties
31077,Greeley County,NE,Nebraska,,,4,"High-premium, high-tax low-hazard counties",0.9598232810473297,0.9366447531194861,3,Older wildfire and mountain-hazard housing-market counties
31079,Hall County,NE,Nebraska,Metro,"Grand Island, NE",2,Lower-tax severe-storm casualty counties,0.7665602128357557,0.5331204776763111,7,High-risk inland-flood and storm-injury counties
31081,Hamilton County,NE,Nebraska,Metro,"Grand Island, NE",4,"High-premium, high-tax low-hazard counties",0.9948006164283101,0.989966809324933,0,"Transfer-reliant, temperature-variable severe-storm counties"
31083,Harlan County,NE,Nebraska,,,4,"High-premium, high-tax low-hazard counties",0.9981015324311455,0.9965552345509215,7,High-risk inland-flood and storm-injury counties
31085,Hayes County,NE,Nebraska,,,4,"High-premium, high-tax low-hazard counties",0.9982596013733296,0.9967542426400029,7,High-risk inland-flood and storm-injury counties
31087,Hitchcock County,NE,Nebraska,,,5,Cold-region severe-storm casualty counties,0.7274596288953511,0.454919258306942,7,High-risk inland-flood and storm-injury counties
31089,Holt County,NE,Nebraska,,,7,High-risk inland-flood and storm-injury counties,0.5364436169827528,0.07289091296288247,6,Lower-wage tornado and storm-injury counties
31091,Hooker County,NE,Nebraska,,,3,Older wildfire and mountain-hazard housing-market counties,0.9548241052986689,0.9101833043391028,7,High-risk inland-flood and storm-injury counties
31093,Howard County,NE,Nebraska,Metro,"Grand Island, NE",4,"High-premium, high-tax low-hazard counties",0.9989987833127548,0.9980371041578753,7,High-risk inland-flood and storm-injury counties
31095,Jefferson County,NE,Nebraska,,,5,Cold-region severe-storm casualty counties,0.9769881412580951,0.9539762825763387,7,High-risk inland-flood and storm-injury counties
31097,Johnson County,NE,Nebraska,,,4,"High-premium, high-tax low-hazard counties",0.9628505611531514,0.9348187126493764,3,Older wildfire and mountain-hazard housing-market counties
31099,Kearney County,NE,Nebraska,Micro,"Kearney, NE",4,"High-premium, high-tax low-hazard counties",0.9960013257634059,0.9925386084649104,0,"Transfer-reliant, temperature-variable severe-storm counties"
31101,Keith County,NE,Nebraska,,,6,Lower-wage tornado and storm-injury counties,0.9804154667431393,0.9608309436680557,7,High-risk inland-flood and storm-injury counties
31103,Keya Paha County,NE,Nebraska,,,3,Older wildfire and mountain-hazard housing-market counties,0.9807315215573136,0.9676287982069081,7,High-risk inland-flood and storm-injury counties
31105,Kimball County,NE,Nebraska,,,4,"High-premium, high-tax low-hazard counties",0.9856087246099103,0.9775871904410527,3,Older wildfire and mountain-hazard housing-market counties
31107,Knox County,NE,Nebraska,,,4,"High-premium, high-tax low-hazard counties",0.9827880774658531,0.9671050638272102,0,"Transfer-reliant, temperature-variable severe-storm counties"
31109,Lancaster County,NE,Nebraska,Metro,"Lincoln, NE",7,High-risk inland-flood and storm-injury counties,0.9967370046021579,0.9935326669333395,6,Lower-wage tornado and storm-injury counties
31111,Lincoln County,NE,Nebraska,Micro,"North Platte, NE",6,Lower-wage tornado and storm-injury counties,0.5004734736199532,0.0010604007201965304,7,High-risk inland-flood and storm-injury counties
31113,Logan County,NE,Nebraska,Micro,"North Platte, NE",4,"High-premium, high-tax low-hazard counties",0.7348066011555142,0.5994049681849997,3,Older wildfire and mountain-hazard housing-market counties
31115,Loup County,NE,Nebraska,,,3,Older wildfire and mountain-hazard housing-market counties,0.9938320038980948,0.98777885274303,7,High-risk inland-flood and storm-injury counties
31117,McPherson County,NE,Nebraska,Micro,"North Platte, NE",3,Older wildfire and mountain-hazard housing-market counties,0.7515166281592169,0.5032681694770059,7,High-risk inland-flood and storm-injury counties
31119,Madison County,NE,Nebraska,Micro,"Norfolk, NE",5,Cold-region severe-storm casualty counties,0.8317015441413388,0.6634030883043385,7,High-risk inland-flood and storm-injury counties
31121,Merrick County,NE,Nebraska,Metro,"Grand Island, NE",4,"High-premium, high-tax low-hazard counties",0.9969050331541047,0.9940111137955309,0,"Transfer-reliant, temperature-variable severe-storm counties"
31123,Morrill County,NE,Nebraska,,,4,"High-premium, high-tax low-hazard counties",0.998486888608514,0.9975832659695055,7,High-risk inland-flood and storm-injury counties
31125,Nance County,NE,Nebraska,,,4,"High-premium, high-tax low-hazard counties",0.993905196328892,0.9897302639083075,3,Older wildfire and mountain-hazard housing-market counties
31127,Nemaha County,NE,Nebraska,,,4,"High-premium, high-tax low-hazard counties",0.999758157323309,0.9995514077177671,7,High-risk inland-flood and storm-injury counties
31129,Nuckolls County,NE,Nebraska,,,4,"High-premium, high-tax low-hazard counties",0.99945771494005,0.9990785145625778,7,High-risk inland-flood and storm-injury counties
31131,Otoe County,NE,Nebraska,,,4,"High-premium, high-tax low-hazard counties",0.9994079272915841,0.9988287910910782,7,High-risk inland-flood and storm-injury counties
31133,Pawnee County,NE,Nebraska,,,4,"High-premium, high-tax low-hazard counties",0.943187976874959,0.9092777835571356,7,High-risk inland-flood and storm-injury counties
31135,Perkins County,NE,Nebraska,,,4,"High-premium, high-tax low-hazard counties",0.9994089886771456,0.9991698459559984,7,High-risk inland-flood and storm-injury counties
31137,Phelps County,NE,Nebraska,,,4,"High-premium, high-tax low-hazard counties",0.9973663026153083,0.9950939131533755,0,"Transfer-reliant, temperature-variable severe-storm counties"
31139,Pierce County,NE,Nebraska,Micro,"Norfolk, NE",4,"High-premium, high-tax low-hazard counties",0.9983690745757882,0.9967661280813269,7,High-risk inland-flood and storm-injury counties
31141,Platte County,NE,Nebraska,Micro,"Columbus, NE",7,High-risk inland-flood and storm-injury counties,0.6006264645610604,0.20125479214710457,2,Lower-tax severe-storm casualty counties
31143,Polk County,NE,Nebraska,,,6,Lower-wage tornado and storm-injury counties,0.7755077598171418,0.5510155321565456,7,High-risk inland-flood and storm-injury counties
31145,Red Willow County,NE,Nebraska,,,4,"High-premium, high-tax low-hazard counties",0.9980524405172048,0.9970898098772893,7,High-risk inland-flood and storm-injury counties
31147,Richardson County,NE,Nebraska,,,4,"High-premium, high-tax low-hazard counties",0.9997224486704731,0.999470214439389,7,High-risk inland-flood and storm-injury counties
31149,Rock County,NE,Nebraska,,,4,"High-premium, high-tax low-hazard counties",0.8808091042908379,0.7672220838879245,3,Older wildfire and mountain-hazard housing-market counties
31151,Saline County,NE,Nebraska,,,4,"High-premium, high-tax low-hazard counties",0.981989393627704,0.9639868854548642,7,High-risk inland-flood and storm-injury counties
31153,Sarpy County,NE,Nebraska,Metro,"Omaha-Council Bluffs, NE-IA",7,High-risk inland-flood and storm-injury counties,0.9998971097863638,0.9997959486415563,4,"High-premium, high-tax low-hazard counties"
31155,Saunders County,NE,Nebraska,Metro,"Omaha-Council Bluffs, NE-IA",4,"High-premium, high-tax low-hazard counties",0.9814162961388798,0.9628386183301698,7,High-risk inland-flood and storm-injury counties
31157,Scotts Bluff County,NE,Nebraska,Micro,"Scottsbluff, NE",6,Lower-wage tornado and storm-injury counties,0.507354935446987,0.014713676061795689,7,High-risk inland-flood and storm-injury counties
31159,Seward County,NE,Nebraska,Metro,"Lincoln, NE",4,"High-premium, high-tax low-hazard counties",0.9996140127091135,0.9992566802216871,7,High-risk inland-flood and storm-injury counties
31161,Sheridan County,NE,Nebraska,,,4,"High-premium, high-tax low-hazard counties",0.9993757534196693,0.9991087331583984,7,High-risk inland-flood and storm-injury counties
31163,Sherman County,NE,Nebraska,,,4,"High-premium, high-tax low-hazard counties",0.9939508098557531,0.9879058754250063,7,High-risk inland-flood and storm-injury counties
31165,Sioux County,NE,Nebraska,Micro,"Scottsbluff, NE",7,High-risk inland-flood and storm-injury counties,0.693033540896674,0.38606712439735014,6,Lower-wage tornado and storm-injury counties
31167,Stanton County,NE,Nebraska,Micro,"Norfolk, NE",4,"High-premium, high-tax low-hazard counties",0.9976741138691588,0.9953482681545807,7,High-risk inland-flood and storm-injury counties
31169,Thayer County,NE,Nebraska,,,4,"High-premium, high-tax low-hazard counties",0.999412157956709,0.9989952198603729,7,High-risk inland-flood and storm-injury counties
31171,Thomas County,NE,Nebraska,,,7,High-risk inland-flood and storm-injury counties,0.8534251822573187,0.7096260387867108,3,Older wildfire and mountain-hazard housing-market counties
31173,Thurston County,NE,Nebraska,,,4,"High-premium, high-tax low-hazard counties",0.9987509531739946,0.9978617973288405,7,High-risk inland-flood and storm-injury counties
31175,Valley County,NE,Nebraska,,,4,"High-premium, high-tax low-hazard counties",0.9983523858071417,0.9975166325979866,0,"Transfer-reliant, temperature-variable severe-storm counties"
31177,Washington County,NE,Nebraska,Metro,"Omaha-Council Bluffs, NE-IA",6,Lower-wage tornado and storm-injury counties,0.806755044074947,0.613510153356095,7,High-risk inland-flood and storm-injury counties
31179,Wayne County,NE,Nebraska,,,4,"High-premium, high-tax low-hazard counties",0.9996350526375796,0.9992854956056284,7,High-risk inland-flood and storm-injury counties
31181,Webster County,NE,Nebraska,,,4,"High-premium, high-tax low-hazard counties",0.9833350454186693,0.9669742499064298,0,"Transfer-reliant, temperature-variable severe-storm counties"
31183,Wheeler County,NE,Nebraska,,,3,Older wildfire and mountain-hazard housing-market counties,0.9087189642087876,0.8263623511626907,4,"High-premium, high-tax low-hazard counties"
31185,York County,NE,Nebraska,,,6,Lower-wage tornado and storm-injury counties,0.9722740194118346,0.9445486219248949,7,High-risk inland-flood and storm-injury counties
32001,Churchill County,NV,Nevada,Micro,"Fallon, NV",3,Older wildfire and mountain-hazard housing-market counties,0.9731694972583922,0.9463406129137891,7,High-risk inland-flood and storm-injury counties
32003,Clark County,NV,Nevada,Metro,"Las Vegas-Henderson-Paradise, NV",7,High-risk inland-flood and storm-injury counties,1.0,0.9999999999999964,2,Lower-tax severe-storm casualty counties
32005,Douglas County,NV,Nevada,Micro,"Gardnerville Ranchos, NV",7,High-risk inland-flood and storm-injury counties,0.9872697020285823,0.9745394040597075,3,Older wildfire and mountain-hazard housing-market counties
32007,Elko County,NV,Nevada,Micro,"Elko, NV",7,High-risk inland-flood and storm-injury counties,0.9999825080593953,0.9999650161226975,6,Lower-wage tornado and storm-injury counties
32009,Esmeralda County,NV,Nevada,,,7,High-risk inland-flood and storm-injury counties,0.9999087922692854,0.9998175845385785,3,Older wildfire and mountain-hazard housing-market counties
32011,Eureka County,NV,Nevada,Micro,"Elko, NV",3,Older wildfire and mountain-hazard housing-market counties,0.9426463988985195,0.8852927978008932,7,High-risk inland-flood and storm-injury counties
32013,Humboldt County,NV,Nevada,Micro,"Winnemucca, NV",7,High-risk inland-flood and storm-injury counties,0.7760458115389007,0.5520916233337555,3,Older wildfire and mountain-hazard housing-market counties
32015,Lander County,NV,Nevada,,,3,Older wildfire and mountain-hazard housing-market counties,0.8881793795527652,0.7763587640670059,7,High-risk inland-flood and storm-injury counties
32017,Lincoln County,NV,Nevada,,,3,Older wildfire and mountain-hazard housing-market counties,0.6055863408713203,0.21117268177190196,7,High-risk inland-flood and storm-injury counties
32019,Lyon County,NV,Nevada,Micro,"Fernley, NV",7,High-risk inland-flood and storm-injury counties,0.9933868689103786,0.986773738159692,3,Older wildfire and mountain-hazard housing-market counties
32021,Mineral County,NV,Nevada,,,3,Older wildfire and mountain-hazard housing-market counties,0.8828001021097774,0.7656002042516903,7,High-risk inland-flood and storm-injury counties
32023,Nye County,NV,Nevada,Micro,"Pahrump, NV",7,High-risk inland-flood and storm-injury counties,0.99997461700167,0.9999492340033569,6,Lower-wage tornado and storm-injury counties
32027,Pershing County,NV,Nevada,,,7,High-risk inland-flood and storm-injury counties,0.6853086375767875,0.37061727515746345,3,Older wildfire and mountain-hazard housing-market counties
32029,Storey County,NV,Nevada,Metro,"Reno, NV",7,High-risk inland-flood and storm-injury counties,0.8410455293877305,0.6820910594634426,3,Older wildfire and mountain-hazard housing-market counties
32031,Washoe County,NV,Nevada,Metro,"Reno, NV",7,High-risk inland-flood and storm-injury counties,0.9998906138722269,0.9997812306025547,3,Older wildfire and mountain-hazard housing-market counties
32033,White Pine County,NV,Nevada,,,3,Older wildfire and mountain-hazard housing-market counties,0.9508384512385294,0.9016770059215863,7,High-risk inland-flood and storm-injury counties
32510,Carson City,NV,Nevada,Metro,"Carson City, NV",3,Older wildfire and mountain-hazard housing-market counties,0.9870915346842692,0.9741830910415166,7,High-risk inland-flood and storm-injury counties
33001,Belknap County,NH,New Hampshire,Micro,"Laconia, NH",0,"Transfer-reliant, temperature-variable severe-storm counties",0.487481226472244,0.2981554831932358,3,Older wildfire and mountain-hazard housing-market counties
33003,Carroll County,NH,New Hampshire,,,0,"Transfer-reliant, temperature-variable severe-storm counties",0.39809416333995506,0.11831488953422903,1,High-tax northern housing-market storm-risk counties
33005,Cheshire County,NH,New Hampshire,Micro,"Keene, NH",6,Lower-wage tornado and storm-injury counties,0.7218602366621428,0.4531922770081566,1,High-tax northern housing-market storm-risk counties
33007,Coos County,NH,New Hampshire,Micro,"Berlin, NH-VT",7,High-risk inland-flood and storm-injury counties,0.5481912930734468,0.10050266360298471,1,High-tax northern housing-market storm-risk counties
33009,Grafton County,NH,New Hampshire,Micro,"Claremont-Lebanon, NH-VT",1,High-tax northern housing-market storm-risk counties,0.5508457049520051,0.27538970562227155,0,"Transfer-reliant, temperature-variable severe-storm counties"
33011,Hillsborough County,NH,New Hampshire,Metro,"Manchester-Nashua, NH",6,Lower-wage tornado and storm-injury counties,0.9573164623948138,0.9274145154533816,7,High-risk inland-flood and storm-injury counties
33013,Merrimack County,NH,New Hampshire,Micro,"Concord, NH",6,Lower-wage tornado and storm-injury counties,0.45040953913062326,0.02142956705129817,1,High-tax northern housing-market storm-risk counties
33015,Rockingham County,NH,New Hampshire,Metro,"Boston-Cambridge-Newton, MA-NH",7,High-risk inland-flood and storm-injury counties,0.9590104559370023,0.9370372320190086,6,Lower-wage tornado and storm-injury counties
33017,Strafford County,NH,New Hampshire,Metro,"Boston-Cambridge-Newton, MA-NH",6,Lower-wage tornado and storm-injury counties,0.9036884004279642,0.811154020080576,7,High-risk inland-flood and storm-injury counties
33019,Sullivan County,NH,New Hampshire,Micro,"Claremont-Lebanon, NH-VT",5,Cold-region severe-storm casualty counties,0.9773920099159346,0.9625010179726112,1,High-tax northern housing-market storm-risk counties
34001,Atlantic County,NJ,New Jersey,Metro,"Atlantic City-Hammonton, NJ",7,High-risk inland-flood and storm-injury counties,0.9954436776525554,0.9908873980103383,1,High-tax northern housing-market storm-risk counties
34003,Bergen County,NJ,New Jersey,Metro,"New York-Newark-Jersey City, NY-NJ-PA",7,High-risk inland-flood and storm-injury counties,0.9979092114017165,0.995876904103065,1,High-tax northern housing-market storm-risk counties
34005,Burlington County,NJ,New Jersey,Metro,"Philadelphia-Camden-Wilmington, PA-NJ-DE-MD",7,High-risk inland-flood and storm-injury counties,0.9744924951509684,0.9505221988685766,2,Lower-tax severe-storm casualty counties
34007,Camden County,NJ,New Jersey,Metro,"Philadelphia-Camden-Wilmington, PA-NJ-DE-MD",7,High-risk inland-flood and storm-injury counties,0.9557988089605651,0.9117146863918654,1,High-tax northern housing-market storm-risk counties
34009,Cape May County,NJ,New Jersey,Metro,"Ocean City, NJ",7,High-risk inland-flood and storm-injury counties,0.995033085104533,0.9904884138258535,1,High-tax northern housing-market storm-risk counties
34011,Cumberland County,NJ,New Jersey,Metro,"Vineland-Bridgeton, NJ",7,High-risk inland-flood and storm-injury counties,0.9841265147614723,0.9727953218397971,1,High-tax northern housing-market storm-risk counties
34013,Essex County,NJ,New Jersey,Metro,"New York-Newark-Jersey City, NY-NJ-PA",7,High-risk inland-flood and storm-injury counties,0.9982552743680275,0.9968229619475156,5,Cold-region severe-storm casualty counties
34015,Gloucester County,NJ,New Jersey,Metro,"Philadelphia-Camden-Wilmington, PA-NJ-DE-MD",7,High-risk inland-flood and storm-injury counties,0.9549210374749452,0.9100156475043967,1,High-tax northern housing-market storm-risk counties
34017,Hudson County,NJ,New Jersey,Metro,"New York-Newark-Jersey City, NY-NJ-PA",7,High-risk inland-flood and storm-injury counties,0.999911051523765,0.9998354238720721,1,High-tax northern housing-market storm-risk counties
34019,Hunterdon County,NJ,New Jersey,Metro,"New York-Newark-Jersey City, NY-NJ-PA",2,Lower-tax severe-storm casualty counties,0.9895451975768386,0.9791759896522839,7,High-risk inland-flood and storm-injury counties
34021,Mercer County,NJ,New Jersey,Metro,"Trenton, NJ",7,High-risk inland-flood and storm-injury counties,0.9812594267203364,0.9656856494551395,5,Cold-region severe-storm casualty counties
34023,Middlesex County,NJ,New Jersey,Metro,"New York-Newark-Jersey City, NY-NJ-PA",7,High-risk inland-flood and storm-injury counties,0.9928757473174926,0.9873629290836546,2,Lower-tax severe-storm casualty counties
34025,Monmouth County,NJ,New Jersey,Metro,"New York-Newark-Jersey City, NY-NJ-PA",7,High-risk inland-flood and storm-injury counties,0.9995532446723477,0.9991065228404655,1,High-tax northern housing-market storm-risk counties
34027,Morris County,NJ,New Jersey,Metro,"New York-Newark-Jersey City, NY-NJ-PA",7,High-risk inland-flood and storm-injury counties,0.8411136930661605,0.7022635242453352,2,Lower-tax severe-storm casualty counties
34029,Ocean County,NJ,New Jersey,Metro,"New York-Newark-Jersey City, NY-NJ-PA",7,High-risk inland-flood and storm-injury counties,0.9997851156572827,0.9995918248373861,2,Lower-tax severe-storm casualty counties
34031,Passaic County,NJ,New Jersey,Metro,"New York-Newark-Jersey City, NY-NJ-PA",7,High-risk inland-flood and storm-injury counties,0.9822887760934987,0.9689314977440535,2,Lower-tax severe-storm casualty counties
34033,Salem County,NJ,New Jersey,Metro,"Philadelphia-Camden-Wilmington, PA-NJ-DE-MD",7,High-risk inland-flood and storm-injury counties,0.9945268200482358,0.9909067178293913,0,"Transfer-reliant, temperature-variable severe-storm counties"
34035,Somerset County,NJ,New Jersey,Metro,"New York-Newark-Jersey City, NY-NJ-PA",7,High-risk inland-flood and storm-injury counties,0.9871281823175511,0.9757252550053698,1,High-tax northern housing-market storm-risk counties
34037,Sussex County,NJ,New Jersey,Metro,"New York-Newark-Jersey City, NY-NJ-PA",5,Cold-region severe-storm casualty counties,0.9363035204280785,0.9024332915130704,1,High-tax northern housing-market storm-risk counties
34039,Union County,NJ,New Jersey,Metro,"New York-Newark-Jersey City, NY-NJ-PA",7,High-risk inland-flood and storm-injury counties,0.8719238738248959,0.7500277429243255,2,Lower-tax severe-storm casualty counties
34041,Warren County,NJ,New Jersey,Metro,"Allentown-Bethlehem-Easton, PA-NJ",1,High-tax northern housing-market storm-risk counties,0.39783088426658736,0.0235304887211229,6,Lower-wage tornado and storm-injury counties
35001,Bernalillo County,NM,New Mexico,Metro,"Albuquerque, NM",7,High-risk inland-flood and storm-injury counties,0.9999962358270627,0.999992471793867,2,Lower-tax severe-storm casualty counties
35003,Catron County,NM,New Mexico,,,3,Older wildfire and mountain-hazard housing-market counties,0.9793393860377093,0.9586787720754484,7,High-risk inland-flood and storm-injury counties
35005,Chaves County,NM,New Mexico,Micro,"Roswell, NM",7,High-risk inland-flood and storm-injury counties,0.9759617807327162,0.9519235615691486,2,Lower-tax severe-storm casualty counties
35006,Cibola County,NM,New Mexico,Micro,"Grants, NM",3,Older wildfire and mountain-hazard housing-market counties,0.9957721311449075,0.9915463460825641,7,High-risk inland-flood and storm-injury counties
35007,Colfax County,NM,New Mexico,,,7,High-risk inland-flood and storm-injury counties,0.9998136939681936,0.9996281987648702,3,Older wildfire and mountain-hazard housing-market counties
35009,Curry County,NM,New Mexico,Micro,"Clovis, NM",7,High-risk inland-flood and storm-injury counties,0.9974864000725134,0.9949729044345735,6,Lower-wage tornado and storm-injury counties
35011,De Baca County,NM,New Mexico,,,3,Older wildfire and mountain-hazard housing-market counties,0.8329969516091609,0.6660166651131895,7,High-risk inland-flood and storm-injury counties
35013,Doña Ana County,NM,New Mexico,Metro,"Las Cruces, NM",7,High-risk inland-flood and storm-injury counties,0.8832671843536174,0.8151179429895893,1,High-tax northern housing-market storm-risk counties
35015,Eddy County,NM,New Mexico,Micro,"Carlsbad-Artesia, NM",7,High-risk inland-flood and storm-injury counties,0.9989546137372946,0.9979092275037058,2,Lower-tax severe-storm casualty counties
35017,Grant County,NM,New Mexico,Micro,"Silver City, NM",5,Cold-region severe-storm casualty counties,0.9358814239371769,0.8719323246941186,7,High-risk inland-flood and storm-injury counties
35019,Guadalupe County,NM,New Mexico,,,3,Older wildfire and mountain-hazard housing-market counties,0.9896790011050631,0.9793580222245393,7,High-risk inland-flood and storm-injury counties
35021,Harding County,NM,New Mexico,,,3,Older wildfire and mountain-hazard housing-market counties,0.9946046335285029,0.9892331257960337,7,High-risk inland-flood and storm-injury counties
35023,Hidalgo County,NM,New Mexico,,,7,High-risk inland-flood and storm-injury counties,0.7272483159273521,0.45454076773915447,2,Lower-tax severe-storm casualty counties
35025,Lea County,NM,New Mexico,Micro,"Hobbs, NM",7,High-risk inland-flood and storm-injury counties,0.49416550447805563,0.14069887406302256,4,"High-premium, high-tax low-hazard counties"
35027,Lincoln County,NM,New Mexico,,,7,High-risk inland-flood and storm-injury counties,0.9999999396938808,0.9999998793993581,2,Lower-tax severe-storm casualty counties
35028,Los Alamos County,NM,New Mexico,Micro,"Los Alamos, NM",3,Older wildfire and mountain-hazard housing-market counties,0.9350166747809936,0.8702641918973599,7,High-risk inland-flood and storm-injury counties
35029,Luna County,NM,New Mexico,Micro,"Deming, NM",3,Older wildfire and mountain-hazard housing-market counties,0.7371586765584577,0.5717527793684646,0,"Transfer-reliant, temperature-variable severe-storm counties"
35031,McKinley County,NM,New Mexico,Micro,"Gallup, NM",7,High-risk inland-flood and storm-injury counties,0.9772464764369599,0.9544930160589624,5,Cold-region severe-storm casualty counties
35033,Mora County,NM,New Mexico,,,7,High-risk inland-flood and storm-injury counties,0.9988895106620509,0.9977815734021986,3,Older wildfire and mountain-hazard housing-market counties
35035,Otero County,NM,New Mexico,Micro,"Alamogordo, NM",7,High-risk inland-flood and storm-injury counties,0.5210214188813412,0.04210601401872477,6,Lower-wage tornado and storm-injury counties
35037,Quay County,NM,New Mexico,,,7,High-risk inland-flood and storm-injury counties,0.9810506201196859,0.9621012406288982,6,Lower-wage tornado and storm-injury counties
35039,Rio Arriba County,NM,New Mexico,Micro,"Española, NM",7,High-risk inland-flood and storm-injury counties,0.9999989989196117,0.9999984292408713,3,Older wildfire and mountain-hazard housing-market counties
35041,Roosevelt County,NM,New Mexico,Micro,"Portales, NM",7,High-risk inland-flood and storm-injury counties,0.9693206319468257,0.9386757808808965,4,"High-premium, high-tax low-hazard counties"
35043,Sandoval County,NM,New Mexico,Metro,"Albuquerque, NM",7,High-risk inland-flood and storm-injury counties,0.9999998898870207,0.9999997797793697,2,Lower-tax severe-storm casualty counties
35045,San Juan County,NM,New Mexico,Metro,"Farmington, NM",5,Cold-region severe-storm casualty counties,0.8869774920003916,0.7740200821616758,7,High-risk inland-flood and storm-injury counties
35047,San Miguel County,NM,New Mexico,Micro,"Las Vegas, NM",7,High-risk inland-flood and storm-injury counties,0.9192416276049078,0.8384832552121957,5,Cold-region severe-storm casualty counties
35049,Santa Fe County,NM,New Mexico,Metro,"Santa Fe, NM",7,High-risk inland-flood and storm-injury counties,0.9944997822299018,0.9889995776458107,2,Lower-tax severe-storm casualty counties
35051,Sierra County,NM,New Mexico,,,3,Older wildfire and mountain-hazard housing-market counties,0.9963781060818611,0.9927932634121001,7,High-risk inland-flood and storm-injury counties
35053,Socorro County,NM,New Mexico,,,7,High-risk inland-flood and storm-injury counties,0.9946116606186922,0.9892237932190024,5,Cold-region severe-storm casualty counties
35055,Taos County,NM,New Mexico,Micro,"Taos, NM",3,Older wildfire and mountain-hazard housing-market counties,0.9956188348323821,0.9912378484986712,7,High-risk inland-flood and storm-injury counties
35057,Torrance County,NM,New Mexico,Metro,"Albuquerque, NM",7,High-risk inland-flood and storm-injury counties,0.999999596967736,0.9999991939362816,6,Lower-wage tornado and storm-injury counties
35059,Union County,NM,New Mexico,,,7,High-risk inland-flood and storm-injury counties,0.8880476022529026,0.7761117794096329,6,Lower-wage tornado and storm-injury counties
35061,Valencia County,NM,New Mexico,Metro,"Albuquerque, NM",3,Older wildfire and mountain-hazard housing-market counties,0.7825850757765496,0.5672349079478154,7,High-risk inland-flood and storm-injury counties
36001,Albany County,NY,New York,Metro,"Albany-Schenectady-Troy, NY",1,High-tax northern housing-market storm-risk counties,0.9828789267147641,0.9657578534768788,7,High-risk inland-flood and storm-injury counties
36003,Allegany County,NY,New York,,,1,High-tax northern housing-market storm-risk counties,0.9551969507998209,0.9164026823476018,6,Lower-wage tornado and storm-injury counties
36005,Bronx County,NY,New York,Metro,"New York-Newark-Jersey City, NY-NJ-PA",7,High-risk inland-flood and storm-injury counties,0.9963481589788723,0.9936207787460691,2,Lower-tax severe-storm casualty counties
36007,Broome County,NY,New York,Metro,"Binghamton, NY",1,High-tax northern housing-market storm-risk counties,0.9916615608556986,0.9833231217114385,7,High-risk inland-flood and storm-injury counties
36009,Cattaraugus County,NY,New York,Micro,"Olean, NY",1,High-tax northern housing-market storm-risk counties,0.9861508990010043,0.9774347859178916,7,High-risk inland-flood and storm-injury counties
36011,Cayuga County,NY,New York,Micro,"Auburn, NY",1,High-tax northern housing-market storm-risk counties,0.995900134935217,0.9918445381651445,7,High-risk inland-flood and storm-injury counties
36013,Chautauqua County,NY,New York,Micro,"Jamestown-Dunkirk-Fredonia, NY",1,High-tax northern housing-market storm-risk counties,0.9933735428368103,0.9867470947740798,7,High-risk inland-flood and storm-injury counties
36015,Chemung County,NY,New York,Metro,"Elmira, NY",1,High-tax northern housing-market storm-risk counties,0.9559044147631471,0.9118463796317908,7,High-risk inland-flood and storm-injury counties
36017,Chenango County,NY,New York,,,1,High-tax northern housing-market storm-risk counties,0.9556235297286895,0.9114633655605956,7,High-risk inland-flood and storm-injury counties
36019,Clinton County,NY,New York,Micro,"Plattsburgh, NY",1,High-tax northern housing-market storm-risk counties,0.9927545250250622,0.9855165325649514,7,High-risk inland-flood and storm-injury counties
36021,Columbia County,NY,New York,Micro,"Hudson, NY",1,High-tax northern housing-market storm-risk counties,0.8157487693277878,0.7048476289968253,6,Lower-wage tornado and storm-injury counties
36023,Cortland County,NY,New York,Micro,"Cortland, NY",1,High-tax northern housing-market storm-risk counties,0.9971460245456744,0.9944295738746394,7,High-risk inland-flood and storm-injury counties
36025,Delaware County,NY,New York,,,1,High-tax northern housing-market storm-risk counties,0.9239208992666995,0.877988641590203,7,High-risk inland-flood and storm-injury counties
36027,Dutchess County,NY,New York,Metro,"New York-Newark-Jersey City, NY-NJ-PA",1,High-tax northern housing-market storm-risk counties,0.5028464585437561,0.005694527423088014,7,High-risk inland-flood and storm-injury counties
36029,Erie County,NY,New York,Metro,"Buffalo-Cheektowaga-Niagara Falls, NY",1,High-tax northern housing-market storm-risk counties,0.9387785418985661,0.87755708380217,7,High-risk inland-flood and storm-injury counties
36031,Essex County,NY,New York,,,1,High-tax northern housing-market storm-risk counties,0.9959064806506142,0.9928078938317049,7,High-risk inland-flood and storm-injury counties
36033,Franklin County,NY,New York,Micro,"Malone, NY",1,High-tax northern housing-market storm-risk counties,0.9927123870559249,0.9881831835423349,6,Lower-wage tornado and storm-injury counties
36035,Fulton County,NY,New York,Micro,"Gloversville, NY",1,High-tax northern housing-market storm-risk counties,0.9916082544286121,0.9841950693021818,7,High-risk inland-flood and storm-injury counties
36037,Genesee County,NY,New York,Micro,"Batavia, NY",5,Cold-region severe-storm casualty counties,0.9656147366313137,0.9476039976512894,7,High-risk inland-flood and storm-injury counties
36039,Greene County,NY,New York,,,1,High-tax northern housing-market storm-risk counties,0.6707573420914694,0.342900215282268,7,High-risk inland-flood and storm-injury counties
36041,Hamilton County,NY,New York,,,3,Older wildfire and mountain-hazard housing-market counties,0.7426441693427678,0.4926466076239301,1,High-tax northern housing-market storm-risk counties
36043,Herkimer County,NY,New York,Metro,"Utica-Rome, NY",1,High-tax northern housing-market storm-risk counties,0.9944089093053181,0.9889019599475178,7,High-risk inland-flood and storm-injury counties
36045,Jefferson County,NY,New York,Metro,"Watertown-Fort Drum, NY",1,High-tax northern housing-market storm-risk counties,0.9286348000471673,0.859053512579085,7,High-risk inland-flood and storm-injury counties
36047,Kings County,NY,New York,Metro,"New York-Newark-Jersey City, NY-NJ-PA",7,High-risk inland-flood and storm-injury counties,0.999932798679749,0.9998868451111136,1,High-tax northern housing-market storm-risk counties
36049,Lewis County,NY,New York,,,1,High-tax northern housing-market storm-risk counties,0.8662619598687045,0.7333931883590793,7,High-risk inland-flood and storm-injury counties
36051,Livingston County,NY,New York,Metro,"Rochester, NY",1,High-tax northern housing-market storm-risk counties,0.9984214480677279,0.996842940351545,7,High-risk inland-flood and storm-injury counties
36053,Madison County,NY,New York,Metro,"Syracuse, NY",1,High-tax northern housing-market storm-risk counties,0.988080229837133,0.9761619818821451,7,High-risk inland-flood and storm-injury counties
36055,Monroe County,NY,New York,Metro,"Rochester, NY",1,High-tax northern housing-market storm-risk counties,0.8015173724483431,0.6030347451255631,7,High-risk inland-flood and storm-injury counties
36057,Montgomery County,NY,New York,Micro,"Amsterdam, NY",1,High-tax northern housing-market storm-risk counties,0.9947726135300565,0.9895472354575845,7,High-risk inland-flood and storm-injury counties
36059,Nassau County,NY,New York,Metro,"New York-Newark-Jersey City, NY-NJ-PA",7,High-risk inland-flood and storm-injury counties,0.9999953122956834,0.9999906251844988,1,High-tax northern housing-market storm-risk counties
36061,New York County,NY,New York,Metro,"New York-Newark-Jersey City, NY-NJ-PA",7,High-risk inland-flood and storm-injury counties,0.9999999922510341,0.9999999847616978,1,High-tax northern housing-market storm-risk counties
36063,Niagara County,NY,New York,Metro,"Buffalo-Cheektowaga-Niagara Falls, NY",1,High-tax northern housing-market storm-risk counties,0.9611907495325821,0.9223815330808915,7,High-risk inland-flood and storm-injury counties
36065,Oneida County,NY,New York,Metro,"Utica-Rome, NY",1,High-tax northern housing-market storm-risk counties,0.9530316022091713,0.9070288311512292,7,High-risk inland-flood and storm-injury counties
36067,Onondaga County,NY,New York,Metro,"Syracuse, NY",1,High-tax northern housing-market storm-risk counties,0.9811199734488498,0.9622399665213259,7,High-risk inland-flood and storm-injury counties
36069,Ontario County,NY,New York,Metro,"Rochester, NY",1,High-tax northern housing-market storm-risk counties,0.9854191111402643,0.9715299859449162,7,High-risk inland-flood and storm-injury counties
36071,Orange County,NY,New York,Metro,"New York-Newark-Jersey City, NY-NJ-PA",1,High-tax northern housing-market storm-risk counties,0.703570154671385,0.407421925970067,7,High-risk inland-flood and storm-injury counties
36073,Orleans County,NY,New York,Metro,"Rochester, NY",7,High-risk inland-flood and storm-injury counties,0.5486902999347153,0.09938602338168046,1,High-tax northern housing-market storm-risk counties
36075,Oswego County,NY,New York,Metro,"Syracuse, NY",1,High-tax northern housing-market storm-risk counties,0.9022908764915138,0.804581938786741,7,High-risk inland-flood and storm-injury counties
36077,Otsego County,NY,New York,Micro,"Oneonta, NY",1,High-tax northern housing-market storm-risk counties,0.9986338347862004,0.9972684306440899,7,High-risk inland-flood and storm-injury counties
36079,Putnam County,NY,New York,Metro,"New York-Newark-Jersey City, NY-NJ-PA",1,High-tax northern housing-market storm-risk counties,0.9791527614098039,0.9583757659023554,7,High-risk inland-flood and storm-injury counties
36081,Queens County,NY,New York,Metro,"New York-Newark-Jersey City, NY-NJ-PA",7,High-risk inland-flood and storm-injury counties,0.9989981470981899,0.998000853732746,1,High-tax northern housing-market storm-risk counties
36083,Rensselaer County,NY,New York,Metro,"Albany-Schenectady-Troy, NY",1,High-tax northern housing-market storm-risk counties,0.9964290763110271,0.9928698463625516,7,High-risk inland-flood and storm-injury counties
36085,Richmond County,NY,New York,Metro,"New York-Newark-Jersey City, NY-NJ-PA",7,High-risk inland-flood and storm-injury counties,0.7912944361758738,0.5825908580296226,1,High-tax northern housing-market storm-risk counties
36087,Rockland County,NY,New York,Metro,"New York-Newark-Jersey City, NY-NJ-PA",1,High-tax northern housing-market storm-risk counties,0.6392358308534046,0.27862556885946366,7,High-risk inland-flood and storm-injury counties
36089,St. Lawrence County,NY,New York,Micro,"Ogdensburg-Massena, NY",1,High-tax northern housing-market storm-risk counties,0.9946251939185822,0.9903311119312705,7,High-risk inland-flood and storm-injury counties
36091,Saratoga County,NY,New York,Metro,"Albany-Schenectady-Troy, NY",1,High-tax northern housing-market storm-risk counties,0.8778618803691927,0.7557243572690548,7,High-risk inland-flood and storm-injury counties
36093,Schenectady County,NY,New York,Metro,"Albany-Schenectady-Troy, NY",1,High-tax northern housing-market storm-risk counties,0.9833980344590161,0.9667996300595285,7,High-risk inland-flood and storm-injury counties
36095,Schoharie County,NY,New York,Metro,"Albany-Schenectady-Troy, NY",1,High-tax northern housing-market storm-risk counties,0.9806520949317878,0.9695239464266706,7,High-risk inland-flood and storm-injury counties
36097,Schuyler County,NY,New York,,,1,High-tax northern housing-market storm-risk counties,0.9984681774682016,0.9969930159754228,7,High-risk inland-flood and storm-injury counties
36099,Seneca County,NY,New York,Micro,"Seneca Falls, NY",1,High-tax northern housing-market storm-risk counties,0.9394025282353602,0.8791459406995318,7,High-risk inland-flood and storm-injury counties
36101,Steuben County,NY,New York,Micro,"Corning, NY",1,High-tax northern housing-market storm-risk counties,0.631637037408894,0.2632755930462423,7,High-risk inland-flood and storm-injury counties
36103,Suffolk County,NY,New York,Metro,"New York-Newark-Jersey City, NY-NJ-PA",7,High-risk inland-flood and storm-injury counties,0.9990169179236419,0.998053076512847,1,High-tax northern housing-market storm-risk counties
36105,Sullivan County,NY,New York,,,0,"Transfer-reliant, temperature-variable severe-storm counties",0.9287035944603652,0.8719178457342232,1,High-tax northern housing-market storm-risk counties
36107,Tioga County,NY,New York,Metro,"Binghamton, NY",1,High-tax northern housing-market storm-risk counties,0.9983349359588736,0.9966784926155616,7,High-risk inland-flood and storm-injury counties
36109,Tompkins County,NY,New York,Metro,"Ithaca, NY",1,High-tax northern housing-market storm-risk counties,0.9917674963804467,0.9835388646564573,7,High-risk inland-flood and storm-injury counties
36111,Ulster County,NY,New York,Metro,"Kingston, NY",1,High-tax northern housing-market storm-risk counties,0.9916592060064077,0.9833257795649801,7,High-risk inland-flood and storm-injury counties
36113,Warren County,NY,New York,Metro,"Glens Falls, NY",1,High-tax northern housing-market storm-risk counties,0.9979696438088166,0.9959395004245045,7,High-risk inland-flood and storm-injury counties
36115,Washington County,NY,New York,Metro,"Glens Falls, NY",1,High-tax northern housing-market storm-risk counties,0.9195801729645403,0.8488910088927896,6,Lower-wage tornado and storm-injury counties
36117,Wayne County,NY,New York,Metro,"Rochester, NY",1,High-tax northern housing-market storm-risk counties,0.7086058213180085,0.41724539636452135,7,High-risk inland-flood and storm-injury counties
36119,Westchester County,NY,New York,Metro,"New York-Newark-Jersey City, NY-NJ-PA",7,High-risk inland-flood and storm-injury counties,0.9998520852550679,0.999704293920859,1,High-tax northern housing-market storm-risk counties
36121,Wyoming County,NY,New York,,,1,High-tax northern housing-market storm-risk counties,0.9875397608844184,0.9751868754379905,7,High-risk inland-flood and storm-injury counties
36123,Yates County,NY,New York,Metro,"Rochester, NY",1,High-tax northern housing-market storm-risk counties,0.9891998601588394,0.9784340197967486,7,High-risk inland-flood and storm-injury counties
37001,Alamance County,NC,North Carolina,Metro,"Burlington, NC",5,Cold-region severe-storm casualty counties,0.9989349548074079,0.9978765862043275,7,High-risk inland-flood and storm-injury counties
37003,Alexander County,NC,North Carolina,Metro,"Hickory-Lenoir-Morganton, NC",2,Lower-tax severe-storm casualty counties,0.99975645601642,0.9995133446557847,7,High-risk inland-flood and storm-injury counties
37005,Alleghany County,NC,North Carolina,,,0,"Transfer-reliant, temperature-variable severe-storm counties",0.5466793957288615,0.12498808647896881,3,Older wildfire and mountain-hazard housing-market counties
37007,Anson County,NC,North Carolina,,,5,Cold-region severe-storm casualty counties,0.9996323823788803,0.9992649275873028,7,High-risk inland-flood and storm-injury counties
37009,Ashe County,NC,North Carolina,,,5,Cold-region severe-storm casualty counties,0.9994394388187406,0.9988817934788661,7,High-risk inland-flood and storm-injury counties
37011,Avery County,NC,North Carolina,,,2,Lower-tax severe-storm casualty counties,0.9615142428274375,0.9251866095716874,7,High-risk inland-flood and storm-injury counties
37013,Beaufort County,NC,North Carolina,Micro,"Washington, NC",7,High-risk inland-flood and storm-injury counties,0.9438021665107991,0.9148961480671218,0,"Transfer-reliant, temperature-variable severe-storm counties"
37015,Bertie County,NC,North Carolina,,,2,Lower-tax severe-storm casualty counties,0.9046482758017843,0.8092976026249098,7,High-risk inland-flood and storm-injury counties
37017,Bladen County,NC,North Carolina,,,7,High-risk inland-flood and storm-injury counties,0.9064860052358684,0.8129721341041379,5,Cold-region severe-storm casualty counties
37019,Brunswick County,NC,North Carolina,Metro,"Myrtle Beach-Conway-North Myrtle Beach, SC-NC",7,High-risk inland-flood and storm-injury counties,0.9999289313325914,0.9998584837532319,2,Lower-tax severe-storm casualty counties
37021,Buncombe County,NC,North Carolina,Metro,"Asheville, NC",5,Cold-region severe-storm casualty counties,0.9848974515452882,0.9718677330627545,7,High-risk inland-flood and storm-injury counties
37023,Burke County,NC,North Carolina,Metro,"Hickory-Lenoir-Morganton, NC",6,Lower-wage tornado and storm-injury counties,0.9964981666044428,0.9934136087308578,7,High-risk inland-flood and storm-injury counties
37025,Cabarrus County,NC,North Carolina,Metro,"Charlotte-Concord-Gastonia, NC-SC",2,Lower-tax severe-storm casualty counties,0.9980685275170598,0.9962350872237697,7,High-risk inland-flood and storm-injury counties
37027,Caldwell County,NC,North Carolina,Metro,"Hickory-Lenoir-Morganton, NC",2,Lower-tax severe-storm casualty counties,0.9995789713166481,0.9991588345164275,7,High-risk inland-flood and storm-injury counties
37029,Camden County,NC,North Carolina,Micro,"Elizabeth City, NC",7,High-risk inland-flood and storm-injury counties,0.9999837504809495,0.999967548789478,3,Older wildfire and mountain-hazard housing-market counties
37031,Carteret County,NC,North Carolina,Micro,"Morehead City, NC",7,High-risk inland-flood and storm-injury counties,0.9999606823883064,0.999921365330169,6,Lower-wage tornado and storm-injury counties
37033,Caswell County,NC,North Carolina,,,0,"Transfer-reliant, temperature-variable severe-storm counties",0.9990413393290201,0.9983753708151973,3,Older wildfire and mountain-hazard housing-market counties
37035,Catawba County,NC,North Carolina,Metro,"Hickory-Lenoir-Morganton, NC",2,Lower-tax severe-storm casualty counties,0.9995051362366405,0.9990166188476173,7,High-risk inland-flood and storm-injury counties
37037,Chatham County,NC,North Carolina,Metro,"Durham-Chapel Hill, NC",5,Cold-region severe-storm casualty counties,0.9996560349916473,0.9993249179369724,7,High-risk inland-flood and storm-injury counties
37039,Cherokee County,NC,North Carolina,,,0,"Transfer-reliant, temperature-variable severe-storm counties",0.9961740506867527,0.9944849547810061,7,High-risk inland-flood and storm-injury counties
37041,Chowan County,NC,North Carolina,,,7,High-risk inland-flood and storm-injury counties,0.9982165445097361,0.9964332033509468,3,Older wildfire and mountain-hazard housing-market counties
37043,Clay County,NC,North Carolina,,,5,Cold-region severe-storm casualty counties,0.9913273730437522,0.9828359985213828,7,High-risk inland-flood and storm-injury counties
37045,Cleveland County,NC,North Carolina,Micro,"Shelby, NC",6,Lower-wage tornado and storm-injury counties,0.9990066920234049,0.9980186084578312,7,High-risk inland-flood and storm-injury counties
37047,Columbus County,NC,North Carolina,,,7,High-risk inland-flood and storm-injury counties,0.8694300590071725,0.7388619006238529,6,Lower-wage tornado and storm-injury counties
37049,Craven County,NC,North Carolina,Metro,"New Bern, NC",7,High-risk inland-flood and storm-injury counties,0.9316859152014143,0.8633907306883862,0,"Transfer-reliant, temperature-variable severe-storm counties"
37051,Cumberland County,NC,North Carolina,Metro,"Fayetteville, NC",2,Lower-tax severe-storm casualty counties,0.9943585138912201,0.9887175819348334,7,High-risk inland-flood and storm-injury counties
37053,Currituck County,NC,North Carolina,Metro,"Virginia Beach-Norfolk-Newport News, VA-NC",7,High-risk inland-flood and storm-injury counties,0.9999984530701368,0.9999970590609653,5,Cold-region severe-storm casualty counties
37055,Dare County,NC,North Carolina,Micro,"Kill Devil Hills, NC",7,High-risk inland-flood and storm-injury counties,0.9999999999999503,0.9999999999999029,1,High-tax northern housing-market storm-risk counties
37057,Davidson County,NC,North Carolina,Metro,"Winston-Salem, NC",2,Lower-tax severe-storm casualty counties,0.9990702834957198,0.9981482747231366,7,High-risk inland-flood and storm-injury counties
37059,Davie County,NC,North Carolina,Metro,"Winston-Salem, NC",6,Lower-wage tornado and storm-injury counties,0.9996448669079888,0.9993110302478475,7,High-risk inland-flood and storm-injury counties
37061,Duplin County,NC,North Carolina,,,5,Cold-region severe-storm casualty counties,0.998621949800634,0.9972439246650747,7,High-risk inland-flood and storm-injury counties
37063,Durham County,NC,North Carolina,Metro,"Durham-Chapel Hill, NC",6,Lower-wage tornado and storm-injury counties,0.9443832394043189,0.8902914310049839,7,High-risk inland-flood and storm-injury counties
37065,Edgecombe County,NC,North Carolina,Metro,"Rocky Mount, NC",0,"Transfer-reliant, temperature-variable severe-storm counties",0.9993656888811814,0.9987971222405216,7,High-risk inland-flood and storm-injury counties
37067,Forsyth County,NC,North Carolina,Metro,"Winston-Salem, NC",6,Lower-wage tornado and storm-injury counties,0.9760807878734092,0.9529066165653509,7,High-risk inland-flood and storm-injury counties
37069,Franklin County,NC,North Carolina,Metro,"Raleigh, NC",5,Cold-region severe-storm casualty counties,0.9996802804923686,0.9993653717176216,7,High-risk inland-flood and storm-injury counties
37071,Gaston County,NC,North Carolina,Metro,"Charlotte-Concord-Gastonia, NC-SC",2,Lower-tax severe-storm casualty counties,0.9993183430282404,0.9986370479047462,7,High-risk inland-flood and storm-injury counties
37073,Gates County,NC,North Carolina,Metro,"Virginia Beach-Norfolk-Newport News, VA-NC",5,Cold-region severe-storm casualty counties,0.929992940056918,0.860006881682571,7,High-risk inland-flood and storm-injury counties
37075,Graham County,NC,North Carolina,,,3,Older wildfire and mountain-hazard housing-market counties,0.9638335730336097,0.9276725253689482,7,High-risk inland-flood and storm-injury counties
37077,Granville County,NC,North Carolina,Micro,"Oxford, NC",0,"Transfer-reliant, temperature-variable severe-storm counties",0.9997400341177647,0.9996107168383545,7,High-risk inland-flood and storm-injury counties
37079,Greene County,NC,North Carolina,,,7,High-risk inland-flood and storm-injury counties,0.9997506448615014,0.9995012915485207,5,Cold-region severe-storm casualty counties
37081,Guilford County,NC,North Carolina,Metro,"Greensboro-High Point, NC",2,Lower-tax severe-storm casualty counties,0.9943731088301261,0.988748452766657,7,High-risk inland-flood and storm-injury counties
37083,Halifax County,NC,North Carolina,Micro,"Roanoke Rapids, NC",0,"Transfer-reliant, temperature-variable severe-storm counties",0.9997371519973325,0.9995411391104891,7,High-risk inland-flood and storm-injury counties
37085,Harnett County,NC,North Carolina,Micro,"Dunn, NC",5,Cold-region severe-storm casualty counties,0.996129228700543,0.9922998084171131,7,High-risk inland-flood and storm-injury counties
37087,Haywood County,NC,North Carolina,Metro,"Asheville, NC",5,Cold-region severe-storm casualty counties,0.9998073881468503,0.9996522371387259,7,High-risk inland-flood and storm-injury counties
37089,Henderson County,NC,North Carolina,Metro,"Asheville, NC",5,Cold-region severe-storm casualty counties,0.997800391243797,0.9956789804999621,7,High-risk inland-flood and storm-injury counties
37091,Hertford County,NC,North Carolina,,,0,"Transfer-reliant, temperature-variable severe-storm counties",0.798282351155497,0.5972471086223352,7,High-risk inland-flood and storm-injury counties
37093,Hoke County,NC,North Carolina,Metro,"Fayetteville, NC",6,Lower-wage tornado and storm-injury counties,0.9978011333121226,0.9956026697886847,7,High-risk inland-flood and storm-injury counties
37095,Hyde County,NC,North Carolina,,,7,High-risk inland-flood and storm-injury counties,0.9347850233056555,0.8695700515366189,3,Older wildfire and mountain-hazard housing-market counties
37097,Iredell County,NC,North Carolina,Metro,"Charlotte-Concord-Gastonia, NC-SC",2,Lower-tax severe-storm casualty counties,0.99650112325904,0.9930024882988843,7,High-risk inland-flood and storm-injury counties
37099,Jackson County,NC,North Carolina,Micro,"Cullowhee, NC",6,Lower-wage tornado and storm-injury counties,0.9992644024959574,0.9985975380764736,7,High-risk inland-flood and storm-injury counties
37101,Johnston County,NC,North Carolina,Metro,"Raleigh, NC",2,Lower-tax severe-storm casualty counties,0.9942146355983686,0.9884542670573647,7,High-risk inland-flood and storm-injury counties
37103,Jones County,NC,North Carolina,Metro,"New Bern, NC",7,High-risk inland-flood and storm-injury counties,0.9809993957481027,0.9620071824361968,3,Older wildfire and mountain-hazard housing-market counties
37105,Lee County,NC,North Carolina,Micro,"Sanford, NC",2,Lower-tax severe-storm casualty counties,0.9984007503671064,0.996801530163639,7,High-risk inland-flood and storm-injury counties
37107,Lenoir County,NC,North Carolina,Micro,"Kinston, NC",5,Cold-region severe-storm casualty counties,0.9095683834716873,0.8191368889346533,7,High-risk inland-flood and storm-injury counties
37109,Lincoln County,NC,North Carolina,Metro,"Charlotte-Concord-Gastonia, NC-SC",2,Lower-tax severe-storm casualty counties,0.9990688907824631,0.9981391617548204,7,High-risk inland-flood and storm-injury counties
37111,McDowell County,NC,North Carolina,Micro,"Marion, NC",2,Lower-tax severe-storm casualty counties,0.9997066843071307,0.9994161848635643,7,High-risk inland-flood and storm-injury counties
37113,Macon County,NC,North Carolina,,,5,Cold-region severe-storm casualty counties,0.9992471413633505,0.9987749096493655,7,High-risk inland-flood and storm-injury counties
37115,Madison County,NC,North Carolina,Metro,"Asheville, NC",5,Cold-region severe-storm casualty counties,0.9996634545124419,0.9993558051736181,7,High-risk inland-flood and storm-injury counties
37117,Martin County,NC,North Carolina,,,6,Lower-wage tornado and storm-injury counties,0.9574781769773223,0.914956417134621,7,High-risk inland-flood and storm-injury counties
37119,Mecklenburg County,NC,North Carolina,Metro,"Charlotte-Concord-Gastonia, NC-SC",2,Lower-tax severe-storm casualty counties,0.8310855929033639,0.6621814346708029,7,High-risk inland-flood and storm-injury counties
37121,Mitchell County,NC,North Carolina,,,5,Cold-region severe-storm casualty counties,0.9950279386843968,0.9916493423793311,7,High-risk inland-flood and storm-injury counties
37123,Montgomery County,NC,North Carolina,,,0,"Transfer-reliant, temperature-variable severe-storm counties",0.9998408169553689,0.9997164836512036,3,Older wildfire and mountain-hazard housing-market counties
37125,Moore County,NC,North Carolina,Micro,"Pinehurst-Southern Pines, NC",6,Lower-wage tornado and storm-injury counties,0.9948156574250362,0.9896456005124926,7,High-risk inland-flood and storm-injury counties
37127,Nash County,NC,North Carolina,Metro,"Rocky Mount, NC",2,Lower-tax severe-storm casualty counties,0.998703239447165,0.9974065732397966,7,High-risk inland-flood and storm-injury counties
37129,New Hanover County,NC,North Carolina,Metro,"Wilmington, NC",7,High-risk inland-flood and storm-injury counties,0.9999298549869744,0.99986038134759,2,Lower-tax severe-storm casualty counties
37131,Northampton County,NC,North Carolina,Micro,"Roanoke Rapids, NC",0,"Transfer-reliant, temperature-variable severe-storm counties",0.538425008288867,0.10471140148435065,7,High-risk inland-flood and storm-injury counties
37133,Onslow County,NC,North Carolina,Metro,"Jacksonville, NC",7,High-risk inland-flood and storm-injury counties,0.9798291181795759,0.9596598661780168,2,Lower-tax severe-storm casualty counties
37135,Orange County,NC,North Carolina,Metro,"Durham-Chapel Hill, NC",2,Lower-tax severe-storm casualty counties,0.9967166409295392,0.9934904167820118,7,High-risk inland-flood and storm-injury counties
37137,Pamlico County,NC,North Carolina,Metro,"New Bern, NC",7,High-risk inland-flood and storm-injury counties,0.8739516196745192,0.7479038297398122,3,Older wildfire and mountain-hazard housing-market counties
37139,Pasquotank County,NC,North Carolina,Micro,"Elizabeth City, NC",7,High-risk inland-flood and storm-injury counties,0.9998692033513578,0.9997987075876645,1,High-tax northern housing-market storm-risk counties
37141,Pender County,NC,North Carolina,Metro,"Wilmington, NC",7,High-risk inland-flood and storm-injury counties,0.9811314501646883,0.962264247106017,2,Lower-tax severe-storm casualty counties
37143,Perquimans County,NC,North Carolina,Micro,"Elizabeth City, NC",7,High-risk inland-flood and storm-injury counties,0.9999940506108426,0.9999881312236012,6,Lower-wage tornado and storm-injury counties
37145,Person County,NC,North Carolina,Metro,"Durham-Chapel Hill, NC",0,"Transfer-reliant, temperature-variable severe-storm counties",0.9998714139547443,0.999798133046524,7,High-risk inland-flood and storm-injury counties
37147,Pitt County,NC,North Carolina,Metro,"Greenville, NC",5,Cold-region severe-storm casualty counties,0.6519559554187152,0.30391351620142626,7,High-risk inland-flood and storm-injury counties
37149,Polk County,NC,North Carolina,,,5,Cold-region severe-storm casualty counties,0.9995761539317921,0.9991976588368229,7,High-risk inland-flood and storm-injury counties
37151,Randolph County,NC,North Carolina,Metro,"Greensboro-High Point, NC",0,"Transfer-reliant, temperature-variable severe-storm counties",0.9708504480177926,0.9426024540178192,7,High-risk inland-flood and storm-injury counties
37153,Richmond County,NC,North Carolina,Micro,"Rockingham, NC",6,Lower-wage tornado and storm-injury counties,0.9995538821544602,0.9991080511860351,7,High-risk inland-flood and storm-injury counties
37155,Robeson County,NC,North Carolina,Micro,"Lumberton, NC",2,Lower-tax severe-storm casualty counties,0.9825633695858511,0.9651267463606946,7,High-risk inland-flood and storm-injury counties
37157,Rockingham County,NC,North Carolina,Metro,"Greensboro-High Point, NC",6,Lower-wage tornado and storm-injury counties,0.8748503847778197,0.7590714535839599,7,High-risk inland-flood and storm-injury counties
37159,Rowan County,NC,North Carolina,Metro,"Charlotte-Concord-Gastonia, NC-SC",0,"Transfer-reliant, temperature-variable severe-storm counties",0.9977286090912807,0.9955641304778422,7,High-risk inland-flood and storm-injury counties
37161,Rutherford County,NC,North Carolina,Micro,"Forest City, NC",5,Cold-region severe-storm casualty counties,0.9994607717320556,0.9989238704579986,7,High-risk inland-flood and storm-injury counties
37163,Sampson County,NC,North Carolina,,,2,Lower-tax severe-storm casualty counties,0.997363635779639,0.9947272876971696,7,High-risk inland-flood and storm-injury counties
37165,Scotland County,NC,North Carolina,Micro,"Laurinburg, NC",5,Cold-region severe-storm casualty counties,0.9995412407017489,0.9990825814427572,7,High-risk inland-flood and storm-injury counties
37167,Stanly County,NC,North Carolina,Micro,"Albemarle, NC",0,"Transfer-reliant, temperature-variable severe-storm counties",0.9998622654846957,0.9997347694262496,7,High-risk inland-flood and storm-injury counties
37169,Stokes County,NC,North Carolina,Metro,"Winston-Salem, NC",0,"Transfer-reliant, temperature-variable severe-storm counties",0.9942241869458567,0.9912479677646682,7,High-risk inland-flood and storm-injury counties
37171,Surry County,NC,North Carolina,Micro,"Mount Airy, NC",6,Lower-wage tornado and storm-injury counties,0.9958801648673774,0.9918519254045136,7,High-risk inland-flood and storm-injury counties
37173,Swain County,NC,North Carolina,,,6,Lower-wage tornado and storm-injury counties,0.9911048957554528,0.9822456857093953,7,High-risk inland-flood and storm-injury counties
37175,Transylvania County,NC,North Carolina,Micro,"Brevard, NC",0,"Transfer-reliant, temperature-variable severe-storm counties",0.9996840019784795,0.9995191991175266,7,High-risk inland-flood and storm-injury counties
37177,Tyrrell County,NC,North Carolina,Micro,"Kill Devil Hills, NC",7,High-risk inland-flood and storm-injury counties,0.9995775011544706,0.9991550066710515,6,Lower-wage tornado and storm-injury counties
37179,Union County,NC,North Carolina,Metro,"Charlotte-Concord-Gastonia, NC-SC",5,Cold-region severe-storm casualty counties,0.9945904362070335,0.9891878178850133,7,High-risk inland-flood and storm-injury counties
37181,Vance County,NC,North Carolina,Micro,"Henderson, NC",0,"Transfer-reliant, temperature-variable severe-storm counties",0.9999001696119092,0.9998338623176246,7,High-risk inland-flood and storm-injury counties
37183,Wake County,NC,North Carolina,Metro,"Raleigh, NC",7,High-risk inland-flood and storm-injury counties,0.9946493195918351,0.9895995881010167,2,Lower-tax severe-storm casualty counties
37185,Warren County,NC,North Carolina,,,5,Cold-region severe-storm casualty counties,0.9997979684622131,0.9995974874653472,7,High-risk inland-flood and storm-injury counties
37187,Washington County,NC,North Carolina,,,7,High-risk inland-flood and storm-injury counties,0.9293371177280251,0.8586743428739954,3,Older wildfire and mountain-hazard housing-market counties
37189,Watauga County,NC,North Carolina,Micro,"Boone, NC",2,Lower-tax severe-storm casualty counties,0.9981959464004294,0.9964064982235167,7,High-risk inland-flood and storm-injury counties
37191,Wayne County,NC,North Carolina,Metro,"Goldsboro, NC",5,Cold-region severe-storm casualty counties,0.9884239088586525,0.9768484044402479,7,High-risk inland-flood and storm-injury counties
37193,Wilkes County,NC,North Carolina,Micro,"North Wilkesboro, NC",6,Lower-wage tornado and storm-injury counties,0.9935041201271431,0.9876698794008273,7,High-risk inland-flood and storm-injury counties
37195,Wilson County,NC,North Carolina,Micro,"Wilson, NC",5,Cold-region severe-storm casualty counties,0.9990529576582176,0.9981131409837363,7,High-risk inland-flood and storm-injury counties
37197,Yadkin County,NC,North Carolina,Metro,"Winston-Salem, NC",6,Lower-wage tornado and storm-injury counties,0.9992096243087542,0.9984204489237631,7,High-risk inland-flood and storm-injury counties
37199,Yancey County,NC,North Carolina,,,5,Cold-region severe-storm casualty counties,0.9998600426128379,0.9997353571585156,7,High-risk inland-flood and storm-injury counties
38001,Adams County,ND,North Dakota,,,4,"High-premium, high-tax low-hazard counties",0.9753886597292248,0.957108371466305,3,Older wildfire and mountain-hazard housing-market counties
38003,Barnes County,ND,North Dakota,,,4,"High-premium, high-tax low-hazard counties",0.9966157566521612,0.9932732220282308,7,High-risk inland-flood and storm-injury counties
38005,Benson County,ND,North Dakota,,,4,"High-premium, high-tax low-hazard counties",0.9985587883757371,0.9975532538133419,7,High-risk inland-flood and storm-injury counties
38007,Billings County,ND,North Dakota,,,3,Older wildfire and mountain-hazard housing-market counties,0.9958771022617451,0.9918453674626239,7,High-risk inland-flood and storm-injury counties
38009,Bottineau County,ND,North Dakota,,,4,"High-premium, high-tax low-hazard counties",0.9839053898790986,0.9714893921169978,3,Older wildfire and mountain-hazard housing-market counties
38011,Bowman County,ND,North Dakota,,,3,Older wildfire and mountain-hazard housing-market counties,0.6416596206490969,0.30376919708533595,4,"High-premium, high-tax low-hazard counties"
38013,Burke County,ND,North Dakota,,,3,Older wildfire and mountain-hazard housing-market counties,0.9311839050140567,0.8790993059174477,7,High-risk inland-flood and storm-injury counties
38015,Burleigh County,ND,North Dakota,Metro,"Bismarck, ND",7,High-risk inland-flood and storm-injury counties,0.9856244435126935,0.971249328992832,6,Lower-wage tornado and storm-injury counties
38017,Cass County,ND,North Dakota,Metro,"Fargo, ND-MN",7,High-risk inland-flood and storm-injury counties,0.9937062045979171,0.9874124413773872,2,Lower-tax severe-storm casualty counties
38019,Cavalier County,ND,North Dakota,,,4,"High-premium, high-tax low-hazard counties",0.9326328959872014,0.865573841611158,7,High-risk inland-flood and storm-injury counties
38021,Dickey County,ND,North Dakota,,,4,"High-premium, high-tax low-hazard counties",0.9992513157511601,0.9988585836108597,0,"Transfer-reliant, temperature-variable severe-storm counties"
38023,Divide County,ND,North Dakota,,,3,Older wildfire and mountain-hazard housing-market counties,0.6972065254680591,0.40863521403371195,4,"High-premium, high-tax low-hazard counties"
38025,Dunn County,ND,North Dakota,,,6,Lower-wage tornado and storm-injury counties,0.8146971143347589,0.6293943050983074,7,High-risk inland-flood and storm-injury counties
38027,Eddy County,ND,North Dakota,,,3,Older wildfire and mountain-hazard housing-market counties,0.5134045597351327,0.06862458135657573,4,"High-premium, high-tax low-hazard counties"
38029,Emmons County,ND,North Dakota,,,4,"High-premium, high-tax low-hazard counties",0.9944534105831508,0.9910141489690374,7,High-risk inland-flood and storm-injury counties
38031,Foster County,ND,North Dakota,,,4,"High-premium, high-tax low-hazard counties",0.9846967010633234,0.970526921041436,7,High-risk inland-flood and storm-injury counties
38033,Golden Valley County,ND,North Dakota,,,4,"High-premium, high-tax low-hazard counties",0.8933814950972425,0.793468284802671,3,Older wildfire and mountain-hazard housing-market counties
38035,Grand Forks County,ND,North Dakota,Metro,"Grand Forks, ND-MN",7,High-risk inland-flood and storm-injury counties,0.9166803148644832,0.8333619322861225,4,"High-premium, high-tax low-hazard counties"
38037,Grant County,ND,North Dakota,,,4,"High-premium, high-tax low-hazard counties",0.9355576896590929,0.8771762214002086,7,High-risk inland-flood and storm-injury counties
38039,Griggs County,ND,North Dakota,,,3,Older wildfire and mountain-hazard housing-market counties,0.5120457392791425,0.041681084893826104,4,"High-premium, high-tax low-hazard counties"
38041,Hettinger County,ND,North Dakota,,,5,Cold-region severe-storm casualty counties,0.8765014505005356,0.7530029012375424,7,High-risk inland-flood and storm-injury counties
38043,Kidder County,ND,North Dakota,,,4,"High-premium, high-tax low-hazard counties",0.7609875959910447,0.545574754925556,7,High-risk inland-flood and storm-injury counties
38045,LaMoure County,ND,North Dakota,,,4,"High-premium, high-tax low-hazard counties",0.9984816239882647,0.9976216526121112,3,Older wildfire and mountain-hazard housing-market counties
38047,Logan County,ND,North Dakota,,,4,"High-premium, high-tax low-hazard counties",0.9715418900831582,0.9473066475047627,3,Older wildfire and mountain-hazard housing-market counties
38049,McHenry County,ND,North Dakota,Micro,"Minot, ND",4,"High-premium, high-tax low-hazard counties",0.9969863159685352,0.9953509923659888,7,High-risk inland-flood and storm-injury counties
38051,McIntosh County,ND,North Dakota,,,4,"High-premium, high-tax low-hazard counties",0.851925333054091,0.7138824601093852,3,Older wildfire and mountain-hazard housing-market counties
38053,McKenzie County,ND,North Dakota,,,7,High-risk inland-flood and storm-injury counties,0.9988525398739989,0.9977050853013056,2,Lower-tax severe-storm casualty counties
38055,McLean County,ND,North Dakota,,,2,Lower-tax severe-storm casualty counties,0.7248215303909922,0.4496460434512555,7,High-risk inland-flood and storm-injury counties
38057,Mercer County,ND,North Dakota,,,4,"High-premium, high-tax low-hazard counties",0.9985976776041762,0.997212764260392,7,High-risk inland-flood and storm-injury counties
38059,Morton County,ND,North Dakota,Metro,"Bismarck, ND",4,"High-premium, high-tax low-hazard counties",0.949678823482968,0.8995134584041834,7,High-risk inland-flood and storm-injury counties
38061,Mountrail County,ND,North Dakota,,,4,"High-premium, high-tax low-hazard counties",0.9974285565771971,0.9948823723454311,7,High-risk inland-flood and storm-injury counties
38063,Nelson County,ND,North Dakota,,,4,"High-premium, high-tax low-hazard counties",0.9750876373497754,0.9525462254231588,3,Older wildfire and mountain-hazard housing-market counties
38065,Oliver County,ND,North Dakota,Metro,"Bismarck, ND",7,High-risk inland-flood and storm-injury counties,0.5938918985482429,0.358268821269679,4,"High-premium, high-tax low-hazard counties"
38067,Pembina County,ND,North Dakota,,,6,Lower-wage tornado and storm-injury counties,0.9263286590854947,0.8526574072123788,7,High-risk inland-flood and storm-injury counties
38069,Pierce County,ND,North Dakota,,,4,"High-premium, high-tax low-hazard counties",0.7153367358372009,0.5663307606225697,3,Older wildfire and mountain-hazard housing-market counties
38071,Ramsey County,ND,North Dakota,,,4,"High-premium, high-tax low-hazard counties",0.9978908538737176,0.9968528060123624,3,Older wildfire and mountain-hazard housing-market counties
38073,Ransom County,ND,North Dakota,,,4,"High-premium, high-tax low-hazard counties",0.9936336444867411,0.9873426129807242,7,High-risk inland-flood and storm-injury counties
38075,Renville County,ND,North Dakota,Micro,"Minot, ND",4,"High-premium, high-tax low-hazard counties",0.5540976937300962,0.24620170300128508,3,Older wildfire and mountain-hazard housing-market counties
38077,Richland County,ND,North Dakota,Micro,"Wahpeton, ND-MN",4,"High-premium, high-tax low-hazard counties",0.9981982802149822,0.9964005959205325,7,High-risk inland-flood and storm-injury counties
38079,Rolette County,ND,North Dakota,,,7,High-risk inland-flood and storm-injury counties,0.6594911580298257,0.3190489968128517,2,Lower-tax severe-storm casualty counties
38081,Sargent County,ND,North Dakota,,,4,"High-premium, high-tax low-hazard counties",0.9748179041724677,0.9536344128511627,3,Older wildfire and mountain-hazard housing-market counties
38083,Sheridan County,ND,North Dakota,,,4,"High-premium, high-tax low-hazard counties",0.8803646295943257,0.8095862523363112,3,Older wildfire and mountain-hazard housing-market counties
38085,Sioux County,ND,North Dakota,Metro,"Bismarck, ND",7,High-risk inland-flood and storm-injury counties,0.755262231638518,0.5105315425093123,2,Lower-tax severe-storm casualty counties
38087,Slope County,ND,North Dakota,,,3,Older wildfire and mountain-hazard housing-market counties,0.8570034171548033,0.7142382914440419,7,High-risk inland-flood and storm-injury counties
38089,Stark County,ND,North Dakota,Micro,"Dickinson, ND",5,Cold-region severe-storm casualty counties,0.8037346667611353,0.6074693366842789,7,High-risk inland-flood and storm-injury counties
38091,Steele County,ND,North Dakota,,,4,"High-premium, high-tax low-hazard counties",0.9954190554729586,0.9915425168088534,3,Older wildfire and mountain-hazard housing-market counties
38093,Stutsman County,ND,North Dakota,Micro,"Jamestown, ND",5,Cold-region severe-storm casualty counties,0.9792719248518367,0.9585438520215754,7,High-risk inland-flood and storm-injury counties
38095,Towner County,ND,North Dakota,,,4,"High-premium, high-tax low-hazard counties",0.9994587409404971,0.9991566056301795,3,Older wildfire and mountain-hazard housing-market counties
38097,Traill County,ND,North Dakota,,,4,"High-premium, high-tax low-hazard counties",0.9995676742829898,0.9992043410865901,0,"Transfer-reliant, temperature-variable severe-storm counties"
38099,Walsh County,ND,North Dakota,,,4,"High-premium, high-tax low-hazard counties",0.9992661036807305,0.9988782080619256,0,"Transfer-reliant, temperature-variable severe-storm counties"
38101,Ward County,ND,North Dakota,Micro,"Minot, ND",4,"High-premium, high-tax low-hazard counties",0.9970315221893452,0.9954421558426612,7,High-risk inland-flood and storm-injury counties
38103,Wells County,ND,North Dakota,,,4,"High-premium, high-tax low-hazard counties",0.9976328966201538,0.9957870671131442,7,High-risk inland-flood and storm-injury counties
38105,Williams County,ND,North Dakota,Micro,"Williston, ND",4,"High-premium, high-tax low-hazard counties",0.9979963564597235,0.9962720825306957,7,High-risk inland-flood and storm-injury counties
39001,Adams County,OH,Ohio,,,2,Lower-tax severe-storm casualty counties,0.9964419972129904,0.9928841304325572,7,High-risk inland-flood and storm-injury counties
39003,Allen County,OH,Ohio,Metro,"Lima, OH",0,"Transfer-reliant, temperature-variable severe-storm counties",0.99881054681493,0.9976703859688089,7,High-risk inland-flood and storm-injury counties
39005,Ashland County,OH,Ohio,Micro,"Ashland, OH",6,Lower-wage tornado and storm-injury counties,0.9968424203700476,0.9936848767629487,7,High-risk inland-flood and storm-injury counties
39007,Ashtabula County,OH,Ohio,Micro,"Ashtabula, OH",0,"Transfer-reliant, temperature-variable severe-storm counties",0.9975986986933228,0.9952260854831831,7,High-risk inland-flood and storm-injury counties
39009,Athens County,OH,Ohio,Micro,"Athens, OH",0,"Transfer-reliant, temperature-variable severe-storm counties",0.985143068270522,0.9703020523239482,7,High-risk inland-flood and storm-injury counties
39011,Auglaize County,OH,Ohio,Micro,"Wapakoneta, OH",6,Lower-wage tornado and storm-injury counties,0.9964528502712477,0.9929057023334463,7,High-risk inland-flood and storm-injury counties
39013,Belmont County,OH,Ohio,Metro,"Wheeling, WV-OH",0,"Transfer-reliant, temperature-variable severe-storm counties",0.7240318877954568,0.44818053318296763,7,High-risk inland-flood and storm-injury counties
39015,Brown County,OH,Ohio,Metro,"Cincinnati, OH-KY-IN",2,Lower-tax severe-storm casualty counties,0.9787417336887978,0.9574836612190996,7,High-risk inland-flood and storm-injury counties
39017,Butler County,OH,Ohio,Metro,"Cincinnati, OH-KY-IN",7,High-risk inland-flood and storm-injury counties,0.9901410704450393,0.9803184527849411,0,"Transfer-reliant, temperature-variable severe-storm counties"
39019,Carroll County,OH,Ohio,Metro,"Canton-Massillon, OH",0,"Transfer-reliant, temperature-variable severe-storm counties",0.9965318210419328,0.9946130134366844,7,High-risk inland-flood and storm-injury counties
39021,Champaign County,OH,Ohio,Micro,"Urbana, OH",0,"Transfer-reliant, temperature-variable severe-storm counties",0.898065020013626,0.7964825754581997,7,High-risk inland-flood and storm-injury counties
39023,Clark County,OH,Ohio,Metro,"Springfield, OH",6,Lower-wage tornado and storm-injury counties,0.9808019118136505,0.9616039954043335,7,High-risk inland-flood and storm-injury counties
39025,Clermont County,OH,Ohio,Metro,"Cincinnati, OH-KY-IN",6,Lower-wage tornado and storm-injury counties,0.9280882185818108,0.856176519346373,7,High-risk inland-flood and storm-injury counties
39027,Clinton County,OH,Ohio,Micro,"Wilmington, OH",0,"Transfer-reliant, temperature-variable severe-storm counties",0.9814256180697392,0.9633002900859794,7,High-risk inland-flood and storm-injury counties
39029,Columbiana County,OH,Ohio,Micro,"Salem, OH",6,Lower-wage tornado and storm-injury counties,0.9936976501191078,0.9873953102197172,7,High-risk inland-flood and storm-injury counties
39031,Coshocton County,OH,Ohio,Micro,"Coshocton, OH",5,Cold-region severe-storm casualty counties,0.9909381556557372,0.9818765954239673,7,High-risk inland-flood and storm-injury counties
39033,Crawford County,OH,Ohio,Micro,"Bucyrus, OH",0,"Transfer-reliant, temperature-variable severe-storm counties",0.9995096975076633,0.9992158457631679,3,Older wildfire and mountain-hazard housing-market counties
39035,Cuyahoga County,OH,Ohio,Metro,"Cleveland-Elyria, OH",7,High-risk inland-flood and storm-injury counties,0.9995716548715209,0.9991505807756547,0,"Transfer-reliant, temperature-variable severe-storm counties"
39037,Darke County,OH,Ohio,Micro,"Greenville, OH",6,Lower-wage tornado and storm-injury counties,0.9934952574698869,0.9869905150649271,7,High-risk inland-flood and storm-injury counties
39039,Defiance County,OH,Ohio,Micro,"Defiance, OH",0,"Transfer-reliant, temperature-variable severe-storm counties",0.9917152915744605,0.9860492471113841,7,High-risk inland-flood and storm-injury counties
39041,Delaware County,OH,Ohio,Metro,"Columbus, OH",6,Lower-wage tornado and storm-injury counties,0.7971093687496184,0.5942188386313981,7,High-risk inland-flood and storm-injury counties
39043,Erie County,OH,Ohio,Micro,"Sandusky, OH",6,Lower-wage tornado and storm-injury counties,0.9895108887686047,0.9790296359113376,7,High-risk inland-flood and storm-injury counties
39045,Fairfield County,OH,Ohio,Metro,"Columbus, OH",7,High-risk inland-flood and storm-injury counties,0.5755635041920463,0.15112855645515494,6,Lower-wage tornado and storm-injury counties
39047,Fayette County,OH,Ohio,Micro,"Washington Court House, OH",0,"Transfer-reliant, temperature-variable severe-storm counties",0.9996515770666269,0.9993848177406763,7,High-risk inland-flood and storm-injury counties
39049,Franklin County,OH,Ohio,Metro,"Columbus, OH",7,High-risk inland-flood and storm-injury counties,0.9970915985346722,0.9941835858275102,2,Lower-tax severe-storm casualty counties
39051,Fulton County,OH,Ohio,Metro,"Toledo, OH",0,"Transfer-reliant, temperature-variable severe-storm counties",0.9952664979941245,0.990874602200215,7,High-risk inland-flood and storm-injury counties
39053,Gallia County,OH,Ohio,Micro,"Point Pleasant, WV-OH",2,Lower-tax severe-storm casualty counties,0.992989446937511,0.9859797957208785,7,High-risk inland-flood and storm-injury counties
39055,Geauga County,OH,Ohio,Metro,"Cleveland-Elyria, OH",0,"Transfer-reliant, temperature-variable severe-storm counties",0.9990761469224849,0.9982392103657971,7,High-risk inland-flood and storm-injury counties
39057,Greene County,OH,Ohio,Metro,"Dayton, OH",6,Lower-wage tornado and storm-injury counties,0.9300635716817812,0.8601280008902347,7,High-risk inland-flood and storm-injury counties
39059,Guernsey County,OH,Ohio,Micro,"Cambridge, OH",0,"Transfer-reliant, temperature-variable severe-storm counties",0.9936928225476745,0.9875306451396448,7,High-risk inland-flood and storm-injury counties
39061,Hamilton County,OH,Ohio,Metro,"Cincinnati, OH-KY-IN",7,High-risk inland-flood and storm-injury counties,0.5853920454983905,0.17078914671595846,2,Lower-tax severe-storm casualty counties
39063,Hancock County,OH,Ohio,Micro,"Findlay, OH",0,"Transfer-reliant, temperature-variable severe-storm counties",0.9983054991987146,0.9966412392881293,7,High-risk inland-flood and storm-injury counties
39065,Hardin County,OH,Ohio,,,0,"Transfer-reliant, temperature-variable severe-storm counties",0.9693996691910626,0.9411014340318707,3,Older wildfire and mountain-hazard housing-market counties
39067,Harrison County,OH,Ohio,,,5,Cold-region severe-storm casualty counties,0.9925117494250368,0.9850237091972144,7,High-risk inland-flood and storm-injury counties
39069,Henry County,OH,Ohio,,,0,"Transfer-reliant, temperature-variable severe-storm counties",0.9945868414568227,0.9904538333646157,7,High-risk inland-flood and storm-injury counties
39071,Highland County,OH,Ohio,,,0,"Transfer-reliant, temperature-variable severe-storm counties",0.9977014453528088,0.995439176717845,7,High-risk inland-flood and storm-injury counties
39073,Hocking County,OH,Ohio,Metro,"Columbus, OH",5,Cold-region severe-storm casualty counties,0.9978482581658099,0.9956968083544174,7,High-risk inland-flood and storm-injury counties
39075,Holmes County,OH,Ohio,,,0,"Transfer-reliant, temperature-variable severe-storm counties",0.9989448044282603,0.998247925089681,7,High-risk inland-flood and storm-injury counties
39077,Huron County,OH,Ohio,Micro,"Norwalk, OH",6,Lower-wage tornado and storm-injury counties,0.9006406819590476,0.8012971796778012,7,High-risk inland-flood and storm-injury counties
39079,Jackson County,OH,Ohio,Micro,"Jackson, OH",0,"Transfer-reliant, temperature-variable severe-storm counties",0.994613758734619,0.990513524488348,7,High-risk inland-flood and storm-injury counties
39081,Jefferson County,OH,Ohio,Metro,"Weirton-Steubenville, WV-OH",6,Lower-wage tornado and storm-injury counties,0.9932202334600946,0.9864642507309381,7,High-risk inland-flood and storm-injury counties
39083,Knox County,OH,Ohio,Micro,"Mount Vernon, OH",6,Lower-wage tornado and storm-injury counties,0.9912250759149942,0.982450229957122,7,High-risk inland-flood and storm-injury counties
39085,Lake County,OH,Ohio,Metro,"Cleveland-Elyria, OH",6,Lower-wage tornado and storm-injury counties,0.9838083704007256,0.9676468760284791,7,High-risk inland-flood and storm-injury counties
39087,Lawrence County,OH,Ohio,Metro,"Huntington-Ashland, WV-KY-OH",6,Lower-wage tornado and storm-injury counties,0.9892229990485298,0.9784463965097673,7,High-risk inland-flood and storm-injury counties
39089,Licking County,OH,Ohio,Metro,"Columbus, OH",7,High-risk inland-flood and storm-injury counties,0.9249769288684383,0.8499549005325321,0,"Transfer-reliant, temperature-variable severe-storm counties"
39091,Logan County,OH,Ohio,Micro,"Bellefontaine, OH",2,Lower-tax severe-storm casualty counties,0.9344363193628549,0.8688726547068353,7,High-risk inland-flood and storm-injury counties
39093,Lorain County,OH,Ohio,Metro,"Cleveland-Elyria, OH",7,High-risk inland-flood and storm-injury counties,0.5332930016753582,0.06669330177807026,0,"Transfer-reliant, temperature-variable severe-storm counties"
39095,Lucas County,OH,Ohio,Metro,"Toledo, OH",2,Lower-tax severe-storm casualty counties,0.7696141253706434,0.5394087873862496,7,High-risk inland-flood and storm-injury counties
39097,Madison County,OH,Ohio,Metro,"Columbus, OH",6,Lower-wage tornado and storm-injury counties,0.9938580733439673,0.9877161503806764,7,High-risk inland-flood and storm-injury counties
39099,Mahoning County,OH,Ohio,Metro,"Youngstown-Warren-Boardman, OH-PA",0,"Transfer-reliant, temperature-variable severe-storm counties",0.9902372329592656,0.9804830061287433,7,High-risk inland-flood and storm-injury counties
39101,Marion County,OH,Ohio,Micro,"Marion, OH",6,Lower-wage tornado and storm-injury counties,0.9968558381328172,0.993711691191638,7,High-risk inland-flood and storm-injury counties
39103,Medina County,OH,Ohio,Metro,"Cleveland-Elyria, OH",2,Lower-tax severe-storm casualty counties,0.955289852953928,0.9128445573449878,7,High-risk inland-flood and storm-injury counties
39105,Meigs County,OH,Ohio,,,5,Cold-region severe-storm casualty counties,0.9961240387991823,0.9922482024050002,7,High-risk inland-flood and storm-injury counties
39107,Mercer County,OH,Ohio,Micro,"Celina, OH",7,High-risk inland-flood and storm-injury counties,0.8253944364485408,0.6534841413581158,2,Lower-tax severe-storm casualty counties
39109,Miami County,OH,Ohio,Metro,"Dayton, OH",6,Lower-wage tornado and storm-injury counties,0.9892623079706746,0.9785246256250025,7,High-risk inland-flood and storm-injury counties
39111,Monroe County,OH,Ohio,,,6,Lower-wage tornado and storm-injury counties,0.9789903679829288,0.9579807389501791,7,High-risk inland-flood and storm-injury counties
39113,Montgomery County,OH,Ohio,Metro,"Dayton, OH",2,Lower-tax severe-storm casualty counties,0.9423545414655067,0.8847526367475994,7,High-risk inland-flood and storm-injury counties
39115,Morgan County,OH,Ohio,,,3,Older wildfire and mountain-hazard housing-market counties,0.7791169793367929,0.6596101941143225,0,"Transfer-reliant, temperature-variable severe-storm counties"
39117,Morrow County,OH,Ohio,Metro,"Columbus, OH",0,"Transfer-reliant, temperature-variable severe-storm counties",0.9696249871038141,0.9535537503585846,3,Older wildfire and mountain-hazard housing-market counties
39119,Muskingum County,OH,Ohio,Micro,"Zanesville, OH",6,Lower-wage tornado and storm-injury counties,0.993681907523828,0.9873638573904034,7,High-risk inland-flood and storm-injury counties
39121,Noble County,OH,Ohio,,,3,Older wildfire and mountain-hazard housing-market counties,0.7269858199947232,0.4830879091456703,0,"Transfer-reliant, temperature-variable severe-storm counties"
39123,Ottawa County,OH,Ohio,Micro,"Port Clinton, OH",0,"Transfer-reliant, temperature-variable severe-storm counties",0.9743431951809012,0.9515531394798288,7,High-risk inland-flood and storm-injury counties
39125,Paulding County,OH,Ohio,,,0,"Transfer-reliant, temperature-variable severe-storm counties",0.7973546905224473,0.5998047206055644,3,Older wildfire and mountain-hazard housing-market counties
39127,Perry County,OH,Ohio,Metro,"Columbus, OH",0,"Transfer-reliant, temperature-variable severe-storm counties",0.9933351768213631,0.9880713499451268,7,High-risk inland-flood and storm-injury counties
39129,Pickaway County,OH,Ohio,Metro,"Columbus, OH",6,Lower-wage tornado and storm-injury counties,0.9833672439014559,0.9667344881242902,7,High-risk inland-flood and storm-injury counties
39131,Pike County,OH,Ohio,,,5,Cold-region severe-storm casualty counties,0.9997286406543715,0.9994587079304939,7,High-risk inland-flood and storm-injury counties
39133,Portage County,OH,Ohio,Metro,"Akron, OH",0,"Transfer-reliant, temperature-variable severe-storm counties",0.9981218736712938,0.9963616560465174,7,High-risk inland-flood and storm-injury counties
39135,Preble County,OH,Ohio,,,0,"Transfer-reliant, temperature-variable severe-storm counties",0.9990457853061889,0.9981284371100155,7,High-risk inland-flood and storm-injury counties
39137,Putnam County,OH,Ohio,,,6,Lower-wage tornado and storm-injury counties,0.9868014124065804,0.9736028342672866,7,High-risk inland-flood and storm-injury counties
39139,Richland County,OH,Ohio,Metro,"Mansfield, OH",6,Lower-wage tornado and storm-injury counties,0.9992523137637722,0.9985273841573269,7,High-risk inland-flood and storm-injury counties
39141,Ross County,OH,Ohio,Micro,"Chillicothe, OH",2,Lower-tax severe-storm casualty counties,0.9973553307640899,0.9947113702027397,7,High-risk inland-flood and storm-injury counties
39143,Sandusky County,OH,Ohio,Micro,"Fremont, OH",6,Lower-wage tornado and storm-injury counties,0.9983611137657369,0.99677157946781,7,High-risk inland-flood and storm-injury counties
39145,Scioto County,OH,Ohio,Micro,"Portsmouth, OH",6,Lower-wage tornado and storm-injury counties,0.9966397077320946,0.9933994558273986,7,High-risk inland-flood and storm-injury counties
39147,Seneca County,OH,Ohio,Micro,"Tiffin, OH",0,"Transfer-reliant, temperature-variable severe-storm counties",0.9986146769404926,0.9977432555693699,7,High-risk inland-flood and storm-injury counties
39149,Shelby County,OH,Ohio,Micro,"Sidney, OH",2,Lower-tax severe-storm casualty counties,0.9986099391393879,0.9972276150073112,7,High-risk inland-flood and storm-injury counties
39151,Stark County,OH,Ohio,Metro,"Canton-Massillon, OH",5,Cold-region severe-storm casualty counties,0.9708904916875537,0.9453523244770973,7,High-risk inland-flood and storm-injury counties
39153,Summit County,OH,Ohio,Metro,"Akron, OH",2,Lower-tax severe-storm casualty counties,0.98807529101067,0.976431725494004,7,High-risk inland-flood and storm-injury counties
39155,Trumbull County,OH,Ohio,Metro,"Youngstown-Warren-Boardman, OH-PA",6,Lower-wage tornado and storm-injury counties,0.9868131268499116,0.9740889273737858,7,High-risk inland-flood and storm-injury counties
39157,Tuscarawas County,OH,Ohio,Micro,"New Philadelphia-Dover, OH",4,"High-premium, high-tax low-hazard counties",0.5625738823646478,0.3323530583180787,0,"Transfer-reliant, temperature-variable severe-storm counties"
39159,Union County,OH,Ohio,Metro,"Columbus, OH",0,"Transfer-reliant, temperature-variable severe-storm counties",0.9997082556790577,0.999505533619368,7,High-risk inland-flood and storm-injury counties
39161,Van Wert County,OH,Ohio,Micro,"Van Wert, OH",5,Cold-region severe-storm casualty counties,0.9992402578505926,0.9985613611556909,7,High-risk inland-flood and storm-injury counties
39163,Vinton County,OH,Ohio,,,6,Lower-wage tornado and storm-injury counties,0.9993199443647878,0.998640207487989,7,High-risk inland-flood and storm-injury counties
39165,Warren County,OH,Ohio,Metro,"Cincinnati, OH-KY-IN",7,High-risk inland-flood and storm-injury counties,0.7238777909140749,0.4477561738671279,5,Cold-region severe-storm casualty counties
39167,Washington County,OH,Ohio,Micro,"Marietta, OH",5,Cold-region severe-storm casualty counties,0.9989435498189392,0.9979078759196961,7,High-risk inland-flood and storm-injury counties
39169,Wayne County,OH,Ohio,Micro,"Wooster, OH",0,"Transfer-reliant, temperature-variable severe-storm counties",0.9951396525263375,0.9917068994776728,7,High-risk inland-flood and storm-injury counties
39171,Williams County,OH,Ohio,,,0,"Transfer-reliant, temperature-variable severe-storm counties",0.9986199246949728,0.9978566679774956,3,Older wildfire and mountain-hazard housing-market counties
39173,Wood County,OH,Ohio,Metro,"Toledo, OH",6,Lower-wage tornado and storm-injury counties,0.987766362251666,0.9764937306081445,7,High-risk inland-flood and storm-injury counties
39175,Wyandot County,OH,Ohio,,,1,High-tax northern housing-market storm-risk counties,0.5977828003198132,0.26427583169178864,7,High-risk inland-flood and storm-injury counties
40001,Adair County,OK,Oklahoma,,,2,Lower-tax severe-storm casualty counties,0.9996674577396921,0.9993349238763126,7,High-risk inland-flood and storm-injury counties
40003,Alfalfa County,OK,Oklahoma,,,0,"Transfer-reliant, temperature-variable severe-storm counties",0.9541511705784821,0.909547143747869,3,Older wildfire and mountain-hazard housing-market counties
40005,Atoka County,OK,Oklahoma,,,6,Lower-wage tornado and storm-injury counties,0.7634692493908296,0.5269384988730514,7,High-risk inland-flood and storm-injury counties
40007,Beaver County,OK,Oklahoma,,,0,"Transfer-reliant, temperature-variable severe-storm counties",0.6558092016925735,0.3143321327464533,4,"High-premium, high-tax low-hazard counties"
40009,Beckham County,OK,Oklahoma,Micro,"Elk City, OK",2,Lower-tax severe-storm casualty counties,0.9991316892593862,0.9982633792668433,7,High-risk inland-flood and storm-injury counties
40011,Blaine County,OK,Oklahoma,,,6,Lower-wage tornado and storm-injury counties,0.9992806032394994,0.9985612080577219,7,High-risk inland-flood and storm-injury counties
40013,Bryan County,OK,Oklahoma,Micro,"Durant, OK",2,Lower-tax severe-storm casualty counties,0.9992919245600635,0.9985838491268707,7,High-risk inland-flood and storm-injury counties
40015,Caddo County,OK,Oklahoma,,,6,Lower-wage tornado and storm-injury counties,0.9952823261833665,0.990564837708862,7,High-risk inland-flood and storm-injury counties
40017,Canadian County,OK,Oklahoma,Metro,"Oklahoma City, OK",2,Lower-tax severe-storm casualty counties,0.9898247722500436,0.9796495501406147,7,High-risk inland-flood and storm-injury counties
40019,Carter County,OK,Oklahoma,Micro,"Ardmore, OK",2,Lower-tax severe-storm casualty counties,0.9988743552675363,0.9977487108002635,7,High-risk inland-flood and storm-injury counties
40021,Cherokee County,OK,Oklahoma,Micro,"Tahlequah, OK",2,Lower-tax severe-storm casualty counties,0.9993061027798971,0.9986122065446799,7,High-risk inland-flood and storm-injury counties
40023,Choctaw County,OK,Oklahoma,,,2,Lower-tax severe-storm casualty counties,0.9963653914067571,0.9927308367735989,7,High-risk inland-flood and storm-injury counties
40025,Cimarron County,OK,Oklahoma,,,4,"High-premium, high-tax low-hazard counties",0.9980149655678889,0.9967839683225622,7,High-risk inland-flood and storm-injury counties
40027,Cleveland County,OK,Oklahoma,Metro,"Oklahoma City, OK",2,Lower-tax severe-storm casualty counties,0.8136172505125219,0.6272345034262177,7,High-risk inland-flood and storm-injury counties
40029,Coal County,OK,Oklahoma,,,2,Lower-tax severe-storm casualty counties,0.9293733642744069,0.8587504701140782,7,High-risk inland-flood and storm-injury counties
40031,Comanche County,OK,Oklahoma,Metro,"Lawton, OK",2,Lower-tax severe-storm casualty counties,0.895245028347417,0.7904900581221406,7,High-risk inland-flood and storm-injury counties
40033,Cotton County,OK,Oklahoma,Metro,"Lawton, OK",3,Older wildfire and mountain-hazard housing-market counties,0.6289113022025259,0.2709441061605915,0,"Transfer-reliant, temperature-variable severe-storm counties"
40035,Craig County,OK,Oklahoma,,,6,Lower-wage tornado and storm-injury counties,0.9987403999949057,0.9974808027812506,7,High-risk inland-flood and storm-injury counties
40037,Creek County,OK,Oklahoma,Metro,"Tulsa, OK",2,Lower-tax severe-storm casualty counties,0.9989739289499694,0.9979478584118832,7,High-risk inland-flood and storm-injury counties
40039,Custer County,OK,Oklahoma,Micro,"Weatherford, OK",0,"Transfer-reliant, temperature-variable severe-storm counties",0.9978867956584038,0.9963255499884622,4,"High-premium, high-tax low-hazard counties"
40041,Delaware County,OK,Oklahoma,,,0,"Transfer-reliant, temperature-variable severe-storm counties",0.9992576026837741,0.9987884354298712,4,"High-premium, high-tax low-hazard counties"
40043,Dewey County,OK,Oklahoma,,,0,"Transfer-reliant, temperature-variable severe-storm counties",0.8647829338730241,0.7313079076163553,3,Older wildfire and mountain-hazard housing-market counties
40045,Ellis County,OK,Oklahoma,,,0,"Transfer-reliant, temperature-variable severe-storm counties",0.9718131489050705,0.9443550895477202,3,Older wildfire and mountain-hazard housing-market counties
40047,Garfield County,OK,Oklahoma,Micro,"Enid, OK",0,"Transfer-reliant, temperature-variable severe-storm counties",0.8686505867983062,0.740474948035604,7,High-risk inland-flood and storm-injury counties
40049,Garvin County,OK,Oklahoma,,,5,Cold-region severe-storm casualty counties,0.998218609227966,0.9964372195407796,7,High-risk inland-flood and storm-injury counties
40051,Grady County,OK,Oklahoma,Metro,"Oklahoma City, OK",0,"Transfer-reliant, temperature-variable severe-storm counties",0.9224451734736507,0.8577858811111744,7,High-risk inland-flood and storm-injury counties
40053,Grant County,OK,Oklahoma,,,0,"Transfer-reliant, temperature-variable severe-storm counties",0.9989439460279395,0.9981071208341714,3,Older wildfire and mountain-hazard housing-market counties
40055,Greer County,OK,Oklahoma,,,0,"Transfer-reliant, temperature-variable severe-storm counties",0.9847245334585045,0.9705010597756156,3,Older wildfire and mountain-hazard housing-market counties
40057,Harmon County,OK,Oklahoma,,,3,Older wildfire and mountain-hazard housing-market counties,0.8372756352276928,0.7124280790014742,7,High-risk inland-flood and storm-injury counties
40059,Harper County,OK,Oklahoma,,,0,"Transfer-reliant, temperature-variable severe-storm counties",0.6668618294539469,0.34898442860276896,4,"High-premium, high-tax low-hazard counties"
40061,Haskell County,OK,Oklahoma,,,0,"Transfer-reliant, temperature-variable severe-storm counties",0.9973958164963572,0.995955542615839,3,Older wildfire and mountain-hazard housing-market counties
40063,Hughes County,OK,Oklahoma,,,2,Lower-tax severe-storm casualty counties,0.9970407177160279,0.9940814412097683,7,High-risk inland-flood and storm-injury counties
40065,Jackson County,OK,Oklahoma,Micro,"Altus, OK",6,Lower-wage tornado and storm-injury counties,0.9934469946271323,0.986896081004934,7,High-risk inland-flood and storm-injury counties
40067,Jefferson County,OK,Oklahoma,,,0,"Transfer-reliant, temperature-variable severe-storm counties",0.602272566013241,0.26905491941359294,3,Older wildfire and mountain-hazard housing-market counties
40069,Johnston County,OK,Oklahoma,,,5,Cold-region severe-storm casualty counties,0.998083231870039,0.9961664638994318,7,High-risk inland-flood and storm-injury counties
40071,Kay County,OK,Oklahoma,Micro,"Ponca City, OK",6,Lower-wage tornado and storm-injury counties,0.9965174344339753,0.9930373047012363,7,High-risk inland-flood and storm-injury counties
40073,Kingfisher County,OK,Oklahoma,,,0,"Transfer-reliant, temperature-variable severe-storm counties",0.9137448131937494,0.8293669521508008,4,"High-premium, high-tax low-hazard counties"
40075,Kiowa County,OK,Oklahoma,,,0,"Transfer-reliant, temperature-variable severe-storm counties",0.8838946227872714,0.8252812124762196,7,High-risk inland-flood and storm-injury counties
40077,Latimer County,OK,Oklahoma,,,5,Cold-region severe-storm casualty counties,0.9967169364803035,0.9934341274113959,7,High-risk inland-flood and storm-injury counties
40079,Le Flore County,OK,Oklahoma,Metro,"Fort Smith, AR-OK",5,Cold-region severe-storm casualty counties,0.996971451149336,0.9939429446262744,7,High-risk inland-flood and storm-injury counties
40081,Lincoln County,OK,Oklahoma,Metro,"Oklahoma City, OK",2,Lower-tax severe-storm casualty counties,0.9993823923752864,0.9987647847625356,7,High-risk inland-flood and storm-injury counties
40083,Logan County,OK,Oklahoma,Metro,"Oklahoma City, OK",7,High-risk inland-flood and storm-injury counties,0.8799360799929634,0.7606155919353639,0,"Transfer-reliant, temperature-variable severe-storm counties"
40085,Love County,OK,Oklahoma,,,2,Lower-tax severe-storm casualty counties,0.9985133186001846,0.9970269311359939,7,High-risk inland-flood and storm-injury counties
40087,McClain County,OK,Oklahoma,Metro,"Oklahoma City, OK",2,Lower-tax severe-storm casualty counties,0.9963999543480332,0.9927999087082556,7,High-risk inland-flood and storm-injury counties
40089,McCurtain County,OK,Oklahoma,,,2,Lower-tax severe-storm casualty counties,0.923524169091059,0.8470483783157621,7,High-risk inland-flood and storm-injury counties
40091,McIntosh County,OK,Oklahoma,,,5,Cold-region severe-storm casualty counties,0.9991197322855468,0.9982394662343946,7,High-risk inland-flood and storm-injury counties
40093,Major County,OK,Oklahoma,,,0,"Transfer-reliant, temperature-variable severe-storm counties",0.9966821175260816,0.9942534853747121,3,Older wildfire and mountain-hazard housing-market counties
40095,Marshall County,OK,Oklahoma,,,2,Lower-tax severe-storm casualty counties,0.9989522185672858,0.997904437257234,7,High-risk inland-flood and storm-injury counties
40097,Mayes County,OK,Oklahoma,,,2,Lower-tax severe-storm casualty counties,0.9989544557446729,0.9979089115769559,7,High-risk inland-flood and storm-injury counties
40099,Murray County,OK,Oklahoma,,,2,Lower-tax severe-storm casualty counties,0.990276054962616,0.9805613537627769,7,High-risk inland-flood and storm-injury counties
40101,Muskogee County,OK,Oklahoma,Micro,"Muskogee, OK",2,Lower-tax severe-storm casualty counties,0.9965991910031962,0.9931984111559098,7,High-risk inland-flood and storm-injury counties
40103,Noble County,OK,Oklahoma,,,0,"Transfer-reliant, temperature-variable severe-storm counties",0.9992350093168135,0.9988957003035497,7,High-risk inland-flood and storm-injury counties
40105,Nowata County,OK,Oklahoma,,,6,Lower-wage tornado and storm-injury counties,0.9996343770406904,0.9992687551152162,7,High-risk inland-flood and storm-injury counties
40107,Okfuskee County,OK,Oklahoma,,,0,"Transfer-reliant, temperature-variable severe-storm counties",0.9989869225337007,0.9985273019306877,4,"High-premium, high-tax low-hazard counties"
40109,Oklahoma County,OK,Oklahoma,Metro,"Oklahoma City, OK",7,High-risk inland-flood and storm-injury counties,0.9831452999348222,0.966290599876842,2,Lower-tax severe-storm casualty counties
40111,Okmulgee County,OK,Oklahoma,Metro,"Tulsa, OK",0,"Transfer-reliant, temperature-variable severe-storm counties",0.9950797116524128,0.9917336563002385,7,High-risk inland-flood and storm-injury counties
40113,Osage County,OK,Oklahoma,Metro,"Tulsa, OK",2,Lower-tax severe-storm casualty counties,0.999527938008397,0.999055878116336,7,High-risk inland-flood and storm-injury counties
40115,Ottawa County,OK,Oklahoma,Micro,"Miami, OK",6,Lower-wage tornado and storm-injury counties,0.9983881683756837,0.9967776065952709,7,High-risk inland-flood and storm-injury counties
40117,Pawnee County,OK,Oklahoma,Metro,"Tulsa, OK",2,Lower-tax severe-storm casualty counties,0.9991318609806286,0.9982637238984715,7,High-risk inland-flood and storm-injury counties
40119,Payne County,OK,Oklahoma,Micro,"Stillwater, OK",5,Cold-region severe-storm casualty counties,0.9956963681373716,0.9913927411446313,7,High-risk inland-flood and storm-injury counties
40121,Pittsburg County,OK,Oklahoma,Micro,"McAlester, OK",2,Lower-tax severe-storm casualty counties,0.9994684097608624,0.998936819555015,7,High-risk inland-flood and storm-injury counties
40123,Pontotoc County,OK,Oklahoma,Micro,"Ada, OK",6,Lower-wage tornado and storm-injury counties,0.9733975617373849,0.9467985486651398,7,High-risk inland-flood and storm-injury counties
40125,Pottawatomie County,OK,Oklahoma,Micro,"Shawnee, OK",2,Lower-tax severe-storm casualty counties,0.9971297785627937,0.9942595581464633,7,High-risk inland-flood and storm-injury counties
40127,Pushmataha County,OK,Oklahoma,,,0,"Transfer-reliant, temperature-variable severe-storm counties",0.9984365878233256,0.9973548772210638,3,Older wildfire and mountain-hazard housing-market counties
40129,Roger Mills County,OK,Oklahoma,,,2,Lower-tax severe-storm casualty counties,0.9985861008199725,0.9971722611604753,7,High-risk inland-flood and storm-injury counties
40131,Rogers County,OK,Oklahoma,Metro,"Tulsa, OK",2,Lower-tax severe-storm casualty counties,0.9991608946780081,0.998321792647108,7,High-risk inland-flood and storm-injury counties
40133,Seminole County,OK,Oklahoma,,,5,Cold-region severe-storm casualty counties,0.9938605462862649,0.9877210972428856,7,High-risk inland-flood and storm-injury counties
40135,Sequoyah County,OK,Oklahoma,Metro,"Fort Smith, AR-OK",0,"Transfer-reliant, temperature-variable severe-storm counties",0.9864141171757133,0.978928674887441,7,High-risk inland-flood and storm-injury counties
40137,Stephens County,OK,Oklahoma,Micro,"Duncan, OK",2,Lower-tax severe-storm casualty counties,0.9996057486887922,0.9992114973855288,7,High-risk inland-flood and storm-injury counties
40139,Texas County,OK,Oklahoma,Micro,"Guymon, OK",4,"High-premium, high-tax low-hazard counties",0.9951747024816907,0.9908331747498528,7,High-risk inland-flood and storm-injury counties
40141,Tillman County,OK,Oklahoma,,,0,"Transfer-reliant, temperature-variable severe-storm counties",0.9990486282755978,0.9984361990040478,3,Older wildfire and mountain-hazard housing-market counties
40143,Tulsa County,OK,Oklahoma,Metro,"Tulsa, OK",7,High-risk inland-flood and storm-injury counties,0.9999422577764392,0.9998845158372414,2,Lower-tax severe-storm casualty counties
40145,Wagoner County,OK,Oklahoma,Metro,"Tulsa, OK",0,"Transfer-reliant, temperature-variable severe-storm counties",0.8813470615888136,0.770735566115023,7,High-risk inland-flood and storm-injury counties
40147,Washington County,OK,Oklahoma,Micro,"Bartlesville, OK",0,"Transfer-reliant, temperature-variable severe-storm counties",0.9926654629386087,0.9888165287666638,7,High-risk inland-flood and storm-injury counties
40149,Washita County,OK,Oklahoma,,,0,"Transfer-reliant, temperature-variable severe-storm counties",0.9989502339311743,0.998169808339503,3,Older wildfire and mountain-hazard housing-market counties
40151,Woods County,OK,Oklahoma,,,0,"Transfer-reliant, temperature-variable severe-storm counties",0.9981849701010265,0.9967432988993605,3,Older wildfire and mountain-hazard housing-market counties
40153,Woodward County,OK,Oklahoma,Micro,"Woodward, OK",6,Lower-wage tornado and storm-injury counties,0.9993219008544212,0.9986438191458865,7,High-risk inland-flood and storm-injury counties
41001,Baker County,OR,Oregon,,,3,Older wildfire and mountain-hazard housing-market counties,0.9953840527510962,0.9907681055767876,7,High-risk inland-flood and storm-injury counties
41003,Benton County,OR,Oregon,Metro,"Corvallis, OR",3,Older wildfire and mountain-hazard housing-market counties,0.758153216803718,0.5163578996649302,7,High-risk inland-flood and storm-injury counties
41005,Clackamas County,OR,Oregon,Metro,"Portland-Vancouver-Hillsboro, OR-WA",7,High-risk inland-flood and storm-injury counties,0.9999999999641176,0.9999999999282357,3,Older wildfire and mountain-hazard housing-market counties
41007,Clatsop County,OR,Oregon,Micro,"Astoria, OR",7,High-risk inland-flood and storm-injury counties,0.9698435063298753,0.939687012659752,3,Older wildfire and mountain-hazard housing-market counties
41009,Columbia County,OR,Oregon,Metro,"Portland-Vancouver-Hillsboro, OR-WA",7,High-risk inland-flood and storm-injury counties,0.9999938484911997,0.9999877016024858,3,Older wildfire and mountain-hazard housing-market counties
41011,Coos County,OR,Oregon,Micro,"Coos Bay, OR",3,Older wildfire and mountain-hazard housing-market counties,0.7448297256818596,0.4896903338963968,7,High-risk inland-flood and storm-injury counties
41013,Crook County,OR,Oregon,Micro,"Prineville, OR",3,Older wildfire and mountain-hazard housing-market counties,0.9893778690085401,0.9787557389950775,7,High-risk inland-flood and storm-injury counties
41015,Curry County,OR,Oregon,Micro,"Brookings, OR",7,High-risk inland-flood and storm-injury counties,0.9354733752578571,0.8709467549998235,3,Older wildfire and mountain-hazard housing-market counties
41017,Deschutes County,OR,Oregon,Metro,"Bend-Redmond, OR",7,High-risk inland-flood and storm-injury counties,0.8779339614717184,0.7558679241245891,3,Older wildfire and mountain-hazard housing-market counties
41019,Douglas County,OR,Oregon,Micro,"Roseburg, OR",3,Older wildfire and mountain-hazard housing-market counties,0.5801425734296829,0.16028514686912437,7,High-risk inland-flood and storm-injury counties
41021,Gilliam County,OR,Oregon,,,7,High-risk inland-flood and storm-injury counties,0.7273539879526841,0.4547152957072571,3,Older wildfire and mountain-hazard housing-market counties
41023,Grant County,OR,Oregon,,,3,Older wildfire and mountain-hazard housing-market counties,0.9976002864320378,0.9952005781952225,7,High-risk inland-flood and storm-injury counties
41025,Harney County,OR,Oregon,,,3,Older wildfire and mountain-hazard housing-market counties,0.9867639278663957,0.9735278557335098,7,High-risk inland-flood and storm-injury counties
41027,Hood River County,OR,Oregon,Micro,"Hood River, OR",3,Older wildfire and mountain-hazard housing-market counties,0.9788722255258564,0.9577444512063482,7,High-risk inland-flood and storm-injury counties
41029,Jackson County,OR,Oregon,Metro,"Medford, OR",3,Older wildfire and mountain-hazard housing-market counties,0.8031585621413642,0.6063171249775268,7,High-risk inland-flood and storm-injury counties
41031,Jefferson County,OR,Oregon,,,3,Older wildfire and mountain-hazard housing-market counties,0.991586227028523,0.9831724550416695,7,High-risk inland-flood and storm-injury counties
41033,Josephine County,OR,Oregon,Metro,"Grants Pass, OR",3,Older wildfire and mountain-hazard housing-market counties,0.9314997324493985,0.8629994670340939,7,High-risk inland-flood and storm-injury counties
41035,Klamath County,OR,Oregon,Micro,"Klamath Falls, OR",3,Older wildfire and mountain-hazard housing-market counties,0.9855018546752818,0.9710037134881182,7,High-risk inland-flood and storm-injury counties
41037,Lake County,OR,Oregon,,,3,Older wildfire and mountain-hazard housing-market counties,0.980701833849344,0.9614037942971381,7,High-risk inland-flood and storm-injury counties
41039,Lane County,OR,Oregon,Metro,"Eugene, OR",7,High-risk inland-flood and storm-injury counties,0.9990951168895722,0.9981902337792186,3,Older wildfire and mountain-hazard housing-market counties
41041,Lincoln County,OR,Oregon,Micro,"Newport, OR",7,High-risk inland-flood and storm-injury counties,0.9999958776503549,0.9999917553008204,3,Older wildfire and mountain-hazard housing-market counties
41043,Linn County,OR,Oregon,Metro,"Albany, OR",7,High-risk inland-flood and storm-injury counties,0.9577606256178901,0.9155212512506044,3,Older wildfire and mountain-hazard housing-market counties
41045,Malheur County,OR,Oregon,Micro,"Ontario, OR-ID",3,Older wildfire and mountain-hazard housing-market counties,0.9860576045344264,0.9721152095047938,7,High-risk inland-flood and storm-injury counties
41047,Marion County,OR,Oregon,Metro,"Salem, OR",7,High-risk inland-flood and storm-injury counties,0.999952438752837,0.9999048775057676,3,Older wildfire and mountain-hazard housing-market counties
41049,Morrow County,OR,Oregon,Micro,"Hermiston-Pendleton, OR",3,Older wildfire and mountain-hazard housing-market counties,0.9880474456821033,0.9760949973146704,7,High-risk inland-flood and storm-injury counties
41051,Multnomah County,OR,Oregon,Metro,"Portland-Vancouver-Hillsboro, OR-WA",7,High-risk inland-flood and storm-injury counties,0.9999999999997442,0.9999999999994859,3,Older wildfire and mountain-hazard housing-market counties
41053,Polk County,OR,Oregon,Metro,"Salem, OR",7,High-risk inland-flood and storm-injury counties,0.5564182006165562,0.11283705115003817,3,Older wildfire and mountain-hazard housing-market counties
41055,Sherman County,OR,Oregon,,,3,Older wildfire and mountain-hazard housing-market counties,0.5931604491665257,0.1863209051105955,7,High-risk inland-flood and storm-injury counties
41057,Tillamook County,OR,Oregon,,,3,Older wildfire and mountain-hazard housing-market counties,0.7528113986927752,0.5056227973855638,7,High-risk inland-flood and storm-injury counties
41059,Umatilla County,OR,Oregon,Micro,"Hermiston-Pendleton, OR",7,High-risk inland-flood and storm-injury counties,0.9973289981838376,0.9946580945144102,5,Cold-region severe-storm casualty counties
41061,Union County,OR,Oregon,Micro,"La Grande, OR",7,High-risk inland-flood and storm-injury counties,0.6440358290010467,0.2880716580073013,3,Older wildfire and mountain-hazard housing-market counties
41063,Wallowa County,OR,Oregon,,,7,High-risk inland-flood and storm-injury counties,0.997535162674774,0.9950706393047176,6,Lower-wage tornado and storm-injury counties
41065,Wasco County,OR,Oregon,Micro,"The Dalles, OR",3,Older wildfire and mountain-hazard housing-market counties,0.9936457143486354,0.9872914569502417,7,High-risk inland-flood and storm-injury counties
41067,Washington County,OR,Oregon,Metro,"Portland-Vancouver-Hillsboro, OR-WA",7,High-risk inland-flood and storm-injury counties,0.9999996177480688,0.9999992400325965,5,Cold-region severe-storm casualty counties
41069,Wheeler County,OR,Oregon,,,3,Older wildfire and mountain-hazard housing-market counties,0.992986608334904,0.9859752738211225,7,High-risk inland-flood and storm-injury counties
41071,Yamhill County,OR,Oregon,Metro,"Portland-Vancouver-Hillsboro, OR-WA",3,Older wildfire and mountain-hazard housing-market counties,0.880200066316734,0.760400132683677,7,High-risk inland-flood and storm-injury counties
42001,Adams County,PA,Pennsylvania,Metro,"Gettysburg, PA",1,High-tax northern housing-market storm-risk counties,0.992422147403711,0.9848811105506472,7,High-risk inland-flood and storm-injury counties
42003,Allegheny County,PA,Pennsylvania,Metro,"Pittsburgh, PA",7,High-risk inland-flood and storm-injury counties,0.7652465803575793,0.5304931613327668,1,High-tax northern housing-market storm-risk counties
42005,Armstrong County,PA,Pennsylvania,Metro,"Pittsburgh, PA",1,High-tax northern housing-market storm-risk counties,0.9964683984184887,0.9929367969377093,7,High-risk inland-flood and storm-injury counties
42007,Beaver County,PA,Pennsylvania,Metro,"Pittsburgh, PA",1,High-tax northern housing-market storm-risk counties,0.9414004381792199,0.9019358735129942,0,"Transfer-reliant, temperature-variable severe-storm counties"
42009,Bedford County,PA,Pennsylvania,,,1,High-tax northern housing-market storm-risk counties,0.9973407214793847,0.9946961005168097,7,High-risk inland-flood and storm-injury counties
42011,Berks County,PA,Pennsylvania,Metro,"Reading, PA",7,High-risk inland-flood and storm-injury counties,0.7678150394575924,0.5356304907081003,1,High-tax northern housing-market storm-risk counties
42013,Blair County,PA,Pennsylvania,Metro,"Altoona, PA",1,High-tax northern housing-market storm-risk counties,0.9926720190884677,0.9853441535699418,7,High-risk inland-flood and storm-injury counties
42015,Bradford County,PA,Pennsylvania,Micro,"Sayre, PA",1,High-tax northern housing-market storm-risk counties,0.9821420512168753,0.9660323696633982,7,High-risk inland-flood and storm-injury counties
42017,Bucks County,PA,Pennsylvania,Metro,"Philadelphia-Camden-Wilmington, PA-NJ-DE-MD",7,High-risk inland-flood and storm-injury counties,0.9564749562337267,0.9129559745887281,1,High-tax northern housing-market storm-risk counties
42019,Butler County,PA,Pennsylvania,Metro,"Pittsburgh, PA",1,High-tax northern housing-market storm-risk counties,0.9807182145024372,0.9625838780812968,7,High-risk inland-flood and storm-injury counties
42021,Cambria County,PA,Pennsylvania,Metro,"Johnstown, PA",1,High-tax northern housing-market storm-risk counties,0.9969518433739802,0.9939037080892107,7,High-risk inland-flood and storm-injury counties
42023,Cameron County,PA,Pennsylvania,,,3,Older wildfire and mountain-hazard housing-market counties,0.9550475221165213,0.9265790278076925,1,High-tax northern housing-market storm-risk counties
42025,Carbon County,PA,Pennsylvania,Metro,"Allentown-Bethlehem-Easton, PA-NJ",1,High-tax northern housing-market storm-risk counties,0.8464245869072969,0.7473193930612833,7,High-risk inland-flood and storm-injury counties
42027,Centre County,PA,Pennsylvania,Metro,"State College, PA",1,High-tax northern housing-market storm-risk counties,0.993102606472793,0.986205940033795,7,High-risk inland-flood and storm-injury counties
42029,Chester County,PA,Pennsylvania,Metro,"Philadelphia-Camden-Wilmington, PA-NJ-DE-MD",7,High-risk inland-flood and storm-injury counties,0.876828018518266,0.7537098698976712,1,High-tax northern housing-market storm-risk counties
42031,Clarion County,PA,Pennsylvania,,,1,High-tax northern housing-market storm-risk counties,0.9947384256315849,0.9912541020203807,7,High-risk inland-flood and storm-injury counties
42033,Clearfield County,PA,Pennsylvania,Micro,"DuBois, PA",1,High-tax northern housing-market storm-risk counties,0.9837041586851716,0.9683800609676875,7,High-risk inland-flood and storm-injury counties
42035,Clinton County,PA,Pennsylvania,Micro,"Lock Haven, PA",1,High-tax northern housing-market storm-risk counties,0.9177475351679629,0.8562167289776765,7,High-risk inland-flood and storm-injury counties
42037,Columbia County,PA,Pennsylvania,Metro,"Bloomsburg-Berwick, PA",1,High-tax northern housing-market storm-risk counties,0.6499711723904097,0.3133383237400353,6,Lower-wage tornado and storm-injury counties
42039,Crawford County,PA,Pennsylvania,Micro,"Meadville, PA",6,Lower-wage tornado and storm-injury counties,0.9981990970701289,0.9964987072725038,7,High-risk inland-flood and storm-injury counties
42041,Cumberland County,PA,Pennsylvania,Metro,"Harrisburg-Carlisle, PA",1,High-tax northern housing-market storm-risk counties,0.9926107447511389,0.9852216566257004,7,High-risk inland-flood and storm-injury counties
42043,Dauphin County,PA,Pennsylvania,Metro,"Harrisburg-Carlisle, PA",1,High-tax northern housing-market storm-risk counties,0.9930412375799248,0.9860837388991841,7,High-risk inland-flood and storm-injury counties
42045,Delaware County,PA,Pennsylvania,Metro,"Philadelphia-Camden-Wilmington, PA-NJ-DE-MD",7,High-risk inland-flood and storm-injury counties,0.8508453314537501,0.7018554047104257,1,High-tax northern housing-market storm-risk counties
42047,Elk County,PA,Pennsylvania,,,1,High-tax northern housing-market storm-risk counties,0.9921606142400192,0.984446605911794,7,High-risk inland-flood and storm-injury counties
42049,Erie County,PA,Pennsylvania,Metro,"Erie, PA",1,High-tax northern housing-market storm-risk counties,0.3435621923537985,0.004630335476428049,7,High-risk inland-flood and storm-injury counties
42051,Fayette County,PA,Pennsylvania,Metro,"Pittsburgh, PA",1,High-tax northern housing-market storm-risk counties,0.6583895498484076,0.3628142423997336,6,Lower-wage tornado and storm-injury counties
42053,Forest County,PA,Pennsylvania,,,1,High-tax northern housing-market storm-risk counties,0.9306888771972381,0.8692069711039765,3,Older wildfire and mountain-hazard housing-market counties
42055,Franklin County,PA,Pennsylvania,Metro,"Chambersburg-Waynesboro, PA",1,High-tax northern housing-market storm-risk counties,0.9976182177970728,0.995236523747564,7,High-risk inland-flood and storm-injury counties
42057,Fulton County,PA,Pennsylvania,,,1,High-tax northern housing-market storm-risk counties,0.9986706376524612,0.9973418658252081,7,High-risk inland-flood and storm-injury counties
42059,Greene County,PA,Pennsylvania,,,2,Lower-tax severe-storm casualty counties,0.879142966276599,0.8159064016817765,1,High-tax northern housing-market storm-risk counties
42061,Huntingdon County,PA,Pennsylvania,Micro,"Huntingdon, PA",1,High-tax northern housing-market storm-risk counties,0.9991263163754656,0.9982526517805642,7,High-risk inland-flood and storm-injury counties
42063,Indiana County,PA,Pennsylvania,Micro,"Indiana, PA",1,High-tax northern housing-market storm-risk counties,0.9973855824820647,0.9947984388684625,7,High-risk inland-flood and storm-injury counties
42065,Jefferson County,PA,Pennsylvania,,,1,High-tax northern housing-market storm-risk counties,0.9988938444039778,0.9977876938859583,7,High-risk inland-flood and storm-injury counties
42067,Juniata County,PA,Pennsylvania,,,1,High-tax northern housing-market storm-risk counties,0.9924081377162595,0.985887208602259,7,High-risk inland-flood and storm-injury counties
42069,Lackawanna County,PA,Pennsylvania,Metro,"Scranton--Wilkes-Barre--Hazleton, PA",1,High-tax northern housing-market storm-risk counties,0.9877860695356377,0.9755863981505409,7,High-risk inland-flood and storm-injury counties
42071,Lancaster County,PA,Pennsylvania,Metro,"Lancaster, PA",1,High-tax northern housing-market storm-risk counties,0.7823868029947028,0.5647736450121297,7,High-risk inland-flood and storm-injury counties
42073,Lawrence County,PA,Pennsylvania,Micro,"New Castle, PA",1,High-tax northern housing-market storm-risk counties,0.7899926886016784,0.6100476824247262,0,"Transfer-reliant, temperature-variable severe-storm counties"
42075,Lebanon County,PA,Pennsylvania,Metro,"Lebanon, PA",1,High-tax northern housing-market storm-risk counties,0.9924444133879378,0.9848982510427571,7,High-risk inland-flood and storm-injury counties
42077,Lehigh County,PA,Pennsylvania,Metro,"Allentown-Bethlehem-Easton, PA-NJ",1,High-tax northern housing-market storm-risk counties,0.9710127776409542,0.9420273215870405,7,High-risk inland-flood and storm-injury counties
42079,Luzerne County,PA,Pennsylvania,Metro,"Scranton--Wilkes-Barre--Hazleton, PA",1,High-tax northern housing-market storm-risk counties,0.9729525340969565,0.9459054384196239,7,High-risk inland-flood and storm-injury counties
42081,Lycoming County,PA,Pennsylvania,Metro,"Williamsport, PA",1,High-tax northern housing-market storm-risk counties,0.9951052006923792,0.9902104014361299,7,High-risk inland-flood and storm-injury counties
42083,McKean County,PA,Pennsylvania,Micro,"Bradford, PA",3,Older wildfire and mountain-hazard housing-market counties,0.5043302917670996,0.02818537519794745,1,High-tax northern housing-market storm-risk counties
42085,Mercer County,PA,Pennsylvania,Metro,"Youngstown-Warren-Boardman, OH-PA",1,High-tax northern housing-market storm-risk counties,0.9779237011400334,0.9561977239647439,7,High-risk inland-flood and storm-injury counties
42087,Mifflin County,PA,Pennsylvania,Micro,"Lewistown, PA",1,High-tax northern housing-market storm-risk counties,0.983087532543242,0.966238162234352,7,High-risk inland-flood and storm-injury counties
42089,Monroe County,PA,Pennsylvania,Metro,"East Stroudsburg, PA",1,High-tax northern housing-market storm-risk counties,0.9608583466652323,0.9245159112631925,7,High-risk inland-flood and storm-injury counties
42091,Montgomery County,PA,Pennsylvania,Metro,"Philadelphia-Camden-Wilmington, PA-NJ-DE-MD",7,High-risk inland-flood and storm-injury counties,0.869846049233685,0.7397201064134399,1,High-tax northern housing-market storm-risk counties
42093,Montour County,PA,Pennsylvania,Metro,"Bloomsburg-Berwick, PA",1,High-tax northern housing-market storm-risk counties,0.858766689854036,0.7236463530000351,3,Older wildfire and mountain-hazard housing-market counties
42095,Northampton County,PA,Pennsylvania,Metro,"Allentown-Bethlehem-Easton, PA-NJ",1,High-tax northern housing-market storm-risk counties,0.9878852448983028,0.9757706471565053,7,High-risk inland-flood and storm-injury counties
42097,Northumberland County,PA,Pennsylvania,Micro,"Sunbury, PA",1,High-tax northern housing-market storm-risk counties,0.985745048575241,0.9718770410907521,7,High-risk inland-flood and storm-injury counties
42099,Perry County,PA,Pennsylvania,Metro,"Harrisburg-Carlisle, PA",1,High-tax northern housing-market storm-risk counties,0.9972860609798058,0.9945868479766827,7,High-risk inland-flood and storm-injury counties
42101,Philadelphia County,PA,Pennsylvania,Metro,"Philadelphia-Camden-Wilmington, PA-NJ-DE-MD",1,High-tax northern housing-market storm-risk counties,0.519175926036354,0.03862095183710834,7,High-risk inland-flood and storm-injury counties
42103,Pike County,PA,Pennsylvania,Metro,"New York-Newark-Jersey City, NY-NJ-PA",1,High-tax northern housing-market storm-risk counties,0.986323735051644,0.9790533962367708,3,Older wildfire and mountain-hazard housing-market counties
42105,Potter County,PA,Pennsylvania,,,3,Older wildfire and mountain-hazard housing-market counties,0.8627442688713173,0.7306682356675767,1,High-tax northern housing-market storm-risk counties
42107,Schuylkill County,PA,Pennsylvania,Micro,"Pottsville, PA",1,High-tax northern housing-market storm-risk counties,0.8780507617530734,0.7824386560361748,0,"Transfer-reliant, temperature-variable severe-storm counties"
42109,Snyder County,PA,Pennsylvania,Micro,"Selinsgrove, PA",1,High-tax northern housing-market storm-risk counties,0.9983642971119324,0.9967293722042714,7,High-risk inland-flood and storm-injury counties
42111,Somerset County,PA,Pennsylvania,Micro,"Somerset, PA",1,High-tax northern housing-market storm-risk counties,0.7580684362999055,0.5302531361621587,6,Lower-wage tornado and storm-injury counties
42113,Sullivan County,PA,Pennsylvania,,,1,High-tax northern housing-market storm-risk counties,0.9383337566670736,0.8891519144502772,3,Older wildfire and mountain-hazard housing-market counties
42115,Susquehanna County,PA,Pennsylvania,,,1,High-tax northern housing-market storm-risk counties,0.7363668809963337,0.48613692749407916,5,Cold-region severe-storm casualty counties
42117,Tioga County,PA,Pennsylvania,,,1,High-tax northern housing-market storm-risk counties,0.9816141872080931,0.9710849983233666,7,High-risk inland-flood and storm-injury counties
42119,Union County,PA,Pennsylvania,Micro,"Lewisburg, PA",1,High-tax northern housing-market storm-risk counties,0.9975739643693692,0.9951546290519302,7,High-risk inland-flood and storm-injury counties
42121,Venango County,PA,Pennsylvania,Micro,"Oil City, PA",1,High-tax northern housing-market storm-risk counties,0.9939000181830402,0.9878005311130077,7,High-risk inland-flood and storm-injury counties
42123,Warren County,PA,Pennsylvania,Micro,"Warren, PA",2,Lower-tax severe-storm casualty counties,0.651152610041595,0.44708829694590335,7,High-risk inland-flood and storm-injury counties
42125,Washington County,PA,Pennsylvania,Metro,"Pittsburgh, PA",1,High-tax northern housing-market storm-risk counties,0.9912214323010319,0.9826243446010856,7,High-risk inland-flood and storm-injury counties
42127,Wayne County,PA,Pennsylvania,,,1,High-tax northern housing-market storm-risk counties,0.9970953627243173,0.9948302881436202,7,High-risk inland-flood and storm-injury counties
42129,Westmoreland County,PA,Pennsylvania,Metro,"Pittsburgh, PA",1,High-tax northern housing-market storm-risk counties,0.8252083073458225,0.6504168397164533,7,High-risk inland-flood and storm-injury counties
42131,Wyoming County,PA,Pennsylvania,Metro,"Scranton--Wilkes-Barre--Hazleton, PA",6,Lower-wage tornado and storm-injury counties,0.5960042647867978,0.2225106852420724,1,High-tax northern housing-market storm-risk counties
42133,York County,PA,Pennsylvania,Metro,"York-Hanover, PA",1,High-tax northern housing-market storm-risk counties,0.9919206739524074,0.9838419237002793,7,High-risk inland-flood and storm-injury counties
44001,Bristol County,RI,Rhode Island,Metro,"Providence-Warwick, RI-MA",7,High-risk inland-flood and storm-injury counties,0.9999283590349659,0.9998649121090578,3,Older wildfire and mountain-hazard housing-market counties
44003,Kent County,RI,Rhode Island,Metro,"Providence-Warwick, RI-MA",7,High-risk inland-flood and storm-injury counties,0.998568446926861,0.997138104719593,1,High-tax northern housing-market storm-risk counties
44005,Newport County,RI,Rhode Island,Metro,"Providence-Warwick, RI-MA",7,High-risk inland-flood and storm-injury counties,0.9999621345761481,0.9999253562054276,3,Older wildfire and mountain-hazard housing-market counties
44007,Providence County,RI,Rhode Island,Metro,"Providence-Warwick, RI-MA",7,High-risk inland-flood and storm-injury counties,0.9946282723960582,0.991085977230339,1,High-tax northern housing-market storm-risk counties
44009,Washington County,RI,Rhode Island,Metro,"Providence-Warwick, RI-MA",7,High-risk inland-flood and storm-injury counties,0.9996726732463103,0.9994409740442721,0,"Transfer-reliant, temperature-variable severe-storm counties"
45001,Abbeville County,SC,South Carolina,Micro,"Greenwood, SC",6,Lower-wage tornado and storm-injury counties,0.9997682106717574,0.9995385184276525,7,High-risk inland-flood and storm-injury counties
45003,Aiken County,SC,South Carolina,Metro,"Augusta-Richmond County, GA-SC",6,Lower-wage tornado and storm-injury counties,0.7975616012631768,0.6213516030499673,7,High-risk inland-flood and storm-injury counties
45005,Allendale County,SC,South Carolina,,,6,Lower-wage tornado and storm-injury counties,0.9901419259912739,0.9802838680743866,7,High-risk inland-flood and storm-injury counties
45007,Anderson County,SC,South Carolina,Metro,"Greenville-Anderson-Mauldin, SC",5,Cold-region severe-storm casualty counties,0.9909518965502004,0.9843273640148836,7,High-risk inland-flood and storm-injury counties
45009,Bamberg County,SC,South Carolina,,,0,"Transfer-reliant, temperature-variable severe-storm counties",0.991063013583557,0.9875302995409705,3,Older wildfire and mountain-hazard housing-market counties
45011,Barnwell County,SC,South Carolina,,,6,Lower-wage tornado and storm-injury counties,0.9979343001028551,0.9958710694102904,7,High-risk inland-flood and storm-injury counties
45013,Beaufort County,SC,South Carolina,Metro,"Hilton Head Island-Bluffton-Beaufort, SC",7,High-risk inland-flood and storm-injury counties,0.9999977697576768,0.9999955641930689,1,High-tax northern housing-market storm-risk counties
45015,Berkeley County,SC,South Carolina,Metro,"Charleston-North Charleston, SC",7,High-risk inland-flood and storm-injury counties,0.8964073341880489,0.7928378034535482,6,Lower-wage tornado and storm-injury counties
45017,Calhoun County,SC,South Carolina,Metro,"Columbia, SC",6,Lower-wage tornado and storm-injury counties,0.9996656448326823,0.9993317111690441,7,High-risk inland-flood and storm-injury counties
45019,Charleston County,SC,South Carolina,Metro,"Charleston-North Charleston, SC",7,High-risk inland-flood and storm-injury counties,0.9999999997285869,0.9999999994571933,1,High-tax northern housing-market storm-risk counties
45021,Cherokee County,SC,South Carolina,Micro,"Gaffney, SC",2,Lower-tax severe-storm casualty counties,0.9989021519918939,0.9978335410666986,7,High-risk inland-flood and storm-injury counties
45023,Chester County,SC,South Carolina,Metro,"Charlotte-Concord-Gastonia, NC-SC",5,Cold-region severe-storm casualty counties,0.9985999775770975,0.9972126061027586,7,High-risk inland-flood and storm-injury counties
45025,Chesterfield County,SC,South Carolina,,,6,Lower-wage tornado and storm-injury counties,0.9997529764418399,0.9995061219543075,7,High-risk inland-flood and storm-injury counties
45027,Clarendon County,SC,South Carolina,,,0,"Transfer-reliant, temperature-variable severe-storm counties",0.9216762521881421,0.845851879942585,7,High-risk inland-flood and storm-injury counties
45029,Colleton County,SC,South Carolina,,,7,High-risk inland-flood and storm-injury counties,0.6597146029159666,0.31942933620554825,2,Lower-tax severe-storm casualty counties
45031,Darlington County,SC,South Carolina,Metro,"Florence, SC",6,Lower-wage tornado and storm-injury counties,0.9974886990352015,0.9949794487495062,7,High-risk inland-flood and storm-injury counties
45033,Dillon County,SC,South Carolina,,,6,Lower-wage tornado and storm-injury counties,0.9990940667727132,0.9981881382597652,7,High-risk inland-flood and storm-injury counties
45035,Dorchester County,SC,South Carolina,Metro,"Charleston-North Charleston, SC",7,High-risk inland-flood and storm-injury counties,0.9475748535572369,0.895179053357821,6,Lower-wage tornado and storm-injury counties
45037,Edgefield County,SC,South Carolina,Metro,"Augusta-Richmond County, GA-SC",6,Lower-wage tornado and storm-injury counties,0.9977073733614,0.9955249817632837,7,High-risk inland-flood and storm-injury counties
45039,Fairfield County,SC,South Carolina,Metro,"Columbia, SC",6,Lower-wage tornado and storm-injury counties,0.9996975140060642,0.9993958898630825,7,High-risk inland-flood and storm-injury counties
45041,Florence County,SC,South Carolina,Metro,"Florence, SC",2,Lower-tax severe-storm casualty counties,0.9860002048731886,0.9720212954612772,7,High-risk inland-flood and storm-injury counties
45043,Georgetown County,SC,South Carolina,Micro,"Georgetown, SC",7,High-risk inland-flood and storm-injury counties,0.9997748300247892,0.9995515466950646,2,Lower-tax severe-storm casualty counties
45045,Greenville County,SC,South Carolina,Metro,"Greenville-Anderson-Mauldin, SC",7,High-risk inland-flood and storm-injury counties,0.9284653653406005,0.8647986067173704,6,Lower-wage tornado and storm-injury counties
45047,Greenwood County,SC,South Carolina,Micro,"Greenwood, SC",0,"Transfer-reliant, temperature-variable severe-storm counties",0.9994555801709857,0.9989163438389876,7,High-risk inland-flood and storm-injury counties
45049,Hampton County,SC,South Carolina,,,7,High-risk inland-flood and storm-injury counties,0.8951082190759818,0.7902169132514438,2,Lower-tax severe-storm casualty counties
45051,Horry County,SC,South Carolina,Metro,"Myrtle Beach-Conway-North Myrtle Beach, SC-NC",7,High-risk inland-flood and storm-injury counties,0.999786494836254,0.9996245953045224,2,Lower-tax severe-storm casualty counties
45053,Jasper County,SC,South Carolina,Metro,"Hilton Head Island-Bluffton-Beaufort, SC",7,High-risk inland-flood and storm-injury counties,0.5817566883826938,0.1635274788557074,6,Lower-wage tornado and storm-injury counties
45055,Kershaw County,SC,South Carolina,Metro,"Columbia, SC",2,Lower-tax severe-storm casualty counties,0.9262878114142183,0.8525776686961101,7,High-risk inland-flood and storm-injury counties
45057,Lancaster County,SC,South Carolina,Metro,"Charlotte-Concord-Gastonia, NC-SC",2,Lower-tax severe-storm casualty counties,0.9940943995777233,0.9884201700591722,7,High-risk inland-flood and storm-injury counties
45059,Laurens County,SC,South Carolina,Metro,"Greenville-Anderson-Mauldin, SC",0,"Transfer-reliant, temperature-variable severe-storm counties",0.9991607061371428,0.9983466902833873,7,High-risk inland-flood and storm-injury counties
45061,Lee County,SC,South Carolina,,,0,"Transfer-reliant, temperature-variable severe-storm counties",0.9542515960150282,0.9100632634675004,3,Older wildfire and mountain-hazard housing-market counties
45063,Lexington County,SC,South Carolina,Metro,"Columbia, SC",2,Lower-tax severe-storm casualty counties,0.7399297902760631,0.4820006861807622,7,High-risk inland-flood and storm-injury counties
45065,McCormick County,SC,South Carolina,,,6,Lower-wage tornado and storm-injury counties,0.9657356313325367,0.9316655906195576,7,High-risk inland-flood and storm-injury counties
45067,Marion County,SC,South Carolina,,,0,"Transfer-reliant, temperature-variable severe-storm counties",0.99080264210552,0.9823495587589205,7,High-risk inland-flood and storm-injury counties
45069,Marlboro County,SC,South Carolina,Micro,"Bennettsville, SC",7,High-risk inland-flood and storm-injury counties,0.9968932708569449,0.995105348622177,4,"High-premium, high-tax low-hazard counties"
45071,Newberry County,SC,South Carolina,Micro,"Newberry, SC",6,Lower-wage tornado and storm-injury counties,0.9989036714836732,0.9978173152175062,7,High-risk inland-flood and storm-injury counties
45073,Oconee County,SC,South Carolina,Micro,"Seneca, SC",1,High-tax northern housing-market storm-risk counties,0.7829897073816744,0.6215132969010772,7,High-risk inland-flood and storm-injury counties
45075,Orangeburg County,SC,South Carolina,Micro,"Orangeburg, SC",2,Lower-tax severe-storm casualty counties,0.9931494861764045,0.9863010312616317,7,High-risk inland-flood and storm-injury counties
45077,Pickens County,SC,South Carolina,Metro,"Greenville-Anderson-Mauldin, SC",2,Lower-tax severe-storm casualty counties,0.9994064753952075,0.9988218245277245,7,High-risk inland-flood and storm-injury counties
45079,Richland County,SC,South Carolina,Metro,"Columbia, SC",2,Lower-tax severe-storm casualty counties,0.5914425356244702,0.18292012596796636,7,High-risk inland-flood and storm-injury counties
45081,Saluda County,SC,South Carolina,Metro,"Columbia, SC",0,"Transfer-reliant, temperature-variable severe-storm counties",0.9998122141149546,0.9996688359152625,3,Older wildfire and mountain-hazard housing-market counties
45083,Spartanburg County,SC,South Carolina,Metro,"Spartanburg, SC",2,Lower-tax severe-storm casualty counties,0.9908320380430714,0.9818905984042293,7,High-risk inland-flood and storm-injury counties
45085,Sumter County,SC,South Carolina,Metro,"Sumter, SC",7,High-risk inland-flood and storm-injury counties,0.59537161094915,0.2125947122507953,0,"Transfer-reliant, temperature-variable severe-storm counties"
45087,Union County,SC,South Carolina,Metro,"Spartanburg, SC",5,Cold-region severe-storm casualty counties,0.9994806426582196,0.9989734718541481,7,High-risk inland-flood and storm-injury counties
45089,Williamsburg County,SC,South Carolina,,,0,"Transfer-reliant, temperature-variable severe-storm counties",0.6981160519786088,0.3968548017272679,7,High-risk inland-flood and storm-injury counties
45091,York County,SC,South Carolina,Metro,"Charlotte-Concord-Gastonia, NC-SC",2,Lower-tax severe-storm casualty counties,0.9986139501429251,0.9972322111369677,7,High-risk inland-flood and storm-injury counties
46003,Aurora County,SD,South Dakota,,,4,"High-premium, high-tax low-hazard counties",0.9973890344077709,0.9949508193850319,0,"Transfer-reliant, temperature-variable severe-storm counties"
46005,Beadle County,SD,South Dakota,Micro,"Huron, SD",4,"High-premium, high-tax low-hazard counties",0.9980314240949227,0.9968329479711694,0,"Transfer-reliant, temperature-variable severe-storm counties"
46007,Bennett County,SD,South Dakota,,,4,"High-premium, high-tax low-hazard counties",0.9323526448234936,0.8720769340313108,3,Older wildfire and mountain-hazard housing-market counties
46009,Bon Homme County,SD,South Dakota,,,4,"High-premium, high-tax low-hazard counties",0.9930808798875765,0.9863398613999719,0,"Transfer-reliant, temperature-variable severe-storm counties"
46011,Brookings County,SD,South Dakota,Micro,"Brookings, SD",4,"High-premium, high-tax low-hazard counties",0.9963960495720919,0.9928706359713572,7,High-risk inland-flood and storm-injury counties
46013,Brown County,SD,South Dakota,Micro,"Aberdeen, SD",4,"High-premium, high-tax low-hazard counties",0.9809531197822032,0.9622728130085983,7,High-risk inland-flood and storm-injury counties
46015,Brule County,SD,South Dakota,,,4,"High-premium, high-tax low-hazard counties",0.9378157743802408,0.8885539414920435,0,"Transfer-reliant, temperature-variable severe-storm counties"
46017,Buffalo County,SD,South Dakota,,,5,Cold-region severe-storm casualty counties,0.978074886306269,0.9561497896034232,7,High-risk inland-flood and storm-injury counties
46019,Butte County,SD,South Dakota,,,6,Lower-wage tornado and storm-injury counties,0.9689278962949467,0.9378559111980838,7,High-risk inland-flood and storm-injury counties
46021,Campbell County,SD,South Dakota,,,6,Lower-wage tornado and storm-injury counties,0.9918169824343502,0.9836339714195627,7,High-risk inland-flood and storm-injury counties
46023,Charles Mix County,SD,South Dakota,,,2,Lower-tax severe-storm casualty counties,0.9419112371542728,0.8838224832403392,7,High-risk inland-flood and storm-injury counties
46025,Clark County,SD,South Dakota,,,7,High-risk inland-flood and storm-injury counties,0.6667491351655426,0.33350263157778437,2,Lower-tax severe-storm casualty counties
46027,Clay County,SD,South Dakota,Micro,"Vermillion, SD",4,"High-premium, high-tax low-hazard counties",0.9984090651723615,0.9970059673306321,0,"Transfer-reliant, temperature-variable severe-storm counties"
46029,Codington County,SD,South Dakota,Micro,"Watertown, SD",4,"High-premium, high-tax low-hazard counties",0.9960487693873837,0.9938643972895177,7,High-risk inland-flood and storm-injury counties
46031,Corson County,SD,South Dakota,,,4,"High-premium, high-tax low-hazard counties",0.9955706496184903,0.9921849805734592,0,"Transfer-reliant, temperature-variable severe-storm counties"
46033,Custer County,SD,South Dakota,Metro,"Rapid City, SD",3,Older wildfire and mountain-hazard housing-market counties,0.8439812290037315,0.715441893535203,7,High-risk inland-flood and storm-injury counties
46035,Davison County,SD,South Dakota,Micro,"Mitchell, SD",5,Cold-region severe-storm casualty counties,0.9967425519251167,0.9934851048476406,7,High-risk inland-flood and storm-injury counties
46037,Day County,SD,South Dakota,,,4,"High-premium, high-tax low-hazard counties",0.9980365044153252,0.9966710386967175,0,"Transfer-reliant, temperature-variable severe-storm counties"
46039,Deuel County,SD,South Dakota,,,6,Lower-wage tornado and storm-injury counties,0.9675519376128885,0.9351038755840028,7,High-risk inland-flood and storm-injury counties
46041,Dewey County,SD,South Dakota,,,4,"High-premium, high-tax low-hazard counties",0.9992059763109303,0.9987168560556746,7,High-risk inland-flood and storm-injury counties
46043,Douglas County,SD,South Dakota,,,6,Lower-wage tornado and storm-injury counties,0.9716757862361991,0.9433515728317908,7,High-risk inland-flood and storm-injury counties
46045,Edmunds County,SD,South Dakota,Micro,"Aberdeen, SD",4,"High-premium, high-tax low-hazard counties",0.9976198689321054,0.9958004457389702,3,Older wildfire and mountain-hazard housing-market counties
46047,Fall River County,SD,South Dakota,,,3,Older wildfire and mountain-hazard housing-market counties,0.9140469595314654,0.832717717947864,7,High-risk inland-flood and storm-injury counties
46049,Faulk County,SD,South Dakota,,,4,"High-premium, high-tax low-hazard counties",0.9980042683562406,0.9969502232720602,3,Older wildfire and mountain-hazard housing-market counties
46051,Grant County,SD,South Dakota,,,4,"High-premium, high-tax low-hazard counties",0.9980472984019407,0.9962900907875747,0,"Transfer-reliant, temperature-variable severe-storm counties"
46053,Gregory County,SD,South Dakota,,,6,Lower-wage tornado and storm-injury counties,0.9975829182935572,0.995165837629076,7,High-risk inland-flood and storm-injury counties
46055,Haakon County,SD,South Dakota,,,4,"High-premium, high-tax low-hazard counties",0.9885268673243364,0.978068858626028,3,Older wildfire and mountain-hazard housing-market counties
46057,Hamlin County,SD,South Dakota,,,6,Lower-wage tornado and storm-injury counties,0.87529938936464,0.7505987948456613,7,High-risk inland-flood and storm-injury counties
46059,Hand County,SD,South Dakota,,,5,Cold-region severe-storm casualty counties,0.9461979914427413,0.892395983768858,7,High-risk inland-flood and storm-injury counties
46061,Hanson County,SD,South Dakota,Micro,"Mitchell, SD",4,"High-premium, high-tax low-hazard counties",0.9181491543355069,0.8698002719128417,3,Older wildfire and mountain-hazard housing-market counties
46063,Harding County,SD,South Dakota,,,4,"High-premium, high-tax low-hazard counties",0.9958734002782426,0.9933043607787148,7,High-risk inland-flood and storm-injury counties
46065,Hughes County,SD,South Dakota,Micro,"Pierre, SD",4,"High-premium, high-tax low-hazard counties",0.994399462344934,0.9893969238758291,0,"Transfer-reliant, temperature-variable severe-storm counties"
46067,Hutchinson County,SD,South Dakota,,,6,Lower-wage tornado and storm-injury counties,0.5061716878198437,0.012347044437950372,7,High-risk inland-flood and storm-injury counties
46069,Hyde County,SD,South Dakota,,,4,"High-premium, high-tax low-hazard counties",0.9966256650673406,0.9948313189744411,3,Older wildfire and mountain-hazard housing-market counties
46071,Jackson County,SD,South Dakota,,,6,Lower-wage tornado and storm-injury counties,0.7968383570985639,0.5936877337216931,7,High-risk inland-flood and storm-injury counties
46073,Jerauld County,SD,South Dakota,,,3,Older wildfire and mountain-hazard housing-market counties,0.925950011342261,0.8627985330809262,4,"High-premium, high-tax low-hazard counties"
46075,Jones County,SD,South Dakota,,,6,Lower-wage tornado and storm-injury counties,0.9844017958560329,0.9688035925009849,7,High-risk inland-flood and storm-injury counties
46077,Kingsbury County,SD,South Dakota,,,5,Cold-region severe-storm casualty counties,0.9991179503837789,0.9982359018033632,7,High-risk inland-flood and storm-injury counties
46079,Lake County,SD,South Dakota,,,4,"High-premium, high-tax low-hazard counties",0.9924791129986457,0.9856451931016609,0,"Transfer-reliant, temperature-variable severe-storm counties"
46081,Lawrence County,SD,South Dakota,Micro,"Spearfish, SD",7,High-risk inland-flood and storm-injury counties,0.9877626168247303,0.9755253295772265,2,Lower-tax severe-storm casualty counties
46083,Lincoln County,SD,South Dakota,Metro,"Sioux Falls, SD",7,High-risk inland-flood and storm-injury counties,0.9999120529833154,0.9998241059668518,2,Lower-tax severe-storm casualty counties
46085,Lyman County,SD,South Dakota,,,4,"High-premium, high-tax low-hazard counties",0.9997768646912024,0.9996329070887994,7,High-risk inland-flood and storm-injury counties
46087,McCook County,SD,South Dakota,Metro,"Sioux Falls, SD",6,Lower-wage tornado and storm-injury counties,0.9807425562660153,0.9614864498564144,7,High-risk inland-flood and storm-injury counties
46089,McPherson County,SD,South Dakota,,,4,"High-premium, high-tax low-hazard counties",0.9995158393219933,0.9990381329410277,7,High-risk inland-flood and storm-injury counties
46091,Marshall County,SD,South Dakota,,,4,"High-premium, high-tax low-hazard counties",0.7356026388043613,0.5535974664332035,3,Older wildfire and mountain-hazard housing-market counties
46093,Meade County,SD,South Dakota,Metro,"Rapid City, SD",4,"High-premium, high-tax low-hazard counties",0.7536889845571562,0.5087406378605044,7,High-risk inland-flood and storm-injury counties
46095,Mellette County,SD,South Dakota,,,4,"High-premium, high-tax low-hazard counties",0.9364524670491534,0.8815112906696766,3,Older wildfire and mountain-hazard housing-market counties
46097,Miner County,SD,South Dakota,,,4,"High-premium, high-tax low-hazard counties",0.6725468874503097,0.3508688168554524,3,Older wildfire and mountain-hazard housing-market counties
46099,Minnehaha County,SD,South Dakota,Metro,"Sioux Falls, SD",7,High-risk inland-flood and storm-injury counties,0.9953976965234899,0.99079865267777,2,Lower-tax severe-storm casualty counties
46101,Moody County,SD,South Dakota,,,4,"High-premium, high-tax low-hazard counties",0.9988114124006285,0.9981518219395067,7,High-risk inland-flood and storm-injury counties
46102,Oglala Lakota County,SD,South Dakota,,,6,Lower-wage tornado and storm-injury counties,0.9447433744581537,0.8895272354290807,7,High-risk inland-flood and storm-injury counties
46103,Pennington County,SD,South Dakota,Metro,"Rapid City, SD",7,High-risk inland-flood and storm-injury counties,0.9983313262585863,0.9966626536428113,6,Lower-wage tornado and storm-injury counties
46105,Perkins County,SD,South Dakota,,,4,"High-premium, high-tax low-hazard counties",0.9858481462077942,0.9781132831803306,3,Older wildfire and mountain-hazard housing-market counties
46107,Potter County,SD,South Dakota,,,4,"High-premium, high-tax low-hazard counties",0.9932769318164244,0.9875657625039884,3,Older wildfire and mountain-hazard housing-market counties
46109,Roberts County,SD,South Dakota,,,4,"High-premium, high-tax low-hazard counties",0.9936139961840881,0.9872497493281143,7,High-risk inland-flood and storm-injury counties
46111,Sanborn County,SD,South Dakota,,,5,Cold-region severe-storm casualty counties,0.9980098162896797,0.9960196441193255,7,High-risk inland-flood and storm-injury counties
46113,Shannon County,SD,South Dakota,,,0,"Transfer-reliant, temperature-variable severe-storm counties",0.9975948746986206,0.9953482995599491,4,"High-premium, high-tax low-hazard counties"
46115,Spink County,SD,South Dakota,,,5,Cold-region severe-storm casualty counties,0.9899482282191749,0.9798964567706134,7,High-risk inland-flood and storm-injury counties
46117,Stanley County,SD,South Dakota,Micro,"Pierre, SD",6,Lower-wage tornado and storm-injury counties,0.9570438165671245,0.9140876344152241,7,High-risk inland-flood and storm-injury counties
46119,Sully County,SD,South Dakota,Micro,"Pierre, SD",4,"High-premium, high-tax low-hazard counties",0.6195069299425209,0.2543052325492374,3,Older wildfire and mountain-hazard housing-market counties
46121,Todd County,SD,South Dakota,,,6,Lower-wage tornado and storm-injury counties,0.9955287856324597,0.9910575788037417,7,High-risk inland-flood and storm-injury counties
46123,Tripp County,SD,South Dakota,,,0,"Transfer-reliant, temperature-variable severe-storm counties",0.660446693633088,0.3269568030664336,4,"High-premium, high-tax low-hazard counties"
46125,Turner County,SD,South Dakota,Metro,"Sioux Falls, SD",4,"High-premium, high-tax low-hazard counties",0.9643862070153681,0.9302540523457329,0,"Transfer-reliant, temperature-variable severe-storm counties"
46127,Union County,SD,South Dakota,Metro,"Sioux City, IA-NE-SD",4,"High-premium, high-tax low-hazard counties",0.9782469667545045,0.9639153593031311,7,High-risk inland-flood and storm-injury counties
46129,Walworth County,SD,South Dakota,,,4,"High-premium, high-tax low-hazard counties",0.9741834599225572,0.948780681458008,0,"Transfer-reliant, temperature-variable severe-storm counties"
46131,Washabaugh County,SD,South Dakota,,,0,"Transfer-reliant, temperature-variable severe-storm counties",0.9998686547252186,0.9997783761005599,4,"High-premium, high-tax low-hazard counties"
46135,Yankton County,SD,South Dakota,Micro,"Yankton, SD",6,Lower-wage tornado and storm-injury counties,0.997082337399866,0.994183342304292,7,High-risk inland-flood and storm-injury counties
46137,Ziebach County,SD,South Dakota,,,6,Lower-wage tornado and storm-injury counties,0.9991275528915444,0.9982551060035779,7,High-risk inland-flood and storm-injury counties
47001,Anderson County,TN,Tennessee,Metro,"Knoxville, TN",6,Lower-wage tornado and storm-injury counties,0.9986166782234642,0.9972357559758156,7,High-risk inland-flood and storm-injury counties
47003,Bedford County,TN,Tennessee,Micro,"Shelbyville, TN",0,"Transfer-reliant, temperature-variable severe-storm counties",0.9321457762754626,0.8643576659541853,7,High-risk inland-flood and storm-injury counties
47005,Benton County,TN,Tennessee,,,2,Lower-tax severe-storm casualty counties,0.9633326051055886,0.9266655110662438,7,High-risk inland-flood and storm-injury counties
47007,Bledsoe County,TN,Tennessee,,,0,"Transfer-reliant, temperature-variable severe-storm counties",0.7986524858579147,0.6021626715408703,3,Older wildfire and mountain-hazard housing-market counties
47009,Blount County,TN,Tennessee,Metro,"Knoxville, TN",6,Lower-wage tornado and storm-injury counties,0.9959364871519978,0.9918768198167658,7,High-risk inland-flood and storm-injury counties
47011,Bradley County,TN,Tennessee,Metro,"Cleveland, TN",6,Lower-wage tornado and storm-injury counties,0.9953828645308719,0.990765861186914,7,High-risk inland-flood and storm-injury counties
47013,Campbell County,TN,Tennessee,Metro,"Knoxville, TN",0,"Transfer-reliant, temperature-variable severe-storm counties",0.998028226147694,0.9965856085329826,3,Older wildfire and mountain-hazard housing-market counties
47015,Cannon County,TN,Tennessee,Metro,"Nashville-Davidson--Murfreesboro--Franklin, TN",6,Lower-wage tornado and storm-injury counties,0.9980031057162947,0.9960062321509969,7,High-risk inland-flood and storm-injury counties
47017,Carroll County,TN,Tennessee,,,0,"Transfer-reliant, temperature-variable severe-storm counties",0.9987990872684169,0.9978712321727548,7,High-risk inland-flood and storm-injury counties
47019,Carter County,TN,Tennessee,Metro,"Johnson City, TN",5,Cold-region severe-storm casualty counties,0.9989686779618293,0.9979482242676107,7,High-risk inland-flood and storm-injury counties
47021,Cheatham County,TN,Tennessee,Metro,"Nashville-Davidson--Murfreesboro--Franklin, TN",2,Lower-tax severe-storm casualty counties,0.9680674043333355,0.9361349927010194,7,High-risk inland-flood and storm-injury counties
47023,Chester County,TN,Tennessee,Metro,"Jackson, TN",0,"Transfer-reliant, temperature-variable severe-storm counties",0.9992575177066094,0.9987313508079791,7,High-risk inland-flood and storm-injury counties
47025,Claiborne County,TN,Tennessee,,,5,Cold-region severe-storm casualty counties,0.9994252744517146,0.9988564226289547,7,High-risk inland-flood and storm-injury counties
47027,Clay County,TN,Tennessee,,,6,Lower-wage tornado and storm-injury counties,0.9972452281259245,0.9944909084685004,7,High-risk inland-flood and storm-injury counties
47029,Cocke County,TN,Tennessee,Micro,"Newport, TN",2,Lower-tax severe-storm casualty counties,0.9974330071135935,0.9949100969636245,7,High-risk inland-flood and storm-injury counties
47031,Coffee County,TN,Tennessee,Micro,"Tullahoma-Manchester, TN",6,Lower-wage tornado and storm-injury counties,0.9957260577796249,0.991452154002842,7,High-risk inland-flood and storm-injury counties
47033,Crockett County,TN,Tennessee,Metro,"Jackson, TN",6,Lower-wage tornado and storm-injury counties,0.9969115377805099,0.9938230776765259,7,High-risk inland-flood and storm-injury counties
47035,Cumberland County,TN,Tennessee,Micro,"Crossville, TN",2,Lower-tax severe-storm casualty counties,0.9734150306705811,0.9468316915518482,7,High-risk inland-flood and storm-injury counties
47037,Davidson County,TN,Tennessee,Metro,"Nashville-Davidson--Murfreesboro--Franklin, TN",7,High-risk inland-flood and storm-injury counties,0.9977676760530789,0.9955353753924061,2,Lower-tax severe-storm casualty counties
47039,Decatur County,TN,Tennessee,,,6,Lower-wage tornado and storm-injury counties,0.9604879557626052,0.92097591722285,7,High-risk inland-flood and storm-injury counties
47041,DeKalb County,TN,Tennessee,,,0,"Transfer-reliant, temperature-variable severe-storm counties",0.9980921751814346,0.9963938624937426,7,High-risk inland-flood and storm-injury counties
47043,Dickson County,TN,Tennessee,Metro,"Nashville-Davidson--Murfreesboro--Franklin, TN",6,Lower-wage tornado and storm-injury counties,0.9984611360597189,0.9969223042099137,7,High-risk inland-flood and storm-injury counties
47045,Dyer County,TN,Tennessee,Micro,"Dyersburg, TN",0,"Transfer-reliant, temperature-variable severe-storm counties",0.9991440452649019,0.9982922050533075,7,High-risk inland-flood and storm-injury counties
47047,Fayette County,TN,Tennessee,Metro,"Memphis, TN-MS-AR",2,Lower-tax severe-storm casualty counties,0.9624640430207664,0.9249294857010866,7,High-risk inland-flood and storm-injury counties
47049,Fentress County,TN,Tennessee,,,0,"Transfer-reliant, temperature-variable severe-storm counties",0.9837101869159317,0.9692807041586164,7,High-risk inland-flood and storm-injury counties
47051,Franklin County,TN,Tennessee,Micro,"Tullahoma-Manchester, TN",0,"Transfer-reliant, temperature-variable severe-storm counties",0.9967503563038165,0.9935349285024431,7,High-risk inland-flood and storm-injury counties
47053,Gibson County,TN,Tennessee,,,6,Lower-wage tornado and storm-injury counties,0.987160878567866,0.9743217936889176,7,High-risk inland-flood and storm-injury counties
47055,Giles County,TN,Tennessee,,,2,Lower-tax severe-storm casualty counties,0.9976796675769007,0.9953705578672591,7,High-risk inland-flood and storm-injury counties
47057,Grainger County,TN,Tennessee,Metro,"Knoxville, TN",0,"Transfer-reliant, temperature-variable severe-storm counties",0.9903208144128762,0.9810139181976744,3,Older wildfire and mountain-hazard housing-market counties
47059,Greene County,TN,Tennessee,Micro,"Greeneville, TN",2,Lower-tax severe-storm casualty counties,0.9986486689491144,0.9973039191214415,7,High-risk inland-flood and storm-injury counties
47061,Grundy County,TN,Tennessee,,,0,"Transfer-reliant, temperature-variable severe-storm counties",0.9986694893682471,0.9974411078491711,3,Older wildfire and mountain-hazard housing-market counties
47063,Hamblen County,TN,Tennessee,Metro,"Morristown, TN",6,Lower-wage tornado and storm-injury counties,0.9979364715336981,0.9958758135287783,7,High-risk inland-flood and storm-injury counties
47065,Hamilton County,TN,Tennessee,Metro,"Chattanooga, TN-GA",2,Lower-tax severe-storm casualty counties,0.9771830320955877,0.9543681621609975,7,High-risk inland-flood and storm-injury counties
47067,Hancock County,TN,Tennessee,,,3,Older wildfire and mountain-hazard housing-market counties,0.9804862071246582,0.9610278235456979,7,High-risk inland-flood and storm-injury counties
47069,Hardeman County,TN,Tennessee,,,6,Lower-wage tornado and storm-injury counties,0.9354238107986784,0.8708476231793796,7,High-risk inland-flood and storm-injury counties
47071,Hardin County,TN,Tennessee,,,2,Lower-tax severe-storm casualty counties,0.9945033815769275,0.9890073566696991,7,High-risk inland-flood and storm-injury counties
47073,Hawkins County,TN,Tennessee,Metro,"Kingsport-Bristol-Bristol, TN-VA",5,Cold-region severe-storm casualty counties,0.9994277251963395,0.9988816140857492,7,High-risk inland-flood and storm-injury counties
47075,Haywood County,TN,Tennessee,,,0,"Transfer-reliant, temperature-variable severe-storm counties",0.9996793384203482,0.9994674671887446,7,High-risk inland-flood and storm-injury counties
47077,Henderson County,TN,Tennessee,,,6,Lower-wage tornado and storm-injury counties,0.9992030517086288,0.9984061673335715,7,High-risk inland-flood and storm-injury counties
47079,Henry County,TN,Tennessee,Micro,"Paris, TN",2,Lower-tax severe-storm casualty counties,0.9903819985462957,0.980764229881913,7,High-risk inland-flood and storm-injury counties
47081,Hickman County,TN,Tennessee,Metro,"Nashville-Davidson--Murfreesboro--Franklin, TN",6,Lower-wage tornado and storm-injury counties,0.9982103423973381,0.9964208094642364,7,High-risk inland-flood and storm-injury counties
47083,Houston County,TN,Tennessee,,,0,"Transfer-reliant, temperature-variable severe-storm counties",0.9969663935952374,0.9950461731807271,3,Older wildfire and mountain-hazard housing-market counties
47085,Humphreys County,TN,Tennessee,,,5,Cold-region severe-storm casualty counties,0.9843379774492235,0.9686759883410735,7,High-risk inland-flood and storm-injury counties
47087,Jackson County,TN,Tennessee,Micro,"Cookeville, TN",0,"Transfer-reliant, temperature-variable severe-storm counties",0.9991681662843787,0.998547660025652,7,High-risk inland-flood and storm-injury counties
47089,Jefferson County,TN,Tennessee,Metro,"Morristown, TN",6,Lower-wage tornado and storm-injury counties,0.9994527465447108,0.9989065343658777,7,High-risk inland-flood and storm-injury counties
47091,Johnson County,TN,Tennessee,,,5,Cold-region severe-storm casualty counties,0.9851938234048053,0.9703911072325381,7,High-risk inland-flood and storm-injury counties
47093,Knox County,TN,Tennessee,Metro,"Knoxville, TN",2,Lower-tax severe-storm casualty counties,0.9499178317189017,0.8998584051534186,7,High-risk inland-flood and storm-injury counties
47095,Lake County,TN,Tennessee,,,2,Lower-tax severe-storm casualty counties,0.7866202265442479,0.5732485528432626,7,High-risk inland-flood and storm-injury counties
47097,Lauderdale County,TN,Tennessee,,,0,"Transfer-reliant, temperature-variable severe-storm counties",0.9996349794365396,0.99928115728468,7,High-risk inland-flood and storm-injury counties
47099,Lawrence County,TN,Tennessee,Micro,"Lawrenceburg, TN",2,Lower-tax severe-storm casualty counties,0.8826506771436481,0.7653014789218727,7,High-risk inland-flood and storm-injury counties
47101,Lewis County,TN,Tennessee,,,6,Lower-wage tornado and storm-injury counties,0.9983875895137877,0.9967752188994939,7,High-risk inland-flood and storm-injury counties
47103,Lincoln County,TN,Tennessee,,,5,Cold-region severe-storm casualty counties,0.9928188755197224,0.9856380531014675,7,High-risk inland-flood and storm-injury counties
47105,Loudon County,TN,Tennessee,Metro,"Knoxville, TN",6,Lower-wage tornado and storm-injury counties,0.999083586249238,0.998167979850717,7,High-risk inland-flood and storm-injury counties
47107,McMinn County,TN,Tennessee,Micro,"Athens, TN",6,Lower-wage tornado and storm-injury counties,0.9960529018425349,0.9921058098471269,7,High-risk inland-flood and storm-injury counties
47109,McNairy County,TN,Tennessee,,,2,Lower-tax severe-storm casualty counties,0.9915969200407143,0.9831942900224175,7,High-risk inland-flood and storm-injury counties
47111,Macon County,TN,Tennessee,Metro,"Nashville-Davidson--Murfreesboro--Franklin, TN",0,"Transfer-reliant, temperature-variable severe-storm counties",0.9998087423627637,0.9996390742164736,7,High-risk inland-flood and storm-injury counties
47113,Madison County,TN,Tennessee,Metro,"Jackson, TN",0,"Transfer-reliant, temperature-variable severe-storm counties",0.800855358195474,0.6017165049974142,7,High-risk inland-flood and storm-injury counties
47115,Marion County,TN,Tennessee,Metro,"Chattanooga, TN-GA",5,Cold-region severe-storm casualty counties,0.9996430931852959,0.9992871147818393,7,High-risk inland-flood and storm-injury counties
47117,Marshall County,TN,Tennessee,Micro,"Lewisburg, TN",0,"Transfer-reliant, temperature-variable severe-storm counties",0.9997513845567466,0.9995066473603615,7,High-risk inland-flood and storm-injury counties
47119,Maury County,TN,Tennessee,Metro,"Nashville-Davidson--Murfreesboro--Franklin, TN",2,Lower-tax severe-storm casualty counties,0.8548048027081733,0.7096140604568382,7,High-risk inland-flood and storm-injury counties
47121,Meigs County,TN,Tennessee,,,6,Lower-wage tornado and storm-injury counties,0.9938827108609761,0.9877656944862014,7,High-risk inland-flood and storm-injury counties
47123,Monroe County,TN,Tennessee,,,6,Lower-wage tornado and storm-injury counties,0.998916775904724,0.9978336046308458,7,High-risk inland-flood and storm-injury counties
47125,Montgomery County,TN,Tennessee,Metro,"Clarksville, TN-KY",2,Lower-tax severe-storm casualty counties,0.76433237598082,0.5286653967296262,7,High-risk inland-flood and storm-injury counties
47127,Moore County,TN,Tennessee,Micro,"Tullahoma-Manchester, TN",0,"Transfer-reliant, temperature-variable severe-storm counties",0.98532624216517,0.9715781709165922,3,Older wildfire and mountain-hazard housing-market counties
47129,Morgan County,TN,Tennessee,Metro,"Knoxville, TN",2,Lower-tax severe-storm casualty counties,0.9575233165305486,0.9150471969460968,7,High-risk inland-flood and storm-injury counties
47131,Obion County,TN,Tennessee,Micro,"Union City, TN-KY",2,Lower-tax severe-storm casualty counties,0.9914042203451896,0.9828084435188814,7,High-risk inland-flood and storm-injury counties
47133,Overton County,TN,Tennessee,Micro,"Cookeville, TN",6,Lower-wage tornado and storm-injury counties,0.9939749709606068,0.9879500155244527,7,High-risk inland-flood and storm-injury counties
47135,Perry County,TN,Tennessee,,,5,Cold-region severe-storm casualty counties,0.9968429095087055,0.993685855492013,7,High-risk inland-flood and storm-injury counties
47137,Pickett County,TN,Tennessee,,,3,Older wildfire and mountain-hazard housing-market counties,0.9668110224274843,0.945911071600648,0,"Transfer-reliant, temperature-variable severe-storm counties"
47139,Polk County,TN,Tennessee,Metro,"Cleveland, TN",5,Cold-region severe-storm casualty counties,0.9988444343453432,0.9976900984234407,7,High-risk inland-flood and storm-injury counties
47141,Putnam County,TN,Tennessee,Micro,"Cookeville, TN",2,Lower-tax severe-storm casualty counties,0.9832427410984764,0.9664855723729671,7,High-risk inland-flood and storm-injury counties
47143,Rhea County,TN,Tennessee,Micro,"Dayton, TN",5,Cold-region severe-storm casualty counties,0.9995703666846623,0.9991612647082988,7,High-risk inland-flood and storm-injury counties
47145,Roane County,TN,Tennessee,Metro,"Knoxville, TN",2,Lower-tax severe-storm casualty counties,0.999633207898344,0.9992827479798794,7,High-risk inland-flood and storm-injury counties
47147,Robertson County,TN,Tennessee,Metro,"Nashville-Davidson--Murfreesboro--Franklin, TN",2,Lower-tax severe-storm casualty counties,0.9971734416447119,0.9943469640350677,7,High-risk inland-flood and storm-injury counties
47149,Rutherford County,TN,Tennessee,Metro,"Nashville-Davidson--Murfreesboro--Franklin, TN",2,Lower-tax severe-storm casualty counties,0.9001985349137802,0.8003971306904432,7,High-risk inland-flood and storm-injury counties
47151,Scott County,TN,Tennessee,,,0,"Transfer-reliant, temperature-variable severe-storm counties",0.9995997734010869,0.9992705707083115,3,Older wildfire and mountain-hazard housing-market counties
47153,Sequatchie County,TN,Tennessee,Metro,"Chattanooga, TN-GA",6,Lower-wage tornado and storm-injury counties,0.9996418572800223,0.9992838023994167,7,High-risk inland-flood and storm-injury counties
47155,Sevier County,TN,Tennessee,Micro,"Sevierville, TN",0,"Transfer-reliant, temperature-variable severe-storm counties",0.99761484273446,0.9958947335609194,7,High-risk inland-flood and storm-injury counties
47157,Shelby County,TN,Tennessee,Metro,"Memphis, TN-MS-AR",7,High-risk inland-flood and storm-injury counties,0.9869120147433831,0.9745576711667018,2,Lower-tax severe-storm casualty counties
47159,Smith County,TN,Tennessee,Metro,"Nashville-Davidson--Murfreesboro--Franklin, TN",0,"Transfer-reliant, temperature-variable severe-storm counties",0.9995241276646929,0.9991077824372172,4,"High-premium, high-tax low-hazard counties"
47161,Stewart County,TN,Tennessee,,,2,Lower-tax severe-storm casualty counties,0.9770262804816944,0.9540568366307098,7,High-risk inland-flood and storm-injury counties
47163,Sullivan County,TN,Tennessee,Metro,"Kingsport-Bristol-Bristol, TN-VA",5,Cold-region severe-storm casualty counties,0.9993441011713025,0.9989206444872825,1,High-tax northern housing-market storm-risk counties
47165,Sumner County,TN,Tennessee,Metro,"Nashville-Davidson--Murfreesboro--Franklin, TN",2,Lower-tax severe-storm casualty counties,0.9908905265741356,0.9817844512344586,7,High-risk inland-flood and storm-injury counties
47167,Tipton County,TN,Tennessee,Metro,"Memphis, TN-MS-AR",2,Lower-tax severe-storm casualty counties,0.9998029017408022,0.9996058311886035,7,High-risk inland-flood and storm-injury counties
47169,Trousdale County,TN,Tennessee,Metro,"Nashville-Davidson--Murfreesboro--Franklin, TN",0,"Transfer-reliant, temperature-variable severe-storm counties",0.9809099412854292,0.9625878574846571,3,Older wildfire and mountain-hazard housing-market counties
47171,Unicoi County,TN,Tennessee,Metro,"Johnson City, TN",5,Cold-region severe-storm casualty counties,0.999429795129513,0.9989582412332331,7,High-risk inland-flood and storm-injury counties
47173,Union County,TN,Tennessee,Metro,"Knoxville, TN",3,Older wildfire and mountain-hazard housing-market counties,0.9478475420731046,0.8987395251389556,0,"Transfer-reliant, temperature-variable severe-storm counties"
47175,Van Buren County,TN,Tennessee,,,2,Lower-tax severe-storm casualty counties,0.9030647544030644,0.8061499031803243,7,High-risk inland-flood and storm-injury counties
47177,Warren County,TN,Tennessee,Micro,"McMinnville, TN",6,Lower-wage tornado and storm-injury counties,0.9996008478537914,0.9992017552105411,7,High-risk inland-flood and storm-injury counties
47179,Washington County,TN,Tennessee,Metro,"Johnson City, TN",5,Cold-region severe-storm casualty counties,0.9998234803501902,0.9996553288059843,7,High-risk inland-flood and storm-injury counties
47181,Wayne County,TN,Tennessee,,,6,Lower-wage tornado and storm-injury counties,0.9995927732203409,0.9991855921149314,7,High-risk inland-flood and storm-injury counties
47183,Weakley County,TN,Tennessee,Micro,"Martin, TN",2,Lower-tax severe-storm casualty counties,0.9996963437931831,0.9993938814981407,7,High-risk inland-flood and storm-injury counties
47185,White County,TN,Tennessee,,,0,"Transfer-reliant, temperature-variable severe-storm counties",0.9995741187545573,0.9992144665477866,4,"High-premium, high-tax low-hazard counties"
47187,Williamson County,TN,Tennessee,Metro,"Nashville-Davidson--Murfreesboro--Franklin, TN",2,Lower-tax severe-storm casualty counties,0.7218424819834732,0.443685201785709,7,High-risk inland-flood and storm-injury counties
47189,Wilson County,TN,Tennessee,Metro,"Nashville-Davidson--Murfreesboro--Franklin, TN",2,Lower-tax severe-storm casualty counties,0.9238189716652938,0.8476385088743517,7,High-risk inland-flood and storm-injury counties
48001,Anderson County,TX,Texas,Micro,"Palestine, TX",2,Lower-tax severe-storm casualty counties,0.9958922253200343,0.9917987834373435,7,High-risk inland-flood and storm-injury counties
48003,Andrews County,TX,Texas,Micro,"Andrews, TX",0,"Transfer-reliant, temperature-variable severe-storm counties",0.9767577102147572,0.9662270607591238,7,High-risk inland-flood and storm-injury counties
48005,Angelina County,TX,Texas,Micro,"Lufkin, TX",2,Lower-tax severe-storm casualty counties,0.9897930038537125,0.9795864533165974,7,High-risk inland-flood and storm-injury counties
48007,Aransas County,TX,Texas,Metro,"Corpus Christi, TX",7,High-risk inland-flood and storm-injury counties,0.9997643014993425,0.9995292287556198,3,Older wildfire and mountain-hazard housing-market counties
48009,Archer County,TX,Texas,Metro,"Wichita Falls, TX",0,"Transfer-reliant, temperature-variable severe-storm counties",0.9993980659339102,0.9989243793481324,3,Older wildfire and mountain-hazard housing-market counties
48011,Armstrong County,TX,Texas,Metro,"Amarillo, TX",3,Older wildfire and mountain-hazard housing-market counties,0.6532186938468917,0.4607138952183818,7,High-risk inland-flood and storm-injury counties
48013,Atascosa County,TX,Texas,Metro,"San Antonio-New Braunfels, TX",0,"Transfer-reliant, temperature-variable severe-storm counties",0.9990359124990915,0.9982708371513197,3,Older wildfire and mountain-hazard housing-market counties
48015,Austin County,TX,Texas,Metro,"Houston-The Woodlands-Sugar Land, TX",5,Cold-region severe-storm casualty counties,0.9979770909216648,0.9959543707202441,7,High-risk inland-flood and storm-injury counties
48017,Bailey County,TX,Texas,,,0,"Transfer-reliant, temperature-variable severe-storm counties",0.9968329207722899,0.9950067634814623,7,High-risk inland-flood and storm-injury counties
48019,Bandera County,TX,Texas,Metro,"San Antonio-New Braunfels, TX",0,"Transfer-reliant, temperature-variable severe-storm counties",0.993894758160879,0.9880761484105264,3,Older wildfire and mountain-hazard housing-market counties
48021,Bastrop County,TX,Texas,Metro,"Austin-Round Rock, TX",6,Lower-wage tornado and storm-injury counties,0.9901510205913493,0.9803057234174642,7,High-risk inland-flood and storm-injury counties
48023,Baylor County,TX,Texas,,,0,"Transfer-reliant, temperature-variable severe-storm counties",0.7827057496578727,0.5667720842731704,3,Older wildfire and mountain-hazard housing-market counties
48025,Bee County,TX,Texas,Micro,"Beeville, TX",0,"Transfer-reliant, temperature-variable severe-storm counties",0.9951019275967227,0.9918167332231456,7,High-risk inland-flood and storm-injury counties
48027,Bell County,TX,Texas,Metro,"Killeen-Temple, TX",2,Lower-tax severe-storm casualty counties,0.9632382248931748,0.9264773734871976,7,High-risk inland-flood and storm-injury counties
48029,Bexar County,TX,Texas,Metro,"San Antonio-New Braunfels, TX",7,High-risk inland-flood and storm-injury counties,0.9967125338049112,0.9934250676098214,1,High-tax northern housing-market storm-risk counties
48031,Blanco County,TX,Texas,,,2,Lower-tax severe-storm casualty counties,0.996705841028444,0.9934129767313296,7,High-risk inland-flood and storm-injury counties
48033,Borden County,TX,Texas,,,3,Older wildfire and mountain-hazard housing-market counties,0.964146443216981,0.9283089148666448,7,High-risk inland-flood and storm-injury counties
48035,Bosque County,TX,Texas,,,5,Cold-region severe-storm casualty counties,0.9982606393431974,0.9965213335483937,7,High-risk inland-flood and storm-injury counties
48037,Bowie County,TX,Texas,Metro,"Texarkana, TX-AR",0,"Transfer-reliant, temperature-variable severe-storm counties",0.8688077882949993,0.737811061837854,7,High-risk inland-flood and storm-injury counties
48039,Brazoria County,TX,Texas,Metro,"Houston-The Woodlands-Sugar Land, TX",7,High-risk inland-flood and storm-injury counties,0.9980497896158689,0.9961042629659008,2,Lower-tax severe-storm casualty counties
48041,Brazos County,TX,Texas,Metro,"College Station-Bryan, TX",5,Cold-region severe-storm casualty counties,0.7941801266949127,0.5920415150123493,7,High-risk inland-flood and storm-injury counties
48043,Brewster County,TX,Texas,,,3,Older wildfire and mountain-hazard housing-market counties,0.7026942924840016,0.5038980065284258,0,"Transfer-reliant, temperature-variable severe-storm counties"
48045,Briscoe County,TX,Texas,,,3,Older wildfire and mountain-hazard housing-market counties,0.9664987201310226,0.9487043904626321,0,"Transfer-reliant, temperature-variable severe-storm counties"
48047,Brooks County,TX,Texas,,,0,"Transfer-reliant, temperature-variable severe-storm counties",0.8699133534548922,0.7428096708182084,3,Older wildfire and mountain-hazard housing-market counties
48049,Brown County,TX,Texas,Micro,"Brownwood, TX",2,Lower-tax severe-storm casualty counties,0.9941861959630534,0.9883724186190769,7,High-risk inland-flood and storm-injury counties
48051,Burleson County,TX,Texas,Metro,"College Station-Bryan, TX",0,"Transfer-reliant, temperature-variable severe-storm counties",0.9984678919386286,0.9973431901768423,4,"High-premium, high-tax low-hazard counties"
48053,Burnet County,TX,Texas,,,2,Lower-tax severe-storm casualty counties,0.9989474731851332,0.9978949598393206,7,High-risk inland-flood and storm-injury counties
48055,Caldwell County,TX,Texas,Metro,"Austin-Round Rock, TX",5,Cold-region severe-storm casualty counties,0.9989456181079551,0.9978934872056093,7,High-risk inland-flood and storm-injury counties
48057,Calhoun County,TX,Texas,Micro,"Port Lavaca, TX",7,High-risk inland-flood and storm-injury counties,0.9715298098671364,0.943070945451419,2,Lower-tax severe-storm casualty counties
48059,Callahan County,TX,Texas,Metro,"Abilene, TX",0,"Transfer-reliant, temperature-variable severe-storm counties",0.9628002300359563,0.9257698225806417,4,"High-premium, high-tax low-hazard counties"
48061,Cameron County,TX,Texas,Metro,"Brownsville-Harlingen, TX",7,High-risk inland-flood and storm-injury counties,0.7519468080878893,0.5041371742996646,2,Lower-tax severe-storm casualty counties
48063,Camp County,TX,Texas,,,2,Lower-tax severe-storm casualty counties,0.9912596281626571,0.9825197669488877,7,High-risk inland-flood and storm-injury counties
48065,Carson County,TX,Texas,Metro,"Amarillo, TX",4,"High-premium, high-tax low-hazard counties",0.9899533676384277,0.980259844521461,0,"Transfer-reliant, temperature-variable severe-storm counties"
48067,Cass County,TX,Texas,,,6,Lower-wage tornado and storm-injury counties,0.9995869519996704,0.9991740006139468,7,High-risk inland-flood and storm-injury counties
48069,Castro County,TX,Texas,,,4,"High-premium, high-tax low-hazard counties",0.5247769565615038,0.052150028362689005,0,"Transfer-reliant, temperature-variable severe-storm counties"
48071,Chambers County,TX,Texas,Metro,"Houston-The Woodlands-Sugar Land, TX",7,High-risk inland-flood and storm-injury counties,0.9926291498688068,0.9852617166917411,6,Lower-wage tornado and storm-injury counties
48073,Cherokee County,TX,Texas,Micro,"Jacksonville, TX",2,Lower-tax severe-storm casualty counties,0.9995548543560623,0.9991097316353743,7,High-risk inland-flood and storm-injury counties
48075,Childress County,TX,Texas,,,4,"High-premium, high-tax low-hazard counties",0.5960039904884714,0.19354409084895946,0,"Transfer-reliant, temperature-variable severe-storm counties"
48077,Clay County,TX,Texas,Metro,"Wichita Falls, TX",0,"Transfer-reliant, temperature-variable severe-storm counties",0.9925456783683745,0.9881912393231459,3,Older wildfire and mountain-hazard housing-market counties
48079,Cochran County,TX,Texas,,,4,"High-premium, high-tax low-hazard counties",0.9746047748302966,0.964225901410148,3,Older wildfire and mountain-hazard housing-market counties
48081,Coke County,TX,Texas,,,3,Older wildfire and mountain-hazard housing-market counties,0.9754035478391091,0.9530919922673028,0,"Transfer-reliant, temperature-variable severe-storm counties"
48083,Coleman County,TX,Texas,,,6,Lower-wage tornado and storm-injury counties,0.9987535966217251,0.9975071936821887,7,High-risk inland-flood and storm-injury counties
48085,Collin County,TX,Texas,Metro,"Dallas-Fort Worth-Arlington, TX",7,High-risk inland-flood and storm-injury counties,0.9964701797703576,0.9929403879234904,2,Lower-tax severe-storm casualty counties
48087,Collingsworth County,TX,Texas,,,4,"High-premium, high-tax low-hazard counties",0.36901043973269204,0.04779120203421089,3,Older wildfire and mountain-hazard housing-market counties
48089,Colorado County,TX,Texas,,,0,"Transfer-reliant, temperature-variable severe-storm counties",0.9848670136706016,0.9700463613630954,4,"High-premium, high-tax low-hazard counties"
48091,Comal County,TX,Texas,Metro,"San Antonio-New Braunfels, TX",5,Cold-region severe-storm casualty counties,0.9981742655051381,0.9963514076509165,7,High-risk inland-flood and storm-injury counties
48093,Comanche County,TX,Texas,,,0,"Transfer-reliant, temperature-variable severe-storm counties",0.9997101154289378,0.9995852469128022,4,"High-premium, high-tax low-hazard counties"
48095,Concho County,TX,Texas,,,3,Older wildfire and mountain-hazard housing-market counties,0.9918989243619355,0.9840792733961593,7,High-risk inland-flood and storm-injury counties
48097,Cooke County,TX,Texas,Micro,"Gainesville, TX",2,Lower-tax severe-storm casualty counties,0.9949330375249938,0.9898660751123648,7,High-risk inland-flood and storm-injury counties
48099,Coryell County,TX,Texas,Metro,"Killeen-Temple, TX",2,Lower-tax severe-storm casualty counties,0.993180071199322,0.9863605504548357,7,High-risk inland-flood and storm-injury counties
48101,Cottle County,TX,Texas,,,3,Older wildfire and mountain-hazard housing-market counties,0.5902712311510584,0.24718704680693498,4,"High-premium, high-tax low-hazard counties"
48103,Crane County,TX,Texas,,,3,Older wildfire and mountain-hazard housing-market counties,0.70920639328351,0.422271827870999,0,"Transfer-reliant, temperature-variable severe-storm counties"
48105,Crockett County,TX,Texas,,,3,Older wildfire and mountain-hazard housing-market counties,0.6396880598018304,0.28305342231696495,0,"Transfer-reliant, temperature-variable severe-storm counties"
48107,Crosby County,TX,Texas,Metro,"Lubbock, TX",0,"Transfer-reliant, temperature-variable severe-storm counties",0.7357271866131405,0.47257940307385776,4,"High-premium, high-tax low-hazard counties"
48109,Culberson County,TX,Texas,,,3,Older wildfire and mountain-hazard housing-market counties,0.9976188809298377,0.9960597378580138,7,High-risk inland-flood and storm-injury counties
48111,Dallam County,TX,Texas,,,4,"High-premium, high-tax low-hazard counties",0.9760080665502138,0.9589363935063381,7,High-risk inland-flood and storm-injury counties
48113,Dallas County,TX,Texas,Metro,"Dallas-Fort Worth-Arlington, TX",7,High-risk inland-flood and storm-injury counties,0.999999915621931,0.999999832421605,1,High-tax northern housing-market storm-risk counties
48115,Dawson County,TX,Texas,Micro,"Lamesa, TX",0,"Transfer-reliant, temperature-variable severe-storm counties",0.9977938117124863,0.9961046382056704,3,Older wildfire and mountain-hazard housing-market counties
48117,Deaf Smith County,TX,Texas,Micro,"Hereford, TX",4,"High-premium, high-tax low-hazard counties",0.8999212630271867,0.8023793014406424,0,"Transfer-reliant, temperature-variable severe-storm counties"
48119,Delta County,TX,Texas,,,6,Lower-wage tornado and storm-injury counties,0.9989107332578002,0.9978214693059263,7,High-risk inland-flood and storm-injury counties
48121,Denton County,TX,Texas,Metro,"Dallas-Fort Worth-Arlington, TX",7,High-risk inland-flood and storm-injury counties,0.9990456865417562,0.9980914153175019,2,Lower-tax severe-storm casualty counties
48123,DeWitt County,TX,Texas,,,0,"Transfer-reliant, temperature-variable severe-storm counties",0.9935929699776344,0.9884175861009132,3,Older wildfire and mountain-hazard housing-market counties
48125,Dickens County,TX,Texas,,,3,Older wildfire and mountain-hazard housing-market counties,0.6755857453563996,0.35379285225230533,0,"Transfer-reliant, temperature-variable severe-storm counties"
48127,Dimmit County,TX,Texas,,,0,"Transfer-reliant, temperature-variable severe-storm counties",0.9888384141181343,0.9779162821665222,3,Older wildfire and mountain-hazard housing-market counties
48129,Donley County,TX,Texas,,,0,"Transfer-reliant, temperature-variable severe-storm counties",0.8692323527642668,0.7396337900263956,4,"High-premium, high-tax low-hazard counties"
48131,Duval County,TX,Texas,,,0,"Transfer-reliant, temperature-variable severe-storm counties",0.9072118730203648,0.8159748174139059,4,"High-premium, high-tax low-hazard counties"
48133,Eastland County,TX,Texas,,,2,Lower-tax severe-storm casualty counties,0.997253360259777,0.9945067421444522,7,High-risk inland-flood and storm-injury counties
48135,Ector County,TX,Texas,Metro,"Odessa, TX",6,Lower-wage tornado and storm-injury counties,0.7588129762138622,0.5180683926799293,7,High-risk inland-flood and storm-injury counties
48137,Edwards County,TX,Texas,,,3,Older wildfire and mountain-hazard housing-market counties,0.9969005032158352,0.9938242174180759,7,High-risk inland-flood and storm-injury counties
48139,Ellis County,TX,Texas,Metro,"Dallas-Fort Worth-Arlington, TX",2,Lower-tax severe-storm casualty counties,0.985702547142941,0.9714055479412794,7,High-risk inland-flood and storm-injury counties
48141,El Paso County,TX,Texas,Metro,"El Paso, TX",7,High-risk inland-flood and storm-injury counties,0.6518930081367341,0.3258765752141163,5,Cold-region severe-storm casualty counties
48143,Erath County,TX,Texas,Micro,"Stephenville, TX",2,Lower-tax severe-storm casualty counties,0.9924010308632915,0.9848336997826359,7,High-risk inland-flood and storm-injury counties
48145,Falls County,TX,Texas,Metro,"Waco, TX",5,Cold-region severe-storm casualty counties,0.9989103792740065,0.9978208585443258,7,High-risk inland-flood and storm-injury counties
48147,Fannin County,TX,Texas,,,6,Lower-wage tornado and storm-injury counties,0.9935593795128657,0.9871194022483005,7,High-risk inland-flood and storm-injury counties
48149,Fayette County,TX,Texas,,,5,Cold-region severe-storm casualty counties,0.9997236665467916,0.9994474124778261,7,High-risk inland-flood and storm-injury counties
48151,Fisher County,TX,Texas,,,3,Older wildfire and mountain-hazard housing-market counties,0.7511070461401894,0.581182516945272,4,"High-premium, high-tax low-hazard counties"
48153,Floyd County,TX,Texas,,,0,"Transfer-reliant, temperature-variable severe-storm counties",0.9867209040074599,0.9783226104026607,4,"High-premium, high-tax low-hazard counties"
48155,Foard County,TX,Texas,,,3,Older wildfire and mountain-hazard housing-market counties,0.9441822846315161,0.8887715635233744,7,High-risk inland-flood and storm-injury counties
48157,Fort Bend County,TX,Texas,Metro,"Houston-The Woodlands-Sugar Land, TX",7,High-risk inland-flood and storm-injury counties,0.9993636859148175,0.9987325788425071,2,Lower-tax severe-storm casualty counties
48159,Franklin County,TX,Texas,,,6,Lower-wage tornado and storm-injury counties,0.9964272259508739,0.992854452116762,7,High-risk inland-flood and storm-injury counties
48161,Freestone County,TX,Texas,,,0,"Transfer-reliant, temperature-variable severe-storm counties",0.9997614120564379,0.9996288377920224,4,"High-premium, high-tax low-hazard counties"
48163,Frio County,TX,Texas,,,0,"Transfer-reliant, temperature-variable severe-storm counties",0.9623041395980987,0.9316274621203754,4,"High-premium, high-tax low-hazard counties"
48165,Gaines County,TX,Texas,,,0,"Transfer-reliant, temperature-variable severe-storm counties",0.9931781034954723,0.9871543577952112,4,"High-premium, high-tax low-hazard counties"
48167,Galveston County,TX,Texas,Metro,"Houston-The Woodlands-Sugar Land, TX",7,High-risk inland-flood and storm-injury counties,0.9999633645352918,0.9999352167760515,1,High-tax northern housing-market storm-risk counties
48169,Garza County,TX,Texas,,,0,"Transfer-reliant, temperature-variable severe-storm counties",0.9871091419768826,0.9756339987946485,4,"High-premium, high-tax low-hazard counties"
48171,Gillespie County,TX,Texas,Micro,"Fredericksburg, TX",5,Cold-region severe-storm casualty counties,0.998039550350446,0.9960791179224898,7,High-risk inland-flood and storm-injury counties
48173,Glasscock County,TX,Texas,Micro,"Big Spring, TX",3,Older wildfire and mountain-hazard housing-market counties,0.8193710224386177,0.7220577051557426,4,"High-premium, high-tax low-hazard counties"
48175,Goliad County,TX,Texas,Metro,"Victoria, TX",3,Older wildfire and mountain-hazard housing-market counties,0.8681205954155174,0.7968447487018797,0,"Transfer-reliant, temperature-variable severe-storm counties"
48177,Gonzales County,TX,Texas,,,0,"Transfer-reliant, temperature-variable severe-storm counties",0.9998222404791341,0.999694339814583,7,High-risk inland-flood and storm-injury counties
48179,Gray County,TX,Texas,Micro,"Pampa, TX",0,"Transfer-reliant, temperature-variable severe-storm counties",0.7281976097823297,0.46178503474365007,4,"High-premium, high-tax low-hazard counties"
48181,Grayson County,TX,Texas,Metro,"Sherman-Denison, TX",2,Lower-tax severe-storm casualty counties,0.9990849971890701,0.9981700134687078,7,High-risk inland-flood and storm-injury counties
48183,Gregg County,TX,Texas,Metro,"Longview, TX",2,Lower-tax severe-storm casualty counties,0.9989934071974379,0.997987138215093,7,High-risk inland-flood and storm-injury counties
48185,Grimes County,TX,Texas,,,0,"Transfer-reliant, temperature-variable severe-storm counties",0.9993136334243835,0.9988991621266894,7,High-risk inland-flood and storm-injury counties
48187,Guadalupe County,TX,Texas,Metro,"San Antonio-New Braunfels, TX",5,Cold-region severe-storm casualty counties,0.965955696872536,0.9428313232455482,7,High-risk inland-flood and storm-injury counties
48189,Hale County,TX,Texas,Micro,"Plainview, TX",6,Lower-wage tornado and storm-injury counties,0.9918496224173231,0.9838683962929855,7,High-risk inland-flood and storm-injury counties
48191,Hall County,TX,Texas,,,6,Lower-wage tornado and storm-injury counties,0.9990154058371757,0.9980308696000892,7,High-risk inland-flood and storm-injury counties
48193,Hamilton County,TX,Texas,,,0,"Transfer-reliant, temperature-variable severe-storm counties",0.9477514200449021,0.8985734425794175,3,Older wildfire and mountain-hazard housing-market counties
48195,Hansford County,TX,Texas,,,4,"High-premium, high-tax low-hazard counties",0.9989863844208381,0.9979904146046958,7,High-risk inland-flood and storm-injury counties
48197,Hardeman County,TX,Texas,,,0,"Transfer-reliant, temperature-variable severe-storm counties",0.7633307751205116,0.5285230939787801,3,Older wildfire and mountain-hazard housing-market counties
48199,Hardin County,TX,Texas,Metro,"Beaumont-Port Arthur, TX",2,Lower-tax severe-storm casualty counties,0.8970895681974265,0.7941884412212862,7,High-risk inland-flood and storm-injury counties
48201,Harris County,TX,Texas,Metro,"Houston-The Woodlands-Sugar Land, TX",7,High-risk inland-flood and storm-injury counties,0.9999995606975004,0.9999991213983145,1,High-tax northern housing-market storm-risk counties
48203,Harrison County,TX,Texas,Micro,"Marshall, TX",0,"Transfer-reliant, temperature-variable severe-storm counties",0.946715837129551,0.9060342489041748,7,High-risk inland-flood and storm-injury counties
48205,Hartley County,TX,Texas,,,4,"High-premium, high-tax low-hazard counties",0.9909879432478373,0.9824309284482305,0,"Transfer-reliant, temperature-variable severe-storm counties"
48207,Haskell County,TX,Texas,,,0,"Transfer-reliant, temperature-variable severe-storm counties",0.978886299619365,0.959775706725155,4,"High-premium, high-tax low-hazard counties"
48209,Hays County,TX,Texas,Metro,"Austin-Round Rock, TX",5,Cold-region severe-storm casualty counties,0.7342436622964642,0.46920991364974435,7,High-risk inland-flood and storm-injury counties
48211,Hemphill County,TX,Texas,,,6,Lower-wage tornado and storm-injury counties,0.9980494921157571,0.996098984345396,7,High-risk inland-flood and storm-injury counties
48213,Henderson County,TX,Texas,Micro,"Athens, TX",2,Lower-tax severe-storm casualty counties,0.9996073786623622,0.9992147614630118,7,High-risk inland-flood and storm-injury counties
48215,Hidalgo County,TX,Texas,Metro,"McAllen-Edinburg-Mission, TX",7,High-risk inland-flood and storm-injury counties,0.9741011177357711,0.9484178560068502,2,Lower-tax severe-storm casualty counties
48217,Hill County,TX,Texas,,,6,Lower-wage tornado and storm-injury counties,0.9996386883230417,0.9992773810084645,7,High-risk inland-flood and storm-injury counties
48219,Hockley County,TX,Texas,Micro,"Levelland, TX",6,Lower-wage tornado and storm-injury counties,0.9956480063365364,0.9912960186097135,7,High-risk inland-flood and storm-injury counties
48221,Hood County,TX,Texas,Metro,"Dallas-Fort Worth-Arlington, TX",0,"Transfer-reliant, temperature-variable severe-storm counties",0.9994023254053177,0.9989181940143841,7,High-risk inland-flood and storm-injury counties
48223,Hopkins County,TX,Texas,Micro,"Sulphur Springs, TX",0,"Transfer-reliant, temperature-variable severe-storm counties",0.9995103798384147,0.9991165829366712,7,High-risk inland-flood and storm-injury counties
48225,Houston County,TX,Texas,,,2,Lower-tax severe-storm casualty counties,0.9973899585102975,0.994779927528305,7,High-risk inland-flood and storm-injury counties
48227,Howard County,TX,Texas,Micro,"Big Spring, TX",0,"Transfer-reliant, temperature-variable severe-storm counties",0.9997161507577128,0.9994931120569428,7,High-risk inland-flood and storm-injury counties
48229,Hudspeth County,TX,Texas,Metro,"El Paso, TX",6,Lower-wage tornado and storm-injury counties,0.6785929535591303,0.3577869014473513,7,High-risk inland-flood and storm-injury counties
48231,Hunt County,TX,Texas,Metro,"Dallas-Fort Worth-Arlington, TX",5,Cold-region severe-storm casualty counties,0.992764735783696,0.9855299130632519,7,High-risk inland-flood and storm-injury counties
48233,Hutchinson County,TX,Texas,Micro,"Borger, TX",5,Cold-region severe-storm casualty counties,0.9882278472532445,0.9764556945492654,7,High-risk inland-flood and storm-injury counties
48235,Irion County,TX,Texas,Metro,"San Angelo, TX",6,Lower-wage tornado and storm-injury counties,0.98487782189712,0.969755686388164,7,High-risk inland-flood and storm-injury counties
48237,Jack County,TX,Texas,,,6,Lower-wage tornado and storm-injury counties,0.9982050322198379,0.9964100645183628,7,High-risk inland-flood and storm-injury counties
48239,Jackson County,TX,Texas,,,7,High-risk inland-flood and storm-injury counties,0.82007295460691,0.7296107491971138,0,"Transfer-reliant, temperature-variable severe-storm counties"
48241,Jasper County,TX,Texas,,,2,Lower-tax severe-storm casualty counties,0.9993803638485889,0.998760766561066,7,High-risk inland-flood and storm-injury counties
48243,Jeff Davis County,TX,Texas,,,3,Older wildfire and mountain-hazard housing-market counties,0.9898921982895416,0.9798589921280336,7,High-risk inland-flood and storm-injury counties
48245,Jefferson County,TX,Texas,Metro,"Beaumont-Port Arthur, TX",7,High-risk inland-flood and storm-injury counties,0.8782706370952609,0.7565561191670357,2,Lower-tax severe-storm casualty counties
48247,Jim Hogg County,TX,Texas,,,3,Older wildfire and mountain-hazard housing-market counties,0.9730972746119961,0.9489438717136851,0,"Transfer-reliant, temperature-variable severe-storm counties"
48249,Jim Wells County,TX,Texas,Micro,"Alice, TX",6,Lower-wage tornado and storm-injury counties,0.9934325145829661,0.9868662472483293,7,High-risk inland-flood and storm-injury counties
48251,Johnson County,TX,Texas,Metro,"Dallas-Fort Worth-Arlington, TX",2,Lower-tax severe-storm casualty counties,0.9976228616335049,0.9952457825789754,7,High-risk inland-flood and storm-injury counties
48253,Jones County,TX,Texas,Metro,"Abilene, TX",2,Lower-tax severe-storm casualty counties,0.9975167646697249,0.9950335303325255,7,High-risk inland-flood and storm-injury counties
48255,Karnes County,TX,Texas,,,0,"Transfer-reliant, temperature-variable severe-storm counties",0.9316605865490084,0.8658116681480162,3,Older wildfire and mountain-hazard housing-market counties
48257,Kaufman County,TX,Texas,Metro,"Dallas-Fort Worth-Arlington, TX",6,Lower-wage tornado and storm-injury counties,0.9853777714812793,0.9707558568298315,7,High-risk inland-flood and storm-injury counties
48259,Kendall County,TX,Texas,Metro,"San Antonio-New Braunfels, TX",5,Cold-region severe-storm casualty counties,0.9982069092766764,0.9964145813606908,7,High-risk inland-flood and storm-injury counties
48261,Kenedy County,TX,Texas,Micro,"Kingsville, TX",3,Older wildfire and mountain-hazard housing-market counties,0.931153402309274,0.8623068261959532,7,High-risk inland-flood and storm-injury counties
48263,Kent County,TX,Texas,,,3,Older wildfire and mountain-hazard housing-market counties,0.9872947666671956,0.9746437049278773,7,High-risk inland-flood and storm-injury counties
48265,Kerr County,TX,Texas,Micro,"Kerrville, TX",5,Cold-region severe-storm casualty counties,0.9996831395172484,0.9993704786529213,7,High-risk inland-flood and storm-injury counties
48267,Kimble County,TX,Texas,,,2,Lower-tax severe-storm casualty counties,0.9953136310381417,0.9906272708490762,7,High-risk inland-flood and storm-injury counties
48269,King County,TX,Texas,,,3,Older wildfire and mountain-hazard housing-market counties,0.9961338729842114,0.9922903574506013,7,High-risk inland-flood and storm-injury counties
48271,Kinney County,TX,Texas,,,3,Older wildfire and mountain-hazard housing-market counties,0.9516263073262546,0.9053368436023616,0,"Transfer-reliant, temperature-variable severe-storm counties"
48273,Kleberg County,TX,Texas,Micro,"Kingsville, TX",7,High-risk inland-flood and storm-injury counties,0.8742341957783849,0.7501076501982409,0,"Transfer-reliant, temperature-variable severe-storm counties"
48275,Knox County,TX,Texas,,,0,"Transfer-reliant, temperature-variable severe-storm counties",0.9917240846748466,0.9845366474103748,3,Older wildfire and mountain-hazard housing-market counties
48277,Lamar County,TX,Texas,Micro,"Paris, TX",6,Lower-wage tornado and storm-injury counties,0.9991524143716017,0.9983048328684309,7,High-risk inland-flood and storm-injury counties
48279,Lamb County,TX,Texas,,,0,"Transfer-reliant, temperature-variable severe-storm counties",0.9960903420696725,0.9924698759048031,4,"High-premium, high-tax low-hazard counties"
48281,Lampasas County,TX,Texas,Metro,"Killeen-Temple, TX",0,"Transfer-reliant, temperature-variable severe-storm counties",0.9990772170441299,0.9982394491622598,4,"High-premium, high-tax low-hazard counties"
48283,La Salle County,TX,Texas,,,6,Lower-wage tornado and storm-injury counties,0.9980164033230431,0.9960331576159392,7,High-risk inland-flood and storm-injury counties
48285,Lavaca County,TX,Texas,,,0,"Transfer-reliant, temperature-variable severe-storm counties",0.9945186065908884,0.9896364654905524,3,Older wildfire and mountain-hazard housing-market counties
48287,Lee County,TX,Texas,,,2,Lower-tax severe-storm casualty counties,0.9992047359201031,0.99840952912035,7,High-risk inland-flood and storm-injury counties
48289,Leon County,TX,Texas,,,6,Lower-wage tornado and storm-injury counties,0.9994520223958083,0.9989040464583681,7,High-risk inland-flood and storm-injury counties
48291,Liberty County,TX,Texas,Metro,"Houston-The Woodlands-Sugar Land, TX",7,High-risk inland-flood and storm-injury counties,0.8084639674499254,0.6170729389089152,0,"Transfer-reliant, temperature-variable severe-storm counties"
48293,Limestone County,TX,Texas,,,0,"Transfer-reliant, temperature-variable severe-storm counties",0.9999439827553371,0.9999094217795234,7,High-risk inland-flood and storm-injury counties
48295,Lipscomb County,TX,Texas,,,4,"High-premium, high-tax low-hazard counties",0.9951074085478008,0.9921193961377878,7,High-risk inland-flood and storm-injury counties
48297,Live Oak County,TX,Texas,,,0,"Transfer-reliant, temperature-variable severe-storm counties",0.9713958315229773,0.9490974657700036,4,"High-premium, high-tax low-hazard counties"
48299,Llano County,TX,Texas,,,5,Cold-region severe-storm casualty counties,0.9993571218303644,0.9987179642345488,7,High-risk inland-flood and storm-injury counties
48301,Loving County,TX,Texas,,,3,Older wildfire and mountain-hazard housing-market counties,0.9898802657561661,0.9797605885082378,7,High-risk inland-flood and storm-injury counties
48303,Lubbock County,TX,Texas,Metro,"Lubbock, TX",7,High-risk inland-flood and storm-injury counties,0.7958319321513125,0.5916639005699059,2,Lower-tax severe-storm casualty counties
48305,Lynn County,TX,Texas,Metro,"Lubbock, TX",6,Lower-wage tornado and storm-injury counties,0.8494388105367235,0.6988776485506285,7,High-risk inland-flood and storm-injury counties
48307,McCulloch County,TX,Texas,,,0,"Transfer-reliant, temperature-variable severe-storm counties",0.9861781537851549,0.973034617638832,4,"High-premium, high-tax low-hazard counties"
48309,McLennan County,TX,Texas,Metro,"Waco, TX",2,Lower-tax severe-storm casualty counties,0.9983971686020566,0.9967985808311042,7,High-risk inland-flood and storm-injury counties
48311,McMullen County,TX,Texas,,,3,Older wildfire and mountain-hazard housing-market counties,0.9861007405312753,0.972206808383277,7,High-risk inland-flood and storm-injury counties
48313,Madison County,TX,Texas,,,0,"Transfer-reliant, temperature-variable severe-storm counties",0.9984174446027029,0.9971609806714844,4,"High-premium, high-tax low-hazard counties"
48315,Marion County,TX,Texas,,,2,Lower-tax severe-storm casualty counties,0.9911148298584755,0.9822529166296713,7,High-risk inland-flood and storm-injury counties
48317,Martin County,TX,Texas,Metro,"Midland, TX",3,Older wildfire and mountain-hazard housing-market counties,0.6427616279905882,0.291029054058182,0,"Transfer-reliant, temperature-variable severe-storm counties"
48319,Mason County,TX,Texas,,,3,Older wildfire and mountain-hazard housing-market counties,0.6604747001092778,0.3280756390419951,0,"Transfer-reliant, temperature-variable severe-storm counties"
48321,Matagorda County,TX,Texas,Micro,"Bay City, TX",7,High-risk inland-flood and storm-injury counties,0.7471034432628664,0.49420989921417413,6,Lower-wage tornado and storm-injury counties
48323,Maverick County,TX,Texas,Micro,"Eagle Pass, TX",5,Cold-region severe-storm casualty counties,0.9960300543960768,0.9920737763783801,7,High-risk inland-flood and storm-injury counties
48325,Medina County,TX,Texas,Metro,"San Antonio-New Braunfels, TX",5,Cold-region severe-storm casualty counties,0.9995160675563765,0.9990324107900036,7,High-risk inland-flood and storm-injury counties
48327,Menard County,TX,Texas,,,3,Older wildfire and mountain-hazard housing-market counties,0.9790353046375938,0.9695316912667781,4,"High-premium, high-tax low-hazard counties"
48329,Midland County,TX,Texas,Metro,"Midland, TX",2,Lower-tax severe-storm casualty counties,0.9944242630003655,0.9888485286766092,7,High-risk inland-flood and storm-injury counties
48331,Milam County,TX,Texas,,,2,Lower-tax severe-storm casualty counties,0.9996375723534627,0.9992751773052087,7,High-risk inland-flood and storm-injury counties
48333,Mills County,TX,Texas,,,3,Older wildfire and mountain-hazard housing-market counties,0.9936003496571661,0.990258153925429,0,"Transfer-reliant, temperature-variable severe-storm counties"
48335,Mitchell County,TX,Texas,,,6,Lower-wage tornado and storm-injury counties,0.9992892059558433,0.9985784151970567,7,High-risk inland-flood and storm-injury counties
48337,Montague County,TX,Texas,,,6,Lower-wage tornado and storm-injury counties,0.9989775354199679,0.9979550931568094,7,High-risk inland-flood and storm-injury counties
48339,Montgomery County,TX,Texas,Metro,"Houston-The Woodlands-Sugar Land, TX",2,Lower-tax severe-storm casualty counties,0.6859588862518383,0.37192016129357214,7,High-risk inland-flood and storm-injury counties
48341,Moore County,TX,Texas,Micro,"Dumas, TX",4,"High-premium, high-tax low-hazard counties",0.9593184662867694,0.9189350381834949,7,High-risk inland-flood and storm-injury counties
48343,Morris County,TX,Texas,,,2,Lower-tax severe-storm casualty counties,0.9915134022817202,0.9830278541420074,7,High-risk inland-flood and storm-injury counties
48345,Motley County,TX,Texas,,,2,Lower-tax severe-storm casualty counties,0.7858801123823715,0.571760936761246,7,High-risk inland-flood and storm-injury counties
48347,Nacogdoches County,TX,Texas,Micro,"Nacogdoches, TX",2,Lower-tax severe-storm casualty counties,0.9994629281737455,0.9989259123603613,7,High-risk inland-flood and storm-injury counties
48349,Navarro County,TX,Texas,Micro,"Corsicana, TX",2,Lower-tax severe-storm casualty counties,0.9985668230495358,0.9971336851717371,7,High-risk inland-flood and storm-injury counties
48351,Newton County,TX,Texas,Metro,"Beaumont-Port Arthur, TX",5,Cold-region severe-storm casualty counties,0.9509607656999829,0.9021203818713006,7,High-risk inland-flood and storm-injury counties
48353,Nolan County,TX,Texas,Micro,"Sweetwater, TX",5,Cold-region severe-storm casualty counties,0.9988362666040074,0.9976725361599876,7,High-risk inland-flood and storm-injury counties
48355,Nueces County,TX,Texas,Metro,"Corpus Christi, TX",7,High-risk inland-flood and storm-injury counties,0.9990604782322118,0.9981220402514348,1,High-tax northern housing-market storm-risk counties
48357,Ochiltree County,TX,Texas,,,2,Lower-tax severe-storm casualty counties,0.9896782520025639,0.9793565061182318,7,High-risk inland-flood and storm-injury counties
48359,Oldham County,TX,Texas,Metro,"Amarillo, TX",0,"Transfer-reliant, temperature-variable severe-storm counties",0.520429875402023,0.15261484323954927,4,"High-premium, high-tax low-hazard counties"
48361,Orange County,TX,Texas,Metro,"Beaumont-Port Arthur, TX",2,Lower-tax severe-storm casualty counties,0.5466040502780823,0.0932100380927291,7,High-risk inland-flood and storm-injury counties
48363,Palo Pinto County,TX,Texas,Micro,"Mineral Wells, TX",2,Lower-tax severe-storm casualty counties,0.9990747684382445,0.9981495384917812,7,High-risk inland-flood and storm-injury counties
48365,Panola County,TX,Texas,,,2,Lower-tax severe-storm casualty counties,0.9985083296286227,0.9970190696531989,7,High-risk inland-flood and storm-injury counties
48367,Parker County,TX,Texas,Metro,"Dallas-Fort Worth-Arlington, TX",2,Lower-tax severe-storm casualty counties,0.9908103385454969,0.981620732665206,7,High-risk inland-flood and storm-injury counties
48369,Parmer County,TX,Texas,,,0,"Transfer-reliant, temperature-variable severe-storm counties",0.9935072121461092,0.987552451975903,4,"High-premium, high-tax low-hazard counties"
48371,Pecos County,TX,Texas,,,4,"High-premium, high-tax low-hazard counties",0.601374641075219,0.2101998030442659,0,"Transfer-reliant, temperature-variable severe-storm counties"
48373,Polk County,TX,Texas,,,2,Lower-tax severe-storm casualty counties,0.9989544744769827,0.9979104012645778,7,High-risk inland-flood and storm-injury counties
48375,Potter County,TX,Texas,Metro,"Amarillo, TX",7,High-risk inland-flood and storm-injury counties,0.9938238787487443,0.9899189109856571,6,Lower-wage tornado and storm-injury counties
48377,Presidio County,TX,Texas,,,7,High-risk inland-flood and storm-injury counties,0.7895526427764882,0.5791803587794471,5,Cold-region severe-storm casualty counties
48379,Rains County,TX,Texas,,,0,"Transfer-reliant, temperature-variable severe-storm counties",0.9990505102636988,0.9985954605831266,3,Older wildfire and mountain-hazard housing-market counties
48381,Randall County,TX,Texas,Metro,"Amarillo, TX",7,High-risk inland-flood and storm-injury counties,0.9986072499954631,0.997219772694809,4,"High-premium, high-tax low-hazard counties"
48383,Reagan County,TX,Texas,,,3,Older wildfire and mountain-hazard housing-market counties,0.6075318766840666,0.22290775393271967,0,"Transfer-reliant, temperature-variable severe-storm counties"
48385,Real County,TX,Texas,,,3,Older wildfire and mountain-hazard housing-market counties,0.993520507356136,0.9871988965873103,7,High-risk inland-flood and storm-injury counties
48387,Red River County,TX,Texas,,,6,Lower-wage tornado and storm-injury counties,0.9994507780690823,0.9989015613705522,7,High-risk inland-flood and storm-injury counties
48389,Reeves County,TX,Texas,Micro,"Pecos, TX",6,Lower-wage tornado and storm-injury counties,0.9870473694379108,0.9740947513843597,7,High-risk inland-flood and storm-injury counties
48391,Refugio County,TX,Texas,,,7,High-risk inland-flood and storm-injury counties,0.9973057416316539,0.9948322232541674,3,Older wildfire and mountain-hazard housing-market counties
48393,Roberts County,TX,Texas,,,3,Older wildfire and mountain-hazard housing-market counties,0.9929155392512258,0.9874134181439227,7,High-risk inland-flood and storm-injury counties
48395,Robertson County,TX,Texas,Metro,"College Station-Bryan, TX",0,"Transfer-reliant, temperature-variable severe-storm counties",0.9996061936627727,0.9992571131639316,3,Older wildfire and mountain-hazard housing-market counties
48397,Rockwall County,TX,Texas,Metro,"Dallas-Fort Worth-Arlington, TX",2,Lower-tax severe-storm casualty counties,0.9821756486058714,0.9643514266504818,7,High-risk inland-flood and storm-injury counties
48399,Runnels County,TX,Texas,,,5,Cold-region severe-storm casualty counties,0.9981894014213855,0.9963788031820496,7,High-risk inland-flood and storm-injury counties
48401,Rusk County,TX,Texas,Metro,"Longview, TX",6,Lower-wage tornado and storm-injury counties,0.9976169750582388,0.9952344945557428,7,High-risk inland-flood and storm-injury counties
48403,Sabine County,TX,Texas,,,2,Lower-tax severe-storm casualty counties,0.9786503390927889,0.9573486737112646,7,High-risk inland-flood and storm-injury counties
48405,San Augustine County,TX,Texas,,,3,Older wildfire and mountain-hazard housing-market counties,0.9156015822653275,0.8377532165739644,0,"Transfer-reliant, temperature-variable severe-storm counties"
48407,San Jacinto County,TX,Texas,,,5,Cold-region severe-storm casualty counties,0.9989704292918037,0.997962565890552,7,High-risk inland-flood and storm-injury counties
48409,San Patricio County,TX,Texas,Metro,"Corpus Christi, TX",6,Lower-wage tornado and storm-injury counties,0.8646057504684536,0.7293889597689678,7,High-risk inland-flood and storm-injury counties
48411,San Saba County,TX,Texas,,,3,Older wildfire and mountain-hazard housing-market counties,0.9242635962819234,0.853704627642396,0,"Transfer-reliant, temperature-variable severe-storm counties"
48413,Schleicher County,TX,Texas,,,7,High-risk inland-flood and storm-injury counties,0.5742549971516416,0.14851446951065933,6,Lower-wage tornado and storm-injury counties
48415,Scurry County,TX,Texas,Micro,"Snyder, TX",6,Lower-wage tornado and storm-injury counties,0.999577979250766,0.9991559593848329,7,High-risk inland-flood and storm-injury counties
48417,Shackelford County,TX,Texas,,,3,Older wildfire and mountain-hazard housing-market counties,0.9304068925263222,0.8904264965426445,0,"Transfer-reliant, temperature-variable severe-storm counties"
48419,Shelby County,TX,Texas,,,6,Lower-wage tornado and storm-injury counties,0.9996373802492695,0.999274761491572,7,High-risk inland-flood and storm-injury counties
48421,Sherman County,TX,Texas,,,4,"High-premium, high-tax low-hazard counties",0.9961414122030708,0.9939068340323554,0,"Transfer-reliant, temperature-variable severe-storm counties"
48423,Smith County,TX,Texas,Metro,"Tyler, TX",2,Lower-tax severe-storm casualty counties,0.909605077185279,0.8192371094067478,7,High-risk inland-flood and storm-injury counties
48425,Somervell County,TX,Texas,Metro,"Dallas-Fort Worth-Arlington, TX",0,"Transfer-reliant, temperature-variable severe-storm counties",0.9958188723800028,0.9919570106563319,3,Older wildfire and mountain-hazard housing-market counties
48427,Starr County,TX,Texas,Micro,"Rio Grande City, TX",0,"Transfer-reliant, temperature-variable severe-storm counties",0.9945135376016834,0.9895140098507754,4,"High-premium, high-tax low-hazard counties"
48429,Stephens County,TX,Texas,,,5,Cold-region severe-storm casualty counties,0.9995142297487273,0.9990290696311634,7,High-risk inland-flood and storm-injury counties
48431,Sterling County,TX,Texas,,,3,Older wildfire and mountain-hazard housing-market counties,0.9855706813882589,0.9715569018526421,7,High-risk inland-flood and storm-injury counties
48433,Stonewall County,TX,Texas,,,3,Older wildfire and mountain-hazard housing-market counties,0.9288522013040381,0.8614841807127002,0,"Transfer-reliant, temperature-variable severe-storm counties"
48435,Sutton County,TX,Texas,,,3,Older wildfire and mountain-hazard housing-market counties,0.9412092666174565,0.9133886159646262,4,"High-premium, high-tax low-hazard counties"
48437,Swisher County,TX,Texas,,,4,"High-premium, high-tax low-hazard counties",0.8182358201899032,0.6392353375486702,0,"Transfer-reliant, temperature-variable severe-storm counties"
48439,Tarrant County,TX,Texas,Metro,"Dallas-Fort Worth-Arlington, TX",7,High-risk inland-flood and storm-injury counties,0.9999991149954405,0.9999983449081689,2,Lower-tax severe-storm casualty counties
48441,Taylor County,TX,Texas,Metro,"Abilene, TX",6,Lower-wage tornado and storm-injury counties,0.6849484667222032,0.3709452464843423,7,High-risk inland-flood and storm-injury counties
48443,Terrell County,TX,Texas,,,7,High-risk inland-flood and storm-injury counties,0.9912540904762129,0.982508427497299,6,Lower-wage tornado and storm-injury counties
48445,Terry County,TX,Texas,,,0,"Transfer-reliant, temperature-variable severe-storm counties",0.7889878631071209,0.5808835477300601,4,"High-premium, high-tax low-hazard counties"
48447,Throckmorton County,TX,Texas,,,3,Older wildfire and mountain-hazard housing-market counties,0.5302178583438467,0.1227532357432351,0,"Transfer-reliant, temperature-variable severe-storm counties"
48449,Titus County,TX,Texas,Micro,"Mount Pleasant, TX",0,"Transfer-reliant, temperature-variable severe-storm counties",0.9747515624665462,0.9499456983123884,4,"High-premium, high-tax low-hazard counties"
48451,Tom Green County,TX,Texas,Metro,"San Angelo, TX",2,Lower-tax severe-storm casualty counties,0.902622910150502,0.8052458714962989,7,High-risk inland-flood and storm-injury counties
48453,Travis County,TX,Texas,Metro,"Austin-Round Rock, TX",7,High-risk inland-flood and storm-injury counties,0.9997761482483825,0.9996402161251576,1,High-tax northern housing-market storm-risk counties
48455,Trinity County,TX,Texas,Micro,"Huntsville, TX",2,Lower-tax severe-storm casualty counties,0.9992621581719257,0.998524408513996,7,High-risk inland-flood and storm-injury counties
48457,Tyler County,TX,Texas,,,2,Lower-tax severe-storm casualty counties,0.99913432694029,0.9982688904820564,7,High-risk inland-flood and storm-injury counties
48459,Upshur County,TX,Texas,Metro,"Longview, TX",2,Lower-tax severe-storm casualty counties,0.9967281102134756,0.9934568063461294,7,High-risk inland-flood and storm-injury counties
48461,Upton County,TX,Texas,,,0,"Transfer-reliant, temperature-variable severe-storm counties",0.877535760159609,0.7609525496283086,3,Older wildfire and mountain-hazard housing-market counties
48463,Uvalde County,TX,Texas,Micro,"Uvalde, TX",2,Lower-tax severe-storm casualty counties,0.9926867243314373,0.9853734506822561,7,High-risk inland-flood and storm-injury counties
48465,Val Verde County,TX,Texas,Micro,"Del Rio, TX",0,"Transfer-reliant, temperature-variable severe-storm counties",0.9971389423181063,0.9947302928954322,4,"High-premium, high-tax low-hazard counties"
48467,Van Zandt County,TX,Texas,,,2,Lower-tax severe-storm casualty counties,0.9963839277516564,0.9927678607330499,7,High-risk inland-flood and storm-injury counties
48469,Victoria County,TX,Texas,Metro,"Victoria, TX",2,Lower-tax severe-storm casualty counties,0.8465669238635122,0.6941143621613904,7,High-risk inland-flood and storm-injury counties
48471,Walker County,TX,Texas,Micro,"Huntsville, TX",5,Cold-region severe-storm casualty counties,0.9974162209976196,0.9948334873617652,7,High-risk inland-flood and storm-injury counties
48473,Waller County,TX,Texas,Metro,"Houston-The Woodlands-Sugar Land, TX",5,Cold-region severe-storm casualty counties,0.9886928208881187,0.9773857903560339,7,High-risk inland-flood and storm-injury counties
48475,Ward County,TX,Texas,,,0,"Transfer-reliant, temperature-variable severe-storm counties",0.933925276059948,0.8687106090043268,3,Older wildfire and mountain-hazard housing-market counties
48477,Washington County,TX,Texas,Micro,"Brenham, TX",5,Cold-region severe-storm casualty counties,0.9982074315380551,0.9964151095907912,7,High-risk inland-flood and storm-injury counties
48479,Webb County,TX,Texas,Metro,"Laredo, TX",5,Cold-region severe-storm casualty counties,0.9832477632064578,0.9680394076812023,7,High-risk inland-flood and storm-injury counties
48481,Wharton County,TX,Texas,Micro,"El Campo, TX",0,"Transfer-reliant, temperature-variable severe-storm counties",0.9988471725876334,0.9982895680205341,4,"High-premium, high-tax low-hazard counties"
48483,Wheeler County,TX,Texas,,,6,Lower-wage tornado and storm-injury counties,0.9933361210633951,0.9866724570704288,7,High-risk inland-flood and storm-injury counties
48485,Wichita County,TX,Texas,Metro,"Wichita Falls, TX",0,"Transfer-reliant, temperature-variable severe-storm counties",0.9970042586169303,0.9944851532401269,7,High-risk inland-flood and storm-injury counties
48487,Wilbarger County,TX,Texas,Micro,"Vernon, TX",0,"Transfer-reliant, temperature-variable severe-storm counties",0.9956904706010878,0.9915098170126427,4,"High-premium, high-tax low-hazard counties"
48489,Willacy County,TX,Texas,Micro,"Raymondville, TX",2,Lower-tax severe-storm casualty counties,0.6806995083132557,0.3614056272114575,7,High-risk inland-flood and storm-injury counties
48491,Williamson County,TX,Texas,Metro,"Austin-Round Rock, TX",2,Lower-tax severe-storm casualty counties,0.9634131736742902,0.9268711310904663,7,High-risk inland-flood and storm-injury counties
48493,Wilson County,TX,Texas,Metro,"San Antonio-New Braunfels, TX",0,"Transfer-reliant, temperature-variable severe-storm counties",0.9941468229329794,0.9907304638155912,7,High-risk inland-flood and storm-injury counties
48495,Winkler County,TX,Texas,,,3,Older wildfire and mountain-hazard housing-market counties,0.7831123312177933,0.5667864109632137,7,High-risk inland-flood and storm-injury counties
48497,Wise County,TX,Texas,Metro,"Dallas-Fort Worth-Arlington, TX",6,Lower-wage tornado and storm-injury counties,0.9575896500232424,0.9151817958100861,7,High-risk inland-flood and storm-injury counties
48499,Wood County,TX,Texas,,,6,Lower-wage tornado and storm-injury counties,0.9977397852708142,0.9954839664968966,7,High-risk inland-flood and storm-injury counties
48501,Yoakum County,TX,Texas,,,0,"Transfer-reliant, temperature-variable severe-storm counties",0.6867089555830366,0.4091818632307761,4,"High-premium, high-tax low-hazard counties"
48503,Young County,TX,Texas,,,6,Lower-wage tornado and storm-injury counties,0.9996328906506892,0.9992657902293577,7,High-risk inland-flood and storm-injury counties
48505,Zapata County,TX,Texas,Micro,"Zapata, TX",0,"Transfer-reliant, temperature-variable severe-storm counties",0.9689325211140964,0.9467025553752857,3,Older wildfire and mountain-hazard housing-market counties
48507,Zavala County,TX,Texas,,,0,"Transfer-reliant, temperature-variable severe-storm counties",0.8069076582753251,0.615255899571797,3,Older wildfire and mountain-hazard housing-market counties
49001,Beaver County,UT,Utah,,,7,High-risk inland-flood and storm-injury counties,0.999998006021704,0.9999963016721589,6,Lower-wage tornado and storm-injury counties
49003,Box Elder County,UT,Utah,Metro,"Ogden-Clearfield, UT",7,High-risk inland-flood and storm-injury counties,0.9999290439187397,0.9998581580425386,2,Lower-tax severe-storm casualty counties
49005,Cache County,UT,Utah,Metro,"Logan, UT-ID",3,Older wildfire and mountain-hazard housing-market counties,0.9065539186408365,0.8135045617885523,7,High-risk inland-flood and storm-injury counties
49007,Carbon County,UT,Utah,Micro,"Price, UT",3,Older wildfire and mountain-hazard housing-market counties,0.9969138432031204,0.9938279050870884,7,High-risk inland-flood and storm-injury counties
49009,Daggett County,UT,Utah,,,7,High-risk inland-flood and storm-injury counties,0.9999998571197568,0.999999755552599,1,High-tax northern housing-market storm-risk counties
49011,Davis County,UT,Utah,Metro,"Ogden-Clearfield, UT",7,High-risk inland-flood and storm-injury counties,0.9999998285086353,0.9999996575910021,2,Lower-tax severe-storm casualty counties
49013,Duchesne County,UT,Utah,,,3,Older wildfire and mountain-hazard housing-market counties,0.99550123214905,0.9910025324366265,7,High-risk inland-flood and storm-injury counties
49015,Emery County,UT,Utah,,,7,High-risk inland-flood and storm-injury counties,0.9999806780602087,0.9999674080059533,3,Older wildfire and mountain-hazard housing-market counties
49017,Garfield County,UT,Utah,,,7,High-risk inland-flood and storm-injury counties,0.9966170873675243,0.9932341756834324,5,Cold-region severe-storm casualty counties
49019,Grand County,UT,Utah,,,7,High-risk inland-flood and storm-injury counties,0.9999967824797941,0.9999947249244079,2,Lower-tax severe-storm casualty counties
49021,Iron County,UT,Utah,Micro,"Cedar City, UT",7,High-risk inland-flood and storm-injury counties,0.9999876365040548,0.9999752844548535,6,Lower-wage tornado and storm-injury counties
49023,Juab County,UT,Utah,Metro,"Provo-Orem, UT",3,Older wildfire and mountain-hazard housing-market counties,0.9931649317838984,0.986329877653643,7,High-risk inland-flood and storm-injury counties
49025,Kane County,UT,Utah,,,7,High-risk inland-flood and storm-injury counties,0.9999993369956139,0.999998911239282,3,Older wildfire and mountain-hazard housing-market counties
49027,Millard County,UT,Utah,,,3,Older wildfire and mountain-hazard housing-market counties,0.9913831428290875,0.9827662857340695,7,High-risk inland-flood and storm-injury counties
49029,Morgan County,UT,Utah,Metro,"Ogden-Clearfield, UT",3,Older wildfire and mountain-hazard housing-market counties,0.9882370220842144,0.9764740917578746,7,High-risk inland-flood and storm-injury counties
49031,Piute County,UT,Utah,,,3,Older wildfire and mountain-hazard housing-market counties,0.6161518595560913,0.23231934219348088,7,High-risk inland-flood and storm-injury counties
49033,Rich County,UT,Utah,,,3,Older wildfire and mountain-hazard housing-market counties,0.9941819939836276,0.9883712888036579,7,High-risk inland-flood and storm-injury counties
49035,Salt Lake County,UT,Utah,Metro,"Salt Lake City, UT",7,High-risk inland-flood and storm-injury counties,0.999999999673733,0.9999999993479808,6,Lower-wage tornado and storm-injury counties
49037,San Juan County,UT,Utah,,,3,Older wildfire and mountain-hazard housing-market counties,0.9801459158447614,0.9602918317405478,7,High-risk inland-flood and storm-injury counties
49039,Sanpete County,UT,Utah,,,3,Older wildfire and mountain-hazard housing-market counties,0.9591236855188946,0.9182473715870823,7,High-risk inland-flood and storm-injury counties
49041,Sevier County,UT,Utah,,,3,Older wildfire and mountain-hazard housing-market counties,0.99604890887003,0.9920979702323319,7,High-risk inland-flood and storm-injury counties
49043,Summit County,UT,Utah,Micro,"Summit Park, UT",7,High-risk inland-flood and storm-injury counties,0.9999999866041804,0.9999999732087698,3,Older wildfire and mountain-hazard housing-market counties
49045,Tooele County,UT,Utah,Metro,"Salt Lake City, UT",7,High-risk inland-flood and storm-injury counties,0.9983474340253634,0.9966949876363347,5,Cold-region severe-storm casualty counties
49047,Uintah County,UT,Utah,Micro,"Vernal, UT",3,Older wildfire and mountain-hazard housing-market counties,0.9508530522514475,0.9171824137884691,7,High-risk inland-flood and storm-injury counties
49049,Utah County,UT,Utah,Metro,"Provo-Orem, UT",7,High-risk inland-flood and storm-injury counties,0.9999999997798952,0.9999999995606539,2,Lower-tax severe-storm casualty counties
49051,Wasatch County,UT,Utah,Micro,"Heber, UT",3,Older wildfire and mountain-hazard housing-market counties,0.9000948874185837,0.8001897754076622,7,High-risk inland-flood and storm-injury counties
49053,Washington County,UT,Utah,Metro,"St. George, UT",7,High-risk inland-flood and storm-injury counties,0.9999999996206839,0.9999999992413827,2,Lower-tax severe-storm casualty counties
49055,Wayne County,UT,Utah,,,3,Older wildfire and mountain-hazard housing-market counties,0.99703755118757,0.9940751178950532,7,High-risk inland-flood and storm-injury counties
49057,Weber County,UT,Utah,Metro,"Ogden-Clearfield, UT",7,High-risk inland-flood and storm-injury counties,0.9962548249787675,0.9925102862242243,2,Lower-tax severe-storm casualty counties
50001,Addison County,VT,Vermont,,,1,High-tax northern housing-market storm-risk counties,0.8296827801970851,0.6877265661470129,6,Lower-wage tornado and storm-injury counties
50003,Bennington County,VT,Vermont,Micro,"Bennington, VT",1,High-tax northern housing-market storm-risk counties,0.7824281721981476,0.6364054140503256,3,Older wildfire and mountain-hazard housing-market counties
50005,Caledonia County,VT,Vermont,,,5,Cold-region severe-storm casualty counties,0.9724389202307735,0.9507210084496823,1,High-tax northern housing-market storm-risk counties
50007,Chittenden County,VT,Vermont,Metro,"Burlington-South Burlington, VT",5,Cold-region severe-storm casualty counties,0.7649566400701197,0.6397958987957006,1,High-tax northern housing-market storm-risk counties
50009,Essex County,VT,Vermont,Micro,"Berlin, NH-VT",3,Older wildfire and mountain-hazard housing-market counties,0.9879538085243637,0.9789423001059762,1,High-tax northern housing-market storm-risk counties
50011,Franklin County,VT,Vermont,Metro,"Burlington-South Burlington, VT",1,High-tax northern housing-market storm-risk counties,0.6863618290341459,0.4603930182530176,3,Older wildfire and mountain-hazard housing-market counties
50013,Grand Isle County,VT,Vermont,Metro,"Burlington-South Burlington, VT",3,Older wildfire and mountain-hazard housing-market counties,0.9508834131829504,0.9057539205942065,7,High-risk inland-flood and storm-injury counties
50015,Lamoille County,VT,Vermont,,,3,Older wildfire and mountain-hazard housing-market counties,0.9290369462829942,0.878481793961177,1,High-tax northern housing-market storm-risk counties
50017,Orange County,VT,Vermont,Micro,"Claremont-Lebanon, NH-VT",3,Older wildfire and mountain-hazard housing-market counties,0.832057968213352,0.6824880094095329,1,High-tax northern housing-market storm-risk counties
50019,Orleans County,VT,Vermont,,,1,High-tax northern housing-market storm-risk counties,0.6532649866226766,0.3162959149796042,3,Older wildfire and mountain-hazard housing-market counties
50021,Rutland County,VT,Vermont,Micro,"Rutland, VT",1,High-tax northern housing-market storm-risk counties,0.6170865390615207,0.307021309447583,2,Lower-tax severe-storm casualty counties
50023,Washington County,VT,Vermont,Micro,"Barre, VT",5,Cold-region severe-storm casualty counties,0.8975099093255323,0.8160560653046803,1,High-tax northern housing-market storm-risk counties
50025,Windham County,VT,Vermont,,,6,Lower-wage tornado and storm-injury counties,0.4874783766249435,0.003457278253612084,1,High-tax northern housing-market storm-risk counties
50027,Windsor County,VT,Vermont,Micro,"Claremont-Lebanon, NH-VT",5,Cold-region severe-storm casualty counties,0.8765615416525261,0.7710646636264993,1,High-tax northern housing-market storm-risk counties
51001,Accomack County,VA,Virginia,,,7,High-risk inland-flood and storm-injury counties,0.9996830086073797,0.9993739676209058,5,Cold-region severe-storm casualty counties
51003,Albemarle County,VA,Virginia,Metro,"Charlottesville, VA",2,Lower-tax severe-storm casualty counties,0.9159273705500408,0.8323076890615234,7,High-risk inland-flood and storm-injury counties
51005,Alleghany County,VA,Virginia,,,1,High-tax northern housing-market storm-risk counties,0.992821947321969,0.9860864780729625,7,High-risk inland-flood and storm-injury counties
51007,Amelia County,VA,Virginia,Metro,"Richmond, VA",0,"Transfer-reliant, temperature-variable severe-storm counties",0.9988219267003845,0.9981557000342628,4,"High-premium, high-tax low-hazard counties"
51009,Amherst County,VA,Virginia,Metro,"Lynchburg, VA",7,High-risk inland-flood and storm-injury counties,0.7907851615423761,0.6499783820198805,1,High-tax northern housing-market storm-risk counties
51011,Appomattox County,VA,Virginia,Metro,"Lynchburg, VA",1,High-tax northern housing-market storm-risk counties,0.9428709079906149,0.8904121512641056,7,High-risk inland-flood and storm-injury counties
51013,Arlington County,VA,Virginia,Metro,"Washington-Arlington-Alexandria, DC-VA-MD-WV",7,High-risk inland-flood and storm-injury counties,0.9896284862327555,0.9801219931196722,6,Lower-wage tornado and storm-injury counties
51015,Augusta County,VA,Virginia,Metro,"Staunton-Waynesboro, VA",2,Lower-tax severe-storm casualty counties,0.6303687468526556,0.3268880836363867,7,High-risk inland-flood and storm-injury counties
51017,Bath County,VA,Virginia,,,7,High-risk inland-flood and storm-injury counties,0.991675887198001,0.9836098049719807,1,High-tax northern housing-market storm-risk counties
51019,Bedford County,VA,Virginia,Metro,"Lynchburg, VA",7,High-risk inland-flood and storm-injury counties,0.7503635653320571,0.5163318274325646,2,Lower-tax severe-storm casualty counties
51021,Bland County,VA,Virginia,,,1,High-tax northern housing-market storm-risk counties,0.6068787402425944,0.2866400245451864,7,High-risk inland-flood and storm-injury counties
51023,Botetourt County,VA,Virginia,Metro,"Roanoke, VA",1,High-tax northern housing-market storm-risk counties,0.8626821488498794,0.7748069734548384,0,"Transfer-reliant, temperature-variable severe-storm counties"
51025,Brunswick County,VA,Virginia,,,0,"Transfer-reliant, temperature-variable severe-storm counties",0.9638003411110037,0.9364240465782876,4,"High-premium, high-tax low-hazard counties"
51027,Buchanan County,VA,Virginia,,,2,Lower-tax severe-storm casualty counties,0.6728876989007405,0.3746741135339282,7,High-risk inland-flood and storm-injury counties
51029,Buckingham County,VA,Virginia,Metro,"Charlottesville, VA",6,Lower-wage tornado and storm-injury counties,0.8671527494107811,0.7564429387901788,1,High-tax northern housing-market storm-risk counties
51031,Campbell County,VA,Virginia,Metro,"Lynchburg, VA",6,Lower-wage tornado and storm-injury counties,0.9934066567939526,0.9892016762673538,7,High-risk inland-flood and storm-injury counties
51033,Caroline County,VA,Virginia,Metro,"Richmond, VA",0,"Transfer-reliant, temperature-variable severe-storm counties",0.7770684028195716,0.5637407479318884,7,High-risk inland-flood and storm-injury counties
51035,Carroll County,VA,Virginia,,,1,High-tax northern housing-market storm-risk counties,0.9977948865628341,0.9958841818414776,7,High-risk inland-flood and storm-injury counties
51036,Charles City County,VA,Virginia,Metro,"Richmond, VA",7,High-risk inland-flood and storm-injury counties,0.7828964818881545,0.5939839554037543,3,Older wildfire and mountain-hazard housing-market counties
51037,Charlotte County,VA,Virginia,,,2,Lower-tax severe-storm casualty counties,0.9978961935131713,0.9957936719625332,7,High-risk inland-flood and storm-injury counties
51041,Chesterfield County,VA,Virginia,Metro,"Richmond, VA",7,High-risk inland-flood and storm-injury counties,0.9281994155769169,0.8569231080713512,2,Lower-tax severe-storm casualty counties
51043,Clarke County,VA,Virginia,Metro,"Washington-Arlington-Alexandria, DC-VA-MD-WV",6,Lower-wage tornado and storm-injury counties,0.9806922742827219,0.9637247755647532,7,High-risk inland-flood and storm-injury counties
51045,Craig County,VA,Virginia,Metro,"Roanoke, VA",3,Older wildfire and mountain-hazard housing-market counties,0.96121168113158,0.925867107014408,1,High-tax northern housing-market storm-risk counties
51047,Culpeper County,VA,Virginia,Metro,"Washington-Arlington-Alexandria, DC-VA-MD-WV",6,Lower-wage tornado and storm-injury counties,0.9981864971829816,0.9963761532055926,7,High-risk inland-flood and storm-injury counties
51049,Cumberland County,VA,Virginia,,,0,"Transfer-reliant, temperature-variable severe-storm counties",0.9986484635050034,0.9978000868355421,3,Older wildfire and mountain-hazard housing-market counties
51051,Dickenson County,VA,Virginia,Micro,"Big Stone Gap, VA",5,Cold-region severe-storm casualty counties,0.7622773687600573,0.5920427294846351,1,High-tax northern housing-market storm-risk counties
51053,Dinwiddie County,VA,Virginia,Metro,"Richmond, VA",0,"Transfer-reliant, temperature-variable severe-storm counties",0.9916417166300264,0.9843314294595928,7,High-risk inland-flood and storm-injury counties
51057,Essex County,VA,Virginia,,,7,High-risk inland-flood and storm-injury counties,0.798917714900271,0.5984571085058779,6,Lower-wage tornado and storm-injury counties
51059,Fairfax County,VA,Virginia,Metro,"Washington-Arlington-Alexandria, DC-VA-MD-WV",7,High-risk inland-flood and storm-injury counties,0.9983028481715318,0.9969276868289751,1,High-tax northern housing-market storm-risk counties
51061,Fauquier County,VA,Virginia,Metro,"Washington-Arlington-Alexandria, DC-VA-MD-WV",0,"Transfer-reliant, temperature-variable severe-storm counties",0.8888952078820175,0.790395516916676,7,High-risk inland-flood and storm-injury counties
51063,Floyd County,VA,Virginia,Metro,"Blacksburg-Christiansburg-Radford, VA",3,Older wildfire and mountain-hazard housing-market counties,0.9416826700373895,0.8967429616530621,1,High-tax northern housing-market storm-risk counties
51065,Fluvanna County,VA,Virginia,Metro,"Charlottesville, VA",0,"Transfer-reliant, temperature-variable severe-storm counties",0.9931190946045382,0.9897289803386923,4,"High-premium, high-tax low-hazard counties"
51067,Franklin County,VA,Virginia,Metro,"Roanoke, VA",6,Lower-wage tornado and storm-injury counties,0.6225073009693691,0.286329453076447,1,High-tax northern housing-market storm-risk counties
51069,Frederick County,VA,Virginia,Metro,"Winchester, VA-WV",0,"Transfer-reliant, temperature-variable severe-storm counties",0.6093623825655222,0.37916369805379774,1,High-tax northern housing-market storm-risk counties
51071,Giles County,VA,Virginia,Metro,"Blacksburg-Christiansburg-Radford, VA",1,High-tax northern housing-market storm-risk counties,0.8972136362829692,0.8177441179097771,7,High-risk inland-flood and storm-injury counties
51073,Gloucester County,VA,Virginia,Metro,"Virginia Beach-Norfolk-Newport News, VA-NC",7,High-risk inland-flood and storm-injury counties,0.8951276678626732,0.799778860774147,0,"Transfer-reliant, temperature-variable severe-storm counties"
51075,Goochland County,VA,Virginia,Metro,"Richmond, VA",6,Lower-wage tornado and storm-injury counties,0.9874366887341879,0.9749504322515076,7,High-risk inland-flood and storm-injury counties
51077,Grayson County,VA,Virginia,,,5,Cold-region severe-storm casualty counties,0.8202774017800687,0.6688238375915168,1,High-tax northern housing-market storm-risk counties
51079,Greene County,VA,Virginia,Metro,"Charlottesville, VA",0,"Transfer-reliant, temperature-variable severe-storm counties",0.8686549152684615,0.7612876159011945,3,Older wildfire and mountain-hazard housing-market counties
51081,Greensville County,VA,Virginia,,,3,Older wildfire and mountain-hazard housing-market counties,0.9442192278002145,0.8997696535451977,0,"Transfer-reliant, temperature-variable severe-storm counties"
51083,Halifax County,VA,Virginia,,,6,Lower-wage tornado and storm-injury counties,0.9830481318034241,0.966139838684845,7,High-risk inland-flood and storm-injury counties
51085,Hanover County,VA,Virginia,Metro,"Richmond, VA",7,High-risk inland-flood and storm-injury counties,0.7273443721478081,0.45469859385520883,1,High-tax northern housing-market storm-risk counties
51087,Henrico County,VA,Virginia,Metro,"Richmond, VA",7,High-risk inland-flood and storm-injury counties,0.9216643570116007,0.8449838728217891,2,Lower-tax severe-storm casualty counties
51089,Henry County,VA,Virginia,Micro,"Martinsville, VA",1,High-tax northern housing-market storm-risk counties,0.8255485634450693,0.7351090541839936,7,High-risk inland-flood and storm-injury counties
51091,Highland County,VA,Virginia,,,3,Older wildfire and mountain-hazard housing-market counties,0.7775180342878009,0.5702612088538423,1,High-tax northern housing-market storm-risk counties
51093,Isle of Wight County,VA,Virginia,Metro,"Virginia Beach-Norfolk-Newport News, VA-NC",6,Lower-wage tornado and storm-injury counties,0.5254848901643029,0.052608524052450756,7,High-risk inland-flood and storm-injury counties
51095,James City County,VA,Virginia,Metro,"Virginia Beach-Norfolk-Newport News, VA-NC",7,High-risk inland-flood and storm-injury counties,0.978025731920624,0.9648492554602431,1,High-tax northern housing-market storm-risk counties
51097,King and Queen County,VA,Virginia,,,7,High-risk inland-flood and storm-injury counties,0.8355808912531837,0.758202287832914,4,"High-premium, high-tax low-hazard counties"
51099,King George County,VA,Virginia,,,0,"Transfer-reliant, temperature-variable severe-storm counties",0.6091317474930201,0.2236846376791491,7,High-risk inland-flood and storm-injury counties
51101,King William County,VA,Virginia,Metro,"Richmond, VA",7,High-risk inland-flood and storm-injury counties,0.6935548722581331,0.3892774701085653,1,High-tax northern housing-market storm-risk counties
51103,Lancaster County,VA,Virginia,,,7,High-risk inland-flood and storm-injury counties,0.8866878454502624,0.774019605427079,6,Lower-wage tornado and storm-injury counties
51105,Lee County,VA,Virginia,,,3,Older wildfire and mountain-hazard housing-market counties,0.9582229591754668,0.9211353425870109,0,"Transfer-reliant, temperature-variable severe-storm counties"
51107,Loudoun County,VA,Virginia,Metro,"Washington-Arlington-Alexandria, DC-VA-MD-WV",7,High-risk inland-flood and storm-injury counties,0.9650966488526828,0.9303466687352501,1,High-tax northern housing-market storm-risk counties
51109,Louisa County,VA,Virginia,,,2,Lower-tax severe-storm casualty counties,0.9815250202250199,0.9630587360614667,7,High-risk inland-flood and storm-injury counties
51111,Lunenburg County,VA,Virginia,,,5,Cold-region severe-storm casualty counties,0.9998327277542447,0.9996663739663764,7,High-risk inland-flood and storm-injury counties
51113,Madison County,VA,Virginia,,,5,Cold-region severe-storm casualty counties,0.9498913484855281,0.9068287854423158,1,High-tax northern housing-market storm-risk counties
51115,Mathews County,VA,Virginia,Metro,"Virginia Beach-Norfolk-Newport News, VA-NC",7,High-risk inland-flood and storm-injury counties,0.8610663358333683,0.7224068027997205,3,Older wildfire and mountain-hazard housing-market counties
51117,Mecklenburg County,VA,Virginia,,,5,Cold-region severe-storm casualty counties,0.9951563618507896,0.9903495845687436,7,High-risk inland-flood and storm-injury counties
51119,Middlesex County,VA,Virginia,,,7,High-risk inland-flood and storm-injury counties,0.8881846896431792,0.7771857291994706,3,Older wildfire and mountain-hazard housing-market counties
51121,Montgomery County,VA,Virginia,Metro,"Blacksburg-Christiansburg-Radford, VA",6,Lower-wage tornado and storm-injury counties,0.7490463136888525,0.5401987721712198,1,High-tax northern housing-market storm-risk counties
51125,Nelson County,VA,Virginia,Metro,"Charlottesville, VA",5,Cold-region severe-storm casualty counties,0.9946146599035065,0.990996036881713,7,High-risk inland-flood and storm-injury counties
51127,New Kent County,VA,Virginia,Metro,"Richmond, VA",7,High-risk inland-flood and storm-injury counties,0.8738508189932752,0.8143445406123421,0,"Transfer-reliant, temperature-variable severe-storm counties"
51131,Northampton County,VA,Virginia,,,7,High-risk inland-flood and storm-injury counties,0.9948277334222686,0.9896781764554402,6,Lower-wage tornado and storm-injury counties
51133,Northumberland County,VA,Virginia,,,7,High-risk inland-flood and storm-injury counties,0.7063830483854363,0.4203221420463541,3,Older wildfire and mountain-hazard housing-market counties
51135,Nottoway County,VA,Virginia,,,2,Lower-tax severe-storm casualty counties,0.9990465854491295,0.9980991720170606,7,High-risk inland-flood and storm-injury counties
51137,Orange County,VA,Virginia,,,6,Lower-wage tornado and storm-injury counties,0.9990789875494602,0.9981715042205301,7,High-risk inland-flood and storm-injury counties
51139,Page County,VA,Virginia,,,0,"Transfer-reliant, temperature-variable severe-storm counties",0.9429924128222139,0.8993075821326821,3,Older wildfire and mountain-hazard housing-market counties
51141,Patrick County,VA,Virginia,,,1,High-tax northern housing-market storm-risk counties,0.9913230529016177,0.9857784384064573,7,High-risk inland-flood and storm-injury counties
51143,Pittsylvania County,VA,Virginia,Micro,"Danville, VA",2,Lower-tax severe-storm casualty counties,0.8381223528425457,0.6916649898304705,7,High-risk inland-flood and storm-injury counties
51145,Powhatan County,VA,Virginia,Metro,"Richmond, VA",0,"Transfer-reliant, temperature-variable severe-storm counties",0.9985859588234219,0.9974746202709904,4,"High-premium, high-tax low-hazard counties"
51147,Prince Edward County,VA,Virginia,,,0,"Transfer-reliant, temperature-variable severe-storm counties",0.9991657488906641,0.9987271999608904,4,"High-premium, high-tax low-hazard counties"
51149,Prince George County,VA,Virginia,Metro,"Richmond, VA",7,High-risk inland-flood and storm-injury counties,0.9547611174387901,0.9278512069212307,1,High-tax northern housing-market storm-risk counties
51153,Prince William County,VA,Virginia,Metro,"Washington-Arlington-Alexandria, DC-VA-MD-WV",7,High-risk inland-flood and storm-injury counties,0.8913951999886627,0.7832973991564186,2,Lower-tax severe-storm casualty counties
51155,Pulaski County,VA,Virginia,Metro,"Blacksburg-Christiansburg-Radford, VA",6,Lower-wage tornado and storm-injury counties,0.77754435824804,0.5830585512687941,1,High-tax northern housing-market storm-risk counties
51157,Rappahannock County,VA,Virginia,Metro,"Washington-Arlington-Alexandria, DC-VA-MD-WV",3,Older wildfire and mountain-hazard housing-market counties,0.9715997709538111,0.9610541338443219,0,"Transfer-reliant, temperature-variable severe-storm counties"
51159,Richmond County,VA,Virginia,,,7,High-risk inland-flood and storm-injury counties,0.9712957166442829,0.9528643945033831,3,Older wildfire and mountain-hazard housing-market counties
51161,Roanoke County,VA,Virginia,Metro,"Roanoke, VA",1,High-tax northern housing-market storm-risk counties,0.8287391582367559,0.7201419096586884,7,High-risk inland-flood and storm-injury counties
51163,Rockbridge County,VA,Virginia,,,1,High-tax northern housing-market storm-risk counties,0.9574787628106517,0.9333458003767859,7,High-risk inland-flood and storm-injury counties
51165,Rockingham County,VA,Virginia,Metro,"Harrisonburg, VA",0,"Transfer-reliant, temperature-variable severe-storm counties",0.906931892069665,0.8333005963137865,1,High-tax northern housing-market storm-risk counties
51167,Russell County,VA,Virginia,,,3,Older wildfire and mountain-hazard housing-market counties,0.9703411339657398,0.9462574988187897,1,High-tax northern housing-market storm-risk counties
51169,Scott County,VA,Virginia,Metro,"Kingsport-Bristol-Bristol, TN-VA",3,Older wildfire and mountain-hazard housing-market counties,0.9853424236839405,0.9786472493657378,0,"Transfer-reliant, temperature-variable severe-storm counties"
51171,Shenandoah County,VA,Virginia,,,5,Cold-region severe-storm casualty counties,0.990259235259077,0.9835238781222286,7,High-risk inland-flood and storm-injury counties
51173,Smyth County,VA,Virginia,,,3,Older wildfire and mountain-hazard housing-market counties,0.8784633879137009,0.7832440711459296,1,High-tax northern housing-market storm-risk counties
51175,Southampton County,VA,Virginia,,,7,High-risk inland-flood and storm-injury counties,0.9844348601519358,0.9779663216163991,1,High-tax northern housing-market storm-risk counties
51177,Spotsylvania County,VA,Virginia,Metro,"Washington-Arlington-Alexandria, DC-VA-MD-WV",7,High-risk inland-flood and storm-injury counties,0.7322726909444195,0.4784861960140969,0,"Transfer-reliant, temperature-variable severe-storm counties"
51179,Stafford County,VA,Virginia,Metro,"Washington-Arlington-Alexandria, DC-VA-MD-WV",7,High-risk inland-flood and storm-injury counties,0.5623707346675301,0.12485840173985313,2,Lower-tax severe-storm casualty counties
51181,Surry County,VA,Virginia,,,7,High-risk inland-flood and storm-injury counties,0.7509135130970256,0.6337815780056246,0,"Transfer-reliant, temperature-variable severe-storm counties"
51183,Sussex County,VA,Virginia,Metro,"Richmond, VA",2,Lower-tax severe-storm casualty counties,0.9954326371844313,0.9908655236819872,7,High-risk inland-flood and storm-injury counties
51185,Tazewell County,VA,Virginia,Micro,"Bluefield, WV-VA",1,High-tax northern housing-market storm-risk counties,0.7733354727966284,0.5997617588035942,3,Older wildfire and mountain-hazard housing-market counties
51187,Warren County,VA,Virginia,Metro,"Washington-Arlington-Alexandria, DC-VA-MD-WV",0,"Transfer-reliant, temperature-variable severe-storm counties",0.47471174472821454,0.12174331222432783,3,Older wildfire and mountain-hazard housing-market counties
51191,Washington County,VA,Virginia,Metro,"Kingsport-Bristol-Bristol, TN-VA",3,Older wildfire and mountain-hazard housing-market counties,0.902639508049554,0.8408813227651596,0,"Transfer-reliant, temperature-variable severe-storm counties"
51193,Westmoreland County,VA,Virginia,,,7,High-risk inland-flood and storm-injury counties,0.5922663317297332,0.19605335713552957,0,"Transfer-reliant, temperature-variable severe-storm counties"
51195,Wise County,VA,Virginia,Micro,"Big Stone Gap, VA",3,Older wildfire and mountain-hazard housing-market counties,0.9670853094625473,0.9512959392073405,1,High-tax northern housing-market storm-risk counties
51197,Wythe County,VA,Virginia,,,5,Cold-region severe-storm casualty counties,0.9073603238909212,0.8466005419743109,1,High-tax northern housing-market storm-risk counties
51199,York County,VA,Virginia,Metro,"Virginia Beach-Norfolk-Newport News, VA-NC",7,High-risk inland-flood and storm-injury counties,0.9945935617690665,0.9915762028395652,1,High-tax northern housing-market storm-risk counties
51510,Alexandria City,VA,Virginia,Metro,"Washington-Arlington-Alexandria, DC-VA-MD-WV",7,High-risk inland-flood and storm-injury counties,0.9989849467156784,0.9979752264792635,1,High-tax northern housing-market storm-risk counties
51515,Bedford City,VA,Virginia,Metro,"Lynchburg, VA",0,"Transfer-reliant, temperature-variable severe-storm counties",0.999664817104422,0.9995091964078595,4,"High-premium, high-tax low-hazard counties"
51520,Bristol City,VA,Virginia,Metro,"Kingsport-Bristol-Bristol, TN-VA",3,Older wildfire and mountain-hazard housing-market counties,0.9977902319345705,0.9956239609448979,7,High-risk inland-flood and storm-injury counties
51530,Buena Vista City,VA,Virginia,,,3,Older wildfire and mountain-hazard housing-market counties,0.9154929481546388,0.8396804020538545,1,High-tax northern housing-market storm-risk counties
51540,Charlottesville City,VA,Virginia,Metro,"Charlottesville, VA",7,High-risk inland-flood and storm-injury counties,0.6863724585151906,0.37458886196881447,3,Older wildfire and mountain-hazard housing-market counties
51550,Chesapeake City,VA,Virginia,Metro,"Virginia Beach-Norfolk-Newport News, VA-NC",7,High-risk inland-flood and storm-injury counties,0.9334778601555581,0.8672276498333847,2,Lower-tax severe-storm casualty counties
51560,Clifton Forge City,VA,Virginia,,,0,"Transfer-reliant, temperature-variable severe-storm counties",0.9998686547252186,0.9997783761005599,4,"High-premium, high-tax low-hazard counties"
51570,Colonial Heights City,VA,Virginia,Metro,"Richmond, VA",7,High-risk inland-flood and storm-injury counties,0.954287115073751,0.9099979385143843,3,Older wildfire and mountain-hazard housing-market counties
51580,Covington City,VA,Virginia,,,3,Older wildfire and mountain-hazard housing-market counties,0.9417628553849662,0.893929218910471,0,"Transfer-reliant, temperature-variable severe-storm counties"
51590,Danville City,VA,Virginia,Micro,"Danville, VA",5,Cold-region severe-storm casualty counties,0.9990126872320028,0.9984749366407283,1,High-tax northern housing-market storm-risk counties
51595,Emporia City,VA,Virginia,,,3,Older wildfire and mountain-hazard housing-market counties,0.806884166187051,0.614158148212239,7,High-risk inland-flood and storm-injury counties
51600,Fairfax City,VA,Virginia,Metro,"Washington-Arlington-Alexandria, DC-VA-MD-WV",7,High-risk inland-flood and storm-injury counties,0.9446862235379594,0.8893769073829374,3,Older wildfire and mountain-hazard housing-market counties
51610,Falls Church City,VA,Virginia,Metro,"Washington-Arlington-Alexandria, DC-VA-MD-WV",7,High-risk inland-flood and storm-injury counties,0.979938476227045,0.962064081990337,1,High-tax northern housing-market storm-risk counties
51620,Franklin City,VA,Virginia,,,7,High-risk inland-flood and storm-injury counties,0.7499474232855116,0.500047913055113,3,Older wildfire and mountain-hazard housing-market counties
51630,Fredericksburg City,VA,Virginia,Metro,"Washington-Arlington-Alexandria, DC-VA-MD-WV",7,High-risk inland-flood and storm-injury counties,0.9625444106232115,0.9253938103890046,3,Older wildfire and mountain-hazard housing-market counties
51640,Galax City,VA,Virginia,,,3,Older wildfire and mountain-hazard housing-market counties,0.9670492010841154,0.9368295607662005,7,High-risk inland-flood and storm-injury counties
51650,Hampton City,VA,Virginia,Metro,"Virginia Beach-Norfolk-Newport News, VA-NC",7,High-risk inland-flood and storm-injury counties,0.9959628022879794,0.9922040167959735,0,"Transfer-reliant, temperature-variable severe-storm counties"
51660,Harrisonburg City,VA,Virginia,Metro,"Harrisonburg, VA",0,"Transfer-reliant, temperature-variable severe-storm counties",0.7272205144813377,0.5371412576845636,3,Older wildfire and mountain-hazard housing-market counties
51670,Hopewell City,VA,Virginia,Metro,"Richmond, VA",7,High-risk inland-flood and storm-injury counties,0.9208036730841004,0.8690891174862293,3,Older wildfire and mountain-hazard housing-market counties
51678,Lexington City,VA,Virginia,,,3,Older wildfire and mountain-hazard housing-market counties,0.9744396693648922,0.9489056495351026,7,High-risk inland-flood and storm-injury counties
51680,Lynchburg City,VA,Virginia,Metro,"Lynchburg, VA",6,Lower-wage tornado and storm-injury counties,0.9627963398824613,0.9373463088489131,1,High-tax northern housing-market storm-risk counties
51683,Manassas City,VA,Virginia,Metro,"Washington-Arlington-Alexandria, DC-VA-MD-WV",6,Lower-wage tornado and storm-injury counties,0.9702146114403146,0.9424004414307242,7,High-risk inland-flood and storm-injury counties
51685,Manassas Park City,VA,Virginia,Metro,"Washington-Arlington-Alexandria, DC-VA-MD-WV",7,High-risk inland-flood and storm-injury counties,0.7806264394028468,0.5612529632907575,3,Older wildfire and mountain-hazard housing-market counties
51690,Martinsville City,VA,Virginia,Micro,"Martinsville, VA",0,"Transfer-reliant, temperature-variable severe-storm counties",0.956141211955542,0.9326011763542392,7,High-risk inland-flood and storm-injury counties
51700,Newport News City,VA,Virginia,Metro,"Virginia Beach-Norfolk-Newport News, VA-NC",7,High-risk inland-flood and storm-injury counties,0.9478287011978688,0.9073338906809071,1,High-tax northern housing-market storm-risk counties
51710,Norfolk City,VA,Virginia,Metro,"Virginia Beach-Norfolk-Newport News, VA-NC",7,High-risk inland-flood and storm-injury counties,0.8783382026287999,0.7594793912933215,6,Lower-wage tornado and storm-injury counties
51720,Norton City,VA,Virginia,Micro,"Big Stone Gap, VA",3,Older wildfire and mountain-hazard housing-market counties,0.9978552444871862,0.9957804369835425,7,High-risk inland-flood and storm-injury counties
51730,Petersburg City,VA,Virginia,Metro,"Richmond, VA",7,High-risk inland-flood and storm-injury counties,0.9994891633272389,0.9991892594916957,3,Older wildfire and mountain-hazard housing-market counties
51735,Poquoson City,VA,Virginia,Metro,"Virginia Beach-Norfolk-Newport News, VA-NC",7,High-risk inland-flood and storm-injury counties,0.9907013753289723,0.9814033138241954,3,Older wildfire and mountain-hazard housing-market counties
51740,Portsmouth City,VA,Virginia,Metro,"Virginia Beach-Norfolk-Newport News, VA-NC",6,Lower-wage tornado and storm-injury counties,0.7755124890746106,0.5795024367197593,7,High-risk inland-flood and storm-injury counties
51750,Radford City,VA,Virginia,Metro,"Blacksburg-Christiansburg-Radford, VA",3,Older wildfire and mountain-hazard housing-market counties,0.7159605918262507,0.45560969783536776,1,High-tax northern housing-market storm-risk counties
51760,Richmond City,VA,Virginia,Metro,"Richmond, VA",7,High-risk inland-flood and storm-injury counties,0.7243683470784149,0.5732535321478036,6,Lower-wage tornado and storm-injury counties
51770,Roanoke City,VA,Virginia,Metro,"Roanoke, VA",7,High-risk inland-flood and storm-injury counties,0.5117863322213334,0.15636898746046757,2,Lower-tax severe-storm casualty counties
51775,Salem City,VA,Virginia,Metro,"Roanoke, VA",0,"Transfer-reliant, temperature-variable severe-storm counties",0.9183822259890044,0.8604649724452508,3,Older wildfire and mountain-hazard housing-market counties
51780,South Boston City,VA,Virginia,,,0,"Transfer-reliant, temperature-variable severe-storm counties",0.9998686547252186,0.9997783761005599,4,"High-premium, high-tax low-hazard counties"
51790,Staunton City,VA,Virginia,Metro,"Staunton-Waynesboro, VA",1,High-tax northern housing-market storm-risk counties,0.5758287527811226,0.3487813543781725,3,Older wildfire and mountain-hazard housing-market counties
51800,Suffolk City,VA,Virginia,Metro,"Virginia Beach-Norfolk-Newport News, VA-NC",7,High-risk inland-flood and storm-injury counties,0.8372351729981394,0.6758473023937385,6,Lower-wage tornado and storm-injury counties
51810,Virginia Beach City,VA,Virginia,Metro,"Virginia Beach-Norfolk-Newport News, VA-NC",7,High-risk inland-flood and storm-injury counties,0.9970857965960791,0.9947143690120138,6,Lower-wage tornado and storm-injury counties
51820,Waynesboro City,VA,Virginia,Metro,"Staunton-Waynesboro, VA",0,"Transfer-reliant, temperature-variable severe-storm counties",0.6235242156256146,0.3216781023720299,3,Older wildfire and mountain-hazard housing-market counties
51830,Williamsburg City,VA,Virginia,Metro,"Virginia Beach-Norfolk-Newport News, VA-NC",7,High-risk inland-flood and storm-injury counties,0.9702346196907042,0.9404762205211407,1,High-tax northern housing-market storm-risk counties
51840,Winchester City,VA,Virginia,Metro,"Winchester, VA-WV",3,Older wildfire and mountain-hazard housing-market counties,0.5519003305238498,0.14123070649244046,0,"Transfer-reliant, temperature-variable severe-storm counties"
53001,Adams County,WA,Washington,Micro,"Othello, WA",7,High-risk inland-flood and storm-injury counties,0.868965070965671,0.7379303982650928,5,Cold-region severe-storm casualty counties
53003,Asotin County,WA,Washington,Metro,"Lewiston, ID-WA",3,Older wildfire and mountain-hazard housing-market counties,0.9939857358704625,0.9885929401238082,7,High-risk inland-flood and storm-injury counties
53005,Benton County,WA,Washington,Metro,"Kennewick-Richland, WA",7,High-risk inland-flood and storm-injury counties,0.9727767297835823,0.9455569005804267,3,Older wildfire and mountain-hazard housing-market counties
53007,Chelan County,WA,Washington,Metro,"Wenatchee, WA",3,Older wildfire and mountain-hazard housing-market counties,0.5273755277246752,0.05475105544975123,7,High-risk inland-flood and storm-injury counties
53009,Clallam County,WA,Washington,Micro,"Port Angeles, WA",3,Older wildfire and mountain-hazard housing-market counties,0.9336854259249479,0.8674407717211634,7,High-risk inland-flood and storm-injury counties
53011,Clark County,WA,Washington,Metro,"Portland-Vancouver-Hillsboro, OR-WA",7,High-risk inland-flood and storm-injury counties,0.9978813751452114,0.9957735683422786,3,Older wildfire and mountain-hazard housing-market counties
53013,Columbia County,WA,Washington,Metro,"Walla Walla, WA",3,Older wildfire and mountain-hazard housing-market counties,0.9900890873582238,0.9802573439502158,7,High-risk inland-flood and storm-injury counties
53015,Cowlitz County,WA,Washington,Metro,"Longview, WA",7,High-risk inland-flood and storm-injury counties,0.9999999957897074,0.9999999915805027,3,Older wildfire and mountain-hazard housing-market counties
53017,Douglas County,WA,Washington,Metro,"Wenatchee, WA",3,Older wildfire and mountain-hazard housing-market counties,0.6351551766408511,0.27031043539303623,7,High-risk inland-flood and storm-injury counties
53019,Ferry County,WA,Washington,,,3,Older wildfire and mountain-hazard housing-market counties,0.9794211636506369,0.9588423273608222,7,High-risk inland-flood and storm-injury counties
53021,Franklin County,WA,Washington,Metro,"Kennewick-Richland, WA",7,High-risk inland-flood and storm-injury counties,0.999999098337058,0.9999982276942576,2,Lower-tax severe-storm casualty counties
53023,Garfield County,WA,Washington,,,3,Older wildfire and mountain-hazard housing-market counties,0.9805239934929395,0.9610642235143604,7,High-risk inland-flood and storm-injury counties
53025,Grant County,WA,Washington,Micro,"Moses Lake, WA",7,High-risk inland-flood and storm-injury counties,0.8710831822270646,0.7421738552483164,3,Older wildfire and mountain-hazard housing-market counties
53027,Grays Harbor County,WA,Washington,Micro,"Aberdeen, WA",7,High-risk inland-flood and storm-injury counties,0.9999999794664449,0.9999999688405281,3,Older wildfire and mountain-hazard housing-market counties
53029,Island County,WA,Washington,Micro,"Oak Harbor, WA",3,Older wildfire and mountain-hazard housing-market counties,0.5484424804464587,0.09691379938567207,7,High-risk inland-flood and storm-injury counties
53031,Jefferson County,WA,Washington,,,3,Older wildfire and mountain-hazard housing-market counties,0.7383478916256517,0.4766958574423111,7,High-risk inland-flood and storm-injury counties
53033,King County,WA,Washington,Metro,"Seattle-Tacoma-Bellevue, WA",7,High-risk inland-flood and storm-injury counties,1.0,1.0,3,Older wildfire and mountain-hazard housing-market counties
53035,Kitsap County,WA,Washington,Metro,"Bremerton-Silverdale, WA",7,High-risk inland-flood and storm-injury counties,0.9562696698075552,0.9125393651678408,3,Older wildfire and mountain-hazard housing-market counties
53037,Kittitas County,WA,Washington,Micro,"Ellensburg, WA",3,Older wildfire and mountain-hazard housing-market counties,0.8859587123831503,0.7719174247680696,7,High-risk inland-flood and storm-injury counties
53039,Klickitat County,WA,Washington,,,3,Older wildfire and mountain-hazard housing-market counties,0.9815606548953233,0.9631213109773791,7,High-risk inland-flood and storm-injury counties
53041,Lewis County,WA,Washington,Micro,"Centralia, WA",3,Older wildfire and mountain-hazard housing-market counties,0.981144903125384,0.9622898095043915,7,High-risk inland-flood and storm-injury counties
53043,Lincoln County,WA,Washington,,,3,Older wildfire and mountain-hazard housing-market counties,0.9827519233802172,0.9655038499139564,7,High-risk inland-flood and storm-injury counties
53045,Mason County,WA,Washington,Micro,"Shelton, WA",7,High-risk inland-flood and storm-injury counties,0.6517108758753477,0.3034217967859866,3,Older wildfire and mountain-hazard housing-market counties
53047,Okanogan County,WA,Washington,,,7,High-risk inland-flood and storm-injury counties,0.631069516669697,0.2621390333505355,3,Older wildfire and mountain-hazard housing-market counties
53049,Pacific County,WA,Washington,,,3,Older wildfire and mountain-hazard housing-market counties,0.7316541403429374,0.46330882774318916,7,High-risk inland-flood and storm-injury counties
53051,Pend Oreille County,WA,Washington,Metro,"Spokane-Spokane Valley, WA",3,Older wildfire and mountain-hazard housing-market counties,0.9734229645457629,0.9468463513265972,7,High-risk inland-flood and storm-injury counties
53053,Pierce County,WA,Washington,Metro,"Seattle-Tacoma-Bellevue, WA",7,High-risk inland-flood and storm-injury counties,0.9998615730675796,0.9997231461351616,3,Older wildfire and mountain-hazard housing-market counties
53055,San Juan County,WA,Washington,,,7,High-risk inland-flood and storm-injury counties,0.988526483263761,0.9770534308279916,3,Older wildfire and mountain-hazard housing-market counties
53057,Skagit County,WA,Washington,Metro,"Mount Vernon-Anacortes, WA",7,High-risk inland-flood and storm-injury counties,0.9999999977610656,0.9999999955328015,5,Cold-region severe-storm casualty counties
53059,Skamania County,WA,Washington,Metro,"Portland-Vancouver-Hillsboro, OR-WA",7,High-risk inland-flood and storm-injury counties,0.5726548557625917,0.14530971509238028,3,Older wildfire and mountain-hazard housing-market counties
53061,Snohomish County,WA,Washington,Metro,"Seattle-Tacoma-Bellevue, WA",7,High-risk inland-flood and storm-injury counties,0.997328105532712,0.9946562110654995,3,Older wildfire and mountain-hazard housing-market counties
53063,Spokane County,WA,Washington,Metro,"Spokane-Spokane Valley, WA",7,High-risk inland-flood and storm-injury counties,0.9998527274933268,0.9997122760163422,1,High-tax northern housing-market storm-risk counties
53065,Stevens County,WA,Washington,Metro,"Spokane-Spokane Valley, WA",3,Older wildfire and mountain-hazard housing-market counties,0.9358874597995979,0.8717926079881022,7,High-risk inland-flood and storm-injury counties
53067,Thurston County,WA,Washington,Metro,"Olympia-Tumwater, WA",7,High-risk inland-flood and storm-injury counties,0.9744700351992701,0.9489400718059842,3,Older wildfire and mountain-hazard housing-market counties
53069,Wahkiakum County,WA,Washington,,,7,High-risk inland-flood and storm-injury counties,0.8186354143541231,0.637273935204973,3,Older wildfire and mountain-hazard housing-market counties
53071,Walla Walla County,WA,Washington,Metro,"Walla Walla, WA",3,Older wildfire and mountain-hazard housing-market counties,0.9781024955546923,0.957458136341744,7,High-risk inland-flood and storm-injury counties
53073,Whatcom County,WA,Washington,Metro,"Bellingham, WA",7,High-risk inland-flood and storm-injury counties,0.999999978672051,0.999999957344104,3,Older wildfire and mountain-hazard housing-market counties
53075,Whitman County,WA,Washington,Micro,"Pullman, WA",3,Older wildfire and mountain-hazard housing-market counties,0.9649903711106047,0.9304477290666374,7,High-risk inland-flood and storm-injury counties
53077,Yakima County,WA,Washington,Metro,"Yakima, WA",7,High-risk inland-flood and storm-injury counties,0.9999846128827976,0.9999693429290707,6,Lower-wage tornado and storm-injury counties
54001,Barbour County,WV,West Virginia,,,3,Older wildfire and mountain-hazard housing-market counties,0.9514215576740834,0.9322743090458406,0,"Transfer-reliant, temperature-variable severe-storm counties"
54003,Berkeley County,WV,West Virginia,Metro,"Hagerstown-Martinsburg, MD-WV",0,"Transfer-reliant, temperature-variable severe-storm counties",0.6931142100235614,0.47370803697001596,1,High-tax northern housing-market storm-risk counties
54005,Boone County,WV,West Virginia,Metro,"Charleston, WV",3,Older wildfire and mountain-hazard housing-market counties,0.6219985077627456,0.2563850622507055,1,High-tax northern housing-market storm-risk counties
54007,Braxton County,WV,West Virginia,,,3,Older wildfire and mountain-hazard housing-market counties,0.9843496702103675,0.9723248170072535,1,High-tax northern housing-market storm-risk counties
54009,Brooke County,WV,West Virginia,Metro,"Weirton-Steubenville, WV-OH",6,Lower-wage tornado and storm-injury counties,0.6782046360999309,0.37430177923807423,1,High-tax northern housing-market storm-risk counties
54011,Cabell County,WV,West Virginia,Metro,"Huntington-Ashland, WV-KY-OH",5,Cold-region severe-storm casualty counties,0.9965821126623124,0.9943995017617162,1,High-tax northern housing-market storm-risk counties
54013,Calhoun County,WV,West Virginia,,,3,Older wildfire and mountain-hazard housing-market counties,0.9949195137526409,0.9918256859851092,7,High-risk inland-flood and storm-injury counties
54015,Clay County,WV,West Virginia,Metro,"Charleston, WV",3,Older wildfire and mountain-hazard housing-market counties,0.928016679208306,0.8638101649141138,1,High-tax northern housing-market storm-risk counties
54017,Doddridge County,WV,West Virginia,Micro,"Clarksburg, WV",3,Older wildfire and mountain-hazard housing-market counties,0.9913269636561116,0.986069042956956,1,High-tax northern housing-market storm-risk counties
54019,Fayette County,WV,West Virginia,Metro,"Beckley, WV",2,Lower-tax severe-storm casualty counties,0.790836166984976,0.6758524525336315,1,High-tax northern housing-market storm-risk counties
54021,Gilmer County,WV,West Virginia,,,3,Older wildfire and mountain-hazard housing-market counties,0.9289156042478418,0.8611772594267969,1,High-tax northern housing-market storm-risk counties
54023,Grant County,WV,West Virginia,,,1,High-tax northern housing-market storm-risk counties,0.6451914634371183,0.4618694012107273,7,High-risk inland-flood and storm-injury counties
54025,Greenbrier County,WV,West Virginia,,,7,High-risk inland-flood and storm-injury counties,0.5125795926094169,0.18109962489595272,5,Cold-region severe-storm casualty counties
54027,Hampshire County,WV,West Virginia,Metro,"Winchester, VA-WV",1,High-tax northern housing-market storm-risk counties,0.6873697226890447,0.426909709448552,3,Older wildfire and mountain-hazard housing-market counties
54029,Hancock County,WV,West Virginia,Metro,"Weirton-Steubenville, WV-OH",1,High-tax northern housing-market storm-risk counties,0.9917370658127431,0.9860740453490092,7,High-risk inland-flood and storm-injury counties
54031,Hardy County,WV,West Virginia,,,3,Older wildfire and mountain-hazard housing-market counties,0.9778170073308544,0.9626292066498144,1,High-tax northern housing-market storm-risk counties
54033,Harrison County,WV,West Virginia,Micro,"Clarksburg, WV",6,Lower-wage tornado and storm-injury counties,0.6414670671941739,0.2908512466665724,1,High-tax northern housing-market storm-risk counties
54035,Jackson County,WV,West Virginia,,,1,High-tax northern housing-market storm-risk counties,0.530146358581609,0.2860992185677602,2,Lower-tax severe-storm casualty counties
54037,Jefferson County,WV,West Virginia,Metro,"Washington-Arlington-Alexandria, DC-VA-MD-WV",1,High-tax northern housing-market storm-risk counties,0.8127165511153607,0.6478411685264397,7,High-risk inland-flood and storm-injury counties
54039,Kanawha County,WV,West Virginia,Metro,"Charleston, WV",1,High-tax northern housing-market storm-risk counties,0.685888736970207,0.4109496173144606,7,High-risk inland-flood and storm-injury counties
54041,Lewis County,WV,West Virginia,,,3,Older wildfire and mountain-hazard housing-market counties,0.8628405286731484,0.7457593492432796,1,High-tax northern housing-market storm-risk counties
54043,Lincoln County,WV,West Virginia,Metro,"Huntington-Ashland, WV-KY-OH",5,Cold-region severe-storm casualty counties,0.868366544612895,0.8020007114655775,7,High-risk inland-flood and storm-injury counties
54045,Logan County,WV,West Virginia,Micro,"Logan, WV",3,Older wildfire and mountain-hazard housing-market counties,0.6484090297463273,0.32688138653420223,1,High-tax northern housing-market storm-risk counties
54047,McDowell County,WV,West Virginia,,,5,Cold-region severe-storm casualty counties,0.9859447635026332,0.9736913852400748,7,High-risk inland-flood and storm-injury counties
54049,Marion County,WV,West Virginia,Micro,"Fairmont, WV",1,High-tax northern housing-market storm-risk counties,0.7397926067528476,0.5177543175011798,0,"Transfer-reliant, temperature-variable severe-storm counties"
54051,Marshall County,WV,West Virginia,Metro,"Wheeling, WV-OH",1,High-tax northern housing-market storm-risk counties,0.9579368326651018,0.9435398862111583,7,High-risk inland-flood and storm-injury counties
54053,Mason County,WV,West Virginia,Micro,"Point Pleasant, WV-OH",5,Cold-region severe-storm casualty counties,0.9908931901777228,0.9849772611242257,7,High-risk inland-flood and storm-injury counties
54055,Mercer County,WV,West Virginia,Micro,"Bluefield, WV-VA",1,High-tax northern housing-market storm-risk counties,0.9743747793848415,0.9561751749990662,7,High-risk inland-flood and storm-injury counties
54057,Mineral County,WV,West Virginia,Metro,"Cumberland, MD-WV",3,Older wildfire and mountain-hazard housing-market counties,0.6810752904086248,0.3914925685072206,1,High-tax northern housing-market storm-risk counties
54059,Mingo County,WV,West Virginia,,,3,Older wildfire and mountain-hazard housing-market counties,0.9153552371891703,0.8794157015908507,7,High-risk inland-flood and storm-injury counties
54061,Monongalia County,WV,West Virginia,Metro,"Morgantown, WV",1,High-tax northern housing-market storm-risk counties,0.9917215916009559,0.983451731569953,7,High-risk inland-flood and storm-injury counties
54063,Monroe County,WV,West Virginia,,,3,Older wildfire and mountain-hazard housing-market counties,0.9140860098702254,0.8391434889910598,1,High-tax northern housing-market storm-risk counties
54065,Morgan County,WV,West Virginia,,,3,Older wildfire and mountain-hazard housing-market counties,0.876860714115467,0.7693746682957788,1,High-tax northern housing-market storm-risk counties
54067,Nicholas County,WV,West Virginia,,,3,Older wildfire and mountain-hazard housing-market counties,0.49253721024147934,0.00992941512339618,1,High-tax northern housing-market storm-risk counties
54069,Ohio County,WV,West Virginia,Metro,"Wheeling, WV-OH",5,Cold-region severe-storm casualty counties,0.9788816900900408,0.9592733352307815,1,High-tax northern housing-market storm-risk counties
54071,Pendleton County,WV,West Virginia,,,1,High-tax northern housing-market storm-risk counties,0.7780454250451824,0.5672201154187446,7,High-risk inland-flood and storm-injury counties
54073,Pleasants County,WV,West Virginia,,,1,High-tax northern housing-market storm-risk counties,0.6103972881004108,0.26364006959850317,3,Older wildfire and mountain-hazard housing-market counties
54075,Pocahontas County,WV,West Virginia,,,3,Older wildfire and mountain-hazard housing-market counties,0.9918494702755645,0.9877453247766039,7,High-risk inland-flood and storm-injury counties
54077,Preston County,WV,West Virginia,Metro,"Morgantown, WV",2,Lower-tax severe-storm casualty counties,0.9776400059702811,0.9557396073565136,7,High-risk inland-flood and storm-injury counties
54079,Putnam County,WV,West Virginia,Metro,"Huntington-Ashland, WV-KY-OH",0,"Transfer-reliant, temperature-variable severe-storm counties",0.9954396965768493,0.9930652692387613,1,High-tax northern housing-market storm-risk counties
54081,Raleigh County,WV,West Virginia,Metro,"Beckley, WV",1,High-tax northern housing-market storm-risk counties,0.4738060081266983,0.007059874284390699,6,Lower-wage tornado and storm-injury counties
54083,Randolph County,WV,West Virginia,Micro,"Elkins, WV",3,Older wildfire and mountain-hazard housing-market counties,0.9675271404366955,0.9380478444246722,1,High-tax northern housing-market storm-risk counties
54085,Ritchie County,WV,West Virginia,,,5,Cold-region severe-storm casualty counties,0.9977612306032639,0.9955433996926863,7,High-risk inland-flood and storm-injury counties
54087,Roane County,WV,West Virginia,,,5,Cold-region severe-storm casualty counties,0.9955064592589488,0.9927485878533683,7,High-risk inland-flood and storm-injury counties
54089,Summers County,WV,West Virginia,,,3,Older wildfire and mountain-hazard housing-market counties,0.9797936804024242,0.9639403415432402,7,High-risk inland-flood and storm-injury counties
54091,Taylor County,WV,West Virginia,Micro,"Clarksburg, WV",3,Older wildfire and mountain-hazard housing-market counties,0.8918228246483705,0.7890035422918261,1,High-tax northern housing-market storm-risk counties
54093,Tucker County,WV,West Virginia,,,3,Older wildfire and mountain-hazard housing-market counties,0.9937962607418072,0.9899803701529247,7,High-risk inland-flood and storm-injury counties
54095,Tyler County,WV,West Virginia,,,3,Older wildfire and mountain-hazard housing-market counties,0.9776955671929044,0.964033582247333,1,High-tax northern housing-market storm-risk counties
54097,Upshur County,WV,West Virginia,,,3,Older wildfire and mountain-hazard housing-market counties,0.8838232059753774,0.802817335703834,0,"Transfer-reliant, temperature-variable severe-storm counties"
54099,Wayne County,WV,West Virginia,Metro,"Huntington-Ashland, WV-KY-OH",5,Cold-region severe-storm casualty counties,0.8722423823876476,0.7477825319232679,1,High-tax northern housing-market storm-risk counties
54101,Webster County,WV,West Virginia,,,3,Older wildfire and mountain-hazard housing-market counties,0.9714464519444858,0.9508682024433531,1,High-tax northern housing-market storm-risk counties
54103,Wetzel County,WV,West Virginia,,,5,Cold-region severe-storm casualty counties,0.7569739234700935,0.528975462804663,1,High-tax northern housing-market storm-risk counties
54105,Wirt County,WV,West Virginia,Metro,"Parkersburg-Vienna, WV",3,Older wildfire and mountain-hazard housing-market counties,0.9962248309318106,0.9929076833407247,7,High-risk inland-flood and storm-injury counties
54107,Wood County,WV,West Virginia,Metro,"Parkersburg-Vienna, WV",2,Lower-tax severe-storm casualty counties,0.850116656350075,0.7441247209871549,7,High-risk inland-flood and storm-injury counties
54109,Wyoming County,WV,West Virginia,,,3,Older wildfire and mountain-hazard housing-market counties,0.9924225499055861,0.9882448360736875,1,High-tax northern housing-market storm-risk counties
55001,Adams County,WI,Wisconsin,,,6,Lower-wage tornado and storm-injury counties,0.99293105401998,0.9865262028984982,7,High-risk inland-flood and storm-injury counties
55003,Ashland County,WI,Wisconsin,,,2,Lower-tax severe-storm casualty counties,0.9682706115903105,0.9366092290050044,7,High-risk inland-flood and storm-injury counties
55005,Barron County,WI,Wisconsin,,,2,Lower-tax severe-storm casualty counties,0.9934518738713298,0.9869037847233104,7,High-risk inland-flood and storm-injury counties
55007,Bayfield County,WI,Wisconsin,,,2,Lower-tax severe-storm casualty counties,0.9687391645571506,0.9375705355013938,7,High-risk inland-flood and storm-injury counties
55009,Brown County,WI,Wisconsin,Metro,"Green Bay, WI",5,Cold-region severe-storm casualty counties,0.4602560283253301,0.0565610670818103,7,High-risk inland-flood and storm-injury counties
55011,Buffalo County,WI,Wisconsin,,,4,"High-premium, high-tax low-hazard counties",0.9989428356130603,0.9980154949206059,0,"Transfer-reliant, temperature-variable severe-storm counties"
55013,Burnett County,WI,Wisconsin,,,0,"Transfer-reliant, temperature-variable severe-storm counties",0.8727123936208988,0.7508840294287618,4,"High-premium, high-tax low-hazard counties"
55015,Calumet County,WI,Wisconsin,Metro,"Appleton, WI",0,"Transfer-reliant, temperature-variable severe-storm counties",0.997908919306567,0.9968012899843285,7,High-risk inland-flood and storm-injury counties
55017,Chippewa County,WI,Wisconsin,Metro,"Eau Claire, WI",6,Lower-wage tornado and storm-injury counties,0.9993526050825736,0.9987073730752623,7,High-risk inland-flood and storm-injury counties
55019,Clark County,WI,Wisconsin,,,4,"High-premium, high-tax low-hazard counties",0.9925383940505992,0.985822330338379,7,High-risk inland-flood and storm-injury counties
55021,Columbia County,WI,Wisconsin,Metro,"Madison, WI",0,"Transfer-reliant, temperature-variable severe-storm counties",0.9588896432168096,0.9320323868668986,7,High-risk inland-flood and storm-injury counties
55023,Crawford County,WI,Wisconsin,,,5,Cold-region severe-storm casualty counties,0.9994835191463504,0.9989695272949629,7,High-risk inland-flood and storm-injury counties
55025,Dane County,WI,Wisconsin,Metro,"Madison, WI",2,Lower-tax severe-storm casualty counties,0.958517120757046,0.9171336879826546,7,High-risk inland-flood and storm-injury counties
55027,Dodge County,WI,Wisconsin,Micro,"Beaver Dam, WI",6,Lower-wage tornado and storm-injury counties,0.9856041557195586,0.9716288639539592,7,High-risk inland-flood and storm-injury counties
55029,Door County,WI,Wisconsin,,,3,Older wildfire and mountain-hazard housing-market counties,0.5224518856059485,0.22431346033948796,7,High-risk inland-flood and storm-injury counties
55031,Douglas County,WI,Wisconsin,Metro,"Duluth, MN-WI",0,"Transfer-reliant, temperature-variable severe-storm counties",0.98741217779303,0.9814429628398724,7,High-risk inland-flood and storm-injury counties
55033,Dunn County,WI,Wisconsin,Micro,"Menomonie, WI",2,Lower-tax severe-storm casualty counties,0.9102599623166506,0.8208881540492171,7,High-risk inland-flood and storm-injury counties
55035,Eau Claire County,WI,Wisconsin,Metro,"Eau Claire, WI",6,Lower-wage tornado and storm-injury counties,0.9829415195577795,0.9658911401795303,7,High-risk inland-flood and storm-injury counties
55037,Florence County,WI,Wisconsin,Micro,"Iron Mountain, MI-WI",3,Older wildfire and mountain-hazard housing-market counties,0.9983406893193326,0.9969629839575175,7,High-risk inland-flood and storm-injury counties
55039,Fond du Lac County,WI,Wisconsin,Metro,"Fond du Lac, WI",5,Cold-region severe-storm casualty counties,0.9954623603849991,0.9931468418842352,7,High-risk inland-flood and storm-injury counties
55041,Forest County,WI,Wisconsin,,,3,Older wildfire and mountain-hazard housing-market counties,0.9967850337953958,0.9950699491262146,7,High-risk inland-flood and storm-injury counties
55043,Grant County,WI,Wisconsin,Micro,"Platteville, WI",7,High-risk inland-flood and storm-injury counties,0.813402331672241,0.6373024085533716,4,"High-premium, high-tax low-hazard counties"
55045,Green County,WI,Wisconsin,Metro,"Madison, WI",0,"Transfer-reliant, temperature-variable severe-storm counties",0.9856680535903043,0.9715802515933245,4,"High-premium, high-tax low-hazard counties"
55047,Green Lake County,WI,Wisconsin,,,0,"Transfer-reliant, temperature-variable severe-storm counties",0.9348571727982113,0.8702727898755889,4,"High-premium, high-tax low-hazard counties"
55049,Iowa County,WI,Wisconsin,Metro,"Madison, WI",4,"High-premium, high-tax low-hazard counties",0.7066890249132092,0.5255226530499714,1,High-tax northern housing-market storm-risk counties
55051,Iron County,WI,Wisconsin,,,7,High-risk inland-flood and storm-injury counties,0.7739998949792104,0.5489129811810877,5,Cold-region severe-storm casualty counties
55053,Jackson County,WI,Wisconsin,,,6,Lower-wage tornado and storm-injury counties,0.999105748322702,0.9982116299249033,7,High-risk inland-flood and storm-injury counties
55055,Jefferson County,WI,Wisconsin,Micro,"Watertown-Fort Atkinson, WI",0,"Transfer-reliant, temperature-variable severe-storm counties",0.9948910295500576,0.9904144378794196,7,High-risk inland-flood and storm-injury counties
55057,Juneau County,WI,Wisconsin,,,0,"Transfer-reliant, temperature-variable severe-storm counties",0.9874646419638257,0.9773048129525563,4,"High-premium, high-tax low-hazard counties"
55059,Kenosha County,WI,Wisconsin,Metro,"Chicago-Naperville-Elgin, IL-IN-WI",6,Lower-wage tornado and storm-injury counties,0.8883245962152545,0.7972157673073259,7,High-risk inland-flood and storm-injury counties
55061,Kewaunee County,WI,Wisconsin,Metro,"Green Bay, WI",6,Lower-wage tornado and storm-injury counties,0.9711253166672758,0.9474010277308643,7,High-risk inland-flood and storm-injury counties
55063,La Crosse County,WI,Wisconsin,Metro,"La Crosse-Onalaska, WI-MN",7,High-risk inland-flood and storm-injury counties,0.8961423394054397,0.8081085306076718,4,"High-premium, high-tax low-hazard counties"
55065,Lafayette County,WI,Wisconsin,,,6,Lower-wage tornado and storm-injury counties,0.9996582036089042,0.9993168288934985,7,High-risk inland-flood and storm-injury counties
55067,Langlade County,WI,Wisconsin,,,6,Lower-wage tornado and storm-injury counties,0.9992403622467132,0.9984843959713035,7,High-risk inland-flood and storm-injury counties
55069,Lincoln County,WI,Wisconsin,Micro,"Merrill, WI",6,Lower-wage tornado and storm-injury counties,0.9991244023696532,0.9982516116176449,7,High-risk inland-flood and storm-injury counties
55071,Manitowoc County,WI,Wisconsin,Micro,"Manitowoc, WI",7,High-risk inland-flood and storm-injury counties,0.7337791788801742,0.5064363997402274,1,High-tax northern housing-market storm-risk counties
55073,Marathon County,WI,Wisconsin,Metro,"Wausau, WI",6,Lower-wage tornado and storm-injury counties,0.9964789133861867,0.9929909139335894,7,High-risk inland-flood and storm-injury counties
55075,Marinette County,WI,Wisconsin,Micro,"Marinette, WI-MI",2,Lower-tax severe-storm casualty counties,0.9955947795485701,0.9912160618209899,7,High-risk inland-flood and storm-injury counties
55077,Marquette County,WI,Wisconsin,,,0,"Transfer-reliant, temperature-variable severe-storm counties",0.9982617962012134,0.9972228357323211,3,Older wildfire and mountain-hazard housing-market counties
55078,Menominee County,WI,Wisconsin,Micro,"Shawano, WI",5,Cold-region severe-storm casualty counties,0.638677135666964,0.278400807010116,7,High-risk inland-flood and storm-injury counties
55079,Milwaukee County,WI,Wisconsin,Metro,"Milwaukee-Waukesha-West Allis, WI",7,High-risk inland-flood and storm-injury counties,0.9538996875264216,0.9123287949839497,1,High-tax northern housing-market storm-risk counties
55081,Monroe County,WI,Wisconsin,,,6,Lower-wage tornado and storm-injury counties,0.9365163905089731,0.8735615108892607,7,High-risk inland-flood and storm-injury counties
55083,Oconto County,WI,Wisconsin,Metro,"Green Bay, WI",0,"Transfer-reliant, temperature-variable severe-storm counties",0.559119194722968,0.29537161481234925,4,"High-premium, high-tax low-hazard counties"
55085,Oneida County,WI,Wisconsin,,,5,Cold-region severe-storm casualty counties,0.9992478478856749,0.9985427232429436,7,High-risk inland-flood and storm-injury counties
55087,Outagamie County,WI,Wisconsin,Metro,"Appleton, WI",0,"Transfer-reliant, temperature-variable severe-storm counties",0.9494242196826822,0.9094667853759382,7,High-risk inland-flood and storm-injury counties
55089,Ozaukee County,WI,Wisconsin,Metro,"Milwaukee-Waukesha-West Allis, WI",5,Cold-region severe-storm casualty counties,0.987109870528896,0.9748967620662738,7,High-risk inland-flood and storm-injury counties
55091,Pepin County,WI,Wisconsin,,,4,"High-premium, high-tax low-hazard counties",0.9982639002877806,0.9973254968589222,0,"Transfer-reliant, temperature-variable severe-storm counties"
55093,Pierce County,WI,Wisconsin,Metro,"Minneapolis-St. Paul-Bloomington, MN-WI",4,"High-premium, high-tax low-hazard counties",0.9861324014486247,0.9726521535044726,0,"Transfer-reliant, temperature-variable severe-storm counties"
55095,Polk County,WI,Wisconsin,,,4,"High-premium, high-tax low-hazard counties",0.9935286501346045,0.9880789401492777,0,"Transfer-reliant, temperature-variable severe-storm counties"
55097,Portage County,WI,Wisconsin,Micro,"Stevens Point, WI",4,"High-premium, high-tax low-hazard counties",0.9781403519084659,0.9621128394124661,0,"Transfer-reliant, temperature-variable severe-storm counties"
55099,Price County,WI,Wisconsin,,,4,"High-premium, high-tax low-hazard counties",0.9554789456031787,0.9119928160463516,0,"Transfer-reliant, temperature-variable severe-storm counties"
55101,Racine County,WI,Wisconsin,Metro,"Racine, WI",0,"Transfer-reliant, temperature-variable severe-storm counties",0.7695595721789819,0.5455556045714091,7,High-risk inland-flood and storm-injury counties
55103,Richland County,WI,Wisconsin,,,0,"Transfer-reliant, temperature-variable severe-storm counties",0.9875832734624358,0.9753157429062707,4,"High-premium, high-tax low-hazard counties"
55105,Rock County,WI,Wisconsin,Metro,"Janesville-Beloit, WI",6,Lower-wage tornado and storm-injury counties,0.6172371494196504,0.24082964829607423,7,High-risk inland-flood and storm-injury counties
55107,Rusk County,WI,Wisconsin,,,4,"High-premium, high-tax low-hazard counties",0.9690607668882575,0.9480124925296147,3,Older wildfire and mountain-hazard housing-market counties
55109,St. Croix County,WI,Wisconsin,Metro,"Minneapolis-St. Paul-Bloomington, MN-WI",2,Lower-tax severe-storm casualty counties,0.9986400038207021,0.9972802085050311,7,High-risk inland-flood and storm-injury counties
55111,Sauk County,WI,Wisconsin,Micro,"Baraboo, WI",0,"Transfer-reliant, temperature-variable severe-storm counties",0.6392029780835109,0.3123829253176149,4,"High-premium, high-tax low-hazard counties"
55113,Sawyer County,WI,Wisconsin,,,2,Lower-tax severe-storm casualty counties,0.9986846325806413,0.997370409184729,7,High-risk inland-flood and storm-injury counties
55115,Shawano County,WI,Wisconsin,Micro,"Shawano, WI",0,"Transfer-reliant, temperature-variable severe-storm counties",0.952163444913668,0.910741526494617,4,"High-premium, high-tax low-hazard counties"
55117,Sheboygan County,WI,Wisconsin,Metro,"Sheboygan, WI",6,Lower-wage tornado and storm-injury counties,0.9923946662729843,0.9870132452340747,7,High-risk inland-flood and storm-injury counties
55119,Taylor County,WI,Wisconsin,,,4,"High-premium, high-tax low-hazard counties",0.9936712372048346,0.9874661161605286,0,"Transfer-reliant, temperature-variable severe-storm counties"
55121,Trempealeau County,WI,Wisconsin,,,2,Lower-tax severe-storm casualty counties,0.9722342382610485,0.9444684821553166,7,High-risk inland-flood and storm-injury counties
55123,Vernon County,WI,Wisconsin,,,2,Lower-tax severe-storm casualty counties,0.9785460252580503,0.9570926893009508,7,High-risk inland-flood and storm-injury counties
55125,Vilas County,WI,Wisconsin,,,0,"Transfer-reliant, temperature-variable severe-storm counties",0.6999656387289053,0.5142052593382347,3,Older wildfire and mountain-hazard housing-market counties
55127,Walworth County,WI,Wisconsin,Micro,"Whitewater-Elkhorn, WI",0,"Transfer-reliant, temperature-variable severe-storm counties",0.9404829674657617,0.9007711340181933,4,"High-premium, high-tax low-hazard counties"
55129,Washburn County,WI,Wisconsin,,,0,"Transfer-reliant, temperature-variable severe-storm counties",0.7483379098279621,0.5751145175655048,3,Older wildfire and mountain-hazard housing-market counties
55131,Washington County,WI,Wisconsin,Metro,"Milwaukee-Waukesha-West Allis, WI",2,Lower-tax severe-storm casualty counties,0.9886667331595426,0.977773232560965,7,High-risk inland-flood and storm-injury counties
55133,Waukesha County,WI,Wisconsin,Metro,"Milwaukee-Waukesha-West Allis, WI",6,Lower-wage tornado and storm-injury counties,0.8747767602319616,0.7547008012812632,7,High-risk inland-flood and storm-injury counties
55135,Waupaca County,WI,Wisconsin,,,6,Lower-wage tornado and storm-injury counties,0.9989374110136349,0.9978778049321552,7,High-risk inland-flood and storm-injury counties
55137,Waushara County,WI,Wisconsin,,,0,"Transfer-reliant, temperature-variable severe-storm counties",0.9996763806109242,0.9995054221886016,4,"High-premium, high-tax low-hazard counties"
55139,Winnebago County,WI,Wisconsin,Metro,"Oshkosh-Neenah, WI",2,Lower-tax severe-storm casualty counties,0.9989533062344792,0.9979736406425749,7,High-risk inland-flood and storm-injury counties
55141,Wood County,WI,Wisconsin,Micro,"Wisconsin Rapids-Marshfield, WI",0,"Transfer-reliant, temperature-variable severe-storm counties",0.9250599519079633,0.8516719697487479,4,"High-premium, high-tax low-hazard counties"
56001,Albany County,WY,Wyoming,Micro,"Laramie, WY",7,High-risk inland-flood and storm-injury counties,0.8414177277025591,0.6831940087572179,6,Lower-wage tornado and storm-injury counties
56003,Big Horn County,WY,Wyoming,,,3,Older wildfire and mountain-hazard housing-market counties,0.9958858372189693,0.991774013181102,7,High-risk inland-flood and storm-injury counties
56005,Campbell County,WY,Wyoming,Micro,"Gillette, WY",6,Lower-wage tornado and storm-injury counties,0.9677793499940575,0.9355587037964537,7,High-risk inland-flood and storm-injury counties
56007,Carbon County,WY,Wyoming,,,3,Older wildfire and mountain-hazard housing-market counties,0.9977258095537482,0.9954896963458804,7,High-risk inland-flood and storm-injury counties
56009,Converse County,WY,Wyoming,,,3,Older wildfire and mountain-hazard housing-market counties,0.7999722944253931,0.6176055916384716,4,"High-premium, high-tax low-hazard counties"
56011,Crook County,WY,Wyoming,,,6,Lower-wage tornado and storm-injury counties,0.5383722093224841,0.0767451469508541,7,High-risk inland-flood and storm-injury counties
56013,Fremont County,WY,Wyoming,Micro,"Riverton, WY",7,High-risk inland-flood and storm-injury counties,0.910992446685111,0.821984919371949,5,Cold-region severe-storm casualty counties
56015,Goshen County,WY,Wyoming,,,6,Lower-wage tornado and storm-injury counties,0.9279030333877479,0.8558060690942177,7,High-risk inland-flood and storm-injury counties
56017,Hot Springs County,WY,Wyoming,,,3,Older wildfire and mountain-hazard housing-market counties,0.9972986121023738,0.9945975594546232,7,High-risk inland-flood and storm-injury counties
56019,Johnson County,WY,Wyoming,,,3,Older wildfire and mountain-hazard housing-market counties,0.6222637759171495,0.27882761786320825,4,"High-premium, high-tax low-hazard counties"
56021,Laramie County,WY,Wyoming,Metro,"Cheyenne, WY",4,"High-premium, high-tax low-hazard counties",0.9395768314441667,0.8799026510678145,7,High-risk inland-flood and storm-injury counties
56023,Lincoln County,WY,Wyoming,,,3,Older wildfire and mountain-hazard housing-market counties,0.9943335583658672,0.9886671176392403,7,High-risk inland-flood and storm-injury counties
56025,Natrona County,WY,Wyoming,Metro,"Casper, WY",4,"High-premium, high-tax low-hazard counties",0.650410417052237,0.38955722523042136,7,High-risk inland-flood and storm-injury counties
56027,Niobrara County,WY,Wyoming,,,3,Older wildfire and mountain-hazard housing-market counties,0.9485835277906383,0.9115718813810563,0,"Transfer-reliant, temperature-variable severe-storm counties"
56029,Park County,WY,Wyoming,,,3,Older wildfire and mountain-hazard housing-market counties,0.9553601266930192,0.9107210394867453,7,High-risk inland-flood and storm-injury counties
56031,Platte County,WY,Wyoming,,,4,"High-premium, high-tax low-hazard counties",0.6867055758413984,0.40236557697942155,3,Older wildfire and mountain-hazard housing-market counties
56033,Sheridan County,WY,Wyoming,Micro,"Sheridan, WY",3,Older wildfire and mountain-hazard housing-market counties,0.8586370782736295,0.7172744101847244,7,High-risk inland-flood and storm-injury counties
56035,Sublette County,WY,Wyoming,,,3,Older wildfire and mountain-hazard housing-market counties,0.9973585371944333,0.9947170857092615,7,High-risk inland-flood and storm-injury counties
56037,Sweetwater County,WY,Wyoming,Micro,"Rock Springs, WY",3,Older wildfire and mountain-hazard housing-market counties,0.8881536537606731,0.7963701849100204,7,High-risk inland-flood and storm-injury counties
56039,Teton County,WY,Wyoming,Micro,"Jackson, WY-ID",7,High-risk inland-flood and storm-injury counties,1.0,0.9999999999999998,3,Older wildfire and mountain-hazard housing-market counties
56041,Uinta County,WY,Wyoming,Micro,"Evanston, WY",3,Older wildfire and mountain-hazard housing-market counties,0.9960863653956415,0.9922913293699274,7,High-risk inland-flood and storm-injury counties
56043,Washakie County,WY,Wyoming,,,3,Older wildfire and mountain-hazard housing-market counties,0.9688325464307916,0.9376886032656473,7,High-risk inland-flood and storm-injury counties
56045,Weston County,WY,Wyoming,,,3,Older wildfire and mountain-hazard housing-market counties,0.9863474310183646,0.9775475815746467,7,High-risk inland-flood and storm-injury counties
