fips,county_name,nri_risk_rating,economic_profile,economic_profile_label,assignment_confidence,assignment_margin,second_best_profile,second_best_profile_label
01001,"Autauga County, AL",Low,2,Small transfer-reliant counties,0.7456318750871294,0.4963888098982051,0,High-wage investment-income counties
01003,"Baldwin County, AL",High,0,High-wage investment-income counties,0.8791164283897337,0.7582328567794913,2,Small transfer-reliant counties
01005,"Barbour County, AL",Low,2,Small transfer-reliant counties,0.9766677033386583,0.953335406677317,0,High-wage investment-income counties
01007,"Bibb County, AL",Very Low,2,Small transfer-reliant counties,0.9565100670636429,0.913020134127287,0,High-wage investment-income counties
01009,"Blount County, AL",Low,2,Small transfer-reliant counties,0.9145017966808507,0.8290035933617015,0,High-wage investment-income counties
01011,"Bullock County, AL",Very Low,2,Small transfer-reliant counties,0.9661197315493878,0.9322394630987761,0,High-wage investment-income counties
01013,"Butler County, AL",Low,2,Small transfer-reliant counties,0.8983469160668516,0.7966938321466076,0,High-wage investment-income counties
01015,"Calhoun County, AL",Moderate,2,Small transfer-reliant counties,0.9614508097175498,0.9229016194350983,0,High-wage investment-income counties
01017,"Chambers County, AL",Low,2,Small transfer-reliant counties,0.9647003297205415,0.9294006594410837,0,High-wage investment-income counties
01019,"Cherokee County, AL",Low,2,Small transfer-reliant counties,0.9634480126432898,0.9268960252865792,0,High-wage investment-income counties
01021,"Chilton County, AL",Low,2,Small transfer-reliant counties,0.9543696671836969,0.9087393343742757,0,High-wage investment-income counties
01023,"Choctaw County, AL",Low,2,Small transfer-reliant counties,0.8887238932912292,0.7774477865824594,0,High-wage investment-income counties
01025,"Clarke County, AL",Low,2,Small transfer-reliant counties,0.9514221346940107,0.9028442693880209,0,High-wage investment-income counties
01027,"Clay County, AL",Very Low,2,Small transfer-reliant counties,0.9648284345088853,0.9296568690177698,0,High-wage investment-income counties
01029,"Cleburne County, AL",Very Low,2,Small transfer-reliant counties,0.9026819089616787,0.8053638179233576,0,High-wage investment-income counties
01031,"Coffee County, AL",Moderate,0,High-wage investment-income counties,0.7679138267241261,0.5358276534482534,2,Small transfer-reliant counties
01033,"Colbert County, AL",Low,2,Small transfer-reliant counties,0.7653352581210124,0.5306705162420239,0,High-wage investment-income counties
01035,"Conecuh County, AL",Very Low,2,Small transfer-reliant counties,0.9495373753715154,0.8990747507430294,0,High-wage investment-income counties
01037,"Coosa County, AL",Very Low,2,Small transfer-reliant counties,0.9429022562678907,0.8858045125357816,0,High-wage investment-income counties
01039,"Covington County, AL",Moderate,2,Small transfer-reliant counties,0.9738941586266833,0.9477883172533648,0,High-wage investment-income counties
01041,"Crenshaw County, AL",Very Low,2,Small transfer-reliant counties,0.9635745100409941,0.9271490200819896,0,High-wage investment-income counties
01043,"Cullman County, AL",Moderate,2,Small transfer-reliant counties,0.6405183413545265,0.2810366832040056,0,High-wage investment-income counties
01045,"Dale County, AL",Low,2,Small transfer-reliant counties,0.9010142187274789,0.8020284374566364,0,High-wage investment-income counties
01047,"Dallas County, AL",Low,2,Small transfer-reliant counties,0.970164007920143,0.9403280158402876,0,High-wage investment-income counties
01049,"DeKalb County, AL",Low,2,Small transfer-reliant counties,0.9435660239344948,0.8871320478690294,0,High-wage investment-income counties
01051,"Elmore County, AL",Low,2,Small transfer-reliant counties,0.7110571615518387,0.4221143231036789,0,High-wage investment-income counties
01053,"Escambia County, AL",Moderate,2,Small transfer-reliant counties,0.9685204463833694,0.9370408927667404,0,High-wage investment-income counties
01055,"Etowah County, AL",Moderate,2,Small transfer-reliant counties,0.9730670519725635,0.9461341039451281,0,High-wage investment-income counties
01057,"Fayette County, AL",Very Low,2,Small transfer-reliant counties,0.9780886657042481,0.9561773314084959,0,High-wage investment-income counties
01059,"Franklin County, AL",Low,2,Small transfer-reliant counties,0.9676691292953415,0.935338258590688,0,High-wage investment-income counties
01061,"Geneva County, AL",Low,2,Small transfer-reliant counties,0.9741827965471824,0.9483655930943639,0,High-wage investment-income counties
01063,"Greene County, AL",Very Low,2,Small transfer-reliant counties,0.9761430027760926,0.9522860055521835,0,High-wage investment-income counties
01065,"Hale County, AL",Very Low,2,Small transfer-reliant counties,0.9795996786405253,0.9591993572810523,0,High-wage investment-income counties
01067,"Henry County, AL",Very Low,0,High-wage investment-income counties,0.7612466066643069,0.5224932195845551,2,Small transfer-reliant counties
01069,"Houston County, AL",Moderate,0,High-wage investment-income counties,0.9914819129451905,0.9829837998590978,2,Small transfer-reliant counties
01071,"Jackson County, AL",Low,2,Small transfer-reliant counties,0.9479441279506977,0.8958882559013963,0,High-wage investment-income counties
01073,"Jefferson County, AL",High,0,High-wage investment-income counties,0.9997639493465534,0.999527898693106,2,Small transfer-reliant counties
01075,"Lamar County, AL",Very Low,2,Small transfer-reliant counties,0.9743833606494902,0.9487667212989794,0,High-wage investment-income counties
01077,"Lauderdale County, AL",Moderate,2,Small transfer-reliant counties,0.8707995739265374,0.7415991478530755,0,High-wage investment-income counties
01079,"Lawrence County, AL",Low,2,Small transfer-reliant counties,0.9569776327870709,0.9139552655741425,0,High-wage investment-income counties
01081,"Lee County, AL",Low,2,Small transfer-reliant counties,0.5018812605330986,0.0037667577577420452,0,High-wage investment-income counties
01083,"Limestone County, AL",Low,0,High-wage investment-income counties,0.9396771376561309,0.8793543635996182,2,Small transfer-reliant counties
01085,"Lowndes County, AL",Very Low,0,High-wage investment-income counties,0.9490888493011214,0.898177739378219,2,Small transfer-reliant counties
01087,"Macon County, AL",Very Low,2,Small transfer-reliant counties,0.9198344548913155,0.8396689097826295,0,High-wage investment-income counties
01089,"Madison County, AL",High,0,High-wage investment-income counties,0.9985646336110254,0.9971292672220492,2,Small transfer-reliant counties
01091,"Marengo County, AL",Low,2,Small transfer-reliant counties,0.742196854717015,0.4844142872115975,0,High-wage investment-income counties
01093,"Marion County, AL",Low,2,Small transfer-reliant counties,0.8701500196968077,0.7403000393936656,0,High-wage investment-income counties
01095,"Marshall County, AL",Moderate,0,High-wage investment-income counties,0.6410739719486733,0.2821482980914256,2,Small transfer-reliant counties
01097,"Mobile County, AL",High,0,High-wage investment-income counties,0.9487547320286943,0.8975097385967867,2,Small transfer-reliant counties
01099,"Monroe County, AL",Low,2,Small transfer-reliant counties,0.9031207493620994,0.8062414987242001,0,High-wage investment-income counties
01101,"Montgomery County, AL",Moderate,0,High-wage investment-income counties,0.9897031829354146,0.9794063658807952,2,Small transfer-reliant counties
01103,"Morgan County, AL",Moderate,0,High-wage investment-income counties,0.9228074534050034,0.8456149194901654,2,Small transfer-reliant counties
01105,"Perry County, AL",Very Low,2,Small transfer-reliant counties,0.9771192766702977,0.954238553340596,0,High-wage investment-income counties
01107,"Pickens County, AL",Low,2,Small transfer-reliant counties,0.9737042066967734,0.9474084133935452,0,High-wage investment-income counties
01109,"Pike County, AL",Low,0,High-wage investment-income counties,0.5831959763126536,0.16639291173905735,2,Small transfer-reliant counties
01111,"Randolph County, AL",Very Low,2,Small transfer-reliant counties,0.9708080474816382,0.9416160949632758,0,High-wage investment-income counties
01113,"Russell County, AL",Low,2,Small transfer-reliant counties,0.9825210680688459,0.9650421361376901,0,High-wage investment-income counties
01115,"St. Clair County, AL",Low,2,Small transfer-reliant counties,0.8681392107362901,0.7362784374645506,0,High-wage investment-income counties
01117,"Shelby County, AL",Moderate,0,High-wage investment-income counties,0.9954778415977324,0.9909556831954645,2,Small transfer-reliant counties
01119,"Sumter County, AL",Low,2,Small transfer-reliant counties,0.9739484413222911,0.9478968826445827,0,High-wage investment-income counties
01121,"Talladega County, AL",Moderate,2,Small transfer-reliant counties,0.9193893317286631,0.8387786634573278,0,High-wage investment-income counties
01123,"Tallapoosa County, AL",Low,2,Small transfer-reliant counties,0.857831907547346,0.7156638150946923,0,High-wage investment-income counties
01125,"Tuscaloosa County, AL",Moderate,0,High-wage investment-income counties,0.8378219230223038,0.6756447960853669,2,Small transfer-reliant counties
01127,"Walker County, AL",Moderate,2,Small transfer-reliant counties,0.8853721447128128,0.7707442894256266,0,High-wage investment-income counties
01129,"Washington County, AL",Low,2,Small transfer-reliant counties,0.8203295715414569,0.6406591430829148,0,High-wage investment-income counties
01131,"Wilcox County, AL",Very Low,2,Small transfer-reliant counties,0.9466889117460917,0.8933778234921842,0,High-wage investment-income counties
01133,"Winston County, AL",Low,2,Small transfer-reliant counties,0.8826370140980659,0.7652740281962086,0,High-wage investment-income counties
02013,"Aleutians East Borough, AK",Very Low,0,High-wage investment-income counties,0.6913382316159765,0.38267646323195215,2,Small transfer-reliant counties
02016,"Aleutians West Borough, AK",Low,0,High-wage investment-income counties,0.9956532494718461,0.9913064989436917,2,Small transfer-reliant counties
02020,"Anchorage Borough, AK",High,0,High-wage investment-income counties,0.9995146419687801,0.9990292839375619,2,Small transfer-reliant counties
02050,"Bethel Borough, AK",Low,2,Small transfer-reliant counties,0.9231544703109762,0.8463089406219506,0,High-wage investment-income counties
02060,"Bristol Bay Borough, AK",Very Low,0,High-wage investment-income counties,0.9997563533657394,0.9995127067314771,2,Small transfer-reliant counties
02063,"Chugach Census Area, AK",Very Low,0,High-wage investment-income counties,0.9941610213970274,0.9883220427940563,2,Small transfer-reliant counties
02066,"Copper River Census Area, AK",Very Low,0,High-wage investment-income counties,0.992507228349487,0.98501445669901,2,Small transfer-reliant counties
02068,"Denali Borough, AK",Very Low,0,High-wage investment-income counties,0.9989424885607712,0.9978849771215413,2,Small transfer-reliant counties
02070,"Dillingham Borough, AK",Very Low,0,High-wage investment-income counties,0.9828076518334257,0.9656153036668528,2,Small transfer-reliant counties
02090,"Fairbanks North Star Borough, AK",Moderate,0,High-wage investment-income counties,0.9890200735768342,0.978040147153668,2,Small transfer-reliant counties
02100,"Haines Borough, AK",Very Low,0,High-wage investment-income counties,0.9995128630029887,0.9990257260059762,2,Small transfer-reliant counties
02105,"Hoonah-Angoon Borough, AK",Very Low,0,High-wage investment-income counties,0.9978161950707904,0.995632390141582,2,Small transfer-reliant counties
02110,"Juneau Borough, AK",Very Low,0,High-wage investment-income counties,0.9998856151300559,0.9997712302601103,2,Small transfer-reliant counties
02122,"Kenai Peninsula Borough, AK",Moderate,0,High-wage investment-income counties,0.979275750583212,0.9585515011822967,2,Small transfer-reliant counties
02130,"Ketchikan Gateway Borough, AK",Very Low,0,High-wage investment-income counties,0.9988845220127268,0.9977690440262965,2,Small transfer-reliant counties
02150,"Kodiak Island Borough, AK",Low,0,High-wage investment-income counties,0.997527905677834,0.9950558113556688,2,Small transfer-reliant counties
02158,"Kusilvak Census Area, AK",Low,2,Small transfer-reliant counties,0.9838147086589324,0.9676294173178646,0,High-wage investment-income counties
02164,"Lake and Peninsula Borough, AK",Very Low,0,High-wage investment-income counties,0.9853170078184068,0.9706340156399855,2,Small transfer-reliant counties
02170,"Matanuska-Susitna Borough, AK",Moderate,0,High-wage investment-income counties,0.9629274213061192,0.925854842612567,2,Small transfer-reliant counties
02180,"Nome Borough, AK",Very Low,0,High-wage investment-income counties,0.7253226893420286,0.4506453787044488,2,Small transfer-reliant counties
02185,"North Slope Borough, AK",Very Low,0,High-wage investment-income counties,0.9587399858669845,0.9174799717339688,2,Small transfer-reliant counties
02188,"Northwest Arctic Borough, AK",Low,0,High-wage investment-income counties,0.7640766986834089,0.5281533973668191,2,Small transfer-reliant counties
02195,"Petersburg Borough, AK",Very Low,0,High-wage investment-income counties,0.9942496940183359,0.988499388036673,2,Small transfer-reliant counties
02198,"Prince of Wales-Hyder Borough, AK",Very Low,0,High-wage investment-income counties,0.9804805312916665,0.9609610633314223,2,Small transfer-reliant counties
02220,"Sitka Borough, AK",Very Low,0,High-wage investment-income counties,0.9999447323209794,0.9998894646419596,2,Small transfer-reliant counties
02230,"Skagway Borough, AK",Very Low,0,High-wage investment-income counties,0.9996635757808365,0.9993271515616731,2,Small transfer-reliant counties
02240,"Southeast Fairbanks Borough, AK",Low,0,High-wage investment-income counties,0.9932924586679431,0.9865849173358867,2,Small transfer-reliant counties
02275,"Wrangell Borough, AK",Very Low,0,High-wage investment-income counties,0.990874572339018,0.9817491446780364,2,Small transfer-reliant counties
02282,"Yakutat Borough, AK",Very Low,0,High-wage investment-income counties,0.998078111563764,0.9961562231275266,2,Small transfer-reliant counties
02290,"Yukon-Koyukuk Borough, AK",Low,0,High-wage investment-income counties,0.6431479754088194,0.2862964830518283,2,Small transfer-reliant counties
04001,"Apache County, AZ",Low,2,Small transfer-reliant counties,0.9487228412776281,0.897445682555255,0,High-wage investment-income counties
04003,"Cochise County, AZ",Moderate,0,High-wage investment-income counties,0.744208746985965,0.48841749781394084,2,Small transfer-reliant counties
04005,"Coconino County, AZ",Moderate,0,High-wage investment-income counties,0.9970829551203725,0.9941659102408076,2,Small transfer-reliant counties
04007,"Gila County, AZ",Moderate,0,High-wage investment-income counties,0.8058375374070862,0.6116767777905638,2,Small transfer-reliant counties
04009,"Graham County, AZ",Low,2,Small transfer-reliant counties,0.9307863096479727,0.8615726192959452,0,High-wage investment-income counties
04011,"Greenlee County, AZ",Very Low,0,High-wage investment-income counties,0.9729396835534315,0.9458793671068629,2,Small transfer-reliant counties
04012,"La Paz County, AZ",Moderate,0,High-wage investment-income counties,0.7416673773642536,0.48333475472850584,2,Small transfer-reliant counties
04013,"Maricopa County, AZ",Very High,0,High-wage investment-income counties,0.9996099725098667,0.9992199450197334,2,Small transfer-reliant counties
04015,"Mohave County, AZ",High,2,Small transfer-reliant counties,0.7293204510153224,0.45864090203064906,0,High-wage investment-income counties
04017,"Navajo County, AZ",Moderate,2,Small transfer-reliant counties,0.9714227222024102,0.9428454444048204,0,High-wage investment-income counties
04019,"Pima County, AZ",High,0,High-wage investment-income counties,0.97970712289595,0.959414245791935,2,Small transfer-reliant counties
04021,"Pinal County, AZ",Moderate,2,Small transfer-reliant counties,0.571372677247688,0.1427507190466532,0,High-wage investment-income counties
04023,"Santa Cruz County, AZ",Moderate,2,Small transfer-reliant counties,0.6625639861689961,0.32512798481172134,0,High-wage investment-income counties
04025,"Yavapai County, AZ",Moderate,0,High-wage investment-income counties,0.9380543349611395,0.8761086699222798,2,Small transfer-reliant counties
04027,"Yuma County, AZ",Moderate,2,Small transfer-reliant counties,0.7196645825359028,0.4393291651539424,0,High-wage investment-income counties
05001,"Arkansas County, AR",Low,0,High-wage investment-income counties,0.9924923730339251,0.9849847460678541,2,Small transfer-reliant counties
05003,"Ashley County, AR",Low,2,Small transfer-reliant counties,0.9549021498153987,0.9098042996307957,0,High-wage investment-income counties
05005,"Baxter County, AR",Low,2,Small transfer-reliant counties,0.8745181766790128,0.749036353358026,0,High-wage investment-income counties
05007,"Benton County, AR",Moderate,0,High-wage investment-income counties,0.9998153558611498,0.9996307117222981,2,Small transfer-reliant counties
05009,"Boone County, AR",Low,2,Small transfer-reliant counties,0.9553373893420677,0.9106747786841356,0,High-wage investment-income counties
05011,"Bradley County, AR",Very Low,2,Small transfer-reliant counties,0.95075493066373,0.9015098613274614,0,High-wage investment-income counties
05013,"Calhoun County, AR",Very Low,0,High-wage investment-income counties,0.722202746309823,0.44440549261964646,2,Small transfer-reliant counties
05015,"Carroll County, AR",Low,2,Small transfer-reliant counties,0.9771692675750698,0.9543385351501393,0,High-wage investment-income counties
05017,"Chicot County, AR",Low,2,Small transfer-reliant counties,0.908204173030115,0.8164083460602307,0,High-wage investment-income counties
05019,"Clark County, AR",Very Low,2,Small transfer-reliant counties,0.9425167012753166,0.8850334025506337,0,High-wage investment-income counties
05021,"Clay County, AR",Low,2,Small transfer-reliant counties,0.9509234204580036,0.9018468409160061,0,High-wage investment-income counties
05023,"Cleburne County, AR",Low,2,Small transfer-reliant counties,0.877353845028032,0.754707690056064,0,High-wage investment-income counties
05025,"Cleveland County, AR",Very Low,2,Small transfer-reliant counties,0.9248006615924793,0.8496013231849588,0,High-wage investment-income counties
05027,"Columbia County, AR",Very Low,2,Small transfer-reliant counties,0.9404887370381051,0.880977474076212,0,High-wage investment-income counties
05029,"Conway County, AR",Low,2,Small transfer-reliant counties,0.945359462619567,0.8907189252391325,0,High-wage investment-income counties
05031,"Craighead County, AR",Moderate,0,High-wage investment-income counties,0.5491597618369782,0.10366901191668643,2,Small transfer-reliant counties
05033,"Crawford County, AR",Low,2,Small transfer-reliant counties,0.9740854568862884,0.9481709137725768,0,High-wage investment-income counties
05035,"Crittenden County, AR",Moderate,2,Small transfer-reliant counties,0.9587338185920502,0.917467637184102,0,High-wage investment-income counties
05037,"Cross County, AR",Low,2,Small transfer-reliant counties,0.974104910596847,0.9482098211936935,0,High-wage investment-income counties
05039,"Dallas County, AR",Very Low,2,Small transfer-reliant counties,0.6712035138213086,0.34240702764261693,0,High-wage investment-income counties
05041,"Desha County, AR",Very Low,0,High-wage investment-income counties,0.5608365880550821,0.12167317611016254,2,Small transfer-reliant counties
05043,"Drew County, AR",Very Low,2,Small transfer-reliant counties,0.9385560133154689,0.8771120266309373,0,High-wage investment-income counties
05045,"Faulkner County, AR",Moderate,2,Small transfer-reliant counties,0.8073240145607055,0.6150358535711399,0,High-wage investment-income counties
05047,"Franklin County, AR",Low,2,Small transfer-reliant counties,0.9716566460458609,0.943313292091723,0,High-wage investment-income counties
05049,"Fulton County, AR",Low,2,Small transfer-reliant counties,0.9863287945374253,0.9726575890748499,0,High-wage investment-income counties
05051,"Garland County, AR",Moderate,2,Small transfer-reliant counties,0.7582539777957695,0.5165079555915374,0,High-wage investment-income counties
05053,"Grant County, AR",Very Low,2,Small transfer-reliant counties,0.8876353134717812,0.7752706269439917,0,High-wage investment-income counties
05055,"Greene County, AR",Low,2,Small transfer-reliant counties,0.9542229675891086,0.9084459351782156,0,High-wage investment-income counties
05057,"Hempstead County, AR",Low,2,Small transfer-reliant counties,0.9697344017471742,0.9394688034943468,0,High-wage investment-income counties
05059,"Hot Spring County, AR",Low,2,Small transfer-reliant counties,0.9763560372216036,0.9527120744432058,0,High-wage investment-income counties
05061,"Howard County, AR",Low,2,Small transfer-reliant counties,0.9337642014727368,0.8675284029454753,0,High-wage investment-income counties
05063,"Independence County, AR",Low,2,Small transfer-reliant counties,0.7618114614108666,0.5236229233216503,0,High-wage investment-income counties
05065,"Izard County, AR",Low,2,Small transfer-reliant counties,0.9766680708328551,0.9533361416657089,0,High-wage investment-income counties
05067,"Jackson County, AR",Low,2,Small transfer-reliant counties,0.9444349532950234,0.8888699065900456,0,High-wage investment-income counties
05069,"Jefferson County, AR",Moderate,2,Small transfer-reliant counties,0.9378265326589365,0.875653065317872,0,High-wage investment-income counties
05071,"Johnson County, AR",Low,2,Small transfer-reliant counties,0.9854517396037558,0.9709034792075115,0,High-wage investment-income counties
05073,"Lafayette County, AR",Very Low,2,Small transfer-reliant counties,0.94551394318177,0.891027886363541,0,High-wage investment-income counties
05075,"Lawrence County, AR",Low,2,Small transfer-reliant counties,0.9726769881230967,0.9453539762461941,0,High-wage investment-income counties
05077,"Lee County, AR",Very Low,2,Small transfer-reliant counties,0.9759660628038802,0.9519321256077588,0,High-wage investment-income counties
05079,"Lincoln County, AR",Very Low,2,Small transfer-reliant counties,0.9834948208331005,0.9669896416662007,0,High-wage investment-income counties
05081,"Little River County, AR",Low,2,Small transfer-reliant counties,0.9217791859407589,0.8435583718815166,0,High-wage investment-income counties
05083,"Logan County, AR",Low,2,Small transfer-reliant counties,0.9812215804434526,0.9624431608869058,0,High-wage investment-income counties
05085,"Lonoke County, AR",Low,2,Small transfer-reliant counties,0.7173779407855533,0.4347923933292063,0,High-wage investment-income counties
05087,"Madison County, AR",Low,2,Small transfer-reliant counties,0.9486018167209792,0.8972036334419597,0,High-wage investment-income counties
05089,"Marion County, AR",Low,2,Small transfer-reliant counties,0.9772337227127186,0.9544674454254359,0,High-wage investment-income counties
05091,"Miller County, AR",Low,2,Small transfer-reliant counties,0.971226669628744,0.9424533392574864,0,High-wage investment-income counties
05093,"Mississippi County, AR",Moderate,0,High-wage investment-income counties,0.5660525429891766,0.13210508597835374,2,Small transfer-reliant counties
05095,"Monroe County, AR",Very Low,2,Small transfer-reliant counties,0.9542612998726967,0.9085225997453937,0,High-wage investment-income counties
05097,"Montgomery County, AR",Very Low,2,Small transfer-reliant counties,0.9844274309926271,0.9688548619852541,0,High-wage investment-income counties
05099,"Nevada County, AR",Very Low,2,Small transfer-reliant counties,0.9705714336530206,0.9411428673060416,0,High-wage investment-income counties
05101,"Newton County, AR",Very Low,2,Small transfer-reliant counties,0.990567486687568,0.9811349733751347,0,High-wage investment-income counties
05103,"Ouachita County, AR",Low,2,Small transfer-reliant counties,0.7922488092233289,0.5844976305732458,0,High-wage investment-income counties
05105,"Perry County, AR",Very Low,2,Small transfer-reliant counties,0.9639738332714852,0.9279476665429717,0,High-wage investment-income counties
05107,"Phillips County, AR",Low,2,Small transfer-reliant counties,0.9463918044278187,0.8927836088556357,0,High-wage investment-income counties
05109,"Pike County, AR",Very Low,2,Small transfer-reliant counties,0.96897606186541,0.9379521237308207,0,High-wage investment-income counties
05111,"Poinsett County, AR",Low,2,Small transfer-reliant counties,0.9194867285912823,0.8389734571825636,0,High-wage investment-income counties
05113,"Polk County, AR",Low,2,Small transfer-reliant counties,0.9685209201911076,0.9370418403822144,0,High-wage investment-income counties
05115,"Pope County, AR",Low,2,Small transfer-reliant counties,0.9454545934744233,0.8909091869488462,0,High-wage investment-income counties
05117,"Prairie County, AR",Very Low,2,Small transfer-reliant counties,0.9350667388474935,0.8701334776949882,0,High-wage investment-income counties
05119,"Pulaski County, AR",High,0,High-wage investment-income counties,0.9979793217968504,0.9959586435937023,2,Small transfer-reliant counties
05121,"Randolph County, AR",Low,2,Small transfer-reliant counties,0.9749473814232776,0.949894762846554,0,High-wage investment-income counties
05123,"St. Francis County, AR",Low,2,Small transfer-reliant counties,0.9810690123983725,0.9621380247967443,0,High-wage investment-income counties
05125,"Saline County, AR",Low,3,Large high-wage metro counties,0.8233752545704552,0.7178813021156861,2,Small transfer-reliant counties
05127,"Scott County, AR",Very Low,2,Small transfer-reliant counties,0.9644293168940796,0.9288586337881588,0,High-wage investment-income counties
05129,"Searcy County, AR",Very Low,2,Small transfer-reliant counties,0.9894539161798505,0.9789078323597001,0,High-wage investment-income counties
05131,"Sebastian County, AR",Moderate,3,Large high-wage metro counties,0.7472813729351736,0.5107565810308177,0,High-wage investment-income counties
05133,"Sevier County, AR",Low,2,Small transfer-reliant counties,0.8358939123625725,0.6717878247251459,0,High-wage investment-income counties
05135,"Sharp County, AR",Low,2,Small transfer-reliant counties,0.9759232189582682,0.9518464379165352,0,High-wage investment-income counties
05137,"Stone County, AR",Low,2,Small transfer-reliant counties,0.9540892907802545,0.908178581560509,0,High-wage investment-income counties
05139,"Union County, AR",Low,0,High-wage investment-income counties,0.9981516977911938,0.9963033955824099,2,Small transfer-reliant counties
05141,"Van Buren County, AR",Low,2,Small transfer-reliant counties,0.9680670446099358,0.9361340892198728,0,High-wage investment-income counties
05143,"Washington County, AR",Moderate,0,High-wage investment-income counties,0.9961980627608684,0.9923961255238998,2,Small transfer-reliant counties
05145,"White County, AR",Moderate,2,Small transfer-reliant counties,0.9662009867235422,0.9324019734470828,0,High-wage investment-income counties
05147,"Woodruff County, AR",Very Low,2,Small transfer-reliant counties,0.5371554149755925,0.07431082995118504,0,High-wage investment-income counties
05149,"Yell County, AR",Low,2,Small transfer-reliant counties,0.9611972935572327,0.9223945871144665,0,High-wage investment-income counties
06001,"Alameda County, CA",Very High,0,High-wage investment-income counties,0.9999287530419764,0.9998575060839524,2,Small transfer-reliant counties
06003,"Alpine County, CA",Very Low,0,High-wage investment-income counties,0.9789659268396221,0.9579318536792438,2,Small transfer-reliant counties
06005,"Amador County, CA",Low,0,High-wage investment-income counties,0.6106133641158662,0.22122673016981165,2,Small transfer-reliant counties
06007,"Butte County, CA",Moderate,0,High-wage investment-income counties,0.9443738860905649,0.8887477721824093,2,Small transfer-reliant counties
06009,"Calaveras County, CA",Moderate,0,High-wage investment-income counties,0.9007276080794577,0.8014552167231201,2,Small transfer-reliant counties
06011,"Colusa County, CA",Moderate,0,High-wage investment-income counties,0.9998347344448848,0.9996694688897695,2,Small transfer-reliant counties
06013,"Contra Costa County, CA",Very High,0,High-wage investment-income counties,0.998315782193534,0.9966315643870696,2,Small transfer-reliant counties
06015,"Del Norte County, CA",High,2,Small transfer-reliant counties,0.8528923336306248,0.7057846672612511,0,High-wage investment-income counties
06017,"El Dorado County, CA",Moderate,0,High-wage investment-income counties,0.9965103833908086,0.9930207667816158,2,Small transfer-reliant counties
06019,"Fresno County, CA",High,0,High-wage investment-income counties,0.9501427532220011,0.9002855064440033,2,Small transfer-reliant counties
06021,"Glenn County, CA",Low,0,High-wage investment-income counties,0.8825563984371919,0.765112800091813,2,Small transfer-reliant counties
06023,"Humboldt County, CA",High,0,High-wage investment-income counties,0.9937232031491576,0.9874464062983153,2,Small transfer-reliant counties
06025,"Imperial County, CA",High,2,Small transfer-reliant counties,0.8228355295452514,0.6456710590905033,0,High-wage investment-income counties
06027,"Inyo County, CA",Low,0,High-wage investment-income counties,0.9981291232716327,0.996258246543533,2,Small transfer-reliant counties
06029,"Kern County, CA",High,2,Small transfer-reliant counties,0.5139273995004381,0.02785479900087645,0,High-wage investment-income counties
06031,"Kings County, CA",Moderate,2,Small transfer-reliant counties,0.5923569134063672,0.18471412829666667,0,High-wage investment-income counties
06033,"Lake County, CA",Moderate,2,Small transfer-reliant counties,0.9296660978637546,0.8593321957275326,0,High-wage investment-income counties
06035,"Lassen County, CA",Low,2,Small transfer-reliant counties,0.9125588966467946,0.82511779329695,0,High-wage investment-income counties
06037,"Los Angeles County, CA",Very High,0,High-wage investment-income counties,0.9997619617259489,0.9995239234518994,2,Small transfer-reliant counties
06039,"Madera County, CA",High,2,Small transfer-reliant counties,0.5106396195429578,0.021279239085915558,0,High-wage investment-income counties
06041,"Marin County, CA",High,0,High-wage investment-income counties,0.9999893808603898,0.9999787617207796,2,Small transfer-reliant counties
06043,"Mariposa County, CA",Moderate,0,High-wage investment-income counties,0.9402801056036225,0.8805602112072433,2,Small transfer-reliant counties
06045,"Mendocino County, CA",High,0,High-wage investment-income counties,0.9059185784091529,0.811837156818305,2,Small transfer-reliant counties
06047,"Merced County, CA",High,2,Small transfer-reliant counties,0.7041127285744049,0.40822545714931757,0,High-wage investment-income counties
06049,"Modoc County, CA",Very Low,2,Small transfer-reliant counties,0.5887080212126625,0.17741604242532366,0,High-wage investment-income counties
06051,"Mono County, CA",Low,0,High-wage investment-income counties,0.9998286779364243,0.9996573558728473,2,Small transfer-reliant counties
06053,"Monterey County, CA",High,0,High-wage investment-income counties,0.9996000983975829,0.999200196795167,2,Small transfer-reliant counties
06055,"Napa County, CA",High,0,High-wage investment-income counties,0.9999595551920781,0.9999191103841569,2,Small transfer-reliant counties
06057,"Nevada County, CA",Moderate,0,High-wage investment-income counties,0.9984134494345811,0.9968268988691631,2,Small transfer-reliant counties
06059,"Orange County, CA",Very High,0,High-wage investment-income counties,0.9999033574709865,0.9998067149419744,2,Small transfer-reliant counties
06061,"Placer County, CA",Moderate,0,High-wage investment-income counties,0.999716529864199,0.9994330597283989,2,Small transfer-reliant counties
06063,"Plumas County, CA",Moderate,0,High-wage investment-income counties,0.9817304110767838,0.963460822153566,2,Small transfer-reliant counties
06065,"Riverside County, CA",Very High,0,High-wage investment-income counties,0.9467490999142547,0.8934981998285083,2,Small transfer-reliant counties
06067,"Sacramento County, CA",High,0,High-wage investment-income counties,0.9979885188819305,0.995977037763862,2,Small transfer-reliant counties
06069,"San Benito County, CA",Moderate,0,High-wage investment-income counties,0.919589489757657,0.839179029710609,2,Small transfer-reliant counties
06071,"San Bernardino County, CA",Very High,0,High-wage investment-income counties,0.9321401937728837,0.8642803875457664,2,Small transfer-reliant counties
06073,"San Diego County, CA",Very High,0,High-wage investment-income counties,0.9997172333772891,0.9994344667545767,2,Small transfer-reliant counties
06075,"San Francisco County, CA",Very High,0,High-wage investment-income counties,0.9999960394048012,0.9999920788096017,2,Small transfer-reliant counties
06077,"San Joaquin County, CA",High,0,High-wage investment-income counties,0.944206798885292,0.8884135977705839,2,Small transfer-reliant counties
06079,"San Luis Obispo County, CA",High,0,High-wage investment-income counties,0.9997861980487068,0.9995723960974128,2,Small transfer-reliant counties
06081,"San Mateo County, CA",High,0,High-wage investment-income counties,0.9999993189108994,0.9999986378218001,2,Small transfer-reliant counties
06083,"Santa Barbara County, CA",High,0,High-wage investment-income counties,0.9998918219292766,0.9997836438585548,2,Small transfer-reliant counties
06085,"Santa Clara County, CA",Very High,0,High-wage investment-income counties,0.999998069266534,0.9999961385330677,2,Small transfer-reliant counties
06087,"Santa Cruz County, CA",High,0,High-wage investment-income counties,0.9990310905558779,0.998062181111756,2,Small transfer-reliant counties
06089,"Shasta County, CA",Moderate,0,High-wage investment-income counties,0.8867909947750757,0.773582017427831,2,Small transfer-reliant counties
06091,"Sierra County, CA",Very Low,0,High-wage investment-income counties,0.9649813183807237,0.9299626367614455,2,Small transfer-reliant counties
06093,"Siskiyou County, CA",Moderate,0,High-wage investment-income counties,0.9316213971795272,0.8632427943590543,2,Small transfer-reliant counties
06095,"Solano County, CA",High,0,High-wage investment-income counties,0.926801419464194,0.8536030592970578,2,Small transfer-reliant counties
06097,"Sonoma County, CA",High,0,High-wage investment-income counties,0.9998737173564464,0.999747434712892,2,Small transfer-reliant counties
06099,"Stanislaus County, CA",High,0,High-wage investment-income counties,0.8448797333979291,0.6897594667958579,2,Small transfer-reliant counties
06101,"Sutter County, CA",Moderate,0,High-wage investment-income counties,0.8337679177355439,0.6675358354711933,2,Small transfer-reliant counties
06103,"Tehama County, CA",Moderate,2,Small transfer-reliant counties,0.6669371088762455,0.3338742364816658,0,High-wage investment-income counties
06105,"Trinity County, CA",Low,2,Small transfer-reliant counties,0.7677069136758029,0.5354138555045926,0,High-wage investment-income counties
06107,"Tulare County, CA",High,2,Small transfer-reliant counties,0.5816255438519814,0.16325108770396357,0,High-wage investment-income counties
06109,"Tuolumne County, CA",Moderate,0,High-wage investment-income counties,0.8536054478276275,0.7072108956552537,2,Small transfer-reliant counties
06111,"Ventura County, CA",High,0,High-wage investment-income counties,0.9977568723572802,0.9955137447145621,2,Small transfer-reliant counties
06113,"Yolo County, CA",Moderate,0,High-wage investment-income counties,0.9996969566183117,0.9993939132366252,2,Small transfer-reliant counties
06115,"Yuba County, CA",Low,2,Small transfer-reliant counties,0.8384424952501475,0.6768849905003014,0,High-wage investment-income counties
08001,"Adams County, CO",Moderate,0,High-wage investment-income counties,0.9922893255681628,0.9845786511363263,2,Small transfer-reliant counties
08003,"Alamosa County, CO",Very Low,2,Small transfer-reliant counties,0.9298364333535684,0.859672866707137,0,High-wage investment-income counties
08005,"Arapahoe County, CO",Moderate,0,High-wage investment-income counties,0.9998249091107015,0.9996498182214021,2,Small transfer-reliant counties
08007,"Archuleta County, CO",Very Low,0,High-wage investment-income counties,0.9868241506946837,0.9736483013893685,2,Small transfer-reliant counties
08009,"Baca County, CO",Very Low,0,High-wage investment-income counties,0.5485072269440163,0.09701445388803204,2,Small transfer-reliant counties
08011,"Bent County, CO",Very Low,2,Small transfer-reliant counties,0.8795022484867245,0.7590044969734484,0,High-wage investment-income counties
08013,"Boulder County, CO",Moderate,0,High-wage investment-income counties,0.9999768771273554,0.9999537542547098,2,Small transfer-reliant counties
08014,"Broomfield County, CO",Very Low,0,High-wage investment-income counties,0.9999221593821285,0.999844318764257,2,Small transfer-reliant counties
08015,"Chaffee County, CO",Low,0,High-wage investment-income counties,0.9991922302852478,0.9983844605704965,2,Small transfer-reliant counties
08017,"Cheyenne County, CO",Very Low,0,High-wage investment-income counties,0.9999900467888148,0.9999800935776282,2,Small transfer-reliant counties
08019,"Clear Creek County, CO",Low,0,High-wage investment-income counties,0.9990219849455724,0.9980439698911443,2,Small transfer-reliant counties
08021,"Conejos County, CO",Very Low,2,Small transfer-reliant counties,0.9381689954444964,0.8763379908889913,0,High-wage investment-income counties
08023,"Costilla County, CO",Very Low,2,Small transfer-reliant counties,0.9778259497661065,0.9556518995322132,0,High-wage investment-income counties
08025,"Crowley County, CO",Very Low,2,Small transfer-reliant counties,0.9632734637665528,0.9265469275331052,0,High-wage investment-income counties
08027,"Custer County, CO",Very Low,0,High-wage investment-income counties,0.556210480648196,0.11242096129639056,2,Small transfer-reliant counties
08029,"Delta County, CO",Low,2,Small transfer-reliant counties,0.804062552809943,0.6081251056198874,0,High-wage investment-income counties
08031,"Denver County, CO",High,0,High-wage investment-income counties,0.999979348370015,0.9999586967400302,2,Small transfer-reliant counties
08033,"Dolores County, CO",Very Low,2,Small transfer-reliant counties,0.9504175948978855,0.9008351897957699,0,High-wage investment-income counties
08035,"Douglas County, CO",Moderate,0,High-wage investment-income counties,0.998570061447038,0.9971401228940773,2,Small transfer-reliant counties
08037,"Eagle County, CO",Low,0,High-wage investment-income counties,0.9999936292613115,0.9999872585226224,2,Small transfer-reliant counties
08039,"Elbert County, CO",Very Low,0,High-wage investment-income counties,0.9890541949505997,0.9781083900126337,2,Small transfer-reliant counties
08041,"El Paso County, CO",Moderate,0,High-wage investment-income counties,0.9990878506573977,0.9981757013147946,2,Small transfer-reliant counties
08043,"Fremont County, CO",Low,2,Small transfer-reliant counties,0.5901729275782835,0.18034585964839805,0,High-wage investment-income counties
08045,"Garfield County, CO",Low,0,High-wage investment-income counties,0.999731676644943,0.9994633532898856,2,Small transfer-reliant counties
08047,"Gilpin County, CO",Very Low,0,High-wage investment-income counties,0.9999205920288643,0.99984118405773,2,Small transfer-reliant counties
08049,"Grand County, CO",Low,0,High-wage investment-income counties,0.9990006527888128,0.9980013055776245,2,Small transfer-reliant counties
08051,"Gunnison County, CO",Low,0,High-wage investment-income counties,0.9998286071254228,0.9996572142508469,2,Small transfer-reliant counties
08053,"Hinsdale County, CO",Very Low,0,High-wage investment-income counties,0.9986777360551604,0.9973554721103197,2,Small transfer-reliant counties
08055,"Huerfano County, CO",Very Low,2,Small transfer-reliant counties,0.8934251359702516,0.7868502719405049,0,High-wage investment-income counties
08057,"Jackson County, CO",Very Low,0,High-wage investment-income counties,0.9994487613250176,0.9988975226500367,2,Small transfer-reliant counties
08059,"Jefferson County, CO",High,0,High-wage investment-income counties,0.9998850569205748,0.9997701138411504,2,Small transfer-reliant counties
08061,"Kiowa County, CO",Very Low,0,High-wage investment-income counties,0.9050829197751494,0.8101658395502989,2,Small transfer-reliant counties
08063,"Kit Carson County, CO",Very Low,0,High-wage investment-income counties,0.9931154011932349,0.9862308023864709,2,Small transfer-reliant counties
08065,"Lake County, CO",Very Low,0,High-wage investment-income counties,0.9986522455038678,0.9973044910077364,2,Small transfer-reliant counties
08067,"La Plata County, CO",Low,0,High-wage investment-income counties,0.9998808910194305,0.9997617820388612,2,Small transfer-reliant counties
08069,"Larimer County, CO",Moderate,0,High-wage investment-income counties,0.9996659789635609,0.9993319579271219,2,Small transfer-reliant counties
08071,"Las Animas County, CO",Very Low,2,Small transfer-reliant counties,0.956784753184664,0.9135695063693269,0,High-wage investment-income counties
08073,"Lincoln County, CO",Very Low,0,High-wage investment-income counties,0.8082100479070421,0.6180009323126758,2,Small transfer-reliant counties
08075,"Logan County, CO",Low,0,High-wage investment-income counties,0.5415706723709103,0.08314134474181895,2,Small transfer-reliant counties
08077,"Mesa County, CO",Low,0,High-wage investment-income counties,0.9989805849466149,0.997961169909597,2,Small transfer-reliant counties
08079,"Mineral County, CO",Very Low,0,High-wage investment-income counties,0.9996896849300294,0.999379369860059,2,Small transfer-reliant counties
08081,"Moffat County, CO",Very Low,0,High-wage investment-income counties,0.9581554384735234,0.9163108769470478,2,Small transfer-reliant counties
08083,"Montezuma County, CO",Low,2,Small transfer-reliant counties,0.7873558884828283,0.5747117769656556,0,High-wage investment-income counties
08085,"Montrose County, CO",Low,0,High-wage investment-income counties,0.9721588179745448,0.9443176359490886,2,Small transfer-reliant counties
08087,"Morgan County, CO",Low,0,High-wage investment-income counties,0.9530136805115413,0.9060273610230843,2,Small transfer-reliant counties
08089,"Otero County, CO",Low,2,Small transfer-reliant counties,0.9747522969272828,0.9495045938545668,0,High-wage investment-income counties
08091,"Ouray County, CO",Very Low,0,High-wage investment-income counties,0.9997993339111975,0.9995986678223958,2,Small transfer-reliant counties
08093,"Park County, CO",Very Low,0,High-wage investment-income counties,0.9953012746957364,0.9906025493914717,2,Small transfer-reliant counties
08095,"Phillips County, CO",Very Low,0,High-wage investment-income counties,0.9387274698816335,0.8774549397632653,2,Small transfer-reliant counties
08097,"Pitkin County, CO",Low,0,High-wage investment-income counties,0.999999999525528,0.9999999990510573,2,Small transfer-reliant counties
08099,"Prowers County, CO",Low,2,Small transfer-reliant counties,0.9295553528810949,0.8591107057621912,0,High-wage investment-income counties
08101,"Pueblo County, CO",Moderate,2,Small transfer-reliant counties,0.8818825648059843,0.7637651296134444,0,High-wage investment-income counties
08103,"Rio Blanco County, CO",Very Low,0,High-wage investment-income counties,0.9981469973628447,0.9962939947289606,2,Small transfer-reliant counties
08105,"Rio Grande County, CO",Low,0,High-wage investment-income counties,0.8488545388200008,0.6977090776400019,2,Small transfer-reliant counties
08107,"Routt County, CO",Very Low,0,High-wage investment-income counties,0.9999896782406917,0.9999793564813824,2,Small transfer-reliant counties
08109,"Saguache County, CO",Very Low,2,Small transfer-reliant counties,0.7453349896257617,0.4906699792515241,0,High-wage investment-income counties
08111,"San Juan County, CO",Very Low,0,High-wage investment-income counties,0.9988083049177979,0.9976166098357884,2,Small transfer-reliant counties
08113,"San Miguel County, CO",Very Low,0,High-wage investment-income counties,0.9999985604673279,0.9999971209346576,2,Small transfer-reliant counties
08115,"Sedgwick County, CO",Very Low,0,High-wage investment-income counties,0.5458047508047391,0.09160950160947756,2,Small transfer-reliant counties
08117,"Summit County, CO",Low,0,High-wage investment-income counties,0.9999762199720865,0.9999524399441738,2,Small transfer-reliant counties
08119,"Teller County, CO",Very Low,0,High-wage investment-income counties,0.992702943257482,0.9854058865193027,2,Small transfer-reliant counties
08121,"Washington County, CO",Very Low,2,Small transfer-reliant counties,0.6984177230840213,0.3968354461680415,0,High-wage investment-income counties
08123,"Weld County, CO",Moderate,0,High-wage investment-income counties,0.9901141490618538,0.9802282981237086,2,Small transfer-reliant counties
08125,"Yuma County, CO",Very Low,0,High-wage investment-income counties,0.9251732531463552,0.8503465062927118,2,Small transfer-reliant counties
09110,"Capitol Planning Region, CT",High,3,Large high-wage metro counties,0.8385287727563386,0.7031998813488541,0,High-wage investment-income counties
09120,"Greater Bridgeport Planning Region, CT",Moderate,3,Large high-wage metro counties,0.7148712243657915,0.5554935587696805,0,High-wage investment-income counties
09130,"Lower Connecticut River Valley Planning Region, CT",Moderate,3,Large high-wage metro counties,0.9941485030463333,0.9903315282479865,0,High-wage investment-income counties
09140,"Naugatuck Valley Planning Region, CT",Moderate,3,Large high-wage metro counties,0.4741958671549785,0.19844814521286858,0,High-wage investment-income counties
09150,"Northeastern Connecticut Planning Region, CT",Low,2,Small transfer-reliant counties,0.5015949654783055,0.0691885840931783,0,High-wage investment-income counties
09160,"Northwest Hills Planning Region, CT",Low,3,Large high-wage metro counties,0.4758232820329471,0.22031630194513974,0,High-wage investment-income counties
09170,"South Central Connecticut Planning Region, CT",High,3,Large high-wage metro counties,0.9876464679794213,0.9773736648167374,0,High-wage investment-income counties
09180,"Southeastern Connecticut Planning Region, CT",Moderate,3,Large high-wage metro counties,0.99225038774493,0.9859784211506359,0,High-wage investment-income counties
09190,"Western Connecticut Planning Region, CT",High,0,High-wage investment-income counties,0.5855478710599804,0.25618381369159915,3,Large high-wage metro counties
10001,"Kent County, DE",Moderate,0,High-wage investment-income counties,0.9999438832423723,0.9998877664847455,2,Small transfer-reliant counties
10003,"New Castle County, DE",High,2,Small transfer-reliant counties,0.9768186726435629,0.9536373452871247,0,High-wage investment-income counties
10005,"Sussex County, DE",Moderate,2,Small transfer-reliant counties,0.9038888680473923,0.8077777375099299,0,High-wage investment-income counties
11001,"District of Columbia, DC",High,3,Large high-wage metro counties,0.9985590516899653,0.9976023243403248,0,High-wage investment-income counties
12001,"Alachua County, FL",Moderate,3,Large high-wage metro counties,0.9992216738092567,0.998719525472321,0,High-wage investment-income counties
12003,"Baker County, FL",Very Low,3,Large high-wage metro counties,0.6066640399220512,0.21471937066667668,4,Larger average-economy counties
12005,"Bay County, FL",Moderate,3,Large high-wage metro counties,0.39567751718006955,0.025227277363823408,0,High-wage investment-income counties
12007,"Bradford County, FL",Very Low,4,Larger average-economy counties,0.9911905936609908,0.9832038044443419,3,Large high-wage metro counties
12009,"Brevard County, FL",High,3,Large high-wage metro counties,0.9909747921290128,0.9847991892199426,0,High-wage investment-income counties
12011,"Broward County, FL",High,3,Large high-wage metro counties,0.5246624784863688,0.17973872388040874,0,High-wage investment-income counties
12013,"Calhoun County, FL",Low,1,Smaller mixed-economy counties,0.9994493040033772,0.9990764053268515,0,High-wage investment-income counties
12015,"Charlotte County, FL",High,0,High-wage investment-income counties,0.7728293840272312,0.5465516705011564,2,Small transfer-reliant counties
12017,"Citrus County, FL",High,0,High-wage investment-income counties,0.7970683559397417,0.6288034809144771,2,Small transfer-reliant counties
12019,"Clay County, FL",Moderate,3,Large high-wage metro counties,0.9997211420229042,0.9995382881900438,0,High-wage investment-income counties
12021,"Collier County, FL",High,0,High-wage investment-income counties,0.4899706335974665,0.22759842068326253,2,Small transfer-reliant counties
12023,"Columbia County, FL",Low,4,Larger average-economy counties,0.5536751674605498,0.10947980774426025,3,Large high-wage metro counties
12027,"DeSoto County, FL",Moderate,3,Large high-wage metro counties,0.9628456910342758,0.9309374911568987,4,Larger average-economy counties
12029,"Dixie County, FL",Very Low,1,Smaller mixed-economy counties,0.9992582099751816,0.9986167104909907,0,High-wage investment-income counties
12031,"Duval County, FL",High,3,Large high-wage metro counties,0.9985118194774939,0.9975118750941617,0,High-wage investment-income counties
12033,"Escambia County, FL",High,3,Large high-wage metro counties,0.9998335676404102,0.9997295167390298,0,High-wage investment-income counties
12035,"Flagler County, FL",Moderate,4,Larger average-economy counties,0.6245851042671581,0.3623326296852898,3,Large high-wage metro counties
12037,"Franklin County, FL",Low,1,Smaller mixed-economy counties,0.6697592510018155,0.3455642648546236,4,Larger average-economy counties
12039,"Gadsden County, FL",Low,4,Larger average-economy counties,0.9265592550736723,0.8536914526183687,3,Large high-wage metro counties
12041,"Gilchrist County, FL",Very Low,4,Larger average-economy counties,0.5797520194990884,0.19654755310046046,3,Large high-wage metro counties
12043,"Glades County, FL",Low,4,Larger average-economy counties,0.5323376929319747,0.2819819540934243,0,High-wage investment-income counties
12045,"Gulf County, FL",Low,1,Smaller mixed-economy counties,0.9909981020986038,0.9834433137588009,0,High-wage investment-income counties
12047,"Hamilton County, FL",Low,1,Smaller mixed-economy counties,0.9991465915968415,0.998747191279477,4,Larger average-economy counties
12049,"Hardee County, FL",Low,3,Large high-wage metro counties,0.767444455970679,0.5371758649667875,4,Larger average-economy counties
12051,"Hendry County, FL",Low,0,High-wage investment-income counties,0.6232705172886674,0.24702281684165445,2,Small transfer-reliant counties
12053,"Hernando County, FL",Moderate,3,Large high-wage metro counties,0.4452952303876593,0.09842739902118292,0,High-wage investment-income counties
12055,"Highlands County, FL",Moderate,0,High-wage investment-income counties,0.5517393035887332,0.32506779530579,4,Larger average-economy counties
12057,"Hillsborough County, FL",High,3,Large high-wage metro counties,0.617966338914106,0.34796521213717396,0,High-wage investment-income counties
12059,"Holmes County, FL",Low,1,Smaller mixed-economy counties,0.998911420721591,0.9979876282909061,4,Larger average-economy counties
12061,"Indian River County, FL",High,0,High-wage investment-income counties,0.6894438616758884,0.3895502196812192,2,Small transfer-reliant counties
12063,"Jackson County, FL",Low,4,Larger average-economy counties,0.7194069562312089,0.4395904083077639,1,Smaller mixed-economy counties
12065,"Jefferson County, FL",Very Low,4,Larger average-economy counties,0.922470812291369,0.8488037626593826,1,Smaller mixed-economy counties
12067,"Lafayette County, FL",Very Low,0,High-wage investment-income counties,0.45848170917675674,0.13344609702945537,4,Larger average-economy counties
12069,"Lake County, FL",Moderate,3,Large high-wage metro counties,0.9834629192660905,0.9716836924261271,0,High-wage investment-income counties
12071,"Lee County, FL",High,3,Large high-wage metro counties,0.7114415470188729,0.5139922471939461,0,High-wage investment-income counties
12073,"Leon County, FL",Moderate,3,Large high-wage metro counties,0.999698095619721,0.9995056890481567,0,High-wage investment-income counties
12075,"Levy County, FL",Low,4,Larger average-economy counties,0.987165771724662,0.9798009816660213,3,Large high-wage metro counties
12077,"Liberty County, FL",Very Low,1,Smaller mixed-economy counties,0.9654361544358282,0.9377413945202779,0,High-wage investment-income counties
12079,"Madison County, FL",Low,1,Smaller mixed-economy counties,0.9792403953334744,0.9590183380374697,4,Larger average-economy counties
12081,"Manatee County, FL",High,3,Large high-wage metro counties,0.97739445032611,0.9618870669771743,0,High-wage investment-income counties
12083,"Marion County, FL",High,3,Large high-wage metro counties,0.6736185607585742,0.43310545709534637,0,High-wage investment-income counties
12085,"Martin County, FL",Moderate,0,High-wage investment-income counties,0.4120290560026253,0.10804729125588236,3,Large high-wage metro counties
12086,"Miami-Dade County, FL",Very High,0,High-wage investment-income counties,0.7911473219341956,0.5888393344934941,2,Small transfer-reliant counties
12087,"Monroe County, FL",Moderate,3,Large high-wage metro counties,0.9949167983068024,0.9915163324455001,0,High-wage investment-income counties
12089,"Nassau County, FL",Low,4,Larger average-economy counties,0.6561707299573416,0.33196224581056616,3,Large high-wage metro counties
12091,"Okaloosa County, FL",Moderate,3,Large high-wage metro counties,0.9987629633607795,0.9979616095757693,0,High-wage investment-income counties
12093,"Okeechobee County, FL",Low,3,Large high-wage metro counties,0.9657421685935408,0.9321793053000993,4,Larger average-economy counties
12095,"Orange County, FL",High,0,High-wage investment-income counties,0.5706993813916389,0.33484616629530417,3,Large high-wage metro counties
12097,"Osceola County, FL",Moderate,0,High-wage investment-income counties,0.6617224609977791,0.4292308775304904,2,Small transfer-reliant counties
12099,"Palm Beach County, FL",High,3,Large high-wage metro counties,0.5340220903696621,0.21520570254379412,0,High-wage investment-income counties
12101,"Pasco County, FL",High,3,Large high-wage metro counties,0.9970561498497054,0.9949536038385044,0,High-wage investment-income counties
12103,"Pinellas County, FL",High,0,High-wage investment-income counties,0.6527036828175566,0.30790835410378864,2,Small transfer-reliant counties
12105,"Polk County, FL",High,3,Large high-wage metro counties,0.9974615770820399,0.9956747250493084,0,High-wage investment-income counties
12107,"Putnam County, FL",Low,4,Larger average-economy counties,0.9801209371481996,0.9610240651354042,3,Large high-wage metro counties
12109,"St. Johns County, FL",Moderate,3,Large high-wage metro counties,0.9964512178136875,0.9938251893625115,0,High-wage investment-income counties
12111,"St. Lucie County, FL",High,3,Large high-wage metro counties,0.9952575748974776,0.9919525284896239,0,High-wage investment-income counties
12113,"Santa Rosa County, FL",Moderate,3,Large high-wage metro counties,0.9992800226484212,0.99878962462702,0,High-wage investment-income counties
12115,"Sarasota County, FL",High,0,High-wage investment-income counties,0.6877474223020147,0.3908277390071717,2,Small transfer-reliant counties
12117,"Seminole County, FL",Moderate,3,Large high-wage metro counties,0.9986595277084038,0.9977898469591733,0,High-wage investment-income counties
12119,"Sumter County, FL",Moderate,0,High-wage investment-income counties,0.8480235681455995,0.6960985298603611,2,Small transfer-reliant counties
12121,"Suwannee County, FL",Low,4,Larger average-economy counties,0.993315363890517,0.9905925574284753,1,Smaller mixed-economy counties
12123,"Taylor County, FL",Low,4,Larger average-economy counties,0.9850268673027568,0.9748952602462642,1,Smaller mixed-economy counties
12125,"Union County, FL",Very Low,1,Smaller mixed-economy counties,0.9987767818744108,0.9977160771118728,0,High-wage investment-income counties
12127,"Volusia County, FL",High,3,Large high-wage metro counties,0.923293157160232,0.8708734399466271,0,High-wage investment-income counties
12129,"Wakulla County, FL",Low,4,Larger average-economy counties,0.962836044493382,0.9426425717284188,0,High-wage investment-income counties
12131,"Walton County, FL",Moderate,3,Large high-wage metro counties,0.9870915634643964,0.9776846871128384,0,High-wage investment-income counties
12133,"Washington County, FL",Low,4,Larger average-economy counties,0.9924418324625015,0.9858314336112844,1,Smaller mixed-economy counties
13001,"Appling County, GA",Low,4,Larger average-economy counties,0.9656590829419119,0.9337656781286645,3,Large high-wage metro counties
13003,"Atkinson County, GA",Very Low,3,Large high-wage metro counties,0.9879273909948134,0.9802064919086012,0,High-wage investment-income counties
13005,"Bacon County, GA",Very Low,1,Smaller mixed-economy counties,0.9947661342628903,0.9922260699556329,0,High-wage investment-income counties
13007,"Baker County, GA",Very Low,1,Smaller mixed-economy counties,0.9651979129997226,0.934794318222116,0,High-wage investment-income counties
13009,"Baldwin County, GA",Low,4,Larger average-economy counties,0.9967064331615046,0.9949903366510146,1,Smaller mixed-economy counties
13011,"Banks County, GA",Very Low,0,High-wage investment-income counties,0.7520182891006938,0.5127736235414375,2,Small transfer-reliant counties
13013,"Barrow County, GA",Low,3,Large high-wage metro counties,0.9892310269197968,0.9818523721316325,0,High-wage investment-income counties
13015,"Bartow County, GA",Low,3,Large high-wage metro counties,0.9939202010206626,0.9902643983873064,0,High-wage investment-income counties
13017,"Ben Hill County, GA",Very Low,4,Larger average-economy counties,0.9683147037306891,0.9371555051734003,1,Smaller mixed-economy counties
13019,"Berrien County, GA",Very Low,1,Smaller mixed-economy counties,0.691727310678672,0.3852909442703364,4,Larger average-economy counties
13021,"Bibb County, GA",Low,3,Large high-wage metro counties,0.9898384750729665,0.9804807500533458,4,Larger average-economy counties
13023,"Bleckley County, GA",Very Low,1,Smaller mixed-economy counties,0.9777072609293966,0.9575185086455745,4,Larger average-economy counties
13025,"Brantley County, GA",Very Low,4,Larger average-economy counties,0.8971959752192392,0.7948357702358335,1,Smaller mixed-economy counties
13027,"Brooks County, GA",Very Low,4,Larger average-economy counties,0.986611372297224,0.9809532857812779,0,High-wage investment-income counties
13029,"Bryan County, GA",Low,3,Large high-wage metro counties,0.9824255812011837,0.9697053347350765,0,High-wage investment-income counties
13031,"Bulloch County, GA",Low,3,Large high-wage metro counties,0.9996802546530243,0.99946644173864,0,High-wage investment-income counties
13033,"Burke County, GA",Very Low,4,Larger average-economy counties,0.7068453464352865,0.41561990280633043,1,Smaller mixed-economy counties
13035,"Butts County, GA",Very Low,4,Larger average-economy counties,0.9945091928789203,0.9925331955701144,1,Smaller mixed-economy counties
13037,"Calhoun County, GA",Very Low,1,Smaller mixed-economy counties,0.9992923859182743,0.9986689629389105,0,High-wage investment-income counties
13039,"Camden County, GA",Low,0,High-wage investment-income counties,0.4393492750181599,0.12625698161655607,3,Large high-wage metro counties
13043,"Candler County, GA",Very Low,1,Smaller mixed-economy counties,0.9962045478234938,0.9938721373854466,4,Larger average-economy counties
13045,"Carroll County, GA",Low,3,Large high-wage metro counties,0.9996957054348204,0.9995050060802747,0,High-wage investment-income counties
13047,"Catoosa County, GA",Low,4,Larger average-economy counties,0.9967055383184249,0.9942526351352855,3,Large high-wage metro counties
13049,"Charlton County, GA",Very Low,1,Smaller mixed-economy counties,0.9633780035376543,0.946197884864049,4,Larger average-economy counties
13051,"Chatham County, GA",High,3,Large high-wage metro counties,0.9997705554899794,0.9996259815113084,0,High-wage investment-income counties
13053,"Chattahoochee County, GA",Very Low,0,High-wage investment-income counties,0.7333360417593533,0.4666902224830097,2,Small transfer-reliant counties
13055,"Chattooga County, GA",Low,4,Larger average-economy counties,0.7795030619826422,0.5598046330844879,1,Smaller mixed-economy counties
13057,"Cherokee County, GA",Moderate,3,Large high-wage metro counties,0.9992247138864612,0.9986980091007231,0,High-wage investment-income counties
13059,"Clarke County, GA",Low,3,Large high-wage metro counties,0.9979517647853536,0.99659016150441,0,High-wage investment-income counties
13061,"Clay County, GA",Very Low,1,Smaller mixed-economy counties,0.9930541286549693,0.9868001196858317,0,High-wage investment-income counties
13063,"Clayton County, GA",Moderate,3,Large high-wage metro counties,0.9963148129592823,0.9938871535104896,0,High-wage investment-income counties
13065,"Clinch County, GA",Very Low,4,Larger average-economy counties,0.9444086141184924,0.920565994274786,3,Large high-wage metro counties
13067,"Cobb County, GA",High,3,Large high-wage metro counties,0.9984572918942273,0.9974271921357738,0,High-wage investment-income counties
13069,"Coffee County, GA",Low,3,Large high-wage metro counties,0.9276854127478112,0.8568285715030715,4,Larger average-economy counties
13071,"Colquitt County, GA",Low,3,Large high-wage metro counties,0.9996348214111357,0.999400699383394,0,High-wage investment-income counties
13073,"Columbia County, GA",Low,3,Large high-wage metro counties,0.9995214633410914,0.9992057365189272,0,High-wage investment-income counties
13075,"Cook County, GA",Very Low,4,Larger average-economy counties,0.6853299615433457,0.3748221843490079,3,Large high-wage metro counties
13077,"Coweta County, GA",Low,3,Large high-wage metro counties,0.9998264412037701,0.9997126721157149,0,High-wage investment-income counties
13079,"Crawford County, GA",Very Low,1,Smaller mixed-economy counties,0.9998536467320436,0.9997320530070294,0,High-wage investment-income counties
13081,"Crisp County, GA",Low,1,Smaller mixed-economy counties,0.6551815054351222,0.31435714404665055,4,Larger average-economy counties
13083,"Dade County, GA",Very Low,1,Smaller mixed-economy counties,0.9996840545077792,0.9994566302021615,0,High-wage investment-income counties
13085,"Dawson County, GA",Very Low,0,High-wage investment-income counties,0.7297146675731818,0.46488181598231526,2,Small transfer-reliant counties
13087,"Decatur County, GA",Low,4,Larger average-economy counties,0.9976427927724932,0.9965613971622241,3,Large high-wage metro counties
13089,"DeKalb County, GA",Moderate,3,Large high-wage metro counties,0.9916794525615612,0.9859054768785949,0,High-wage investment-income counties
13091,"Dodge County, GA",Low,4,Larger average-economy counties,0.6557375424464886,0.31186928640920464,1,Smaller mixed-economy counties
13093,"Dooly County, GA",Very Low,1,Smaller mixed-economy counties,0.7141583499599843,0.44201779176860345,4,Larger average-economy counties
13095,"Dougherty County, GA",Moderate,4,Larger average-economy counties,0.9358762185945988,0.9027187574353313,3,Large high-wage metro counties
13097,"Douglas County, GA",Low,3,Large high-wage metro counties,0.9997106479760945,0.9995262497807561,0,High-wage investment-income counties
13099,"Early County, GA",Low,1,Smaller mixed-economy counties,0.9940332164524712,0.9883075034464278,4,Larger average-economy counties
13101,"Echols County, GA",Very Low,4,Larger average-economy counties,0.9365649758357015,0.8814733703112113,3,Large high-wage metro counties
13103,"Effingham County, GA",Low,3,Large high-wage metro counties,0.99867342546099,0.9977526532425511,0,High-wage investment-income counties
13105,"Elbert County, GA",Very Low,4,Larger average-economy counties,0.8294588642750411,0.65943452199737,1,Smaller mixed-economy counties
13107,"Emanuel County, GA",Very Low,4,Larger average-economy counties,0.9972661484781764,0.9955421678447038,1,Smaller mixed-economy counties
13109,"Evans County, GA",Very Low,4,Larger average-economy counties,0.9954719216711694,0.992821751700558,1,Smaller mixed-economy counties
13111,"Fannin County, GA",Low,1,Smaller mixed-economy counties,0.4713850625868822,0.012878092921460083,0,High-wage investment-income counties
13113,"Fayette County, GA",Low,3,Large high-wage metro counties,0.9992853603727705,0.9988401066002848,0,High-wage investment-income counties
13115,"Floyd County, GA",Moderate,3,Large high-wage metro counties,0.9276571205199184,0.855725875436168,4,Larger average-economy counties
13117,"Forsyth County, GA",Moderate,3,Large high-wage metro counties,0.8346322683704234,0.7203523815566882,0,High-wage investment-income counties
13119,"Franklin County, GA",Very Low,4,Larger average-economy counties,0.6700177767901301,0.3706563089153362,3,Large high-wage metro counties
13121,"Fulton County, GA",High,3,Large high-wage metro counties,0.9933852706687589,0.988916107047313,0,High-wage investment-income counties
13123,"Gilmer County, GA",Low,4,Larger average-economy counties,0.8701388146502602,0.7438616261592932,3,Large high-wage metro counties
13125,"Glascock County, GA",Very Low,0,High-wage investment-income counties,0.8880803591553061,0.785771825855442,2,Small transfer-reliant counties
13127,"Glynn County, GA",Moderate,3,Large high-wage metro counties,0.8587269687350538,0.7180584805662258,4,Larger average-economy counties
13129,"Gordon County, GA",Low,3,Large high-wage metro counties,0.6710074083560092,0.3436158920445809,4,Larger average-economy counties
13131,"Grady County, GA",Low,4,Larger average-economy counties,0.7556652931638738,0.5179164650193232,3,Large high-wage metro counties
13133,"Greene County, GA",Very Low,4,Larger average-economy counties,0.9738345526161315,0.9621785320258027,1,Smaller mixed-economy counties
13135,"Gwinnett County, GA",High,3,Large high-wage metro counties,0.9558302828382335,0.9242892608960209,0,High-wage investment-income counties
13137,"Habersham County, GA",Very Low,3,Large high-wage metro counties,0.9890000044939392,0.9802008829822713,4,Larger average-economy counties
13139,"Hall County, GA",Moderate,3,Large high-wage metro counties,0.9996906696849569,0.9994866351073223,0,High-wage investment-income counties
13141,"Hancock County, GA",Very Low,1,Smaller mixed-economy counties,0.999554389984999,0.9991644253954707,0,High-wage investment-income counties
13143,"Haralson County, GA",Very Low,4,Larger average-economy counties,0.9892363798354938,0.980689082111277,1,Smaller mixed-economy counties
13145,"Harris County, GA",Very Low,4,Larger average-economy counties,0.8577702448493418,0.7177139738722471,3,Large high-wage metro counties
13147,"Hart County, GA",Very Low,4,Larger average-economy counties,0.9922153038791043,0.9886772029675176,1,Smaller mixed-economy counties
13149,"Heard County, GA",Very Low,1,Smaller mixed-economy counties,0.9992394477807427,0.998734943568937,0,High-wage investment-income counties
13151,"Henry County, GA",Low,3,Large high-wage metro counties,0.9997650540457929,0.9996078473640152,0,High-wage investment-income counties
13153,"Houston County, GA",Low,3,Large high-wage metro counties,0.9996570410171808,0.9994333025758577,0,High-wage investment-income counties
13155,"Irwin County, GA",Very Low,1,Smaller mixed-economy counties,0.9360777872482066,0.88356458111842,0,High-wage investment-income counties
13157,"Jackson County, GA",Very Low,0,High-wage investment-income counties,0.6603946418716055,0.41462572676489373,2,Small transfer-reliant counties
13159,"Jasper County, GA",Very Low,0,High-wage investment-income counties,0.6510602012000274,0.41558837925864744,2,Small transfer-reliant counties
13161,"Jeff Davis County, GA",Very Low,4,Larger average-economy counties,0.9856633576198548,0.9717140289356644,1,Smaller mixed-economy counties
13163,"Jefferson County, GA",Very Low,4,Larger average-economy counties,0.5274837785466692,0.05579182074400829,1,Smaller mixed-economy counties
13165,"Jenkins County, GA",Very Low,1,Smaller mixed-economy counties,0.9967471534728689,0.9945053200178495,4,Larger average-economy counties
13167,"Johnson County, GA",Very Low,1,Smaller mixed-economy counties,0.9997240948775576,0.9994990170444374,0,High-wage investment-income counties
13169,"Jones County, GA",Very Low,4,Larger average-economy counties,0.908374812288146,0.8170774360254867,1,Smaller mixed-economy counties
13171,"Lamar County, GA",Very Low,4,Larger average-economy counties,0.9903240489056584,0.9864879172379838,1,Smaller mixed-economy counties
13173,"Lanier County, GA",Very Low,4,Larger average-economy counties,0.6258925431247977,0.3311387872652067,3,Large high-wage metro counties
13175,"Laurens County, GA",Low,3,Large high-wage metro counties,0.92828299117581,0.8577516787446264,4,Larger average-economy counties
13177,"Lee County, GA",Very Low,3,Large high-wage metro counties,0.989151463535737,0.9788636865939649,4,Larger average-economy counties
13179,"Liberty County, GA",Moderate,0,High-wage investment-income counties,0.6025148061146612,0.20544933495938628,2,Small transfer-reliant counties
13181,"Lincoln County, GA",Very Low,1,Smaller mixed-economy counties,0.916217818964114,0.8352792623599772,4,Larger average-economy counties
13183,"Long County, GA",Very Low,0,High-wage investment-income counties,0.6825921241142527,0.36518828598278213,2,Small transfer-reliant counties
13185,"Lowndes County, GA",Low,3,Large high-wage metro counties,0.9995259570708266,0.9992273095925164,0,High-wage investment-income counties
13187,"Lumpkin County, GA",Low,4,Larger average-economy counties,0.7879147638806455,0.5784667235540696,3,Large high-wage metro counties
13189,"McDuffie County, GA",Very Low,1,Smaller mixed-economy counties,0.9518965179929787,0.9051248393693051,4,Larger average-economy counties
13191,"McIntosh County, GA",Low,1,Smaller mixed-economy counties,0.9972312665134124,0.9947552389381944,0,High-wage investment-income counties
13193,"Macon County, GA",Very Low,1,Smaller mixed-economy counties,0.9459144597971199,0.8939253018192922,4,Larger average-economy counties
13195,"Madison County, GA",Very Low,3,Large high-wage metro counties,0.9502281632986262,0.9019549808055637,4,Larger average-economy counties
13197,"Marion County, GA",Very Low,1,Smaller mixed-economy counties,0.9888988216501331,0.9817466017836909,0,High-wage investment-income counties
13199,"Meriwether County, GA",Very Low,1,Smaller mixed-economy counties,0.9465262382437234,0.8936817547636708,4,Larger average-economy counties
13201,"Miller County, GA",Very Low,1,Smaller mixed-economy counties,0.999510753664552,0.9990725637803126,0,High-wage investment-income counties
13205,"Mitchell County, GA",Low,4,Larger average-economy counties,0.7373102961531196,0.4750621082080389,1,Smaller mixed-economy counties
13207,"Monroe County, GA",Very Low,4,Larger average-economy counties,0.9882356074197876,0.9842668983757671,3,Large high-wage metro counties
13209,"Montgomery County, GA",Very Low,4,Larger average-economy counties,0.9787124004200093,0.9582653731199489,1,Smaller mixed-economy counties
13211,"Morgan County, GA",Very Low,4,Larger average-economy counties,0.8678714248702425,0.7385588026864804,3,Large high-wage metro counties
13213,"Murray County, GA",Low,4,Larger average-economy counties,0.9780806197631962,0.9564303388090144,3,Large high-wage metro counties
13215,"Muscogee County, GA",Moderate,3,Large high-wage metro counties,0.9966640675431101,0.9946466437399282,0,High-wage investment-income counties
13217,"Newton County, GA",Low,3,Large high-wage metro counties,0.9995729884106893,0.9992948977462486,0,High-wage investment-income counties
13219,"Oconee County, GA",Very Low,3,Large high-wage metro counties,0.9111445087674372,0.8511411530846228,0,High-wage investment-income counties
13221,"Oglethorpe County, GA",Very Low,4,Larger average-economy counties,0.9736578082767056,0.9565916082254967,1,Smaller mixed-economy counties
13223,"Paulding County, GA",Low,3,Large high-wage metro counties,0.9994787306587577,0.999125653992806,0,High-wage investment-income counties
13225,"Peach County, GA",Very Low,4,Larger average-economy counties,0.9470825964596519,0.895696724049647,3,Large high-wage metro counties
13227,"Pickens County, GA",Very Low,4,Larger average-economy counties,0.9874175616245474,0.9763489488496908,3,Large high-wage metro counties
13229,"Pierce County, GA",Very Low,1,Smaller mixed-economy counties,0.9815157246710599,0.9701424270251656,4,Larger average-economy counties
13231,"Pike County, GA",Very Low,4,Larger average-economy counties,0.9956112768865958,0.992457310373714,3,Large high-wage metro counties
13233,"Polk County, GA",Low,3,Large high-wage metro counties,0.9313741186609575,0.8634557799743654,4,Larger average-economy counties
13235,"Pulaski County, GA",Very Low,1,Smaller mixed-economy counties,0.9994946561059546,0.9990628947952369,0,High-wage investment-income counties
13237,"Putnam County, GA",Low,4,Larger average-economy counties,0.9277493549104084,0.8734890824894108,3,Large high-wage metro counties
13239,"Quitman County, GA",Very Low,1,Smaller mixed-economy counties,0.9483475214146523,0.9008618814264963,0,High-wage investment-income counties
13241,"Rabun County, GA",Low,0,High-wage investment-income counties,0.6383113588230821,0.3985893604491666,2,Small transfer-reliant counties
13243,"Randolph County, GA",Very Low,1,Smaller mixed-economy counties,0.9989602857411197,0.998030552297287,0,High-wage investment-income counties
13245,"Richmond County, GA",Moderate,3,Large high-wage metro counties,0.999369025787558,0.9989996105011304,0,High-wage investment-income counties
13247,"Rockdale County, GA",Low,3,Large high-wage metro counties,0.9996074032303514,0.9994079702932909,4,Larger average-economy counties
13249,"Schley County, GA",Very Low,1,Smaller mixed-economy counties,0.9656811774978756,0.9405179604436884,0,High-wage investment-income counties
13251,"Screven County, GA",Low,1,Smaller mixed-economy counties,0.5880893342740231,0.17711596810131652,4,Larger average-economy counties
13253,"Seminole County, GA",Very Low,1,Smaller mixed-economy counties,0.9984414062853083,0.9970726910576806,4,Larger average-economy counties
13255,"Spalding County, GA",Very Low,3,Large high-wage metro counties,0.971789018609742,0.9448385505079886,4,Larger average-economy counties
13257,"Stephens County, GA",Very Low,4,Larger average-economy counties,0.9843288715308642,0.9692988732099939,1,Smaller mixed-economy counties
13259,"Stewart County, GA",Very Low,0,High-wage investment-income counties,0.8480043233173131,0.696330559414364,2,Small transfer-reliant counties
13261,"Sumter County, GA",Low,4,Larger average-economy counties,0.9956264943814218,0.9923801183894381,1,Smaller mixed-economy counties
13263,"Talbot County, GA",Very Low,1,Smaller mixed-economy counties,0.9401608228938982,0.8838806009692878,0,High-wage investment-income counties
13265,"Taliaferro County, GA",Very Low,0,High-wage investment-income counties,0.9484060765667143,0.9035160353146978,2,Small transfer-reliant counties
13267,"Tattnall County, GA",Low,4,Larger average-economy counties,0.9765449963608188,0.9534184204089327,1,Smaller mixed-economy counties
13269,"Taylor County, GA",Very Low,1,Smaller mixed-economy counties,0.9622249679807398,0.9249121892426547,4,Larger average-economy counties
13271,"Telfair County, GA",Very Low,1,Smaller mixed-economy counties,0.9993041061424098,0.9987989451514829,0,High-wage investment-income counties
13273,"Terrell County, GA",Very Low,1,Smaller mixed-economy counties,0.9993641602927693,0.9989284430510218,0,High-wage investment-income counties
13275,"Thomas County, GA",Low,4,Larger average-economy counties,0.991523609351007,0.9832644150574895,3,Large high-wage metro counties
13277,"Tift County, GA",Low,3,Large high-wage metro counties,0.9925369329629532,0.9856423917344298,4,Larger average-economy counties
13279,"Toombs County, GA",Very Low,3,Large high-wage metro counties,0.7867463241076188,0.5743129170866018,4,Larger average-economy counties
13281,"Towns County, GA",Very Low,0,High-wage investment-income counties,0.8272750482629797,0.6575545383030879,2,Small transfer-reliant counties
13283,"Treutlen County, GA",Very Low,1,Smaller mixed-economy counties,0.9993165057488606,0.9987349041193473,0,High-wage investment-income counties
13285,"Troup County, GA",Low,3,Large high-wage metro counties,0.9994567972335777,0.9992240831344946,0,High-wage investment-income counties
13287,"Turner County, GA",Very Low,4,Larger average-economy counties,0.9934660040151716,0.9877297638074636,1,Smaller mixed-economy counties
13289,"Twiggs County, GA",Very Low,1,Smaller mixed-economy counties,0.9755428581492351,0.9527803437399562,0,High-wage investment-income counties
13291,"Union County, GA",Low,0,High-wage investment-income counties,0.7773563420877,0.5560477857297978,2,Small transfer-reliant counties
13293,"Upson County, GA",Very Low,4,Larger average-economy counties,0.8653939243830299,0.7311219933365714,1,Smaller mixed-economy counties
13295,"Walker County, GA",Low,4,Larger average-economy counties,0.9667011837429369,0.9337037858764896,1,Smaller mixed-economy counties
13297,"Walton County, GA",Low,3,Large high-wage metro counties,0.9957597585112598,0.9929321340118371,0,High-wage investment-income counties
13299,"Ware County, GA",Low,4,Larger average-economy counties,0.9116097038125314,0.8234901372770642,3,Large high-wage metro counties
13301,"Warren County, GA",Very Low,1,Smaller mixed-economy counties,0.9973117084499031,0.9949689788657017,0,High-wage investment-income counties
13303,"Washington County, GA",Very Low,1,Smaller mixed-economy counties,0.8086005227670839,0.6180384660387224,4,Larger average-economy counties
13305,"Wayne County, GA",Low,4,Larger average-economy counties,0.990359716168606,0.9822380322748314,3,Large high-wage metro counties
13307,"Webster County, GA",Very Low,4,Larger average-economy counties,0.946878399933706,0.9109177868318832,0,High-wage investment-income counties
13309,"Wheeler County, GA",Very Low,1,Smaller mixed-economy counties,0.9890830129996825,0.9797759157597167,0,High-wage investment-income counties
13311,"White County, GA",Low,4,Larger average-economy counties,0.9934866587622603,0.9910350619205308,1,Smaller mixed-economy counties
13313,"Whitfield County, GA",Moderate,3,Large high-wage metro counties,0.9996648279450692,0.9994650314054515,0,High-wage investment-income counties
13315,"Wilcox County, GA",Very Low,1,Smaller mixed-economy counties,0.9976135829196423,0.9954967200082188,0,High-wage investment-income counties
13317,"Wilkes County, GA",Very Low,1,Smaller mixed-economy counties,0.9990452802602783,0.9984468426035479,0,High-wage investment-income counties
13319,"Wilkinson County, GA",Very Low,1,Smaller mixed-economy counties,0.9992700070270993,0.9987723501592415,4,Larger average-economy counties
13321,"Worth County, GA",Very Low,1,Smaller mixed-economy counties,0.9975049538875749,0.995165028104291,4,Larger average-economy counties
15001,"Hawaii County, HI",High,3,Large high-wage metro counties,0.9998521700415611,0.9997580938750171,0,High-wage investment-income counties
15003,"Honolulu County, HI",High,3,Large high-wage metro counties,0.9908769702812888,0.985087275758738,0,High-wage investment-income counties
15005,"Kalawao County, HI",Very Low,0,High-wage investment-income counties,0.9640057910636083,0.9336701261699162,2,Small transfer-reliant counties
15007,"Kauai County, HI",Moderate,3,Large high-wage metro counties,0.9997447971972675,0.9996056625048904,0,High-wage investment-income counties
15009,"Maui County, HI",Moderate,3,Large high-wage metro counties,0.9972960166360348,0.995520930103239,0,High-wage investment-income counties
16001,"Ada County, ID",Moderate,3,Large high-wage metro counties,0.9989288725585357,0.998196154055932,0,High-wage investment-income counties
16003,"Adams County, ID",Very Low,0,High-wage investment-income counties,0.6337493597124739,0.44219611766882055,4,Larger average-economy counties
16005,"Bannock County, ID",Low,3,Large high-wage metro counties,0.9998079653865103,0.9996904201296641,0,High-wage investment-income counties
16007,"Bear Lake County, ID",Very Low,4,Larger average-economy counties,0.9839909789882231,0.9717646846619451,1,Smaller mixed-economy counties
16009,"Benewah County, ID",Very Low,4,Larger average-economy counties,0.9212228980348766,0.8459378345690948,1,Smaller mixed-economy counties
16011,"Bingham County, ID",Low,4,Larger average-economy counties,0.5462046802017473,0.3513440066694923,3,Large high-wage metro counties
16013,"Blaine County, ID",Low,3,Large high-wage metro counties,0.9649552455915854,0.9415238273190996,0,High-wage investment-income counties
16015,"Boise County, ID",Low,0,High-wage investment-income counties,0.722494661439709,0.4473356279526342,2,Small transfer-reliant counties
16017,"Bonner County, ID",Low,3,Large high-wage metro counties,0.8739256837020885,0.758363149292858,4,Larger average-economy counties
16019,"Bonneville County, ID",Moderate,3,Large high-wage metro counties,0.9937663613803672,0.9894823647713857,0,High-wage investment-income counties
16021,"Boundary County, ID",Very Low,4,Larger average-economy counties,0.9375953650118838,0.8853551757140182,3,Large high-wage metro counties
16023,"Butte County, ID",Very Low,1,Smaller mixed-economy counties,0.9605830722748653,0.9256296905819801,0,High-wage investment-income counties
16025,"Camas County, ID",Very Low,0,High-wage investment-income counties,0.7899366215190439,0.5798778013131077,2,Small transfer-reliant counties
16027,"Canyon County, ID",Low,3,Large high-wage metro counties,0.9969091277179091,0.9947511881347031,0,High-wage investment-income counties
16029,"Caribou County, ID",Very Low,4,Larger average-economy counties,0.833004278315567,0.6922443798949729,3,Large high-wage metro counties
16031,"Cassia County, ID",Low,3,Large high-wage metro counties,0.9986918878256592,0.9978034770732268,0,High-wage investment-income counties
16033,"Clark County, ID",Very Low,1,Smaller mixed-economy counties,0.7744025250789468,0.5767277510021056,0,High-wage investment-income counties
16035,"Clearwater County, ID",Low,1,Smaller mixed-economy counties,0.9911639627346961,0.983741276599419,0,High-wage investment-income counties
16037,"Custer County, ID",Low,1,Smaller mixed-economy counties,0.9341622379249822,0.9032696978352158,0,High-wage investment-income counties
16039,"Elmore County, ID",Low,3,Large high-wage metro counties,0.9974372705983456,0.995648731140172,0,High-wage investment-income counties
16041,"Franklin County, ID",Very Low,0,High-wage investment-income counties,0.6227536491659356,0.43245489250734553,4,Larger average-economy counties
16043,"Fremont County, ID",Very Low,3,Large high-wage metro counties,0.8318523242294438,0.6764267104963452,4,Larger average-economy counties
16045,"Gem County, ID",Very Low,0,High-wage investment-income counties,0.639937644119079,0.337618173903831,2,Small transfer-reliant counties
16047,"Gooding County, ID",Very Low,3,Large high-wage metro counties,0.9978302390972326,0.9965769997907261,0,High-wage investment-income counties
16049,"Idaho County, ID",Low,4,Larger average-economy counties,0.9806355642186901,0.9618974264911702,1,Smaller mixed-economy counties
16051,"Jefferson County, ID",Very Low,3,Large high-wage metro counties,0.9698301428984726,0.9479493703361234,0,High-wage investment-income counties
16053,"Jerome County, ID",Very Low,3,Large high-wage metro counties,0.9989682281874638,0.9982628653443575,0,High-wage investment-income counties
16055,"Kootenai County, ID",Low,0,High-wage investment-income counties,0.6868278181539291,0.47099414847691273,2,Small transfer-reliant counties
16057,"Latah County, ID",Very Low,3,Large high-wage metro counties,0.9997595599491189,0.9996006285335249,0,High-wage investment-income counties
16059,"Lemhi County, ID",Very Low,1,Smaller mixed-economy counties,0.9979644972482246,0.9961720566794952,0,High-wage investment-income counties
16061,"Lewis County, ID",Very Low,1,Smaller mixed-economy counties,0.997423206611851,0.9951447051211179,0,High-wage investment-income counties
16063,"Lincoln County, ID",Very Low,4,Larger average-economy counties,0.8777412934961032,0.8261524090075912,0,High-wage investment-income counties
16065,"Madison County, ID",Low,0,High-wage investment-income counties,0.5309434641643005,0.22549499531111872,3,Large high-wage metro counties
16067,"Minidoka County, ID",Very Low,4,Larger average-economy counties,0.9238158602838802,0.8877479761795894,3,Large high-wage metro counties
16069,"Nez Perce County, ID",Very Low,4,Larger average-economy counties,0.9663702460646023,0.9332211926418993,1,Smaller mixed-economy counties
16071,"Oneida County, ID",Very Low,0,High-wage investment-income counties,0.8022874583158519,0.6404412371011619,2,Small transfer-reliant counties
16073,"Owyhee County, ID",Low,3,Large high-wage metro counties,0.9043456003334329,0.8634253352126562,0,High-wage investment-income counties
16075,"Payette County, ID",Very Low,4,Larger average-economy counties,0.620868374799192,0.3638565513784088,0,High-wage investment-income counties
16077,"Power County, ID",Very Low,3,Large high-wage metro counties,0.9312595938648485,0.870638120829643,4,Larger average-economy counties
16079,"Shoshone County, ID",Low,4,Larger average-economy counties,0.944356251042866,0.8910123006422801,1,Smaller mixed-economy counties
16081,"Teton County, ID",Very Low,3,Large high-wage metro counties,0.8542458580109418,0.7469169642626751,0,High-wage investment-income counties
16083,"Twin Falls County, ID",Low,3,Large high-wage metro counties,0.9998118051319445,0.9996881863978339,0,High-wage investment-income counties
16085,"Valley County, ID",Low,0,High-wage investment-income counties,0.7945781877978322,0.6086098154193003,2,Small transfer-reliant counties
16087,"Washington County, ID",Very Low,4,Larger average-economy counties,0.9673302277049133,0.9460892119819431,0,High-wage investment-income counties
17001,"Adams County, IL",Low,4,Larger average-economy counties,0.9754256800136418,0.9513645399382132,1,Smaller mixed-economy counties
17003,"Alexander County, IL",Low,0,High-wage investment-income counties,0.9682190799802591,0.9366543167068279,2,Small transfer-reliant counties
17005,"Bond County, IL",Very Low,1,Smaller mixed-economy counties,0.8118104100678326,0.6251415999182239,4,Larger average-economy counties
17007,"Boone County, IL",Low,4,Larger average-economy counties,0.9978310574831355,0.9966251405941094,3,Large high-wage metro counties
17009,"Brown County, IL",Very Low,1,Smaller mixed-economy counties,0.9970662882907732,0.9951615892620179,4,Larger average-economy counties
17011,"Bureau County, IL",Low,4,Larger average-economy counties,0.8400835422809657,0.6804246698165441,1,Smaller mixed-economy counties
17013,"Calhoun County, IL",Very Low,1,Smaller mixed-economy counties,0.9993910991340785,0.9988606480461684,0,High-wage investment-income counties
17015,"Carroll County, IL",Very Low,1,Smaller mixed-economy counties,0.9952057993604164,0.9905912282954347,4,Larger average-economy counties
17017,"Cass County, IL",Very Low,3,Large high-wage metro counties,0.8270582866741203,0.6713118522219264,4,Larger average-economy counties
17019,"Champaign County, IL",Moderate,3,Large high-wage metro counties,0.9982051533703873,0.9969764984800137,0,High-wage investment-income counties
17021,"Christian County, IL",Low,1,Smaller mixed-economy counties,0.8957017629352434,0.7920567709901402,4,Larger average-economy counties
17023,"Clark County, IL",Very Low,1,Smaller mixed-economy counties,0.9764053193638049,0.9530553507257232,4,Larger average-economy counties
17025,"Clay County, IL",Very Low,1,Smaller mixed-economy counties,0.9990092125919936,0.9985208447390481,0,High-wage investment-income counties
17027,"Clinton County, IL",Low,4,Larger average-economy counties,0.9964925940138368,0.9933503939263293,3,Large high-wage metro counties
17029,"Coles County, IL",Low,4,Larger average-economy counties,0.9906369717011245,0.9819239743816642,3,Large high-wage metro counties
17031,"Cook County, IL",Very High,3,Large high-wage metro counties,0.6220871517198889,0.3632228756834749,0,High-wage investment-income counties
17033,"Crawford County, IL",Very Low,1,Smaller mixed-economy counties,0.998217502711809,0.9973721691830532,0,High-wage investment-income counties
17035,"Cumberland County, IL",Very Low,1,Smaller mixed-economy counties,0.995500790251263,0.9914993709564861,4,Larger average-economy counties
17037,"DeKalb County, IL",Low,3,Large high-wage metro counties,0.993946093165278,0.9893289750747787,4,Larger average-economy counties
17039,"De Witt County, IL",Very Low,1,Smaller mixed-economy counties,0.9995314309916247,0.9991260244974526,0,High-wage investment-income counties
17041,"Douglas County, IL",Low,4,Larger average-economy counties,0.8074684531314151,0.6162024688177516,3,Large high-wage metro counties
17043,"DuPage County, IL",High,3,Large high-wage metro counties,0.9973402029166143,0.9956147579273109,0,High-wage investment-income counties
17045,"Edgar County, IL",Very Low,1,Smaller mixed-economy counties,0.9996815612863988,0.9994551613527894,0,High-wage investment-income counties
17047,"Edwards County, IL",Very Low,1,Smaller mixed-economy counties,0.9989382530887024,0.9981393798340099,0,High-wage investment-income counties
17049,"Effingham County, IL",Low,4,Larger average-economy counties,0.973675951192128,0.9476400555337281,3,Large high-wage metro counties
17051,"Fayette County, IL",Low,1,Smaller mixed-economy counties,0.9307674344736403,0.8622910206844507,4,Larger average-economy counties
17053,"Ford County, IL",Very Low,1,Smaller mixed-economy counties,0.5813637791930424,0.16781989320433782,4,Larger average-economy counties
17055,"Franklin County, IL",Low,1,Smaller mixed-economy counties,0.9063631340891495,0.8130678294950906,4,Larger average-economy counties
17057,"Fulton County, IL",Low,1,Smaller mixed-economy counties,0.9997230587179717,0.9995171063754393,0,High-wage investment-income counties
17059,"Gallatin County, IL",Very Low,0,High-wage investment-income counties,0.5645253512815426,0.15523103126017007,1,Smaller mixed-economy counties
17061,"Greene County, IL",Very Low,1,Smaller mixed-economy counties,0.999228856652324,0.9985540126539054,0,High-wage investment-income counties
17063,"Grundy County, IL",Low,4,Larger average-economy counties,0.7471694562323905,0.4950576069809134,3,Large high-wage metro counties
17065,"Hamilton County, IL",Very Low,1,Smaller mixed-economy counties,0.999730304456161,0.9995040436044473,0,High-wage investment-income counties
17067,"Hancock County, IL",Very Low,1,Smaller mixed-economy counties,0.9646837255438828,0.9302288574580672,4,Larger average-economy counties
17069,"Hardin County, IL",Very Low,0,High-wage investment-income counties,0.55033339678105,0.1267536793909647,1,Smaller mixed-economy counties
17071,"Henderson County, IL",Very Low,1,Smaller mixed-economy counties,0.9993648678041008,0.9987987178269863,0,High-wage investment-income counties
17073,"Henry County, IL",Low,4,Larger average-economy counties,0.7426471699316903,0.48670475243927536,1,Smaller mixed-economy counties
17075,"Iroquois County, IL",Low,1,Smaller mixed-economy counties,0.9984212424731014,0.9971800557020821,4,Larger average-economy counties
17077,"Jackson County, IL",Moderate,3,Large high-wage metro counties,0.8001268847792569,0.6409009464807547,4,Larger average-economy counties
17079,"Jasper County, IL",Very Low,1,Smaller mixed-economy counties,0.9970930529507461,0.9943389312194884,4,Larger average-economy counties
17081,"Jefferson County, IL",Low,4,Larger average-economy counties,0.9435650970563831,0.8873970384419563,1,Smaller mixed-economy counties
17083,"Jersey County, IL",Very Low,1,Smaller mixed-economy counties,0.9927627915964031,0.9856923039621955,4,Larger average-economy counties
17085,"Jo Daviess County, IL",Low,1,Smaller mixed-economy counties,0.9963099838702261,0.9927498703030585,4,Larger average-economy counties
17087,"Johnson County, IL",Low,1,Smaller mixed-economy counties,0.8451503130376006,0.6909138521558853,4,Larger average-economy counties
17089,"Kane County, IL",High,3,Large high-wage metro counties,0.9986860847092611,0.9978732196769631,0,High-wage investment-income counties
17091,"Kankakee County, IL",Moderate,4,Larger average-economy counties,0.9603050290776539,0.9215537809006248,3,Large high-wage metro counties
17093,"Kendall County, IL",Low,3,Large high-wage metro counties,0.9969118876199102,0.9949296718488377,0,High-wage investment-income counties
17095,"Knox County, IL",Low,4,Larger average-economy counties,0.9881391297715014,0.9799733180435991,3,Large high-wage metro counties
17097,"Lake County, IL",High,3,Large high-wage metro counties,0.9991853724490006,0.9986708972833747,0,High-wage investment-income counties
17099,"La Salle County, IL",Moderate,4,Larger average-economy counties,0.9969504040795969,0.9949449518706005,3,Large high-wage metro counties
17101,"Lawrence County, IL",Low,1,Smaller mixed-economy counties,0.9997174211981911,0.9994840337903559,0,High-wage investment-income counties
17103,"Lee County, IL",Low,4,Larger average-economy counties,0.8853170006822171,0.7711137478608957,1,Smaller mixed-economy counties
17105,"Livingston County, IL",Low,4,Larger average-economy counties,0.8628982453167561,0.7261195636158863,1,Smaller mixed-economy counties
17107,"Logan County, IL",Low,1,Smaller mixed-economy counties,0.6944102097281721,0.3892011635163285,4,Larger average-economy counties
17109,"McDonough County, IL",Very Low,4,Larger average-economy counties,0.8548888624590659,0.7139742320232579,1,Smaller mixed-economy counties
17111,"McHenry County, IL",Moderate,3,Large high-wage metro counties,0.9084827600649154,0.8365783801125617,4,Larger average-economy counties
17113,"McLean County, IL",Moderate,3,Large high-wage metro counties,0.9995552133981459,0.9992707894287942,0,High-wage investment-income counties
17115,"Macon County, IL",Moderate,4,Larger average-economy counties,0.9818142485429714,0.965475357331295,3,Large high-wage metro counties
17117,"Macoupin County, IL",Low,4,Larger average-economy counties,0.5233474578675653,0.04761016651232597,1,Smaller mixed-economy counties
17119,"Madison County, IL",Moderate,4,Larger average-economy counties,0.9534048695620161,0.9083464716256678,3,Large high-wage metro counties
17121,"Marion County, IL",Low,1,Smaller mixed-economy counties,0.6746412709448005,0.34994845663986046,4,Larger average-economy counties
17123,"Marshall County, IL",Very Low,1,Smaller mixed-economy counties,0.9998621718589343,0.9997765482534842,0,High-wage investment-income counties
17125,"Mason County, IL",Low,1,Smaller mixed-economy counties,0.9993851277592957,0.9988438070887568,0,High-wage investment-income counties
17127,"Massac County, IL",Low,1,Smaller mixed-economy counties,0.9228811522335233,0.8513628151092996,0,High-wage investment-income counties
17129,"Menard County, IL",Very Low,1,Smaller mixed-economy counties,0.986453286141939,0.9735096833127086,4,Larger average-economy counties
17131,"Mercer County, IL",Very Low,1,Smaller mixed-economy counties,0.9817459280082811,0.9639230061349575,4,Larger average-economy counties
17133,"Monroe County, IL",Very Low,4,Larger average-economy counties,0.6179686513211736,0.240779375649182,1,Smaller mixed-economy counties
17135,"Montgomery County, IL",Low,1,Smaller mixed-economy counties,0.9987312578257713,0.9977991793898633,4,Larger average-economy counties
17137,"Morgan County, IL",Low,1,Smaller mixed-economy counties,0.5258628605626435,0.052258699372906225,4,Larger average-economy counties
17139,"Moultrie County, IL",Low,4,Larger average-economy counties,0.7663666745878405,0.5333741433729831,1,Smaller mixed-economy counties
17141,"Ogle County, IL",Low,4,Larger average-economy counties,0.9980376668884263,0.9969697925928862,3,Large high-wage metro counties
17143,"Peoria County, IL",Moderate,3,Large high-wage metro counties,0.9871577973126089,0.979161732235604,0,High-wage investment-income counties
17145,"Perry County, IL",Low,1,Smaller mixed-economy counties,0.78388945203205,0.5690581913357375,4,Larger average-economy counties
17147,"Piatt County, IL",Very Low,4,Larger average-economy counties,0.9637136985574677,0.927760088102812,1,Smaller mixed-economy counties
17149,"Pike County, IL",Very Low,1,Smaller mixed-economy counties,0.9530196237909432,0.9064703719343459,4,Larger average-economy counties
17151,"Pope County, IL",Very Low,0,High-wage investment-income counties,0.6112639215307326,0.24912554773294876,1,Smaller mixed-economy counties
17153,"Pulaski County, IL",Low,1,Smaller mixed-economy counties,0.9687605863865298,0.939673659145546,0,High-wage investment-income counties
17155,"Putnam County, IL",Very Low,1,Smaller mixed-economy counties,0.9996369611244659,0.999335741626881,0,High-wage investment-income counties
17157,"Randolph County, IL",Low,4,Larger average-economy counties,0.9802805203042965,0.9615828499187188,1,Smaller mixed-economy counties
17159,"Richland County, IL",Low,1,Smaller mixed-economy counties,0.8719810558274962,0.7459290762110267,4,Larger average-economy counties
17161,"Rock Island County, IL",Moderate,3,Large high-wage metro counties,0.9979704755328398,0.9969246393922916,0,High-wage investment-income counties
17163,"St. Clair County, IL",High,4,Larger average-economy counties,0.8247362010602453,0.6581245643330673,3,Large high-wage metro counties
17165,"Saline County, IL",Low,1,Smaller mixed-economy counties,0.9997929419632914,0.9996202250394882,0,High-wage investment-income counties
17167,"Sangamon County, IL",Moderate,3,Large high-wage metro counties,0.9459279420685063,0.8940253437342806,4,Larger average-economy counties
17169,"Schuyler County, IL",Very Low,1,Smaller mixed-economy counties,0.999596801675963,0.9993367397101224,0,High-wage investment-income counties
17171,"Scott County, IL",Very Low,1,Smaller mixed-economy counties,0.9981475357699132,0.9965933645724308,4,Larger average-economy counties
17173,"Shelby County, IL",Low,1,Smaller mixed-economy counties,0.9982724449938857,0.9966866550837542,4,Larger average-economy counties
17175,"Stark County, IL",Very Low,1,Smaller mixed-economy counties,0.9812556245792964,0.9632959796955558,4,Larger average-economy counties
17177,"Stephenson County, IL",Low,4,Larger average-economy counties,0.9595969022448391,0.9198613468036937,1,Smaller mixed-economy counties
17179,"Tazewell County, IL",Moderate,4,Larger average-economy counties,0.9955112618350505,0.9916710170353777,1,Smaller mixed-economy counties
17181,"Union County, IL",Low,1,Smaller mixed-economy counties,0.8505865152237029,0.7023085962613296,4,Larger average-economy counties
17183,"Vermilion County, IL",Low,1,Smaller mixed-economy counties,0.5479452665353735,0.10430013442615782,4,Larger average-economy counties
17185,"Wabash County, IL",Very Low,1,Smaller mixed-economy counties,0.8997649538976501,0.800227590152471,4,Larger average-economy counties
17187,"Warren County, IL",Very Low,4,Larger average-economy counties,0.9954941179600922,0.9934915649928193,3,Large high-wage metro counties
17189,"Washington County, IL",Low,1,Smaller mixed-economy counties,0.982041625140954,0.9646867270199214,4,Larger average-economy counties
17191,"Wayne County, IL",Very Low,4,Larger average-economy counties,0.9938703075306684,0.9893263895387134,1,Smaller mixed-economy counties
17193,"White County, IL",Low,1,Smaller mixed-economy counties,0.9992384586640275,0.9985783370737282,0,High-wage investment-income counties
17195,"Whiteside County, IL",Low,4,Larger average-economy counties,0.8334259941201393,0.6674491360853732,1,Smaller mixed-economy counties
17197,"Will County, IL",High,3,Large high-wage metro counties,0.9993438757219889,0.9989386420438987,0,High-wage investment-income counties
17199,"Williamson County, IL",Moderate,4,Larger average-economy counties,0.9960189302582049,0.9924630541810832,1,Smaller mixed-economy counties
17201,"Winnebago County, IL",Moderate,3,Large high-wage metro counties,0.9973009295703797,0.996197612828498,0,High-wage investment-income counties
17203,"Woodford County, IL",Very Low,4,Larger average-economy counties,0.9975608062790677,0.9957928271160827,3,Large high-wage metro counties
18001,"Adams County, IN",Low,3,Large high-wage metro counties,0.8275354955699604,0.7107034670945022,0,High-wage investment-income counties
18003,"Allen County, IN",Moderate,3,Large high-wage metro counties,0.9998262223091801,0.9997161959683285,0,High-wage investment-income counties
18005,"Bartholomew County, IN",Low,3,Large high-wage metro counties,0.9996357447474415,0.9993999195304937,0,High-wage investment-income counties
18007,"Benton County, IN",Very Low,4,Larger average-economy counties,0.9901021262819717,0.9808561515625145,3,Large high-wage metro counties
18009,"Blackford County, IN",Very Low,1,Smaller mixed-economy counties,0.9920219983996735,0.9842683412812205,4,Larger average-economy counties
18011,"Boone County, IN",Low,3,Large high-wage metro counties,0.9877329931770744,0.9794744941709438,0,High-wage investment-income counties
18013,"Brown County, IN",Very Low,1,Smaller mixed-economy counties,0.9984051495399578,0.997059230228034,4,Larger average-economy counties
18015,"Carroll County, IN",Very Low,4,Larger average-economy counties,0.9959746064099343,0.9925050534058608,3,Large high-wage metro counties
18017,"Cass County, IN",Low,3,Large high-wage metro counties,0.9846595409607265,0.9697692957464463,4,Larger average-economy counties
18019,"Clark County, IN",Moderate,3,Large high-wage metro counties,0.9628906748203109,0.9289426986713742,4,Larger average-economy counties
18021,"Clay County, IN",Very Low,1,Smaller mixed-economy counties,0.9070296798896847,0.8146389268429588,4,Larger average-economy counties
18023,"Clinton County, IN",Very Low,3,Large high-wage metro counties,0.9970257356035546,0.9943640052924114,4,Larger average-economy counties
18025,"Crawford County, IN",Very Low,1,Smaller mixed-economy counties,0.9995529817571487,0.9993270979417483,4,Larger average-economy counties
18027,"Daviess County, IN",Low,3,Large high-wage metro counties,0.9993247707651749,0.998868402375295,0,High-wage investment-income counties
18029,"Dearborn County, IN",Low,4,Larger average-economy counties,0.9936791300781374,0.9879211280976379,1,Smaller mixed-economy counties
18031,"Decatur County, IN",Very Low,4,Larger average-economy counties,0.9535939744910336,0.9073908947611413,3,Large high-wage metro counties
18033,"DeKalb County, IN",Very Low,4,Larger average-economy counties,0.9161902337532992,0.8332014836499668,3,Large high-wage metro counties
18035,"Delaware County, IN",Low,4,Larger average-economy counties,0.9752721984814772,0.9510890245751606,3,Large high-wage metro counties
18037,"Dubois County, IN",Low,3,Large high-wage metro counties,0.9978341852389259,0.9958962035129172,4,Larger average-economy counties
18039,"Elkhart County, IN",Moderate,3,Large high-wage metro counties,0.9996583519459212,0.9994398053063313,0,High-wage investment-income counties
18041,"Fayette County, IN",Very Low,4,Larger average-economy counties,0.8564018393203358,0.7130758131678615,1,Smaller mixed-economy counties
18043,"Floyd County, IN",Low,4,Larger average-economy counties,0.9573408425431962,0.9148541599959888,3,Large high-wage metro counties
18045,"Fountain County, IN",Very Low,1,Smaller mixed-economy counties,0.6310405033994505,0.26393666779188213,4,Larger average-economy counties
18047,"Franklin County, IN",Very Low,4,Larger average-economy counties,0.8984692020502143,0.7977786501499993,1,Smaller mixed-economy counties
18049,"Fulton County, IN",Very Low,4,Larger average-economy counties,0.8915805086699716,0.7833824739316978,1,Smaller mixed-economy counties
18051,"Gibson County, IN",Low,4,Larger average-economy counties,0.9967862139254287,0.9940254745825478,3,Large high-wage metro counties
18053,"Grant County, IN",Low,4,Larger average-economy counties,0.9960359347274166,0.9941386177793737,1,Smaller mixed-economy counties
18055,"Greene County, IN",Very Low,4,Larger average-economy counties,0.948366056306216,0.8969985787847037,1,Smaller mixed-economy counties
18057,"Hamilton County, IN",Moderate,3,Large high-wage metro counties,0.9987449953942673,0.9978867391212937,0,High-wage investment-income counties
18059,"Hancock County, IN",Low,3,Large high-wage metro counties,0.9829589792229374,0.97200485361306,4,Larger average-economy counties
18061,"Harrison County, IN",Low,4,Larger average-economy counties,0.9963490888770217,0.993083482808373,3,Large high-wage metro counties
18063,"Hendricks County, IN",Low,3,Large high-wage metro counties,0.9997348647325115,0.9995590032537014,0,High-wage investment-income counties
18065,"Henry County, IN",Low,1,Smaller mixed-economy counties,0.7019690832639971,0.40435397354077396,4,Larger average-economy counties
18067,"Howard County, IN",Low,4,Larger average-economy counties,0.9961281501021878,0.9927843874423297,3,Large high-wage metro counties
18069,"Huntington County, IN",Very Low,4,Larger average-economy counties,0.9869013095181276,0.9739945707866986,3,Large high-wage metro counties
18071,"Jackson County, IN",Low,3,Large high-wage metro counties,0.9997569159863159,0.9995973263808015,0,High-wage investment-income counties
18073,"Jasper County, IN",Very Low,4,Larger average-economy counties,0.9013228204960174,0.8029264967052849,3,Large high-wage metro counties
18075,"Jay County, IN",Very Low,4,Larger average-economy counties,0.9572826044473688,0.9183956204808398,1,Smaller mixed-economy counties
18077,"Jefferson County, IN",Low,4,Larger average-economy counties,0.9973599656683977,0.996032637187752,3,Large high-wage metro counties
18079,"Jennings County, IN",Very Low,4,Larger average-economy counties,0.9977811528623587,0.9964751335695995,3,Large high-wage metro counties
18081,"Johnson County, IN",Low,3,Large high-wage metro counties,0.999845159004608,0.9997435363562919,0,High-wage investment-income counties
18083,"Knox County, IN",Low,4,Larger average-economy counties,0.9941788643413788,0.9891612798429523,1,Smaller mixed-economy counties
18085,"Kosciusko County, IN",Low,3,Large high-wage metro counties,0.9923500586573196,0.9850494242039571,4,Larger average-economy counties
18087,"LaGrange County, IN",Low,0,High-wage investment-income counties,0.521328190175729,0.2765869086870466,3,Large high-wage metro counties
18089,"Lake County, IN",High,3,Large high-wage metro counties,0.9841226721618533,0.9726574642263974,4,Larger average-economy counties
18091,"LaPorte County, IN",Low,4,Larger average-economy counties,0.9950552823191261,0.9905302861901535,3,Large high-wage metro counties
18093,"Lawrence County, IN",Low,4,Larger average-economy counties,0.5882945265108284,0.17691979581759698,1,Smaller mixed-economy counties
18095,"Madison County, IN",Low,4,Larger average-economy counties,0.9966006016098229,0.9943228532031615,3,Large high-wage metro counties
18097,"Marion County, IN",High,3,Large high-wage metro counties,0.9843673967036085,0.9735076127197853,0,High-wage investment-income counties
18099,"Marshall County, IN",Very Low,4,Larger average-economy counties,0.9914794306545198,0.9834242760861571,3,Large high-wage metro counties
18101,"Martin County, IN",Very Low,1,Smaller mixed-economy counties,0.9790724569262926,0.9607620598417156,4,Larger average-economy counties
18103,"Miami County, IN",Low,4,Larger average-economy counties,0.9971644751969996,0.9956665208610986,3,Large high-wage metro counties
18105,"Monroe County, IN",Low,3,Large high-wage metro counties,0.9981387372663116,0.9969185453004479,0,High-wage investment-income counties
18107,"Montgomery County, IN",Very Low,4,Larger average-economy counties,0.9945489499022048,0.9893964825836233,3,Large high-wage metro counties
18109,"Morgan County, IN",Low,4,Larger average-economy counties,0.9671268757226995,0.9350903352097357,3,Large high-wage metro counties
18111,"Newton County, IN",Very Low,4,Larger average-economy counties,0.9958581533501739,0.9932346202354967,1,Smaller mixed-economy counties
18113,"Noble County, IN",Low,3,Large high-wage metro counties,0.9551518652707442,0.9117762913094337,4,Larger average-economy counties
18115,"Ohio County, IN",Very Low,1,Smaller mixed-economy counties,0.9997213712929156,0.9994793550617702,0,High-wage investment-income counties
18117,"Orange County, IN",Very Low,1,Smaller mixed-economy counties,0.72542116666817,0.4512543753476926,4,Larger average-economy counties
18119,"Owen County, IN",Very Low,1,Smaller mixed-economy counties,0.8526485329691534,0.7059081731794211,4,Larger average-economy counties
18121,"Parke County, IN",Very Low,4,Larger average-economy counties,0.49570781270562536,0.012012257609870736,1,Smaller mixed-economy counties
18123,"Perry County, IN",Very Low,4,Larger average-economy counties,0.7429681910330493,0.48647348726033746,1,Smaller mixed-economy counties
18125,"Pike County, IN",Very Low,1,Smaller mixed-economy counties,0.999791033886362,0.9996110991509725,0,High-wage investment-income counties
18127,"Porter County, IN",Moderate,3,Large high-wage metro counties,0.6168193594616845,0.2346761668808761,4,Larger average-economy counties
18129,"Posey County, IN",Low,4,Larger average-economy counties,0.9282049635655013,0.8567026554911771,1,Smaller mixed-economy counties
18131,"Pulaski County, IN",Very Low,1,Smaller mixed-economy counties,0.719086930797512,0.4392806667355946,4,Larger average-economy counties
18133,"Putnam County, IN",Low,4,Larger average-economy counties,0.9904092743359781,0.9810788897916906,3,Large high-wage metro counties
18135,"Randolph County, IN",Very Low,4,Larger average-economy counties,0.9967455622307079,0.9950019476690715,1,Smaller mixed-economy counties
18137,"Ripley County, IN",Low,4,Larger average-economy counties,0.9883642643151578,0.9771095255349126,1,Smaller mixed-economy counties
18139,"Rush County, IN",Very Low,4,Larger average-economy counties,0.9841708971794211,0.9686703086413676,1,Smaller mixed-economy counties
18141,"St. Joseph County, IN",Moderate,3,Large high-wage metro counties,0.9997068054740134,0.999520225790203,0,High-wage investment-income counties
18143,"Scott County, IN",Very Low,4,Larger average-economy counties,0.9586933350543791,0.9178625099118708,1,Smaller mixed-economy counties
18145,"Shelby County, IN",Low,4,Larger average-economy counties,0.5935798442221044,0.18750191911574882,3,Large high-wage metro counties
18147,"Spencer County, IN",Very Low,1,Smaller mixed-economy counties,0.9387698415009642,0.8777682904605705,4,Larger average-economy counties
18149,"Starke County, IN",Very Low,4,Larger average-economy counties,0.9940615757072544,0.9888626789004293,1,Smaller mixed-economy counties
18151,"Steuben County, IN",Very Low,4,Larger average-economy counties,0.9962397829654142,0.9928932631026678,3,Large high-wage metro counties
18153,"Sullivan County, IN",Very Low,1,Smaller mixed-economy counties,0.9945957805760944,0.9896427494710646,4,Larger average-economy counties
18155,"Switzerland County, IN",Very Low,1,Smaller mixed-economy counties,0.8858106517185359,0.7724430048930503,4,Larger average-economy counties
18157,"Tippecanoe County, IN",Moderate,3,Large high-wage metro counties,0.9980745315782643,0.9967712590412618,0,High-wage investment-income counties
18159,"Tipton County, IN",Very Low,4,Larger average-economy counties,0.9937804179971307,0.988257506841607,1,Smaller mixed-economy counties
18161,"Union County, IN",Very Low,1,Smaller mixed-economy counties,0.9976176706160936,0.9958502431294805,4,Larger average-economy counties
18163,"Vanderburgh County, IN",Moderate,3,Large high-wage metro counties,0.9884033157403018,0.9772803925118562,4,Larger average-economy counties
18165,"Vermillion County, IN",Very Low,4,Larger average-economy counties,0.9340566700378622,0.8684349819170468,1,Smaller mixed-economy counties
18167,"Vigo County, IN",Moderate,4,Larger average-economy counties,0.5731684551680447,0.14701820953220995,3,Large high-wage metro counties
18169,"Wabash County, IN",Very Low,1,Smaller mixed-economy counties,0.7966379238897867,0.5935320791659151,4,Larger average-economy counties
18171,"Warren County, IN",Very Low,1,Smaller mixed-economy counties,0.8076318524748843,0.6158083107864645,4,Larger average-economy counties
18173,"Warrick County, IN",Low,4,Larger average-economy counties,0.7666182275856366,0.5335907768154207,3,Large high-wage metro counties
18175,"Washington County, IN",Very Low,4,Larger average-economy counties,0.9731990923111328,0.9466606535878584,1,Smaller mixed-economy counties
18177,"Wayne County, IN",Low,4,Larger average-economy counties,0.9926698033371345,0.9858466658280729,3,Large high-wage metro counties
18179,"Wells County, IN",Very Low,4,Larger average-economy counties,0.9680897332804778,0.9363381631905725,3,Large high-wage metro counties
18181,"White County, IN",Very Low,3,Large high-wage metro counties,0.9645665866268518,0.9314042905699481,4,Larger average-economy counties
18183,"Whitley County, IN",Very Low,4,Larger average-economy counties,0.9907069984462797,0.9817347543098366,3,Large high-wage metro counties
19001,"Adair County, IA",Low,4,Larger average-economy counties,0.5532330753103556,0.10771837728454553,1,Smaller mixed-economy counties
19003,"Adams County, IA",Very Low,1,Smaller mixed-economy counties,0.9978571175676738,0.9960042504973455,0,High-wage investment-income counties
19005,"Allamakee County, IA",Very Low,4,Larger average-economy counties,0.8722794893860688,0.7452321825282835,3,Large high-wage metro counties
19007,"Appanoose County, IA",Very Low,1,Smaller mixed-economy counties,0.9361784865854929,0.8727928172318583,4,Larger average-economy counties
19009,"Audubon County, IA",Very Low,1,Smaller mixed-economy counties,0.9998575558068049,0.9997393325083657,0,High-wage investment-income counties
19011,"Benton County, IA",Very Low,4,Larger average-economy counties,0.9916435372901656,0.9839723465789997,1,Smaller mixed-economy counties
19013,"Black Hawk County, IA",Low,3,Large high-wage metro counties,0.99779744533211,0.9964861743838227,0,High-wage investment-income counties
19015,"Boone County, IA",Very Low,1,Smaller mixed-economy counties,0.7329142549413533,0.4662013941458476,4,Larger average-economy counties
19017,"Bremer County, IA",Very Low,4,Larger average-economy counties,0.9801666584756261,0.9605387656301139,3,Large high-wage metro counties
19019,"Buchanan County, IA",Very Low,4,Larger average-economy counties,0.987407756590608,0.9751548727703386,3,Large high-wage metro counties
19021,"Buena Vista County, IA",Very Low,3,Large high-wage metro counties,0.999108797413807,0.9984821569195609,0,High-wage investment-income counties
19023,"Butler County, IA",Very Low,4,Larger average-economy counties,0.6286978759702664,0.25793255819213806,1,Smaller mixed-economy counties
19025,"Calhoun County, IA",Low,1,Smaller mixed-economy counties,0.9975223359867993,0.9963328152597944,4,Larger average-economy counties
19027,"Carroll County, IA",Low,4,Larger average-economy counties,0.9862180108211565,0.9728899984276935,1,Smaller mixed-economy counties
19029,"Cass County, IA",Low,1,Smaller mixed-economy counties,0.9984562514680289,0.9971341269147773,4,Larger average-economy counties
19031,"Cedar County, IA",Very Low,4,Larger average-economy counties,0.9804611485994933,0.9614046430566819,1,Smaller mixed-economy counties
19033,"Cerro Gordo County, IA",Low,4,Larger average-economy counties,0.9915934122606755,0.9836835952453897,1,Smaller mixed-economy counties
19035,"Cherokee County, IA",Very Low,1,Smaller mixed-economy counties,0.9054373470998187,0.8193251507748097,4,Larger average-economy counties
19037,"Chickasaw County, IA",Very Low,4,Larger average-economy counties,0.9939070917769283,0.989202298260208,3,Large high-wage metro counties
19039,"Clarke County, IA",Very Low,4,Larger average-economy counties,0.9783556652222873,0.9578557434588568,3,Large high-wage metro counties
19041,"Clay County, IA",Very Low,4,Larger average-economy counties,0.9952006780484902,0.9919527455811676,3,Large high-wage metro counties
19043,"Clayton County, IA",Very Low,4,Larger average-economy counties,0.8082779768233807,0.617126762440227,1,Smaller mixed-economy counties
19045,"Clinton County, IA",Low,4,Larger average-economy counties,0.983317037121115,0.9669077704113678,1,Smaller mixed-economy counties
19047,"Crawford County, IA",Low,3,Large high-wage metro counties,0.7301149772421442,0.4625622424942073,4,Larger average-economy counties
19049,"Dallas County, IA",Low,3,Large high-wage metro counties,0.9433538665539627,0.9015882344092968,0,High-wage investment-income counties
19051,"Davis County, IA",Low,3,Large high-wage metro counties,0.9758606612068345,0.9595699316553495,0,High-wage investment-income counties
19053,"Decatur County, IA",Very Low,4,Larger average-economy counties,0.7997990325986358,0.6011575740483872,1,Smaller mixed-economy counties
19055,"Delaware County, IA",Low,4,Larger average-economy counties,0.7014842957961436,0.4076797489800487,1,Smaller mixed-economy counties
19057,"Des Moines County, IA",Low,4,Larger average-economy counties,0.9950358316067528,0.9912533958026385,1,Smaller mixed-economy counties
19059,"Dickinson County, IA",Very Low,4,Larger average-economy counties,0.9246520006589823,0.8508497280453149,1,Smaller mixed-economy counties
19061,"Dubuque County, IA",Low,3,Large high-wage metro counties,0.9591316848241064,0.918902983151844,4,Larger average-economy counties
19063,"Emmet County, IA",Very Low,1,Smaller mixed-economy counties,0.9991656050098194,0.9987622242095845,0,High-wage investment-income counties
19065,"Fayette County, IA",Low,4,Larger average-economy counties,0.5065228817955943,0.01347784116867412,1,Smaller mixed-economy counties
19067,"Floyd County, IA",Low,1,Smaller mixed-economy counties,0.7920289283956555,0.5866122752367353,4,Larger average-economy counties
19069,"Franklin County, IA",Very Low,4,Larger average-economy counties,0.9932613199039253,0.9883835691544882,1,Smaller mixed-economy counties
19071,"Fremont County, IA",Very Low,1,Smaller mixed-economy counties,0.9998149791447133,0.9996550405043122,0,High-wage investment-income counties
19073,"Greene County, IA",Very Low,1,Smaller mixed-economy counties,0.9996386957426237,0.9994359150703728,4,Larger average-economy counties
19075,"Grundy County, IA",Very Low,4,Larger average-economy counties,0.9923834480349558,0.9854097521548033,1,Smaller mixed-economy counties
19077,"Guthrie County, IA",Very Low,1,Smaller mixed-economy counties,0.5106319497273403,0.021894006005410083,4,Larger average-economy counties
19079,"Hamilton County, IA",Low,4,Larger average-economy counties,0.9528743711708574,0.9060895871749063,3,Large high-wage metro counties
19081,"Hancock County, IA",Very Low,1,Smaller mixed-economy counties,0.5251067792484262,0.051043595480362414,4,Larger average-economy counties
19083,"Hardin County, IA",Low,4,Larger average-economy counties,0.8051200715610362,0.6109688304275602,1,Smaller mixed-economy counties
19085,"Harrison County, IA",Very Low,1,Smaller mixed-economy counties,0.7608205506313891,0.5220218877386144,4,Larger average-economy counties
19087,"Henry County, IA",Very Low,4,Larger average-economy counties,0.9633616475626937,0.9282859320989314,1,Smaller mixed-economy counties
19089,"Howard County, IA",Very Low,4,Larger average-economy counties,0.987509076559101,0.9758043480105488,1,Smaller mixed-economy counties
19091,"Humboldt County, IA",Very Low,4,Larger average-economy counties,0.9268759400141198,0.855791347745843,1,Smaller mixed-economy counties
19093,"Ida County, IA",Very Low,1,Smaller mixed-economy counties,0.9786635932334846,0.9596529229782936,4,Larger average-economy counties
19095,"Iowa County, IA",Very Low,1,Smaller mixed-economy counties,0.8549618292107894,0.7113470883063708,4,Larger average-economy counties
19097,"Jackson County, IA",Very Low,4,Larger average-economy counties,0.9680944248363849,0.9365627768276819,1,Smaller mixed-economy counties
19099,"Jasper County, IA",Low,3,Large high-wage metro counties,0.8902716041507878,0.7814200121840786,4,Larger average-economy counties
19101,"Jefferson County, IA",Very Low,0,High-wage investment-income counties,0.7590087651126466,0.5199812557969838,2,Small transfer-reliant counties
19103,"Johnson County, IA",Moderate,3,Large high-wage metro counties,0.9997454101297261,0.9995786319892747,0,High-wage investment-income counties
19105,"Jones County, IA",Very Low,4,Larger average-economy counties,0.9739355211256737,0.94820810912873,1,Smaller mixed-economy counties
19107,"Keokuk County, IA",Very Low,1,Smaller mixed-economy counties,0.943088222317407,0.886545068858164,4,Larger average-economy counties
19109,"Kossuth County, IA",Very Low,4,Larger average-economy counties,0.9620351521751029,0.9246716922395748,1,Smaller mixed-economy counties
19111,"Lee County, IA",Low,4,Larger average-economy counties,0.797269494680637,0.5951722353709916,1,Smaller mixed-economy counties
19113,"Linn County, IA",Moderate,3,Large high-wage metro counties,0.9998752932138127,0.9997963191006793,0,High-wage investment-income counties
19115,"Louisa County, IA",Very Low,4,Larger average-economy counties,0.992499205753026,0.9872681366052759,1,Smaller mixed-economy counties
19117,"Lucas County, IA",Very Low,4,Larger average-economy counties,0.9916127757238206,0.9838244839007299,3,Large high-wage metro counties
19119,"Lyon County, IA",Very Low,4,Larger average-economy counties,0.9960212895146872,0.9941460151684143,1,Smaller mixed-economy counties
19121,"Madison County, IA",Very Low,4,Larger average-economy counties,0.9952458026595267,0.991489087692144,3,Large high-wage metro counties
19123,"Mahaska County, IA",Very Low,4,Larger average-economy counties,0.9950818024781195,0.9905740262983638,3,Large high-wage metro counties
19125,"Marion County, IA",Very Low,4,Larger average-economy counties,0.9975266145439707,0.9959392977956747,1,Smaller mixed-economy counties
19127,"Marshall County, IA",Low,3,Large high-wage metro counties,0.9733546421390072,0.9476891367898328,4,Larger average-economy counties
19129,"Mills County, IA",Very Low,1,Smaller mixed-economy counties,0.9515375757666357,0.9038192105136477,4,Larger average-economy counties
19131,"Mitchell County, IA",Very Low,4,Larger average-economy counties,0.984154434495527,0.9688683810531302,1,Smaller mixed-economy counties
19133,"Monona County, IA",Very Low,1,Smaller mixed-economy counties,0.9998147520462753,0.9996589433983204,0,High-wage investment-income counties
19135,"Monroe County, IA",Very Low,1,Smaller mixed-economy counties,0.9939277588830865,0.9883795063646638,0,High-wage investment-income counties
19137,"Montgomery County, IA",Very Low,1,Smaller mixed-economy counties,0.9992183345030586,0.9987907678111548,0,High-wage investment-income counties
19139,"Muscatine County, IA",Low,4,Larger average-economy counties,0.602860862159256,0.20706872153859834,3,Large high-wage metro counties
19141,"O'Brien County, IA",Very Low,4,Larger average-economy counties,0.9883361923469524,0.9771325680748185,3,Large high-wage metro counties
19143,"Osceola County, IA",Very Low,4,Larger average-economy counties,0.7823881902817154,0.5658766497781655,1,Smaller mixed-economy counties
19145,"Page County, IA",Very Low,1,Smaller mixed-economy counties,0.9639637766203389,0.9287093293233877,4,Larger average-economy counties
19147,"Palo Alto County, IA",Very Low,4,Larger average-economy counties,0.5969757431483278,0.19500972952352408,1,Smaller mixed-economy counties
19149,"Plymouth County, IA",Low,4,Larger average-economy counties,0.9373023644992048,0.8749758399242468,3,Large high-wage metro counties
19151,"Pocahontas County, IA",Very Low,1,Smaller mixed-economy counties,0.8137772632930541,0.6301903124568051,4,Larger average-economy counties
19153,"Polk County, IA",Moderate,3,Large high-wage metro counties,0.999631854423159,0.9993934498508436,0,High-wage investment-income counties
19155,"Pottawattamie County, IA",Low,4,Larger average-economy counties,0.9979044358907223,0.9966974190079125,3,Large high-wage metro counties
19157,"Poweshiek County, IA",Very Low,4,Larger average-economy counties,0.991114051105302,0.9843520149949272,3,Large high-wage metro counties
19159,"Ringgold County, IA",Very Low,1,Smaller mixed-economy counties,0.9995227352208,0.9990941816324941,0,High-wage investment-income counties
19161,"Sac County, IA",Very Low,1,Smaller mixed-economy counties,0.5025601841287257,0.006173677672384692,4,Larger average-economy counties
19163,"Scott County, IA",Moderate,3,Large high-wage metro counties,0.999228754152676,0.9988125454098989,4,Larger average-economy counties
19165,"Shelby County, IA",Very Low,1,Smaller mixed-economy counties,0.5219692472645701,0.04438491325819699,4,Larger average-economy counties
19167,"Sioux County, IA",Low,3,Large high-wage metro counties,0.9987208390169292,0.9978790923599605,0,High-wage investment-income counties
19169,"Story County, IA",Low,3,Large high-wage metro counties,0.9997788048224614,0.9996368747954235,0,High-wage investment-income counties
19171,"Tama County, IA",Low,4,Larger average-economy counties,0.9957584824487244,0.9920234804237025,3,Large high-wage metro counties
19173,"Taylor County, IA",Very Low,1,Smaller mixed-economy counties,0.9922638752069245,0.9848190158882473,4,Larger average-economy counties
19175,"Union County, IA",Low,4,Larger average-economy counties,0.8084153051807508,0.6186379540993627,1,Smaller mixed-economy counties
19177,"Van Buren County, IA",Very Low,1,Smaller mixed-economy counties,0.9630549001649923,0.9270220459540213,4,Larger average-economy counties
19179,"Wapello County, IA",Low,3,Large high-wage metro counties,0.9981047379742257,0.9968285847360574,4,Larger average-economy counties
19181,"Warren County, IA",Very Low,3,Large high-wage metro counties,0.7298843617884382,0.46370546077928254,4,Larger average-economy counties
19183,"Washington County, IA",Low,4,Larger average-economy counties,0.9965897586027355,0.9936370414277998,3,Large high-wage metro counties
19185,"Wayne County, IA",Very Low,4,Larger average-economy counties,0.7109169865161936,0.4476316060780351,1,Smaller mixed-economy counties
19187,"Webster County, IA",Low,4,Larger average-economy counties,0.8508717380323623,0.7022281841012603,3,Large high-wage metro counties
19189,"Winnebago County, IA",Very Low,1,Smaller mixed-economy counties,0.9944200804881284,0.9908371914766408,4,Larger average-economy counties
19191,"Winneshiek County, IA",Very Low,4,Larger average-economy counties,0.996072270169428,0.9934232479697178,1,Smaller mixed-economy counties
19193,"Woodbury County, IA",Moderate,3,Large high-wage metro counties,0.9998211105244814,0.9997060930317068,0,High-wage investment-income counties
19195,"Worth County, IA",Very Low,1,Smaller mixed-economy counties,0.6008721122877553,0.20243604573250545,4,Larger average-economy counties
19197,"Wright County, IA",Very Low,3,Large high-wage metro counties,0.694148492734875,0.391744334557797,4,Larger average-economy counties
20001,"Allen County, KS",Very Low,0,High-wage investment-income counties,0.9997773349432758,0.999554669886553,2,Small transfer-reliant counties
20003,"Anderson County, KS",Very Low,2,Small transfer-reliant counties,0.649698840462662,0.29939768092536506,0,High-wage investment-income counties
20005,"Atchison County, KS",Very Low,0,High-wage investment-income counties,0.9983713713571176,0.9967427427142352,2,Small transfer-reliant counties
20007,"Barber County, KS",Very Low,2,Small transfer-reliant counties,0.8483440005322291,0.6966880010644579,0,High-wage investment-income counties
20009,"Barton County, KS",Low,0,High-wage investment-income counties,0.9997403037956083,0.9994806075912149,2,Small transfer-reliant counties
20011,"Bourbon County, KS",Very Low,0,High-wage investment-income counties,0.9999686007975739,0.9999372015951472,2,Small transfer-reliant counties
20013,"Brown County, KS",Very Low,2,Small transfer-reliant counties,0.9752077226652566,0.9504154453305138,0,High-wage investment-income counties
20015,"Butler County, KS",Low,0,High-wage investment-income counties,0.9803038895154924,0.960607779113248,2,Small transfer-reliant counties
20017,"Chase County, KS",Very Low,2,Small transfer-reliant counties,0.5431934443362804,0.08638688867256178,0,High-wage investment-income counties
20019,"Chautauqua County, KS",Very Low,0,High-wage investment-income counties,0.999650891297094,0.9993017825941894,2,Small transfer-reliant counties
20021,"Cherokee County, KS",Low,0,High-wage investment-income counties,0.9999984050285066,0.9999968100570139,2,Small transfer-reliant counties
20023,"Cheyenne County, KS",Very Low,2,Small transfer-reliant counties,0.6109838660191739,0.22196773203834858,0,High-wage investment-income counties
20025,"Clark County, KS",Very Low,2,Small transfer-reliant counties,0.9153134743312842,0.8306269486625689,0,High-wage investment-income counties
20027,"Clay County, KS",Very Low,2,Small transfer-reliant counties,0.7060193652873082,0.41203910210213635,0,High-wage investment-income counties
20029,"Cloud County, KS",Very Low,2,Small transfer-reliant counties,0.9729375645468832,0.9458751290937667,0,High-wage investment-income counties
20031,"Coffey County, KS",Very Low,0,High-wage investment-income counties,0.9999711954223814,0.9999423908447621,2,Small transfer-reliant counties
20033,"Comanche County, KS",Very Low,0,High-wage investment-income counties,0.9999745790562092,0.9999491581124191,2,Small transfer-reliant counties
20035,"Cowley County, KS",Low,0,High-wage investment-income counties,0.9926538112570434,0.9853076225140862,2,Small transfer-reliant counties
20037,"Crawford County, KS",Low,2,Small transfer-reliant counties,0.9607403539987448,0.921480707997491,0,High-wage investment-income counties
20039,"Decatur County, KS",Very Low,0,High-wage investment-income counties,0.8473215551191692,0.6946431102383372,2,Small transfer-reliant counties
20041,"Dickinson County, KS",Low,2,Small transfer-reliant counties,0.9588665756317405,0.917733151263481,0,High-wage investment-income counties
20043,"Doniphan County, KS",Very Low,2,Small transfer-reliant counties,0.8169156205784035,0.6338312430953402,0,High-wage investment-income counties
20045,"Douglas County, KS",Low,2,Small transfer-reliant counties,0.915020868365899,0.830041736731797,0,High-wage investment-income counties
20047,"Edwards County, KS",Very Low,2,Small transfer-reliant counties,0.6788286131431617,0.3576572262863229,0,High-wage investment-income counties
20049,"Elk County, KS",Very Low,2,Small transfer-reliant counties,0.8500920266365949,0.7001840532731911,0,High-wage investment-income counties
20051,"Ellis County, KS",Very Low,2,Small transfer-reliant counties,0.7759557816125511,0.5519115632644905,0,High-wage investment-income counties
20053,"Ellsworth County, KS",Very Low,0,High-wage investment-income counties,0.5829716898042492,0.16594337960873956,2,Small transfer-reliant counties
20055,"Finney County, KS",Low,2,Small transfer-reliant counties,0.8813896225261575,0.7627792450523144,0,High-wage investment-income counties
20057,"Ford County, KS",Low,0,High-wage investment-income counties,0.999631463853402,0.9992629277068037,2,Small transfer-reliant counties
20059,"Franklin County, KS",Low,2,Small transfer-reliant counties,0.9840735808745872,0.9681471617491728,0,High-wage investment-income counties
20061,"Geary County, KS",Very Low,0,High-wage investment-income counties,0.9988876136302409,0.9977752272604801,2,Small transfer-reliant counties
20063,"Gove County, KS",Very Low,2,Small transfer-reliant counties,0.8387638076498065,0.6775276152996127,0,High-wage investment-income counties
20065,"Graham County, KS",Very Low,0,High-wage investment-income counties,0.9904460267867429,0.9808920535734844,2,Small transfer-reliant counties
20067,"Grant County, KS",Very Low,2,Small transfer-reliant counties,0.9374585213766724,0.8749170427533435,0,High-wage investment-income counties
20069,"Gray County, KS",Very Low,0,High-wage investment-income counties,0.9984181953175028,0.996836390635007,2,Small transfer-reliant counties
20071,"Greeley County, KS",Very Low,0,High-wage investment-income counties,0.9999989836696286,0.9999979673392576,2,Small transfer-reliant counties
20073,"Greenwood County, KS",Very Low,0,High-wage investment-income counties,0.9999587749223193,0.99991754984464,2,Small transfer-reliant counties
20075,"Hamilton County, KS",Very Low,0,High-wage investment-income counties,0.6035704274677014,0.20714085494214912,2,Small transfer-reliant counties
20077,"Harper County, KS",Very Low,2,Small transfer-reliant counties,0.9570309073536515,0.9140618147073015,0,High-wage investment-income counties
20079,"Harvey County, KS",Very Low,2,Small transfer-reliant counties,0.9444317301369194,0.8888634602738374,0,High-wage investment-income counties
20081,"Haskell County, KS",Very Low,0,High-wage investment-income counties,0.9998733033605213,0.999746606721043,2,Small transfer-reliant counties
20083,"Hodgeman County, KS",Very Low,0,High-wage investment-income counties,0.9334063862068964,0.8668127724137923,2,Small transfer-reliant counties
20085,"Jackson County, KS",Very Low,0,High-wage investment-income counties,0.9999562239596678,0.9999124479193339,2,Small transfer-reliant counties
20087,"Jefferson County, KS",Very Low,0,High-wage investment-income counties,0.9999886671199243,0.9999773342398491,2,Small transfer-reliant counties
20089,"Jewell County, KS",Very Low,0,High-wage investment-income counties,0.9999714704016177,0.9999429408032345,2,Small transfer-reliant counties
20091,"Johnson County, KS",High,0,High-wage investment-income counties,0.9761906919409211,0.9523813838818433,2,Small transfer-reliant counties
20093,"Kearny County, KS",Very Low,2,Small transfer-reliant counties,0.812989329081367,0.6259786581627347,0,High-wage investment-income counties
20095,"Kingman County, KS",Very Low,0,High-wage investment-income counties,0.9999988810223613,0.9999977620447238,2,Small transfer-reliant counties
20097,"Kiowa County, KS",Very Low,0,High-wage investment-income counties,0.8003089789030307,0.6006179578060601,2,Small transfer-reliant counties
20099,"Labette County, KS",Low,0,High-wage investment-income counties,0.9999956508794626,0.9999913017589268,2,Small transfer-reliant counties
20101,"Lane County, KS",Very Low,1,Smaller mixed-economy counties,0.9724416161957973,0.9466301262010851,0,High-wage investment-income counties
20103,"Leavenworth County, KS",Low,3,Large high-wage metro counties,0.9994255671182418,0.9991459584035338,4,Larger average-economy counties
20105,"Lincoln County, KS",Very Low,1,Smaller mixed-economy counties,0.9925394939113971,0.9856109764524418,0,High-wage investment-income counties
20107,"Linn County, KS",Very Low,1,Smaller mixed-economy counties,0.9928635680647468,0.9861090612393922,4,Larger average-economy counties
20109,"Logan County, KS",Very Low,1,Smaller mixed-economy counties,0.9982402028192937,0.9967850099051403,0,High-wage investment-income counties
20111,"Lyon County, KS",Low,3,Large high-wage metro counties,0.9889759397107103,0.9785448397253708,4,Larger average-economy counties
20113,"McPherson County, KS",Very Low,4,Larger average-economy counties,0.996474623612331,0.9946389989971823,3,Large high-wage metro counties
20115,"Marion County, KS",Very Low,1,Smaller mixed-economy counties,0.8720085232183943,0.744636664170258,4,Larger average-economy counties
20117,"Marshall County, KS",Very Low,1,Smaller mixed-economy counties,0.9349682179222408,0.87017901421667,4,Larger average-economy counties
20119,"Meade County, KS",Very Low,4,Larger average-economy counties,0.9597678598219869,0.9254616843275233,1,Smaller mixed-economy counties
20121,"Miami County, KS",Low,4,Larger average-economy counties,0.9965240231868935,0.9949559368199367,3,Large high-wage metro counties
20123,"Mitchell County, KS",Very Low,1,Smaller mixed-economy counties,0.9992535445162329,0.99860204592511,0,High-wage investment-income counties
20125,"Montgomery County, KS",Low,1,Smaller mixed-economy counties,0.5091968138779102,0.020862663417056615,4,Larger average-economy counties
20127,"Morris County, KS",Very Low,1,Smaller mixed-economy counties,0.9264257558252338,0.8544345478308109,4,Larger average-economy counties
20129,"Morton County, KS",Very Low,0,High-wage investment-income counties,0.8193150595394393,0.7089036973164482,2,Small transfer-reliant counties
20131,"Nemaha County, KS",Very Low,4,Larger average-economy counties,0.9960484596004361,0.9933969214271204,3,Large high-wage metro counties
20133,"Neosho County, KS",Very Low,4,Larger average-economy counties,0.9967950746681354,0.9950269440306788,3,Large high-wage metro counties
20135,"Ness County, KS",Very Low,1,Smaller mixed-economy counties,0.8566990745440313,0.7353982662794075,0,High-wage investment-income counties
20137,"Norton County, KS",Very Low,1,Smaller mixed-economy counties,0.9983691296599332,0.9971216246938119,4,Larger average-economy counties
20139,"Osage County, KS",Very Low,1,Smaller mixed-economy counties,0.9942838724212566,0.9888680272903652,4,Larger average-economy counties
20141,"Osborne County, KS",Very Low,1,Smaller mixed-economy counties,0.9973159370668636,0.9949626021131913,0,High-wage investment-income counties
20143,"Ottawa County, KS",Very Low,1,Smaller mixed-economy counties,0.9998078809972738,0.9996426101502724,0,High-wage investment-income counties
20145,"Pawnee County, KS",Very Low,1,Smaller mixed-economy counties,0.9901917556931349,0.9812323651309904,0,High-wage investment-income counties
20147,"Phillips County, KS",Very Low,1,Smaller mixed-economy counties,0.9996831493948815,0.999404150045993,0,High-wage investment-income counties
20149,"Pottawatomie County, KS",Very Low,3,Large high-wage metro counties,0.9964973111916698,0.9940517744297234,0,High-wage investment-income counties
20151,"Pratt County, KS",Low,1,Smaller mixed-economy counties,0.9885380716657389,0.979509309750851,0,High-wage investment-income counties
20153,"Rawlins County, KS",Very Low,1,Smaller mixed-economy counties,0.9928942356541488,0.9868908881267271,0,High-wage investment-income counties
20155,"Reno County, KS",Low,4,Larger average-economy counties,0.9922827938118686,0.985013451083162,1,Smaller mixed-economy counties
20157,"Republic County, KS",Very Low,1,Smaller mixed-economy counties,0.9850737364230379,0.972640303725514,0,High-wage investment-income counties
20159,"Rice County, KS",Very Low,1,Smaller mixed-economy counties,0.8849939645151961,0.772284039679795,4,Larger average-economy counties
20161,"Riley County, KS",Low,0,High-wage investment-income counties,0.5897795489964647,0.20138843311846816,2,Small transfer-reliant counties
20163,"Rooks County, KS",Very Low,1,Smaller mixed-economy counties,0.9994271325957358,0.9989179942876633,0,High-wage investment-income counties
20165,"Rush County, KS",Very Low,1,Smaller mixed-economy counties,0.9587824606647524,0.9218197690057734,0,High-wage investment-income counties
20167,"Russell County, KS",Very Low,1,Smaller mixed-economy counties,0.9748742973964077,0.9517908039450359,0,High-wage investment-income counties
20169,"Saline County, KS",Low,4,Larger average-economy counties,0.9702394719985611,0.9410171315583126,3,Large high-wage metro counties
20171,"Scott County, KS",Low,0,High-wage investment-income counties,0.8906727869016966,0.7932718696149997,2,Small transfer-reliant counties
20173,"Sedgwick County, KS",High,3,Large high-wage metro counties,0.9994097699071443,0.9990466052887463,0,High-wage investment-income counties
20175,"Seward County, KS",Very Low,0,High-wage investment-income counties,0.6519678274882019,0.3039360330043744,2,Small transfer-reliant counties
20177,"Shawnee County, KS",Moderate,3,Large high-wage metro counties,0.7429055746333161,0.48769687460643374,4,Larger average-economy counties
20179,"Sheridan County, KS",Very Low,4,Larger average-economy counties,0.5617183290158501,0.15255854203779412,1,Smaller mixed-economy counties
20181,"Sherman County, KS",Very Low,1,Smaller mixed-economy counties,0.8600729094907339,0.7320262341112546,0,High-wage investment-income counties
20183,"Smith County, KS",Very Low,1,Smaller mixed-economy counties,0.9984274837028464,0.9972431825486847,0,High-wage investment-income counties
20185,"Stafford County, KS",Very Low,1,Smaller mixed-economy counties,0.9924425779664748,0.9860275877710628,0,High-wage investment-income counties
20187,"Stanton County, KS",Very Low,0,High-wage investment-income counties,0.812935533719196,0.6321076677589292,2,Small transfer-reliant counties
20189,"Stevens County, KS",Very Low,4,Larger average-economy counties,0.7089813186850251,0.5481818538915963,0,High-wage investment-income counties
20191,"Sumner County, KS",Low,1,Smaller mixed-economy counties,0.8398942638770077,0.6803661131849691,4,Larger average-economy counties
20193,"Thomas County, KS",Very Low,4,Larger average-economy counties,0.7044464412270457,0.41544830398607074,3,Large high-wage metro counties
20195,"Trego County, KS",Very Low,1,Smaller mixed-economy counties,0.9939317590896588,0.9885261891481063,0,High-wage investment-income counties
20197,"Wabaunsee County, KS",Very Low,4,Larger average-economy counties,0.9401593750556816,0.8811263879253046,1,Smaller mixed-economy counties
20199,"Wallace County, KS",Very Low,0,High-wage investment-income counties,0.8972348277106662,0.7960360166304407,2,Small transfer-reliant counties
20201,"Washington County, KS",Very Low,4,Larger average-economy counties,0.9953603696256699,0.9922544612857633,3,Large high-wage metro counties
20203,"Wichita County, KS",Very Low,4,Larger average-economy counties,0.8098266427515094,0.7084968710578665,0,High-wage investment-income counties
20205,"Wilson County, KS",Very Low,1,Smaller mixed-economy counties,0.9982438527128442,0.9966499284855295,0,High-wage investment-income counties
20207,"Woodson County, KS",Very Low,1,Smaller mixed-economy counties,0.994026121528298,0.9885082949362748,0,High-wage investment-income counties
20209,"Wyandotte County, KS",Moderate,3,Large high-wage metro counties,0.9996257486213994,0.9993779432236368,0,High-wage investment-income counties
21001,"Adair County, KY",Very Low,4,Larger average-economy counties,0.996361291435378,0.9934333378104042,3,Large high-wage metro counties
21003,"Allen County, KY",Very Low,4,Larger average-economy counties,0.9900720853657632,0.9863612129200557,1,Smaller mixed-economy counties
21005,"Anderson County, KY",Very Low,3,Large high-wage metro counties,0.7633147600511457,0.5282950445718191,4,Larger average-economy counties
21007,"Ballard County, KY",Very Low,1,Smaller mixed-economy counties,0.9996400793250777,0.9993308531882932,0,High-wage investment-income counties
21009,"Barren County, KY",Low,4,Larger average-economy counties,0.6898619366031488,0.3801444584919102,3,Large high-wage metro counties
21011,"Bath County, KY",Very Low,4,Larger average-economy counties,0.5723271861439811,0.15050433665811258,1,Smaller mixed-economy counties
21013,"Bell County, KY",Low,1,Smaller mixed-economy counties,0.9895262851137974,0.980088658767676,0,High-wage investment-income counties
21015,"Boone County, KY",Low,3,Large high-wage metro counties,0.9998080413987835,0.9996840627027997,0,High-wage investment-income counties
21017,"Bourbon County, KY",Very Low,4,Larger average-economy counties,0.9429265537964792,0.8861058612977222,1,Smaller mixed-economy counties
21019,"Boyd County, KY",Low,1,Smaller mixed-economy counties,0.9408492773086103,0.882108110753469,4,Larger average-economy counties
21021,"Boyle County, KY",Very Low,4,Larger average-economy counties,0.9921430515967835,0.9846124048802287,3,Large high-wage metro counties
21023,"Bracken County, KY",Very Low,1,Smaller mixed-economy counties,0.7758403024230721,0.5523348581154564,4,Larger average-economy counties
21025,"Breathitt County, KY",Low,1,Smaller mixed-economy counties,0.9987836152181147,0.997792576442251,0,High-wage investment-income counties
21027,"Breckinridge County, KY",Very Low,4,Larger average-economy counties,0.9351957700179251,0.8716539985603846,1,Smaller mixed-economy counties
21029,"Bullitt County, KY",Low,3,Large high-wage metro counties,0.9053406736200155,0.8111179342328513,4,Larger average-economy counties
21031,"Butler County, KY",Very Low,4,Larger average-economy counties,0.9965773577064896,0.9946142547080982,1,Smaller mixed-economy counties
21033,"Caldwell County, KY",Very Low,1,Smaller mixed-economy counties,0.9964491616907798,0.9933845606919992,0,High-wage investment-income counties
21035,"Calloway County, KY",Low,4,Larger average-economy counties,0.9834858777759857,0.9678627169544738,3,Large high-wage metro counties
21037,"Campbell County, KY",Low,3,Large high-wage metro counties,0.9756099686459772,0.9517727882501713,4,Larger average-economy counties
21039,"Carlisle County, KY",Very Low,1,Smaller mixed-economy counties,0.9996826547944111,0.9994534160207775,0,High-wage investment-income counties
21041,"Carroll County, KY",Very Low,4,Larger average-economy counties,0.9879246704610619,0.9771858274391779,1,Smaller mixed-economy counties
21043,"Carter County, KY",Low,1,Smaller mixed-economy counties,0.9980903624537649,0.9963447757166115,4,Larger average-economy counties
21045,"Casey County, KY",Very Low,4,Larger average-economy counties,0.993556376471813,0.9877644058348795,1,Smaller mixed-economy counties
21047,"Christian County, KY",Low,3,Large high-wage metro counties,0.7476011395909842,0.5790528081305116,0,High-wage investment-income counties
21049,"Clark County, KY",Very Low,4,Larger average-economy counties,0.9953933933618447,0.9912982082861626,1,Smaller mixed-economy counties
21051,"Clay County, KY",Low,1,Smaller mixed-economy counties,0.9995620422283107,0.9992090711196655,0,High-wage investment-income counties
21053,"Clinton County, KY",Very Low,1,Smaller mixed-economy counties,0.8426996178888133,0.6952353009184506,4,Larger average-economy counties
21055,"Crittenden County, KY",Very Low,1,Smaller mixed-economy counties,0.9692203262291639,0.9395364445048575,4,Larger average-economy counties
21057,"Cumberland County, KY",Very Low,1,Smaller mixed-economy counties,0.9983662239756393,0.996871798604379,0,High-wage investment-income counties
21059,"Daviess County, KY",Moderate,3,Large high-wage metro counties,0.999863177424093,0.9997817834399978,0,High-wage investment-income counties
21061,"Edmonson County, KY",Very Low,4,Larger average-economy counties,0.7571032578594752,0.5149028828918691,1,Smaller mixed-economy counties
21063,"Elliott County, KY",Very Low,1,Smaller mixed-economy counties,0.9996579301766386,0.9993597874195674,0,High-wage investment-income counties
21065,"Estill County, KY",Very Low,1,Smaller mixed-economy counties,0.9995342964062898,0.9991796926763371,0,High-wage investment-income counties
21067,"Fayette County, KY",Moderate,3,Large high-wage metro counties,0.9992809626081142,0.9988050155419715,0,High-wage investment-income counties
21069,"Fleming County, KY",Very Low,1,Smaller mixed-economy counties,0.44111216775674,0.16632788915671137,4,Larger average-economy counties
21071,"Floyd County, KY",Moderate,1,Smaller mixed-economy counties,0.9990810195610925,0.9983015577416083,0,High-wage investment-income counties
21073,"Franklin County, KY",Low,4,Larger average-economy counties,0.9650028206657015,0.9301686190185088,3,Large high-wage metro counties
21075,"Fulton County, KY",Low,1,Smaller mixed-economy counties,0.9837503716743146,0.9687133389842467,0,High-wage investment-income counties
21077,"Gallatin County, KY",Very Low,4,Larger average-economy counties,0.9939682113828676,0.9889795252411405,1,Smaller mixed-economy counties
21079,"Garrard County, KY",Very Low,4,Larger average-economy counties,0.977934792689444,0.956858701831289,1,Smaller mixed-economy counties
21081,"Grant County, KY",Very Low,4,Larger average-economy counties,0.8307280911397962,0.7232873208438202,0,High-wage investment-income counties
21083,"Graves County, KY",Moderate,4,Larger average-economy counties,0.9871998536660571,0.9746556450601203,3,Large high-wage metro counties
21085,"Grayson County, KY",Low,4,Larger average-economy counties,0.9727527568391605,0.9465817458365858,1,Smaller mixed-economy counties
21087,"Green County, KY",Very Low,1,Smaller mixed-economy counties,0.9993129545286308,0.9987726413536995,0,High-wage investment-income counties
21089,"Greenup County, KY",Low,1,Smaller mixed-economy counties,0.9873688178187399,0.9749431642949371,4,Larger average-economy counties
21091,"Hancock County, KY",Very Low,1,Smaller mixed-economy counties,0.6605471845005499,0.32358038751448154,4,Larger average-economy counties
21093,"Hardin County, KY",Low,3,Large high-wage metro counties,0.9997136846095973,0.9995700819751229,0,High-wage investment-income counties
21095,"Harlan County, KY",Low,1,Smaller mixed-economy counties,0.9974196475774987,0.9951623288164836,0,High-wage investment-income counties
21097,"Harrison County, KY",Very Low,1,Smaller mixed-economy counties,0.9125995660618103,0.8272034531684851,4,Larger average-economy counties
21099,"Hart County, KY",Very Low,4,Larger average-economy counties,0.9802916107892554,0.9623178580284679,1,Smaller mixed-economy counties
21101,"Henderson County, KY",Low,0,High-wage investment-income counties,0.9925389200249262,0.9850778400498507,2,Small transfer-reliant counties
21103,"Henry County, KY",Very Low,0,High-wage investment-income counties,0.9998788171571839,0.9997576343143666,2,Small transfer-reliant counties
21105,"Hickman County, KY",Very Low,0,High-wage investment-income counties,0.977900689778422,0.9558013795568441,2,Small transfer-reliant counties
21107,"Hopkins County, KY",Low,2,Small transfer-reliant counties,0.9282112045744076,0.8564224091488155,0,High-wage investment-income counties
21109,"Jackson County, KY",Very Low,0,High-wage investment-income counties,0.9999729425785743,0.9999458851571489,2,Small transfer-reliant counties
21111,"Jefferson County, KY",High,0,High-wage investment-income counties,0.8904986424374711,0.7809972848749422,2,Small transfer-reliant counties
21113,"Jessamine County, KY",Very Low,0,High-wage investment-income counties,0.9838523179766303,0.9677046359532703,2,Small transfer-reliant counties
21115,"Johnson County, KY",Low,0,High-wage investment-income counties,0.9999785437109223,0.9999570874218443,2,Small transfer-reliant counties
21117,"Kenton County, KY",Low,0,High-wage investment-income counties,0.9986629949016946,0.9973259898033884,2,Small transfer-reliant counties
21119,"Knott County, KY",Low,0,High-wage investment-income counties,0.9996847830977338,0.9993695661954879,2,Small transfer-reliant counties
21121,"Knox County, KY",Low,2,Small transfer-reliant counties,0.933268194273485,0.866536388546971,0,High-wage investment-income counties
21123,"Larue County, KY",Very Low,2,Small transfer-reliant counties,0.9486349709703968,0.8972699419407927,0,High-wage investment-income counties
21125,"Laurel County, KY",Low,2,Small transfer-reliant counties,0.9797695018098449,0.9595390036196906,0,High-wage investment-income counties
21127,"Lawrence County, KY",Low,0,High-wage investment-income counties,0.9997804984592342,0.9995609969184668,2,Small transfer-reliant counties
21129,"Lee County, KY",Very Low,0,High-wage investment-income counties,0.8995148706075529,0.7990297415268063,2,Small transfer-reliant counties
21131,"Leslie County, KY",Very Low,0,High-wage investment-income counties,0.9999977562906874,0.9999955125813733,2,Small transfer-reliant counties
21133,"Letcher County, KY",Low,2,Small transfer-reliant counties,0.9612333934944723,0.9224667869889446,0,High-wage investment-income counties
21135,"Lewis County, KY",Very Low,1,Smaller mixed-economy counties,0.9993145241475262,0.9987325396219976,0,High-wage investment-income counties
21137,"Lincoln County, KY",Very Low,1,Smaller mixed-economy counties,0.8372684611954374,0.7299186491848869,4,Larger average-economy counties
21139,"Livingston County, KY",Very Low,1,Smaller mixed-economy counties,0.99944575392861,0.9989542303047649,0,High-wage investment-income counties
21141,"Logan County, KY",Low,4,Larger average-economy counties,0.9764130962047343,0.953505415062436,1,Smaller mixed-economy counties
21143,"Lyon County, KY",Very Low,1,Smaller mixed-economy counties,0.998165416445966,0.9965839591596021,0,High-wage investment-income counties
21145,"McCracken County, KY",Moderate,4,Larger average-economy counties,0.9457191520276639,0.8921778806841618,3,Large high-wage metro counties
21147,"McCreary County, KY",Very Low,1,Smaller mixed-economy counties,0.9905178887437145,0.984798859964207,0,High-wage investment-income counties
21149,"McLean County, KY",Very Low,1,Smaller mixed-economy counties,0.9998793629705429,0.9997925043785515,0,High-wage investment-income counties
21151,"Madison County, KY",Low,3,Large high-wage metro counties,0.9972795720035117,0.9957193678706319,4,Larger average-economy counties
21153,"Magoffin County, KY",Very Low,1,Smaller mixed-economy counties,0.9574608027220929,0.9192101581239215,0,High-wage investment-income counties
21155,"Marion County, KY",Very Low,4,Larger average-economy counties,0.8988679055693372,0.798127525928656,3,Large high-wage metro counties
21157,"Marshall County, KY",Low,1,Smaller mixed-economy counties,0.9985542388142721,0.9975550588731109,0,High-wage investment-income counties
21159,"Martin County, KY",Low,1,Smaller mixed-economy counties,0.9649398215330912,0.9333103004683464,0,High-wage investment-income counties
21161,"Mason County, KY",Very Low,4,Larger average-economy counties,0.9483674262626228,0.8970709633602049,1,Smaller mixed-economy counties
21163,"Meade County, KY",Very Low,4,Larger average-economy counties,0.9969856730916542,0.9956143635879329,1,Smaller mixed-economy counties
21165,"Menifee County, KY",Very Low,1,Smaller mixed-economy counties,0.9989700710830253,0.9980504730197757,0,High-wage investment-income counties
21167,"Mercer County, KY",Very Low,4,Larger average-economy counties,0.9796680765734233,0.9599456017673258,1,Smaller mixed-economy counties
21169,"Metcalfe County, KY",Very Low,4,Larger average-economy counties,0.9536754648359441,0.9089162621577564,1,Smaller mixed-economy counties
21171,"Monroe County, KY",Very Low,1,Smaller mixed-economy counties,0.9902631039514085,0.9810893264269664,4,Larger average-economy counties
21173,"Montgomery County, KY",Very Low,4,Larger average-economy counties,0.9959546914423837,0.9924221918888813,1,Smaller mixed-economy counties
21175,"Morgan County, KY",Very Low,4,Larger average-economy counties,0.989338005748748,0.981621686683096,3,Large high-wage metro counties
21177,"Muhlenberg County, KY",Low,1,Smaller mixed-economy counties,0.5381225566017354,0.07655989939538671,4,Larger average-economy counties
21179,"Nelson County, KY",Low,3,Large high-wage metro counties,0.9949445544154015,0.9901974867724768,4,Larger average-economy counties
21181,"Nicholas County, KY",Very Low,1,Smaller mixed-economy counties,0.6316693224607608,0.34044167514461576,4,Larger average-economy counties
21183,"Ohio County, KY",Low,4,Larger average-economy counties,0.9968442868996968,0.9948173698474307,1,Smaller mixed-economy counties
21185,"Oldham County, KY",Low,3,Large high-wage metro counties,0.9989537843603696,0.998239904936929,4,Larger average-economy counties
21187,"Owen County, KY",Very Low,1,Smaller mixed-economy counties,0.7786705386264279,0.5588382481339813,4,Larger average-economy counties
21189,"Owsley County, KY",Very Low,1,Smaller mixed-economy counties,0.6531516115735553,0.3221193832613119,0,High-wage investment-income counties
21191,"Pendleton County, KY",Very Low,4,Larger average-economy counties,0.5967226278582958,0.19397854472333137,1,Smaller mixed-economy counties
21193,"Perry County, KY",Low,1,Smaller mixed-economy counties,0.9856881558492585,0.9717193428217138,4,Larger average-economy counties
21195,"Pike County, KY",Moderate,1,Smaller mixed-economy counties,0.9953701588925314,0.9922678213694569,0,High-wage investment-income counties
21197,"Powell County, KY",Very Low,1,Smaller mixed-economy counties,0.9968904246193695,0.9950639940883026,4,Larger average-economy counties
21199,"Pulaski County, KY",Low,4,Larger average-economy counties,0.990076058887861,0.9804540245635125,3,Large high-wage metro counties
21201,"Robertson County, KY",Very Low,1,Smaller mixed-economy counties,0.9960850123820462,0.9925504420782935,0,High-wage investment-income counties
21203,"Rockcastle County, KY",Very Low,1,Smaller mixed-economy counties,0.9998134217938218,0.9996517877702691,0,High-wage investment-income counties
21205,"Rowan County, KY",Low,4,Larger average-economy counties,0.9441107564754092,0.8886509766274868,1,Smaller mixed-economy counties
21207,"Russell County, KY",Very Low,4,Larger average-economy counties,0.993171140473443,0.9880706289353136,3,Large high-wage metro counties
21209,"Scott County, KY",Low,3,Large high-wage metro counties,0.9983411198270986,0.9972148959002819,0,High-wage investment-income counties
21211,"Shelby County, KY",Low,3,Large high-wage metro counties,0.999524683440174,0.9992117479066579,0,High-wage investment-income counties
21213,"Simpson County, KY",Very Low,4,Larger average-economy counties,0.9922754078640047,0.9861026149737117,3,Large high-wage metro counties
21215,"Spencer County, KY",Very Low,4,Larger average-economy counties,0.9586789524498944,0.9189431621040346,3,Large high-wage metro counties
21217,"Taylor County, KY",Very Low,4,Larger average-economy counties,0.9838446361910002,0.9678571466606133,3,Large high-wage metro counties
21219,"Todd County, KY",Very Low,4,Larger average-economy counties,0.7879740534986305,0.6643421525598735,0,High-wage investment-income counties
21221,"Trigg County, KY",Low,1,Smaller mixed-economy counties,0.9911995965091968,0.9828813905419053,4,Larger average-economy counties
21223,"Trimble County, KY",Very Low,1,Smaller mixed-economy counties,0.9756145688286169,0.9607473296829118,4,Larger average-economy counties
21225,"Union County, KY",Very Low,1,Smaller mixed-economy counties,0.994741153936516,0.9902009377181459,0,High-wage investment-income counties
21227,"Warren County, KY",Moderate,3,Large high-wage metro counties,0.9986163652874854,0.9976968874530737,0,High-wage investment-income counties
21229,"Washington County, KY",Very Low,4,Larger average-economy counties,0.9952229713139676,0.991317404329973,1,Smaller mixed-economy counties
21231,"Wayne County, KY",Low,1,Smaller mixed-economy counties,0.9991260795509499,0.9983486554644146,4,Larger average-economy counties
21233,"Webster County, KY",Very Low,4,Larger average-economy counties,0.988233652992762,0.9768016034746276,3,Large high-wage metro counties
21235,"Whitley County, KY",Low,4,Larger average-economy counties,0.9771629625415288,0.9544887393636583,3,Large high-wage metro counties
21237,"Wolfe County, KY",Very Low,1,Smaller mixed-economy counties,0.7301306566813636,0.5035451051582291,0,High-wage investment-income counties
21239,"Woodford County, KY",Very Low,3,Large high-wage metro counties,0.9877216563961037,0.9794022008277182,4,Larger average-economy counties
22001,"Acadia Parish, LA",Moderate,4,Larger average-economy counties,0.9958086509968891,0.9937404856925076,3,Large high-wage metro counties
22003,"Allen Parish, LA",Low,4,Larger average-economy counties,0.8209898940793503,0.6442230125627311,3,Large high-wage metro counties
22005,"Ascension Parish, LA",Moderate,3,Large high-wage metro counties,0.9997625102911121,0.9996073580549786,0,High-wage investment-income counties
22007,"Assumption Parish, LA",Low,1,Smaller mixed-economy counties,0.9866766086828086,0.975999369232884,4,Larger average-economy counties
22009,"Avoyelles Parish, LA",Low,4,Larger average-economy counties,0.9899607716785671,0.9819308025531109,1,Smaller mixed-economy counties
22011,"Beauregard Parish, LA",Low,4,Larger average-economy counties,0.990100986569084,0.9812067866915618,3,Large high-wage metro counties
22013,"Bienville Parish, LA",Very Low,1,Smaller mixed-economy counties,0.9978508022734515,0.99604819827907,4,Larger average-economy counties
22015,"Bossier Parish, LA",Moderate,3,Large high-wage metro counties,0.9998971065325026,0.9998318342587957,0,High-wage investment-income counties
22017,"Caddo Parish, LA",Moderate,4,Larger average-economy counties,0.9469709288988739,0.9229368933546587,0,High-wage investment-income counties
22019,"Calcasieu Parish, LA",High,3,Large high-wage metro counties,0.9998218796301153,0.9997096102173528,0,High-wage investment-income counties
22021,"Caldwell Parish, LA",Very Low,1,Smaller mixed-economy counties,0.9981380399940389,0.9965656135093107,4,Larger average-economy counties
22023,"Cameron Parish, LA",Very Low,0,High-wage investment-income counties,0.7515906970722408,0.6278141026482404,2,Small transfer-reliant counties
22025,"Catahoula Parish, LA",Very Low,1,Smaller mixed-economy counties,0.9820809037408492,0.9656206444206008,0,High-wage investment-income counties
22027,"Claiborne Parish, LA",Very Low,1,Smaller mixed-economy counties,0.9947173204697984,0.9900923004470633,0,High-wage investment-income counties
22029,"Concordia Parish, LA",Very Low,4,Larger average-economy counties,0.8358253123045926,0.7463487439967472,0,High-wage investment-income counties
22031,"De Soto Parish, LA",Very Low,4,Larger average-economy counties,0.9695758919745928,0.9394467390017003,1,Smaller mixed-economy counties
22033,"East Baton Rouge Parish, LA",High,3,Large high-wage metro counties,0.9995638872943855,0.9992826780318405,0,High-wage investment-income counties
22035,"East Carroll Parish, LA",Very Low,1,Smaller mixed-economy counties,0.9881853701107409,0.9778076920957692,0,High-wage investment-income counties
22037,"East Feliciana Parish, LA",Low,1,Smaller mixed-economy counties,0.9993139380783513,0.9987988740706616,4,Larger average-economy counties
22039,"Evangeline Parish, LA",Low,3,Large high-wage metro counties,0.9677239281912076,0.9390125395558863,4,Larger average-economy counties
22041,"Franklin Parish, LA",Very Low,1,Smaller mixed-economy counties,0.9543326550313926,0.9095271150695154,4,Larger average-economy counties
22043,"Grant Parish, LA",Very Low,4,Larger average-economy counties,0.9840099546872538,0.9683286594734498,3,Large high-wage metro counties
22045,"Iberia Parish, LA",Moderate,4,Larger average-economy counties,0.979561860402649,0.9696694622998794,3,Large high-wage metro counties
22047,"Iberville Parish, LA",Low,4,Larger average-economy counties,0.9877305023830063,0.9764558282524324,3,Large high-wage metro counties
22049,"Jackson Parish, LA",Very Low,0,High-wage investment-income counties,0.5832604615427162,0.368313864923405,2,Small transfer-reliant counties
22051,"Jefferson Parish, LA",High,3,Large high-wage metro counties,0.9892553799950728,0.981880273534234,0,High-wage investment-income counties
22053,"Jefferson Davis Parish, LA",Low,4,Larger average-economy counties,0.9806778921985767,0.9621769888309131,1,Smaller mixed-economy counties
22055,"Lafayette Parish, LA",High,3,Large high-wage metro counties,0.9994911238195022,0.999173351700579,0,High-wage investment-income counties
22057,"Lafourche Parish, LA",Moderate,3,Large high-wage metro counties,0.869520881434464,0.7405791490027283,4,Larger average-economy counties
22059,"La Salle Parish, LA",Very Low,4,Larger average-economy counties,0.9932371645542282,0.9868990522521442,3,Large high-wage metro counties
22061,"Lincoln Parish, LA",Low,4,Larger average-economy counties,0.617475993040408,0.2376377859709911,3,Large high-wage metro counties
22063,"Livingston Parish, LA",High,3,Large high-wage metro counties,0.9993474040712867,0.9989356388290661,0,High-wage investment-income counties
22065,"Madison Parish, LA",Very Low,1,Smaller mixed-economy counties,0.8855792425779848,0.7876558577016519,0,High-wage investment-income counties
22067,"Morehouse Parish, LA",Low,1,Smaller mixed-economy counties,0.9788675522483985,0.9585812875367519,4,Larger average-economy counties
22069,"Natchitoches Parish, LA",Low,4,Larger average-economy counties,0.9957786906309847,0.9925369605873818,3,Large high-wage metro counties
22071,"Orleans Parish, LA",High,3,Large high-wage metro counties,0.9888803886747122,0.9815344461299277,0,High-wage investment-income counties
22073,"Ouachita Parish, LA",Moderate,3,Large high-wage metro counties,0.9971839914054609,0.995757571131043,4,Larger average-economy counties
22075,"Plaquemines Parish, LA",Low,3,Large high-wage metro counties,0.5732570917573315,0.14992380525351856,4,Larger average-economy counties
22077,"Pointe Coupee Parish, LA",Low,1,Smaller mixed-economy counties,0.7705946306005579,0.5585760393532613,4,Larger average-economy counties
22079,"Rapides Parish, LA",Moderate,3,Large high-wage metro counties,0.8833066284493908,0.7689245054441536,4,Larger average-economy counties
22081,"Red River Parish, LA",Very Low,1,Smaller mixed-economy counties,0.9984284290892109,0.997481454910445,0,High-wage investment-income counties
22083,"Richland Parish, LA",Very Low,4,Larger average-economy counties,0.9693586719340023,0.9390744078188726,1,Smaller mixed-economy counties
22085,"Sabine Parish, LA",Low,1,Smaller mixed-economy counties,0.9604433485462696,0.9211829922949587,4,Larger average-economy counties
22087,"St. Bernard Parish, LA",Low,3,Large high-wage metro counties,0.9997200044449022,0.9995520067693433,0,High-wage investment-income counties
22089,"St. Charles Parish, LA",Moderate,3,Large high-wage metro counties,0.560890881495605,0.12628121395811964,4,Larger average-economy counties
22091,"St. Helena Parish, LA",Very Low,1,Smaller mixed-economy counties,0.9022832774035956,0.804829465273757,4,Larger average-economy counties
22093,"St. James Parish, LA",Low,4,Larger average-economy counties,0.8239441646128898,0.650569601891652,1,Smaller mixed-economy counties
22095,"St. John the Baptist Parish, LA",Moderate,4,Larger average-economy counties,0.8974314173059816,0.7964060204478325,3,Large high-wage metro counties
22097,"St. Landry Parish, LA",Moderate,4,Larger average-economy counties,0.8774613233758345,0.7566595469848184,3,Large high-wage metro counties
22099,"St. Martin Parish, LA",Moderate,4,Larger average-economy counties,0.6239762582885395,0.24979575750793287,3,Large high-wage metro counties
22101,"St. Mary Parish, LA",Moderate,4,Larger average-economy counties,0.9582007582444894,0.9335912469251797,3,Large high-wage metro counties
22103,"St. Tammany Parish, LA",High,3,Large high-wage metro counties,0.9997160129566156,0.9995345955915361,0,High-wage investment-income counties
22105,"Tangipahoa Parish, LA",Moderate,3,Large high-wage metro counties,0.9996700399637994,0.999515787759009,0,High-wage investment-income counties
22107,"Tensas Parish, LA",Very Low,0,High-wage investment-income counties,0.9186713494242381,0.872267379826911,1,Smaller mixed-economy counties
22109,"Terrebonne Parish, LA",Moderate,3,Large high-wage metro counties,0.9979371127072254,0.9969982881105548,0,High-wage investment-income counties
22111,"Union Parish, LA",Low,4,Larger average-economy counties,0.9900898079727759,0.9855404427172373,1,Smaller mixed-economy counties
22113,"Vermilion Parish, LA",Moderate,4,Larger average-economy counties,0.8381382555674223,0.6768920092709777,3,Large high-wage metro counties
22115,"Vernon Parish, LA",Low,3,Large high-wage metro counties,0.4512674072495713,0.06446421214442227,0,High-wage investment-income counties
22117,"Washington Parish, LA",Moderate,4,Larger average-economy counties,0.9912683278091107,0.9833167997053054,1,Smaller mixed-economy counties
22119,"Webster Parish, LA",Low,1,Smaller mixed-economy counties,0.9819108050784129,0.9648915522940128,4,Larger average-economy counties
22121,"West Baton Rouge Parish, LA",Very Low,3,Large high-wage metro counties,0.9934192428057298,0.9876131647347323,4,Larger average-economy counties
22123,"West Carroll Parish, LA",Very Low,1,Smaller mixed-economy counties,0.9989716547990807,0.9980578558771562,0,High-wage investment-income counties
22125,"West Feliciana Parish, LA",Very Low,4,Larger average-economy counties,0.8962972367622831,0.7939010244121042,1,Smaller mixed-economy counties
22127,"Winn Parish, LA",Very Low,0,High-wage investment-income counties,0.7103452215949365,0.4356998766778803,2,Small transfer-reliant counties
23001,"Androscoggin County, ME",Low,3,Large high-wage metro counties,0.9992974449667763,0.9988530301330072,0,High-wage investment-income counties
23003,"Aroostook County, ME",Low,1,Smaller mixed-economy counties,0.6388633481631876,0.27919861063795326,4,Larger average-economy counties
23005,"Cumberland County, ME",Low,3,Large high-wage metro counties,0.999180733854102,0.9986515029238969,0,High-wage investment-income counties
23007,"Franklin County, ME",Low,4,Larger average-economy counties,0.8753819559066985,0.7512563639325162,1,Smaller mixed-economy counties
23009,"Hancock County, ME",Low,4,Larger average-economy counties,0.9001036915464028,0.8080346161121964,3,Large high-wage metro counties
23011,"Kennebec County, ME",Low,4,Larger average-economy counties,0.5633471343077603,0.12795272789382472,3,Large high-wage metro counties
23013,"Knox County, ME",Very Low,4,Larger average-economy counties,0.8446501860030533,0.6913238019156501,1,Smaller mixed-economy counties
23015,"Lincoln County, ME",Very Low,4,Larger average-economy counties,0.9906784806346383,0.9854359843526024,1,Smaller mixed-economy counties
23017,"Oxford County, ME",Low,1,Smaller mixed-economy counties,0.5244800875382968,0.049595981331530536,4,Larger average-economy counties
23019,"Penobscot County, ME",Low,4,Larger average-economy counties,0.5123982860605604,0.02717097566386828,3,Large high-wage metro counties
23021,"Piscataquis County, ME",Low,1,Smaller mixed-economy counties,0.9952215230698156,0.9923120006429698,4,Larger average-economy counties
23023,"Sagadahoc County, ME",Very Low,4,Larger average-economy counties,0.936928320142723,0.8757199288156137,3,Large high-wage metro counties
23025,"Somerset County, ME",Low,4,Larger average-economy counties,0.5283354287604018,0.057037740607064735,1,Smaller mixed-economy counties
23027,"Waldo County, ME",Very Low,4,Larger average-economy counties,0.9172737947834785,0.8349143185875041,1,Smaller mixed-economy counties
23029,"Washington County, ME",Low,1,Smaller mixed-economy counties,0.8812100234952921,0.7644730886115778,4,Larger average-economy counties
23031,"York County, ME",Moderate,3,Large high-wage metro counties,0.9975968975527768,0.9958605054918169,4,Larger average-economy counties
24001,"Allegany County, MD",Low,1,Smaller mixed-economy counties,0.8562044511272695,0.7133892984726321,4,Larger average-economy counties
24003,"Anne Arundel County, MD",Moderate,3,Large high-wage metro counties,0.9993810117185412,0.9989928218480818,0,High-wage investment-income counties
24005,"Baltimore County, MD",Moderate,3,Large high-wage metro counties,0.9990625463371241,0.9984677361193314,0,High-wage investment-income counties
24009,"Calvert County, MD",Very Low,4,Larger average-economy counties,0.7195319579464042,0.4425580784922443,3,Large high-wage metro counties
24011,"Caroline County, MD",Low,3,Large high-wage metro counties,0.950654446307452,0.902062851166022,4,Larger average-economy counties
24013,"Carroll County, MD",Low,3,Large high-wage metro counties,0.947027331690411,0.8949641816350328,4,Larger average-economy counties
24015,"Cecil County, MD",Low,3,Large high-wage metro counties,0.5558051393935087,0.11282423407074993,4,Larger average-economy counties
24017,"Charles County, MD",Low,3,Large high-wage metro counties,0.9998686630211896,0.9997847157276738,0,High-wage investment-income counties
24019,"Dorchester County, MD",Low,4,Larger average-economy counties,0.9734921817157686,0.9483452634492957,1,Smaller mixed-economy counties
24021,"Frederick County, MD",Low,3,Large high-wage metro counties,0.9997233991197316,0.9995411155168457,0,High-wage investment-income counties
24023,"Garrett County, MD",Very Low,1,Smaller mixed-economy counties,0.9924710310417275,0.9851438439057154,4,Larger average-economy counties
24025,"Harford County, MD",Low,3,Large high-wage metro counties,0.9987045675208323,0.9980805145338996,4,Larger average-economy counties
24027,"Howard County, MD",Low,3,Large high-wage metro counties,0.9996918744355142,0.9994938172512141,0,High-wage investment-income counties
24029,"Kent County, MD",Very Low,1,Smaller mixed-economy counties,0.9972928171946416,0.9947313026478499,4,Larger average-economy counties
24031,"Montgomery County, MD",Moderate,3,Large high-wage metro counties,0.9908769241520671,0.9846176878679386,0,High-wage investment-income counties
24033,"Prince George's County, MD",Moderate,3,Large high-wage metro counties,0.9964211392823387,0.9940278936990776,0,High-wage investment-income counties
24035,"Queen Anne's County, MD",Very Low,3,Large high-wage metro counties,0.9851279097472738,0.9717905445372921,4,Larger average-economy counties
24037,"St. Mary's County, MD",Very Low,3,Large high-wage metro counties,0.9989748149749528,0.9984869620576533,0,High-wage investment-income counties
24039,"Somerset County, MD",Low,4,Larger average-economy counties,0.9772560866625444,0.9550994976979016,1,Smaller mixed-economy counties
24041,"Talbot County, MD",Very Low,4,Larger average-economy counties,0.9948395662908256,0.9906643674839781,3,Large high-wage metro counties
24043,"Washington County, MD",Low,3,Large high-wage metro counties,0.9504220045610854,0.9012417978517352,4,Larger average-economy counties
24045,"Wicomico County, MD",Low,3,Large high-wage metro counties,0.9998863239046543,0.9998140272907691,0,High-wage investment-income counties
24047,"Worcester County, MD",Low,4,Larger average-economy counties,0.9917080284859324,0.9882292825712051,3,Large high-wage metro counties
24510,"Baltimore City County, MD",High,3,Large high-wage metro counties,0.9224239744736761,0.8724465370797334,0,High-wage investment-income counties
25001,"Barnstable County, MA",Moderate,0,High-wage investment-income counties,0.4069997319321979,0.014626034580900116,3,Large high-wage metro counties
25003,"Berkshire County, MA",Moderate,4,Larger average-economy counties,0.8732812149674674,0.7624473095967587,3,Large high-wage metro counties
25005,"Bristol County, MA",Moderate,3,Large high-wage metro counties,0.9997485693769328,0.9995877425971531,0,High-wage investment-income counties
25007,"Dukes County, MA",Very Low,3,Large high-wage metro counties,0.9246550448222143,0.8747230017563685,0,High-wage investment-income counties
25009,"Essex County, MA",High,3,Large high-wage metro counties,0.9989644508677523,0.9982842173480848,0,High-wage investment-income counties
25011,"Franklin County, MA",Low,4,Larger average-economy counties,0.9699783680817035,0.9408168485047897,3,Large high-wage metro counties
25013,"Hampden County, MA",Moderate,3,Large high-wage metro counties,0.9990288288946791,0.9984088170770167,0,High-wage investment-income counties
25015,"Hampshire County, MA",Low,3,Large high-wage metro counties,0.9931980991363393,0.9877511718823487,4,Larger average-economy counties
25017,"Middlesex County, MA",High,3,Large high-wage metro counties,0.9844337021620941,0.9736805968163005,0,High-wage investment-income counties
25019,"Nantucket County, MA",Very Low,3,Large high-wage metro counties,0.9926253864818131,0.987479710852233,0,High-wage investment-income counties
25021,"Norfolk County, MA",Moderate,3,Large high-wage metro counties,0.9994724566985991,0.9991302076489135,0,High-wage investment-income counties
25023,"Plymouth County, MA",Moderate,3,Large high-wage metro counties,0.9997284165474046,0.9995548976489951,0,High-wage investment-income counties
25025,"Suffolk County, MA",Moderate,3,Large high-wage metro counties,0.9606517226883995,0.9322847834630154,0,High-wage investment-income counties
25027,"Worcester County, MA",Moderate,3,Large high-wage metro counties,0.9994700664553107,0.999125056407889,0,High-wage investment-income counties
26001,"Alcona County, MI",Very Low,0,High-wage investment-income counties,0.5970162136118963,0.24965051940689936,1,Smaller mixed-economy counties
26003,"Alger County, MI",Very Low,1,Smaller mixed-economy counties,0.9992267887801497,0.9985689548430845,0,High-wage investment-income counties
26005,"Allegan County, MI",Low,3,Large high-wage metro counties,0.9838158485111815,0.9682904648664385,4,Larger average-economy counties
26007,"Alpena County, MI",Very Low,1,Smaller mixed-economy counties,0.9995514941599931,0.9992476978302413,4,Larger average-economy counties
26009,"Antrim County, MI",Very Low,1,Smaller mixed-economy counties,0.6085060940684126,0.21854712667592113,4,Larger average-economy counties
26011,"Arenac County, MI",Very Low,1,Smaller mixed-economy counties,0.9998343835696416,0.9996930278997244,0,High-wage investment-income counties
26013,"Baraga County, MI",Very Low,1,Smaller mixed-economy counties,0.999563579384543,0.9992845357696273,4,Larger average-economy counties
26015,"Barry County, MI",Low,3,Large high-wage metro counties,0.762685193865614,0.5281938499888095,4,Larger average-economy counties
26017,"Bay County, MI",Low,4,Larger average-economy counties,0.9137433907865743,0.8281039362268766,1,Smaller mixed-economy counties
26019,"Benzie County, MI",Very Low,4,Larger average-economy counties,0.7443449232673639,0.49167150669517484,1,Smaller mixed-economy counties
26021,"Berrien County, MI",Moderate,3,Large high-wage metro counties,0.908417890066676,0.8182495610553302,4,Larger average-economy counties
26023,"Branch County, MI",Low,3,Large high-wage metro counties,0.999544920960435,0.9993012943153906,4,Larger average-economy counties
26025,"Calhoun County, MI",Low,4,Larger average-economy counties,0.6428698731469652,0.2867309481073296,3,Large high-wage metro counties
26027,"Cass County, MI",Low,4,Larger average-economy counties,0.9796794453132487,0.9596767824695104,1,Smaller mixed-economy counties
26029,"Charlevoix County, MI",Very Low,4,Larger average-economy counties,0.8806645222161319,0.7619552481475559,1,Smaller mixed-economy counties
26031,"Cheboygan County, MI",Low,1,Smaller mixed-economy counties,0.9551968462661875,0.9233077447024209,4,Larger average-economy counties
26033,"Chippewa County, MI",Very Low,4,Larger average-economy counties,0.8246629329984634,0.6497148535211893,1,Smaller mixed-economy counties
26035,"Clare County, MI",Low,1,Smaller mixed-economy counties,0.9859350409533569,0.972117573217629,4,Larger average-economy counties
26037,"Clinton County, MI",Low,3,Large high-wage metro counties,0.993391925815706,0.9873147129519118,4,Larger average-economy counties
26039,"Crawford County, MI",Very Low,1,Smaller mixed-economy counties,0.9996829883340359,0.999423135298742,0,High-wage investment-income counties
26041,"Delta County, MI",Low,1,Smaller mixed-economy counties,0.8298109774156456,0.6599592433252135,4,Larger average-economy counties
26043,"Dickinson County, MI",Low,1,Smaller mixed-economy counties,0.970331923883294,0.9408289451085156,4,Larger average-economy counties
26045,"Eaton County, MI",Low,3,Large high-wage metro counties,0.9036981548261906,0.8080474799722119,4,Larger average-economy counties
26047,"Emmet County, MI",Very Low,4,Larger average-economy counties,0.9344293393246083,0.8715669982278282,1,Smaller mixed-economy counties
26049,"Genesee County, MI",Moderate,3,Large high-wage metro counties,0.5415500816863997,0.08889446244390409,4,Larger average-economy counties
26051,"Gladwin County, MI",Very Low,1,Smaller mixed-economy counties,0.9979875481548752,0.9963773673813252,4,Larger average-economy counties
26053,"Gogebic County, MI",Very Low,1,Smaller mixed-economy counties,0.9986058941387155,0.9973864327686669,0,High-wage investment-income counties
26055,"Grand Traverse County, MI",Low,4,Larger average-economy counties,0.979172436955921,0.9586651168660806,3,Large high-wage metro counties
26057,"Gratiot County, MI",Low,4,Larger average-economy counties,0.9949508927038572,0.9904009066050707,1,Smaller mixed-economy counties
26059,"Hillsdale County, MI",Low,4,Larger average-economy counties,0.9980197404069476,0.9969029401463514,3,Large high-wage metro counties
26061,"Houghton County, MI",Very Low,3,Large high-wage metro counties,0.9938005474222336,0.9883168923591726,4,Larger average-economy counties
26063,"Huron County, MI",Low,1,Smaller mixed-economy counties,0.9287039853339151,0.8607606362876425,4,Larger average-economy counties
26065,"Ingham County, MI",Moderate,3,Large high-wage metro counties,0.9992995148399938,0.9988528928647883,0,High-wage investment-income counties
26067,"Ionia County, MI",Low,4,Larger average-economy counties,0.9857399440180263,0.9721064183649013,3,Large high-wage metro counties
26069,"Iosco County, MI",Very Low,1,Smaller mixed-economy counties,0.9845879966451463,0.9722535041544301,0,High-wage investment-income counties
26071,"Iron County, MI",Low,1,Smaller mixed-economy counties,0.9986473498620976,0.9974893038423784,0,High-wage investment-income counties
26073,"Isabella County, MI",Low,4,Larger average-economy counties,0.6640672771941886,0.3298469084472954,3,Large high-wage metro counties
26075,"Jackson County, MI",Low,4,Larger average-economy counties,0.936886869569793,0.8743121525371026,3,Large high-wage metro counties
26077,"Kalamazoo County, MI",Moderate,3,Large high-wage metro counties,0.9997648988196112,0.9996154457897234,0,High-wage investment-income counties
26079,"Kalkaska County, MI",Very Low,4,Larger average-economy counties,0.7886965201473171,0.5782454992587608,1,Smaller mixed-economy counties
26081,"Kent County, MI",Moderate,3,Large high-wage metro counties,0.999570464031884,0.9992938367832664,0,High-wage investment-income counties
26083,"Keweenaw County, MI",Very Low,1,Smaller mixed-economy counties,0.9883782804748485,0.9780557032516278,0,High-wage investment-income counties
26085,"Lake County, MI",Very Low,1,Smaller mixed-economy counties,0.9976713177277178,0.9956980712141602,0,High-wage investment-income counties
26087,"Lapeer County, MI",Low,4,Larger average-economy counties,0.9964346071547967,0.993297048916354,3,Large high-wage metro counties
26089,"Leelanau County, MI",Low,1,Smaller mixed-economy counties,0.9405481821852633,0.881645835560936,4,Larger average-economy counties
26091,"Lenawee County, MI",Low,4,Larger average-economy counties,0.9964350576272862,0.9937169404567263,3,Large high-wage metro counties
26093,"Livingston County, MI",Low,3,Large high-wage metro counties,0.6746534621336675,0.3539863771264433,4,Larger average-economy counties
26095,"Luce County, MI",Very Low,1,Smaller mixed-economy counties,0.9997779853309748,0.9995851513406055,0,High-wage investment-income counties
26097,"Mackinac County, MI",Very Low,0,High-wage investment-income counties,0.44710172276589094,0.05938646850540791,4,Larger average-economy counties
26099,"Macomb County, MI",High,3,Large high-wage metro counties,0.9994054731975243,0.9990269677645645,0,High-wage investment-income counties
26101,"Manistee County, MI",Very Low,1,Smaller mixed-economy counties,0.7001725673654388,0.40150562932341943,4,Larger average-economy counties
26103,"Marquette County, MI",Low,4,Larger average-economy counties,0.9971155425634716,0.9953048659096085,1,Smaller mixed-economy counties
26105,"Mason County, MI",Very Low,4,Larger average-economy counties,0.6378580789618522,0.27787122726700114,1,Smaller mixed-economy counties
26107,"Mecosta County, MI",Low,4,Larger average-economy counties,0.997407535660039,0.9955134271328602,1,Smaller mixed-economy counties
26109,"Menominee County, MI",Low,1,Smaller mixed-economy counties,0.999807822013456,0.9996611275090076,0,High-wage investment-income counties
26111,"Midland County, MI",Low,4,Larger average-economy counties,0.7664681331918887,0.5333589522590442,3,Large high-wage metro counties
26113,"Missaukee County, MI",Very Low,4,Larger average-economy counties,0.9749313573452243,0.9503876743387368,1,Smaller mixed-economy counties
26115,"Monroe County, MI",Moderate,4,Larger average-economy counties,0.9285591819994584,0.8575471932621468,3,Large high-wage metro counties
26117,"Montcalm County, MI",Low,3,Large high-wage metro counties,0.9517360281429394,0.9037985566463582,4,Larger average-economy counties
26119,"Montmorency County, MI",Very Low,1,Smaller mixed-economy counties,0.9334434881500479,0.8730229161616743,0,High-wage investment-income counties
26121,"Muskegon County, MI",Low,4,Larger average-economy counties,0.895378147434437,0.791678281469016,3,Large high-wage metro counties
26123,"Newaygo County, MI",Low,4,Larger average-economy counties,0.985033591366658,0.9702516202979853,3,Large high-wage metro counties
26125,"Oakland County, MI",High,3,Large high-wage metro counties,0.9978767936838335,0.9964787238175907,0,High-wage investment-income counties
26127,"Oceana County, MI",Very Low,4,Larger average-economy counties,0.9977552121789113,0.9962982661956271,3,Large high-wage metro counties
26129,"Ogemaw County, MI",Very Low,1,Smaller mixed-economy counties,0.9870545711333818,0.9752243455534939,4,Larger average-economy counties
26131,"Ontonagon County, MI",Very Low,1,Smaller mixed-economy counties,0.786440162297189,0.5862220643828339,0,High-wage investment-income counties
26133,"Osceola County, MI",Very Low,4,Larger average-economy counties,0.9975673295208886,0.9962273187241282,3,Large high-wage metro counties
26135,"Oscoda County, MI",Very Low,1,Smaller mixed-economy counties,0.9990625544635612,0.9982679624847999,0,High-wage investment-income counties
26137,"Otsego County, MI",Very Low,4,Larger average-economy counties,0.9968618211923703,0.9952654354246958,3,Large high-wage metro counties
26139,"Ottawa County, MI",Moderate,3,Large high-wage metro counties,0.9998389033360522,0.9997371006521342,0,High-wage investment-income counties
26141,"Presque Isle County, MI",Very Low,1,Smaller mixed-economy counties,0.9883421987385022,0.978250214739548,0,High-wage investment-income counties
26143,"Roscommon County, MI",Low,1,Smaller mixed-economy counties,0.9615497773282388,0.927418002343135,0,High-wage investment-income counties
26145,"Saginaw County, MI",Moderate,4,Larger average-economy counties,0.9753741745203776,0.951569540639065,3,Large high-wage metro counties
26147,"St. Clair County, MI",Moderate,4,Larger average-economy counties,0.995010245580116,0.9906189824592896,3,Large high-wage metro counties
26149,"St. Joseph County, MI",Low,4,Larger average-economy counties,0.9678500720353724,0.9360281487019388,3,Large high-wage metro counties
26151,"Sanilac County, MI",Low,4,Larger average-economy counties,0.9270513363153015,0.8547363758601889,1,Smaller mixed-economy counties
26153,"Schoolcraft County, MI",Very Low,1,Smaller mixed-economy counties,0.999453308805894,0.9989846555591914,0,High-wage investment-income counties
26155,"Shiawassee County, MI",Low,4,Larger average-economy counties,0.9838817375986038,0.9681004835260817,1,Smaller mixed-economy counties
26157,"Tuscola County, MI",Low,4,Larger average-economy counties,0.9698061440006419,0.9398712259605418,1,Smaller mixed-economy counties
26159,"Van Buren County, MI",Low,4,Larger average-economy counties,0.8482656562547353,0.6970443341620052,3,Large high-wage metro counties
26161,"Washtenaw County, MI",Moderate,3,Large high-wage metro counties,0.9988327926002287,0.9980574926212361,0,High-wage investment-income counties
26163,"Wayne County, MI",High,3,Large high-wage metro counties,0.9929214979523677,0.9883118028743717,0,High-wage investment-income counties
26165,"Wexford County, MI",Very Low,4,Larger average-economy counties,0.9948824336343367,0.9901141900888784,3,Large high-wage metro counties
27001,"Aitkin County, MN",Low,1,Smaller mixed-economy counties,0.9990072448863984,0.9981662566288584,0,High-wage investment-income counties
27003,"Anoka County, MN",Moderate,3,Large high-wage metro counties,0.9998357733076034,0.9997311004544921,0,High-wage investment-income counties
27005,"Becker County, MN",Very Low,4,Larger average-economy counties,0.9841993813946343,0.9686915186986647,3,Large high-wage metro counties
27007,"Beltrami County, MN",Low,4,Larger average-economy counties,0.847446209560863,0.6956015692665646,3,Large high-wage metro counties
27009,"Benton County, MN",Low,3,Large high-wage metro counties,0.998043229173067,0.9966617559051811,4,Larger average-economy counties
27011,"Big Stone County, MN",Very Low,1,Smaller mixed-economy counties,0.9982427301453607,0.9971583666221846,0,High-wage investment-income counties
27013,"Blue Earth County, MN",Low,3,Large high-wage metro counties,0.9998016159016023,0.9996756084163865,0,High-wage investment-income counties
27015,"Brown County, MN",Low,4,Larger average-economy counties,0.995884403423533,0.9926345472483992,1,Smaller mixed-economy counties
27017,"Carlton County, MN",Low,4,Larger average-economy counties,0.9948817469330381,0.9904843748149212,1,Smaller mixed-economy counties
27019,"Carver County, MN",Low,3,Large high-wage metro counties,0.9996144521926067,0.9993585314764926,0,High-wage investment-income counties
27021,"Cass County, MN",Low,4,Larger average-economy counties,0.9735816978589381,0.9483821552303067,1,Smaller mixed-economy counties
27023,"Chippewa County, MN",Very Low,3,Large high-wage metro counties,0.8346659232030544,0.6732737781324989,4,Larger average-economy counties
27025,"Chisago County, MN",Low,3,Large high-wage metro counties,0.7898191530275808,0.581485294279636,4,Larger average-economy counties
27027,"Clay County, MN",Low,3,Large high-wage metro counties,0.9995841716156055,0.9993752009674537,0,High-wage investment-income counties
27029,"Clearwater County, MN",Very Low,4,Larger average-economy counties,0.9855477789201124,0.9723092501007821,1,Smaller mixed-economy counties
27031,"Cook County, MN",Very Low,4,Larger average-economy counties,0.926987701466299,0.880570621506285,0,High-wage investment-income counties
27033,"Cottonwood County, MN",Very Low,4,Larger average-economy counties,0.7834975568110932,0.5688661312547884,3,Large high-wage metro counties
27035,"Crow Wing County, MN",Low,4,Larger average-economy counties,0.9874390665086997,0.9751859837525938,3,Large high-wage metro counties
27037,"Dakota County, MN",Moderate,3,Large high-wage metro counties,0.9997983017175924,0.9996704124823593,0,High-wage investment-income counties
27039,"Dodge County, MN",Very Low,3,Large high-wage metro counties,0.9801810075496935,0.963559354408207,4,Larger average-economy counties
27041,"Douglas County, MN",Low,4,Larger average-economy counties,0.9712531448008124,0.9431675103709567,3,Large high-wage metro counties
27043,"Faribault County, MN",Low,1,Smaller mixed-economy counties,0.5880978411522119,0.17646672720849232,4,Larger average-economy counties
27045,"Fillmore County, MN",Low,4,Larger average-economy counties,0.9956270537803975,0.9916674063900481,3,Large high-wage metro counties
27047,"Freeborn County, MN",Low,4,Larger average-economy counties,0.9578573088864349,0.9159816637382899,1,Smaller mixed-economy counties
27049,"Goodhue County, MN",Low,4,Larger average-economy counties,0.9517887421989745,0.9039000771087708,3,Large high-wage metro counties
27051,"Grant County, MN",Very Low,4,Larger average-economy counties,0.9586092816474203,0.9337301293636447,0,High-wage investment-income counties
27053,"Hennepin County, MN",High,3,Large high-wage metro counties,0.9974710234533328,0.9958181300221747,0,High-wage investment-income counties
27055,"Houston County, MN",Very Low,1,Smaller mixed-economy counties,0.9256679211991707,0.8517510676878268,4,Larger average-economy counties
27057,"Hubbard County, MN",Very Low,4,Larger average-economy counties,0.9957062003932384,0.9921712349464793,3,Large high-wage metro counties
27059,"Isanti County, MN",Very Low,3,Large high-wage metro counties,0.8696157971724993,0.7410964481663448,4,Larger average-economy counties
27061,"Itasca County, MN",Low,4,Larger average-economy counties,0.9263809806062591,0.8530018150877285,1,Smaller mixed-economy counties
27063,"Jackson County, MN",Very Low,4,Larger average-economy counties,0.9398116319678143,0.8800974599498387,1,Smaller mixed-economy counties
27065,"Kanabec County, MN",Very Low,4,Larger average-economy counties,0.8643546333783435,0.7295762864564483,1,Smaller mixed-economy counties
27067,"Kandiyohi County, MN",Low,3,Large high-wage metro counties,0.9995744903535296,0.9992914880452145,0,High-wage investment-income counties
27069,"Kittson County, MN",Very Low,1,Smaller mixed-economy counties,0.9997572334802335,0.9995622507084797,0,High-wage investment-income counties
27071,"Koochiching County, MN",Very Low,1,Smaller mixed-economy counties,0.9996171739124599,0.9992778852338513,0,High-wage investment-income counties
27073,"Lac qui Parle County, MN",Very Low,1,Smaller mixed-economy counties,0.9954276176022799,0.9923049192448552,4,Larger average-economy counties
27075,"Lake County, MN",Very Low,1,Smaller mixed-economy counties,0.9983002613290188,0.9969337222033576,0,High-wage investment-income counties
27077,"Lake of the Woods County, MN",Very Low,1,Smaller mixed-economy counties,0.9985075990937251,0.9971943647335326,0,High-wage investment-income counties
27079,"Le Sueur County, MN",Very Low,3,Large high-wage metro counties,0.9593699588956817,0.9197334815597824,4,Larger average-economy counties
27081,"Lincoln County, MN",Very Low,1,Smaller mixed-economy counties,0.8384518749722981,0.6783431781999216,4,Larger average-economy counties
27083,"Lyon County, MN",Low,3,Large high-wage metro counties,0.9712493072751323,0.9467104508035762,4,Larger average-economy counties
27085,"McLeod County, MN",Low,4,Larger average-economy counties,0.9385239237643722,0.8774738976673703,3,Large high-wage metro counties
27087,"Mahnomen County, MN",Very Low,4,Larger average-economy counties,0.669987752742412,0.3821755358018975,1,Smaller mixed-economy counties
27089,"Marshall County, MN",Very Low,4,Larger average-economy counties,0.9268113674565994,0.8546577528561596,1,Smaller mixed-economy counties
27091,"Martin County, MN",Low,4,Larger average-economy counties,0.9152739387545649,0.8309957940984323,1,Smaller mixed-economy counties
27093,"Meeker County, MN",Very Low,4,Larger average-economy counties,0.9952125458850872,0.9907173960413656,3,Large high-wage metro counties
27095,"Mille Lacs County, MN",Very Low,4,Larger average-economy counties,0.9903736567158158,0.9812538770872122,1,Smaller mixed-economy counties
27097,"Morrison County, MN",Low,4,Larger average-economy counties,0.9979774646795995,0.9966974725097925,3,Large high-wage metro counties
27099,"Mower County, MN",Low,3,Large high-wage metro counties,0.9997233133294516,0.9995452758909094,0,High-wage investment-income counties
27101,"Murray County, MN",Very Low,4,Larger average-economy counties,0.5327551913600307,0.06677733682653164,1,Smaller mixed-economy counties
27103,"Nicollet County, MN",Low,3,Large high-wage metro counties,0.9115209790336753,0.8238538252492186,4,Larger average-economy counties
27105,"Nobles County, MN",Low,3,Large high-wage metro counties,0.9973203470624296,0.9954439684939408,0,High-wage investment-income counties
27107,"Norman County, MN",Very Low,1,Smaller mixed-economy counties,0.9060978295031569,0.8140099698245087,4,Larger average-economy counties
27109,"Olmsted County, MN",Moderate,3,Large high-wage metro counties,0.9998410795890704,0.999738612864905,0,High-wage investment-income counties
27111,"Otter Tail County, MN",Low,4,Larger average-economy counties,0.6729715823187089,0.3471349826222797,3,Large high-wage metro counties
27113,"Pennington County, MN",Low,4,Larger average-economy counties,0.9874304133747,0.9753089054678241,3,Large high-wage metro counties
27115,"Pine County, MN",Low,4,Larger average-economy counties,0.9706310422591606,0.9415633077651069,1,Smaller mixed-economy counties
27117,"Pipestone County, MN",Very Low,4,Larger average-economy counties,0.9936751537423779,0.9878991022597038,3,Large high-wage metro counties
27119,"Polk County, MN",Low,4,Larger average-economy counties,0.9930336963847625,0.9864768690421605,3,Large high-wage metro counties
27121,"Pope County, MN",Very Low,4,Larger average-economy counties,0.9813795822956196,0.9641509460838751,1,Smaller mixed-economy counties
27123,"Ramsey County, MN",High,3,Large high-wage metro counties,0.9989985752669158,0.9983436267586464,0,High-wage investment-income counties
27125,"Red Lake County, MN",Very Low,1,Smaller mixed-economy counties,0.955401797447408,0.921589256012135,0,High-wage investment-income counties
27127,"Redwood County, MN",Very Low,4,Larger average-economy counties,0.9973429454352775,0.9958059909544855,1,Smaller mixed-economy counties
27129,"Renville County, MN",Very Low,4,Larger average-economy counties,0.9935304508308569,0.9879417753860207,1,Smaller mixed-economy counties
27131,"Rice County, MN",Low,3,Large high-wage metro counties,0.9998521447840121,0.9997576294216551,0,High-wage investment-income counties
27133,"Rock County, MN",Very Low,1,Smaller mixed-economy counties,0.8098623592049303,0.6204228703251723,4,Larger average-economy counties
27135,"Roseau County, MN",Low,4,Larger average-economy counties,0.9963468404656747,0.9947193685620668,1,Smaller mixed-economy counties
27137,"St. Louis County, MN",Moderate,4,Larger average-economy counties,0.9963245756483272,0.9934350573689352,3,Large high-wage metro counties
27139,"Scott County, MN",Low,3,Large high-wage metro counties,0.9997956527712092,0.9996627101544715,0,High-wage investment-income counties
27141,"Sherburne County, MN",Low,3,Large high-wage metro counties,0.9995082684958879,0.9991832219908097,0,High-wage investment-income counties
27143,"Sibley County, MN",Very Low,4,Larger average-economy counties,0.8262961395481693,0.6538138506767986,3,Large high-wage metro counties
27145,"Stearns County, MN",Moderate,3,Large high-wage metro counties,0.9998200624666448,0.9997045405686914,0,High-wage investment-income counties
27147,"Steele County, MN",Very Low,4,Larger average-economy counties,0.9609464115172007,0.9223472724356275,3,Large high-wage metro counties
27149,"Stevens County, MN",Very Low,3,Large high-wage metro counties,0.9773654642021299,0.957766352089917,4,Larger average-economy counties
27151,"Swift County, MN",Very Low,4,Larger average-economy counties,0.6918579878642201,0.3868181523230601,3,Large high-wage metro counties
27153,"Todd County, MN",Very Low,3,Large high-wage metro counties,0.9352570991824771,0.8715916325007992,4,Larger average-economy counties
27155,"Traverse County, MN",Very Low,1,Smaller mixed-economy counties,0.9971360813054853,0.9947833657518376,0,High-wage investment-income counties
27157,"Wabasha County, MN",Low,4,Larger average-economy counties,0.9972166265767215,0.9955325802350258,1,Smaller mixed-economy counties
27159,"Wadena County, MN",Very Low,4,Larger average-economy counties,0.7365795641896069,0.4735654497450808,1,Smaller mixed-economy counties
27161,"Waseca County, MN",Very Low,4,Larger average-economy counties,0.9515877041720668,0.9034870747322041,1,Smaller mixed-economy counties
27163,"Washington County, MN",Moderate,3,Large high-wage metro counties,0.9997516420290451,0.9995922460066325,0,High-wage investment-income counties
27165,"Watonwan County, MN",Very Low,3,Large high-wage metro counties,0.9957872329082057,0.9928525753462698,0,High-wage investment-income counties
27167,"Wilkin County, MN",Very Low,4,Larger average-economy counties,0.8060496542939993,0.6130303639340927,1,Smaller mixed-economy counties
27169,"Winona County, MN",Low,4,Larger average-economy counties,0.9331626213172611,0.8665919207870734,3,Large high-wage metro counties
27171,"Wright County, MN",Low,3,Large high-wage metro counties,0.9912759626464782,0.9856213903248737,0,High-wage investment-income counties
27173,"Yellow Medicine County, MN",Very Low,4,Larger average-economy counties,0.9881745653874653,0.9771627200135565,3,Large high-wage metro counties
28001,"Adams County, MS",Low,0,High-wage investment-income counties,0.7550100124500381,0.5109295326277703,2,Small transfer-reliant counties
28003,"Alcorn County, MS",Low,4,Larger average-economy counties,0.9759578582425683,0.9527274843989266,3,Large high-wage metro counties
28005,"Amite County, MS",Low,1,Smaller mixed-economy counties,0.9907397246010354,0.9816239563534037,4,Larger average-economy counties
28007,"Attala County, MS",Very Low,1,Smaller mixed-economy counties,0.9993334495330463,0.9989246953597347,0,High-wage investment-income counties
28009,"Benton County, MS",Very Low,1,Smaller mixed-economy counties,0.9911603508478716,0.9838049700131811,0,High-wage investment-income counties
28011,"Bolivar County, MS",Low,4,Larger average-economy counties,0.7010646610082105,0.4114387090170523,1,Smaller mixed-economy counties
28013,"Calhoun County, MS",Very Low,1,Smaller mixed-economy counties,0.958673189864965,0.9180159734817167,4,Larger average-economy counties
28015,"Carroll County, MS",Very Low,1,Smaller mixed-economy counties,0.9445476090161882,0.8945124766968708,0,High-wage investment-income counties
28017,"Chickasaw County, MS",Low,1,Smaller mixed-economy counties,0.7106246846313481,0.4219597949013715,4,Larger average-economy counties
28019,"Choctaw County, MS",Very Low,1,Smaller mixed-economy counties,0.994674126701108,0.9897427982041999,4,Larger average-economy counties
28021,"Claiborne County, MS",Very Low,4,Larger average-economy counties,0.5512297960545769,0.11854880746639457,1,Smaller mixed-economy counties
28023,"Clarke County, MS",Very Low,1,Smaller mixed-economy counties,0.9991281424548256,0.9984108421195853,0,High-wage investment-income counties
28025,"Clay County, MS",Very Low,1,Smaller mixed-economy counties,0.9765807318425016,0.9545993994228403,4,Larger average-economy counties
28027,"Coahoma County, MS",Low,4,Larger average-economy counties,0.5338095432080411,0.17659250898677015,0,High-wage investment-income counties
28029,"Copiah County, MS",Low,4,Larger average-economy counties,0.6710448896098992,0.34596435225587163,3,Large high-wage metro counties
28031,"Covington County, MS",Low,1,Smaller mixed-economy counties,0.6014676854238494,0.2034581946842824,4,Larger average-economy counties
28033,"DeSoto County, MS",Moderate,3,Large high-wage metro counties,0.9996505340604953,0.9994296908121211,0,High-wage investment-income counties
28035,"Forrest County, MS",Low,3,Large high-wage metro counties,0.9997826145260805,0.9996483335751297,0,High-wage investment-income counties
28037,"Franklin County, MS",Very Low,1,Smaller mixed-economy counties,0.9866908996149711,0.9742330889161479,4,Larger average-economy counties
28039,"George County, MS",Low,4,Larger average-economy counties,0.8793741443157418,0.7620250045714687,3,Large high-wage metro counties
28041,"Greene County, MS",Very Low,4,Larger average-economy counties,0.8612761339716174,0.7232487219394874,1,Smaller mixed-economy counties
28043,"Grenada County, MS",Low,4,Larger average-economy counties,0.6172854937990432,0.23490218715315925,1,Smaller mixed-economy counties
28045,"Hancock County, MS",Moderate,4,Larger average-economy counties,0.9961714497976976,0.993973542402621,3,Large high-wage metro counties
28047,"Harrison County, MS",High,3,Large high-wage metro counties,0.9998410871346352,0.9997394279030679,0,High-wage investment-income counties
28049,"Hinds County, MS",Moderate,3,Large high-wage metro counties,0.9830982960460866,0.9722756976986568,0,High-wage investment-income counties
28051,"Holmes County, MS",Low,1,Smaller mixed-economy counties,0.9941148380039462,0.989285122039819,0,High-wage investment-income counties
28053,"Humphreys County, MS",Very Low,1,Smaller mixed-economy counties,0.9982467807250908,0.996731249103414,0,High-wage investment-income counties
28055,"Issaquena County, MS",Very Low,1,Smaller mixed-economy counties,0.9634082061213456,0.9288469203675238,0,High-wage investment-income counties
28057,"Itawamba County, MS",Low,1,Smaller mixed-economy counties,0.5323069757181998,0.06500892286122756,4,Larger average-economy counties
28059,"Jackson County, MS",Moderate,3,Large high-wage metro counties,0.9925685322233322,0.9854627409811075,4,Larger average-economy counties
28061,"Jasper County, MS",Very Low,1,Smaller mixed-economy counties,0.9936698785634642,0.9883461612593981,4,Larger average-economy counties
28063,"Jefferson County, MS",Very Low,1,Smaller mixed-economy counties,0.9990112143382359,0.9981615210335611,0,High-wage investment-income counties
28065,"Jefferson Davis County, MS",Very Low,1,Smaller mixed-economy counties,0.9986601138092899,0.9974667945765036,0,High-wage investment-income counties
28067,"Jones County, MS",Low,4,Larger average-economy counties,0.9346498296382539,0.8696634936747789,3,Large high-wage metro counties
28069,"Kemper County, MS",Very Low,1,Smaller mixed-economy counties,0.983669936016505,0.9689611068360706,0,High-wage investment-income counties
28071,"Lafayette County, MS",Low,3,Large high-wage metro counties,0.9992585149322784,0.9987784144468136,0,High-wage investment-income counties
28073,"Lamar County, MS",Low,3,Large high-wage metro counties,0.9996004398421089,0.9993779243860572,0,High-wage investment-income counties
28075,"Lauderdale County, MS",Moderate,4,Larger average-economy counties,0.9946222411028537,0.9926936825710982,3,Large high-wage metro counties
28077,"Lawrence County, MS",Very Low,1,Smaller mixed-economy counties,0.9996716311222263,0.999443400896277,0,High-wage investment-income counties
28079,"Leake County, MS",Low,3,Large high-wage metro counties,0.99802815941159,0.9970509616074829,4,Larger average-economy counties
28081,"Lee County, MS",Moderate,3,Large high-wage metro counties,0.7625724995678808,0.5258421373251323,4,Larger average-economy counties
28083,"Leflore County, MS",Low,1,Smaller mixed-economy counties,0.8876232861087705,0.8076837696492757,4,Larger average-economy counties
28085,"Lincoln County, MS",Low,4,Larger average-economy counties,0.9978141936197166,0.9962756567884974,1,Smaller mixed-economy counties
28087,"Lowndes County, MS",Low,3,Large high-wage metro counties,0.5890366211660345,0.17908872419386235,4,Larger average-economy counties
28089,"Madison County, MS",Moderate,3,Large high-wage metro counties,0.99968030798974,0.9994733928493186,0,High-wage investment-income counties
28091,"Marion County, MS",Low,1,Smaller mixed-economy counties,0.9996272057815194,0.9993212088621943,0,High-wage investment-income counties
28093,"Marshall County, MS",Low,1,Smaller mixed-economy counties,0.999065227488773,0.9984914243301531,0,High-wage investment-income counties
28095,"Monroe County, MS",Low,4,Larger average-economy counties,0.5948404675640514,0.19089928408727208,1,Smaller mixed-economy counties
28097,"Montgomery County, MS",Very Low,1,Smaller mixed-economy counties,0.9993208452248236,0.9987385780878602,0,High-wage investment-income counties
28099,"Neshoba County, MS",Low,4,Larger average-economy counties,0.9954658034456729,0.9914169776865109,3,Large high-wage metro counties
28101,"Newton County, MS",Low,4,Larger average-economy counties,0.9928316626879353,0.9861696895190862,1,Smaller mixed-economy counties
28103,"Noxubee County, MS",Very Low,4,Larger average-economy counties,0.7883495454999444,0.5829554137533325,1,Smaller mixed-economy counties
28105,"Oktibbeha County, MS",Low,3,Large high-wage metro counties,0.9991710631745975,0.9986186662905912,0,High-wage investment-income counties
28107,"Panola County, MS",Low,4,Larger average-economy counties,0.5993807417158504,0.19919587868455418,1,Smaller mixed-economy counties
28109,"Pearl River County, MS",Moderate,4,Larger average-economy counties,0.9771444777183012,0.9544900920941328,3,Large high-wage metro counties
28111,"Perry County, MS",Very Low,1,Smaller mixed-economy counties,0.6217043182362081,0.2447052599642336,4,Larger average-economy counties
28113,"Pike County, MS",Low,4,Larger average-economy counties,0.8340992444779618,0.6694905522471323,1,Smaller mixed-economy counties
28115,"Pontotoc County, MS",Low,3,Large high-wage metro counties,0.9741940273394689,0.9492482256590205,4,Larger average-economy counties
28117,"Prentiss County, MS",Low,4,Larger average-economy counties,0.5485614781989051,0.09743186526512121,1,Smaller mixed-economy counties
28119,"Quitman County, MS",Very Low,1,Smaller mixed-economy counties,0.6638543759977815,0.34685762522058655,0,High-wage investment-income counties
28121,"Rankin County, MS",Moderate,3,Large high-wage metro counties,0.9998379451762507,0.9997347812257262,0,High-wage investment-income counties
28123,"Scott County, MS",Low,3,Large high-wage metro counties,0.9992140277632602,0.9987312519337987,0,High-wage investment-income counties
28125,"Sharkey County, MS",Very Low,0,High-wage investment-income counties,0.948225313746598,0.8975221783077246,2,Small transfer-reliant counties
28127,"Simpson County, MS",Low,1,Smaller mixed-economy counties,0.7953089318441057,0.5913392462805532,4,Larger average-economy counties
28129,"Smith County, MS",Low,1,Smaller mixed-economy counties,0.9399159500224443,0.880151438448902,4,Larger average-economy counties
28131,"Stone County, MS",Low,4,Larger average-economy counties,0.8850000566870446,0.7736100293559571,1,Smaller mixed-economy counties
28133,"Sunflower County, MS",Low,4,Larger average-economy counties,0.7560910801178362,0.586827622039548,0,High-wage investment-income counties
28135,"Tallahatchie County, MS",Very Low,1,Smaller mixed-economy counties,0.4871357606241964,0.11701364630495392,0,High-wage investment-income counties
28137,"Tate County, MS",Very Low,1,Smaller mixed-economy counties,0.981899176534531,0.9655688133525593,4,Larger average-economy counties
28139,"Tippah County, MS",Low,4,Larger average-economy counties,0.9940505527796304,0.990749028641032,1,Smaller mixed-economy counties
28141,"Tishomingo County, MS",Very Low,1,Smaller mixed-economy counties,0.996677923678921,0.9946334518106735,4,Larger average-economy counties
28143,"Tunica County, MS",Very Low,0,High-wage investment-income counties,0.6833941902000815,0.47579151482471926,1,Smaller mixed-economy counties
28145,"Union County, MS",Low,4,Larger average-economy counties,0.9949107060292908,0.9900862016980173,3,Large high-wage metro counties
28147,"Walthall County, MS",Very Low,1,Smaller mixed-economy counties,0.80875783275063,0.6179420249504868,4,Larger average-economy counties
28149,"Warren County, MS",Moderate,4,Larger average-economy counties,0.9732778908843349,0.9491913887329942,1,Smaller mixed-economy counties
28151,"Washington County, MS",Moderate,1,Smaller mixed-economy counties,0.8703463481427387,0.7949952475480215,0,High-wage investment-income counties
28153,"Wayne County, MS",Low,4,Larger average-economy counties,0.9849030560734927,0.9700728139326484,3,Large high-wage metro counties
28155,"Webster County, MS",Very Low,1,Smaller mixed-economy counties,0.9971019321025989,0.994551223153718,0,High-wage investment-income counties
28157,"Wilkinson County, MS",Very Low,0,High-wage investment-income counties,0.9069474463148731,0.8368255872415828,2,Small transfer-reliant counties
28159,"Winston County, MS",Very Low,1,Smaller mixed-economy counties,0.9994923811607515,0.9991835055087732,0,High-wage investment-income counties
28161,"Yalobusha County, MS",Very Low,1,Smaller mixed-economy counties,0.9997939406337939,0.9996194794824061,0,High-wage investment-income counties
28163,"Yazoo County, MS",Low,0,High-wage investment-income counties,0.746424160949077,0.4999677687299389,2,Small transfer-reliant counties
29001,"Adair County, MO",Very Low,3,Large high-wage metro counties,0.9992376951773596,0.9987371261066664,0,High-wage investment-income counties
29003,"Andrew County, MO",Very Low,4,Larger average-economy counties,0.9673187914870105,0.9351535431876536,1,Smaller mixed-economy counties
29005,"Atchison County, MO",Very Low,1,Smaller mixed-economy counties,0.9997530740531622,0.9995503412574988,0,High-wage investment-income counties
29007,"Audrain County, MO",Low,1,Smaller mixed-economy counties,0.9421451581382162,0.8901351265581811,4,Larger average-economy counties
29009,"Barry County, MO",Low,4,Larger average-economy counties,0.9956725530784896,0.9919941293870133,1,Smaller mixed-economy counties
29011,"Barton County, MO",Low,1,Smaller mixed-economy counties,0.9953701396663388,0.992517743197606,0,High-wage investment-income counties
29013,"Bates County, MO",Very Low,1,Smaller mixed-economy counties,0.8078658855647054,0.6170443162934188,4,Larger average-economy counties
29015,"Benton County, MO",Low,1,Smaller mixed-economy counties,0.8702738992682396,0.7571934293178404,0,High-wage investment-income counties
29017,"Bollinger County, MO",Very Low,1,Smaller mixed-economy counties,0.9995485894071142,0.9991604044905275,0,High-wage investment-income counties
29019,"Boone County, MO",Moderate,3,Large high-wage metro counties,0.9998546542678757,0.999761257650973,0,High-wage investment-income counties
29021,"Buchanan County, MO",Low,3,Large high-wage metro counties,0.8929046427960637,0.7885360065234261,4,Larger average-economy counties
29023,"Butler County, MO",Moderate,4,Larger average-economy counties,0.9476321221423686,0.8955072768616441,1,Smaller mixed-economy counties
29025,"Caldwell County, MO",Very Low,1,Smaller mixed-economy counties,0.8816456885757515,0.7637293810173866,4,Larger average-economy counties
29027,"Callaway County, MO",Low,4,Larger average-economy counties,0.9896898915400925,0.9797266900936736,3,Large high-wage metro counties
29029,"Camden County, MO",Moderate,4,Larger average-economy counties,0.939508166014069,0.8979653664163901,1,Smaller mixed-economy counties
29031,"Cape Girardeau County, MO",Moderate,3,Large high-wage metro counties,0.9945299049669214,0.9893096998638605,4,Larger average-economy counties
29033,"Carroll County, MO",Very Low,1,Smaller mixed-economy counties,0.9998006828383581,0.9996282646146538,0,High-wage investment-income counties
29035,"Carter County, MO",Low,1,Smaller mixed-economy counties,0.9819123764339884,0.9681455506137205,0,High-wage investment-income counties
29037,"Cass County, MO",Low,4,Larger average-economy counties,0.9644908065566861,0.9328304398465664,3,Large high-wage metro counties
29039,"Cedar County, MO",Very Low,1,Smaller mixed-economy counties,0.9875252839660461,0.9785705762923638,4,Larger average-economy counties
29041,"Chariton County, MO",Very Low,1,Smaller mixed-economy counties,0.9850342736305326,0.9705220196316477,4,Larger average-economy counties
29043,"Christian County, MO",Low,3,Large high-wage metro counties,0.999427741454763,0.9991305746427603,0,High-wage investment-income counties
29045,"Clark County, MO",Very Low,1,Smaller mixed-economy counties,0.9571558726756269,0.9226954598384302,4,Larger average-economy counties
29047,"Clay County, MO",Moderate,3,Large high-wage metro counties,0.9997591212514234,0.9996038484789148,0,High-wage investment-income counties
29049,"Clinton County, MO",Low,1,Smaller mixed-economy counties,0.9946922028626898,0.9901162675318437,4,Larger average-economy counties
29051,"Cole County, MO",Low,3,Large high-wage metro counties,0.9460377581607102,0.8929359918025858,4,Larger average-economy counties
29053,"Cooper County, MO",Very Low,1,Smaller mixed-economy counties,0.9029835613446271,0.8076870605285016,4,Larger average-economy counties
29055,"Crawford County, MO",Low,1,Smaller mixed-economy counties,0.9995942055099748,0.9992732559110781,0,High-wage investment-income counties
29057,"Dade County, MO",Very Low,1,Smaller mixed-economy counties,0.9965723441982713,0.9934670738737259,0,High-wage investment-income counties
29059,"Dallas County, MO",Very Low,4,Larger average-economy counties,0.9933698238910436,0.9876921388721396,1,Smaller mixed-economy counties
29061,"Daviess County, MO",Very Low,1,Smaller mixed-economy counties,0.7304461971753297,0.4730442440750185,4,Larger average-economy counties
29063,"DeKalb County, MO",Very Low,1,Smaller mixed-economy counties,0.726988259161085,0.49632717432272144,0,High-wage investment-income counties
29065,"Dent County, MO",Low,1,Smaller mixed-economy counties,0.9993781271763581,0.9988255124920035,0,High-wage investment-income counties
29067,"Douglas County, MO",Very Low,1,Smaller mixed-economy counties,0.99975060551345,0.9995351073203997,0,High-wage investment-income counties
29069,"Dunklin County, MO",Low,1,Smaller mixed-economy counties,0.8765128901307384,0.755192519092995,4,Larger average-economy counties
29071,"Franklin County, MO",Moderate,4,Larger average-economy counties,0.9858515343446802,0.9720199747429631,3,Large high-wage metro counties
29073,"Gasconade County, MO",Very Low,1,Smaller mixed-economy counties,0.9995425987989595,0.9992173457062314,4,Larger average-economy counties
29075,"Gentry County, MO",Very Low,1,Smaller mixed-economy counties,0.990621867097911,0.9827909762973863,0,High-wage investment-income counties
29077,"Greene County, MO",Moderate,3,Large high-wage metro counties,0.9997807545088013,0.9996751506310158,0,High-wage investment-income counties
29079,"Grundy County, MO",Very Low,1,Smaller mixed-economy counties,0.5098339784985593,0.020487801073780565,4,Larger average-economy counties
29081,"Harrison County, MO",Very Low,1,Smaller mixed-economy counties,0.9288945176000271,0.8622210924646632,4,Larger average-economy counties
29083,"Henry County, MO",Low,1,Smaller mixed-economy counties,0.6254885148688035,0.25134380855602995,4,Larger average-economy counties
29085,"Hickory County, MO",Very Low,1,Smaller mixed-economy counties,0.9983622611530119,0.9968840269378252,0,High-wage investment-income counties
29087,"Holt County, MO",Very Low,1,Smaller mixed-economy counties,0.9996484386241872,0.9993347093205306,0,High-wage investment-income counties
29089,"Howard County, MO",Very Low,1,Smaller mixed-economy counties,0.9921972804830803,0.9850937880621894,4,Larger average-economy counties
29091,"Howell County, MO",Low,4,Larger average-economy counties,0.6393249586401851,0.2791532899852053,1,Smaller mixed-economy counties
29093,"Iron County, MO",Low,1,Smaller mixed-economy counties,0.9526233918743192,0.9111478202866131,0,High-wage investment-income counties
29095,"Jackson County, MO",High,3,Large high-wage metro counties,0.9997056682838951,0.9995197913643895,0,High-wage investment-income counties
29097,"Jasper County, MO",Moderate,3,Large high-wage metro counties,0.9954737539194329,0.9913656591599725,4,Larger average-economy counties
29099,"Jefferson County, MO",Moderate,4,Larger average-economy counties,0.9484415482295399,0.8993452738322136,3,Large high-wage metro counties
29101,"Johnson County, MO",Low,3,Large high-wage metro counties,0.9789744888802875,0.9660234803154133,0,High-wage investment-income counties
29103,"Knox County, MO",Very Low,1,Smaller mixed-economy counties,0.9985715104412275,0.9972993193805839,0,High-wage investment-income counties
29105,"Laclede County, MO",Low,4,Larger average-economy counties,0.9975140154793117,0.9956884781337481,3,Large high-wage metro counties
29107,"Lafayette County, MO",Low,4,Larger average-economy counties,0.996748584928876,0.9943077197128144,1,Smaller mixed-economy counties
29109,"Lawrence County, MO",Low,4,Larger average-economy counties,0.6885194777473471,0.3830650246087577,1,Smaller mixed-economy counties
29111,"Lewis County, MO",Very Low,1,Smaller mixed-economy counties,0.7861759396312894,0.5740951674653902,4,Larger average-economy counties
29113,"Lincoln County, MO",Low,3,Large high-wage metro counties,0.9779914219776213,0.9604837905244559,4,Larger average-economy counties
29115,"Linn County, MO",Very Low,1,Smaller mixed-economy counties,0.9998858326069568,0.9997928916398011,0,High-wage investment-income counties
29117,"Livingston County, MO",Very Low,4,Larger average-economy counties,0.8875866501065454,0.7755942997679975,1,Smaller mixed-economy counties
29119,"McDonald County, MO",Low,3,Large high-wage metro counties,0.9994589783834334,0.9991065481039689,0,High-wage investment-income counties
29121,"Macon County, MO",Very Low,4,Larger average-economy counties,0.6651955741373132,0.33066645562072594,1,Smaller mixed-economy counties
29123,"Madison County, MO",Low,4,Larger average-economy counties,0.9602553853330518,0.9215759800110305,1,Smaller mixed-economy counties
29125,"Maries County, MO",Very Low,1,Smaller mixed-economy counties,0.9997818548718309,0.9996685061017022,0,High-wage investment-income counties
29127,"Marion County, MO",Low,4,Larger average-economy counties,0.9919321627929537,0.9841697071484422,1,Smaller mixed-economy counties
29129,"Mercer County, MO",Very Low,4,Larger average-economy counties,0.9847179067042456,0.9763999582606571,1,Smaller mixed-economy counties
29131,"Miller County, MO",Low,4,Larger average-economy counties,0.9974527255197231,0.9962066247150873,3,Large high-wage metro counties
29133,"Mississippi County, MO",Low,1,Smaller mixed-economy counties,0.9836343742427914,0.9695726794182944,0,High-wage investment-income counties
29135,"Moniteau County, MO",Very Low,4,Larger average-economy counties,0.9970892599401108,0.9952314296314937,3,Large high-wage metro counties
29137,"Monroe County, MO",Very Low,1,Smaller mixed-economy counties,0.7743711591601239,0.551869866556641,4,Larger average-economy counties
29139,"Montgomery County, MO",Very Low,1,Smaller mixed-economy counties,0.9998088926244909,0.9996756913421607,0,High-wage investment-income counties
29141,"Morgan County, MO",Low,1,Smaller mixed-economy counties,0.949658814055225,0.9009786187505001,4,Larger average-economy counties
29143,"New Madrid County, MO",Low,1,Smaller mixed-economy counties,0.9989540478482356,0.998060669106271,0,High-wage investment-income counties
29145,"Newton County, MO",Low,3,Large high-wage metro counties,0.9517348679158689,0.9048748166573063,4,Larger average-economy counties
29147,"Nodaway County, MO",Low,4,Larger average-economy counties,0.9399568528040644,0.8821349208486116,3,Large high-wage metro counties
29149,"Oregon County, MO",Low,1,Smaller mixed-economy counties,0.979392381450248,0.9603002695677991,0,High-wage investment-income counties
29151,"Osage County, MO",Very Low,4,Larger average-economy counties,0.9366320238401168,0.8743745001809992,1,Smaller mixed-economy counties
29153,"Ozark County, MO",Very Low,1,Smaller mixed-economy counties,0.9974586271405509,0.9952044295655691,0,High-wage investment-income counties
29155,"Pemiscot County, MO",Low,1,Smaller mixed-economy counties,0.799980244415202,0.6215870317098486,4,Larger average-economy counties
29157,"Perry County, MO",Low,4,Larger average-economy counties,0.9955796043588053,0.9916352902474084,3,Large high-wage metro counties
29159,"Pettis County, MO",Low,3,Large high-wage metro counties,0.9991007536518712,0.9984928048192822,4,Larger average-economy counties
29161,"Phelps County, MO",Low,3,Large high-wage metro counties,0.7206953618136107,0.44684423029616105,4,Larger average-economy counties
29163,"Pike County, MO",Very Low,1,Smaller mixed-economy counties,0.9920577123236661,0.9857096275289443,4,Larger average-economy counties
29165,"Platte County, MO",Low,3,Large high-wage metro counties,0.9991548381248045,0.9985974202423865,0,High-wage investment-income counties
29167,"Polk County, MO",Low,4,Larger average-economy counties,0.9463142849465375,0.8929273981611989,3,Large high-wage metro counties
29169,"Pulaski County, MO",Low,0,High-wage investment-income counties,0.6002955941782907,0.20461120027243784,2,Small transfer-reliant counties
29171,"Putnam County, MO",Very Low,1,Smaller mixed-economy counties,0.9820114515501825,0.9697683633275993,4,Larger average-economy counties
29173,"Ralls County, MO",Very Low,1,Smaller mixed-economy counties,0.9974131683652669,0.9950726439392703,4,Larger average-economy counties
29175,"Randolph County, MO",Very Low,1,Smaller mixed-economy counties,0.7418400761237127,0.4846282790448094,4,Larger average-economy counties
29177,"Ray County, MO",Low,4,Larger average-economy counties,0.6978890730727323,0.3960980084399585,1,Smaller mixed-economy counties
29179,"Reynolds County, MO",Low,1,Smaller mixed-economy counties,0.9995461608611467,0.9991411784037397,0,High-wage investment-income counties
29181,"Ripley County, MO",Low,1,Smaller mixed-economy counties,0.9995920474288512,0.9992332447566225,0,High-wage investment-income counties
29183,"St. Charles County, MO",Moderate,3,Large high-wage metro counties,0.9998874992674476,0.9998156990471173,0,High-wage investment-income counties
29185,"St. Clair County, MO",Very Low,1,Smaller mixed-economy counties,0.9982513715067316,0.9971441267754473,0,High-wage investment-income counties
29186,"Ste. Genevieve County, MO",Low,1,Smaller mixed-economy counties,0.6992128634891251,0.40018753830125053,4,Larger average-economy counties
29187,"St. Francois County, MO",Low,4,Larger average-economy counties,0.9961100128204523,0.9930766796571245,1,Smaller mixed-economy counties
29189,"St. Louis County, MO",High,3,Large high-wage metro counties,0.9967854197352312,0.9947014784418006,0,High-wage investment-income counties
29195,"Saline County, MO",Low,4,Larger average-economy counties,0.8187269667164587,0.638555189630966,3,Large high-wage metro counties
29197,"Schuyler County, MO",Very Low,4,Larger average-economy counties,0.9111494305580021,0.8521631876459087,1,Smaller mixed-economy counties
29199,"Scotland County, MO",Very Low,4,Larger average-economy counties,0.881982097776667,0.7994975528087919,0,High-wage investment-income counties
29201,"Scott County, MO",Low,4,Larger average-economy counties,0.9840657517443419,0.9684248788084774,1,Smaller mixed-economy counties
29203,"Shannon County, MO",Low,1,Smaller mixed-economy counties,0.9996651462888146,0.9993734206742941,0,High-wage investment-income counties
29205,"Shelby County, MO",Very Low,4,Larger average-economy counties,0.9520838709015876,0.906684415517176,1,Smaller mixed-economy counties
29207,"Stoddard County, MO",Low,1,Smaller mixed-economy counties,0.9940752009768689,0.9883201808342279,4,Larger average-economy counties
29209,"Stone County, MO",Low,1,Smaller mixed-economy counties,0.8720890317516224,0.7510187631987231,4,Larger average-economy counties
29211,"Sullivan County, MO",Very Low,4,Larger average-economy counties,0.9782737128250417,0.9593424754052081,1,Smaller mixed-economy counties
29213,"Taney County, MO",Moderate,4,Larger average-economy counties,0.997130462259283,0.9957191991416571,3,Large high-wage metro counties
29215,"Texas County, MO",Low,1,Smaller mixed-economy counties,0.9972153318868598,0.9949532193959562,0,High-wage investment-income counties
29217,"Vernon County, MO",Low,4,Larger average-economy counties,0.9669105062152229,0.9343914761764425,1,Smaller mixed-economy counties
29219,"Warren County, MO",Low,4,Larger average-economy counties,0.9846917502898327,0.9713232591469667,3,Large high-wage metro counties
29221,"Washington County, MO",Low,1,Smaller mixed-economy counties,0.9474745797497701,0.8951452778852197,4,Larger average-economy counties
29223,"Wayne County, MO",Low,1,Smaller mixed-economy counties,0.9993773759492025,0.9988226310383747,0,High-wage investment-income counties
29225,"Webster County, MO",Low,0,High-wage investment-income counties,0.6320677364435807,0.3789667478641846,2,Small transfer-reliant counties
29227,"Worth County, MO",Very Low,1,Smaller mixed-economy counties,0.978734904180824,0.9591045691198928,0,High-wage investment-income counties
29229,"Wright County, MO",Low,4,Larger average-economy counties,0.7338200498145931,0.47162248708308674,1,Smaller mixed-economy counties
29510,"St. Louis City County, MO",High,3,Large high-wage metro counties,0.9915785828032642,0.9858257527502061,0,High-wage investment-income counties
30001,"Beaverhead County, MT",Low,0,High-wage investment-income counties,0.5653003490595756,0.1306006981191516,2,Small transfer-reliant counties
30003,"Big Horn County, MT",Low,2,Small transfer-reliant counties,0.96546945524263,0.930938910485261,0,High-wage investment-income counties
30005,"Blaine County, MT",Low,2,Small transfer-reliant counties,0.8832472846394642,0.7664945692789288,0,High-wage investment-income counties
30007,"Broadwater County, MT",Very Low,2,Small transfer-reliant counties,0.8558972373920429,0.7117944747840844,0,High-wage investment-income counties
30009,"Carbon County, MT",Low,2,Small transfer-reliant counties,0.7856389628933812,0.571277925786764,0,High-wage investment-income counties
30011,"Carter County, MT",Very Low,0,High-wage investment-income counties,0.5357134764347294,0.0714269528694591,2,Small transfer-reliant counties
30013,"Cascade County, MT",Moderate,0,High-wage investment-income counties,0.5765690205185857,0.15314517354726592,2,Small transfer-reliant counties
30015,"Chouteau County, MT",Very Low,0,High-wage investment-income counties,0.9901390786368179,0.9802781572736367,2,Small transfer-reliant counties
30017,"Custer County, MT",Very Low,2,Small transfer-reliant counties,0.84410979910876,0.6882195982175193,0,High-wage investment-income counties
30019,"Daniels County, MT",Very Low,2,Small transfer-reliant counties,0.8492423801227309,0.6984847602454604,0,High-wage investment-income counties
30021,"Dawson County, MT",Low,0,High-wage investment-income counties,0.6296983256781268,0.25939665135633594,2,Small transfer-reliant counties
30023,"Deer Lodge County, MT",Very Low,2,Small transfer-reliant counties,0.9015271688241354,0.8030543376482696,0,High-wage investment-income counties
30025,"Fallon County, MT",Very Low,2,Small transfer-reliant counties,0.8272941329731605,0.6545882659463198,0,High-wage investment-income counties
30027,"Fergus County, MT",Low,2,Small transfer-reliant counties,0.9236756713001408,0.8473513426002826,0,High-wage investment-income counties
30029,"Flathead County, MT",Moderate,3,Large high-wage metro counties,0.9839280272952126,0.9727889272702697,0,High-wage investment-income counties
30031,"Gallatin County, MT",Moderate,2,Small transfer-reliant counties,0.8542011728912242,0.7084023457824532,0,High-wage investment-income counties
30033,"Garfield County, MT",Very Low,0,High-wage investment-income counties,0.5473115774028822,0.094623154805763,2,Small transfer-reliant counties
30035,"Glacier County, MT",Low,2,Small transfer-reliant counties,0.920147647013733,0.8402952940274676,0,High-wage investment-income counties
30037,"Golden Valley County, MT",Very Low,2,Small transfer-reliant counties,0.8553324302350904,0.7106648604701804,0,High-wage investment-income counties
30039,"Granite County, MT",Very Low,0,High-wage investment-income counties,0.9158202132681353,0.8316404265362713,2,Small transfer-reliant counties
30041,"Hill County, MT",Low,0,High-wage investment-income counties,0.9937921754325811,0.9875843508651636,2,Small transfer-reliant counties
30043,"Jefferson County, MT",Very Low,2,Small transfer-reliant counties,0.947253725791861,0.8945074515837209,0,High-wage investment-income counties
30045,"Judith Basin County, MT",Very Low,0,High-wage investment-income counties,0.9997797800425879,0.999559560085175,2,Small transfer-reliant counties
30047,"Lake County, MT",Low,2,Small transfer-reliant counties,0.7180573325836427,0.4361146651726395,0,High-wage investment-income counties
30049,"Lewis and Clark County, MT",Low,2,Small transfer-reliant counties,0.9865060865075049,0.973012173015011,0,High-wage investment-income counties
30051,"Liberty County, MT",Very Low,0,High-wage investment-income counties,0.9999865866008038,0.9999731732016085,2,Small transfer-reliant counties
30053,"Lincoln County, MT",Low,2,Small transfer-reliant counties,0.9368221924084035,0.8736443848168083,0,High-wage investment-income counties
30055,"McCone County, MT",Very Low,2,Small transfer-reliant counties,0.9491095671839452,0.898219134367889,0,High-wage investment-income counties
30057,"Madison County, MT",Very Low,0,High-wage investment-income counties,0.9994431960839432,0.9988863921678869,2,Small transfer-reliant counties
30059,"Meagher County, MT",Very Low,0,High-wage investment-income counties,0.9626688851491613,0.9253377771045054,2,Small transfer-reliant counties
30061,"Mineral County, MT",Very Low,2,Small transfer-reliant counties,0.981535698690103,0.9630713973802049,0,High-wage investment-income counties
30063,"Missoula County, MT",Low,2,Small transfer-reliant counties,0.828017239236902,0.6560344784738026,0,High-wage investment-income counties
30065,"Musselshell County, MT",Very Low,2,Small transfer-reliant counties,0.8550391583087303,0.7100783166174609,0,High-wage investment-income counties
30067,"Park County, MT",Low,0,High-wage investment-income counties,0.9999400917114103,0.9998801834228218,2,Small transfer-reliant counties
30069,"Petroleum County, MT",Very Low,2,Small transfer-reliant counties,0.8416114803069745,0.6832229606139495,0,High-wage investment-income counties
30071,"Phillips County, MT",Very Low,2,Small transfer-reliant counties,0.8101414505310461,0.620282901062091,0,High-wage investment-income counties
30073,"Pondera County, MT",Very Low,0,High-wage investment-income counties,0.978420210164882,0.9568404203297654,2,Small transfer-reliant counties
30075,"Powder River County, MT",Very Low,2,Small transfer-reliant counties,0.8976741404427173,0.7953482808854346,0,High-wage investment-income counties
30077,"Powell County, MT",Very Low,0,High-wage investment-income counties,0.9955947805627557,0.9911895611255099,2,Small transfer-reliant counties
30079,"Prairie County, MT",Very Low,2,Small transfer-reliant counties,0.9116790273661419,0.8233580547322839,0,High-wage investment-income counties
30081,"Ravalli County, MT",Low,2,Small transfer-reliant counties,0.929736207009037,0.8594724140180753,0,High-wage investment-income counties
30083,"Richland County, MT",Low,2,Small transfer-reliant counties,0.944991339319335,0.889982678638671,0,High-wage investment-income counties
30085,"Roosevelt County, MT",Low,0,High-wage investment-income counties,0.9939791300126141,0.9879582600252295,2,Small transfer-reliant counties
30087,"Rosebud County, MT",Low,2,Small transfer-reliant counties,0.8188016048955806,0.6376032097922312,0,High-wage investment-income counties
30089,"Sanders County, MT",Low,0,High-wage investment-income counties,0.9999318237805644,0.9998636475611292,2,Small transfer-reliant counties
30091,"Sheridan County, MT",Very Low,2,Small transfer-reliant counties,0.9557980107780909,0.9115960215561808,0,High-wage investment-income counties
30093,"Silver Bow County, MT",Very Low,2,Small transfer-reliant counties,0.9732326259720717,0.9464652519441445,0,High-wage investment-income counties
30095,"Stillwater County, MT",Very Low,0,High-wage investment-income counties,0.7021967691032881,0.40439354906817776,2,Small transfer-reliant counties
30097,"Sweet Grass County, MT",Very Low,0,High-wage investment-income counties,0.7338429321854791,0.46768586437095705,2,Small transfer-reliant counties
30099,"Teton County, MT",Very Low,2,Small transfer-reliant counties,0.802744324284287,0.6054886485685728,0,High-wage investment-income counties
30101,"Toole County, MT",Very Low,0,High-wage investment-income counties,0.6793346728448446,0.4293954575640392,2,Small transfer-reliant counties
30103,"Treasure County, MT",Very Low,1,Smaller mixed-economy counties,0.8960469122138733,0.8016079551955334,0,High-wage investment-income counties
30105,"Valley County, MT",Very Low,1,Smaller mixed-economy counties,0.9962815602751154,0.9929577761275874,4,Larger average-economy counties
30107,"Wheatland County, MT",Very Low,1,Smaller mixed-economy counties,0.9915227728132756,0.9840080506091802,0,High-wage investment-income counties
30109,"Wibaux County, MT",Very Low,0,High-wage investment-income counties,0.9941515739507059,0.9883031479025766,2,Small transfer-reliant counties
30111,"Yellowstone County, MT",Moderate,3,Large high-wage metro counties,0.9986915880320906,0.9976520041352814,4,Larger average-economy counties
31001,"Adams County, NE",Low,4,Larger average-economy counties,0.9665869081517627,0.9335205796282997,3,Large high-wage metro counties
31003,"Antelope County, NE",Very Low,4,Larger average-economy counties,0.948698869986449,0.9027976234648547,1,Smaller mixed-economy counties
31005,"Arthur County, NE",Very Low,0,High-wage investment-income counties,0.9583050966442017,0.9167108002403683,2,Small transfer-reliant counties
31007,"Banner County, NE",Very Low,0,High-wage investment-income counties,0.8134257420164432,0.6271574561761366,2,Small transfer-reliant counties
31009,"Blaine County, NE",Very Low,0,High-wage investment-income counties,0.9265969821874014,0.8550837483054039,2,Small transfer-reliant counties
31011,"Boone County, NE",Low,4,Larger average-economy counties,0.9917483325298564,0.9853469257020795,3,Large high-wage metro counties
31013,"Box Butte County, NE",Very Low,4,Larger average-economy counties,0.9157658228123658,0.834866008615741,1,Smaller mixed-economy counties
31015,"Boyd County, NE",Very Low,0,High-wage investment-income counties,0.8695464027594186,0.8026551592767063,1,Smaller mixed-economy counties
31017,"Brown County, NE",Very Low,0,High-wage investment-income counties,0.5250722203033298,0.219454886112237,1,Smaller mixed-economy counties
31019,"Buffalo County, NE",Low,3,Large high-wage metro counties,0.9927065698297282,0.9859843008262963,4,Larger average-economy counties
31021,"Burt County, NE",Very Low,1,Smaller mixed-economy counties,0.9956876298149977,0.9931271617365909,4,Larger average-economy counties
31023,"Butler County, NE",Very Low,1,Smaller mixed-economy counties,0.9769094489451187,0.9573221887976843,0,High-wage investment-income counties
31025,"Cass County, NE",Very Low,4,Larger average-economy counties,0.9871775850532302,0.9747410008009093,3,Large high-wage metro counties
31027,"Cedar County, NE",Very Low,1,Smaller mixed-economy counties,0.5054742962083361,0.011693130914564864,4,Larger average-economy counties
31029,"Chase County, NE",Very Low,1,Smaller mixed-economy counties,0.8663067783536572,0.7364146251770913,4,Larger average-economy counties
31031,"Cherry County, NE",Very Low,4,Larger average-economy counties,0.6732759968277218,0.3557636423665888,3,Large high-wage metro counties
31033,"Cheyenne County, NE",Very Low,1,Smaller mixed-economy counties,0.8491155360956493,0.748994964562097,0,High-wage investment-income counties
31035,"Clay County, NE",Low,4,Larger average-economy counties,0.9050858204518284,0.8393613479925988,1,Smaller mixed-economy counties
31037,"Colfax County, NE",Very Low,0,High-wage investment-income counties,0.5881217738932217,0.3664253816611186,2,Small transfer-reliant counties
31039,"Cuming County, NE",Low,4,Larger average-economy counties,0.9872302725955845,0.9753530781765571,1,Smaller mixed-economy counties
31041,"Custer County, NE",Very Low,4,Larger average-economy counties,0.9959275388032992,0.9936762284073134,1,Smaller mixed-economy counties
31043,"Dakota County, NE",Very Low,3,Large high-wage metro counties,0.8036374133658123,0.6710281992816254,0,High-wage investment-income counties
31045,"Dawes County, NE",Very Low,1,Smaller mixed-economy counties,0.9949478543945887,0.9904999478905059,0,High-wage investment-income counties
31047,"Dawson County, NE",Low,3,Large high-wage metro counties,0.9973750472432521,0.9955494365783278,0,High-wage investment-income counties
31049,"Deuel County, NE",Very Low,1,Smaller mixed-economy counties,0.9949920226526249,0.9905627589258434,0,High-wage investment-income counties
31051,"Dixon County, NE",Very Low,4,Larger average-economy counties,0.570748502385619,0.15750068285275443,3,Large high-wage metro counties
31053,"Dodge County, NE",Low,3,Large high-wage metro counties,0.9792704474820325,0.9590319202906076,4,Larger average-economy counties
31055,"Douglas County, NE",High,3,Large high-wage metro counties,0.9991171996128476,0.9985363049306594,0,High-wage investment-income counties
31057,"Dundy County, NE",Very Low,1,Smaller mixed-economy counties,0.9422215040482663,0.8878205156141321,0,High-wage investment-income counties
31059,"Fillmore County, NE",Very Low,1,Smaller mixed-economy counties,0.9985959099994569,0.9973436406969369,0,High-wage investment-income counties
31061,"Franklin County, NE",Very Low,1,Smaller mixed-economy counties,0.9966572817585254,0.9936467461979139,0,High-wage investment-income counties
31063,"Frontier County, NE",Very Low,4,Larger average-economy counties,0.7696536153728861,0.6014509098721397,0,High-wage investment-income counties
31065,"Furnas County, NE",Low,1,Smaller mixed-economy counties,0.8176050777520024,0.6374392634824307,4,Larger average-economy counties
31067,"Gage County, NE",Very Low,1,Smaller mixed-economy counties,0.9907522807318773,0.9816552852165554,4,Larger average-economy counties
31069,"Garden County, NE",Very Low,1,Smaller mixed-economy counties,0.9961825843980294,0.9926864290181147,0,High-wage investment-income counties
31071,"Garfield County, NE",Very Low,0,High-wage investment-income counties,0.9714390478519587,0.9429190388899551,2,Small transfer-reliant counties
31073,"Gosper County, NE",Very Low,1,Smaller mixed-economy counties,0.9931482671904374,0.9868509944435067,0,High-wage investment-income counties
31075,"Grant County, NE",Very Low,1,Smaller mixed-economy counties,0.7811161822985647,0.5717783373762949,0,High-wage investment-income counties
31077,"Greeley County, NE",Very Low,1,Smaller mixed-economy counties,0.9972972258724375,0.9948462784072666,0,High-wage investment-income counties
31079,"Hall County, NE",Low,3,Large high-wage metro counties,0.9993530214772366,0.9989080148233921,0,High-wage investment-income counties
31081,"Hamilton County, NE",Very Low,1,Smaller mixed-economy counties,0.674871392059929,0.41927893278083916,4,Larger average-economy counties
31083,"Harlan County, NE",Very Low,1,Smaller mixed-economy counties,0.9993626756123635,0.998790882908555,0,High-wage investment-income counties
31085,"Hayes County, NE",Very Low,4,Larger average-economy counties,0.6323137510996136,0.3304907935276335,0,High-wage investment-income counties
31087,"Hitchcock County, NE",Very Low,1,Smaller mixed-economy counties,0.9952291858886957,0.9909450434528627,0,High-wage investment-income counties
31089,"Holt County, NE",Very Low,4,Larger average-economy counties,0.9961626405455865,0.9932741828822627,3,Large high-wage metro counties
31091,"Hooker County, NE",Very Low,1,Smaller mixed-economy counties,0.9163378165553815,0.8371164990969465,0,High-wage investment-income counties
31093,"Howard County, NE",Very Low,1,Smaller mixed-economy counties,0.6204598501856419,0.24251875872664902,4,Larger average-economy counties
31095,"Jefferson County, NE",Very Low,4,Larger average-economy counties,0.8307634458158492,0.6743021503702817,1,Smaller mixed-economy counties
31097,"Johnson County, NE",Very Low,1,Smaller mixed-economy counties,0.9997228268450306,0.9994789306451344,0,High-wage investment-income counties
31099,"Kearney County, NE",Very Low,4,Larger average-economy counties,0.995279633574141,0.9916487820549749,3,Large high-wage metro counties
31101,"Keith County, NE",Very Low,2,Small transfer-reliant counties,0.9728008897782463,0.9456017795564928,0,High-wage investment-income counties
31103,"Keya Paha County, NE",Very Low,0,High-wage investment-income counties,0.8981722541788122,0.7963445083576236,2,Small transfer-reliant counties
31105,"Kimball County, NE",Very Low,2,Small transfer-reliant counties,0.7443585420670185,0.48871708413403725,0,High-wage investment-income counties
31107,"Knox County, NE",Very Low,2,Small transfer-reliant counties,0.9317434030905072,0.8634868061810159,0,High-wage investment-income counties
31109,"Lancaster County, NE",Moderate,2,Small transfer-reliant counties,0.9673265543938662,0.9346531087877307,0,High-wage investment-income counties
31111,"Lincoln County, NE",Low,2,Small transfer-reliant counties,0.5532479163579693,0.1064958327159396,0,High-wage investment-income counties
31113,"Logan County, NE",Very Low,0,High-wage investment-income counties,0.999988750741966,0.9999775014839334,2,Small transfer-reliant counties
31115,"Loup County, NE",Very Low,0,High-wage investment-income counties,0.5822406248351254,0.1644812496702494,2,Small transfer-reliant counties
31117,"McPherson County, NE",Very Low,0,High-wage investment-income counties,0.9999993697038928,0.9999987394077847,2,Small transfer-reliant counties
31119,"Madison County, NE",Low,2,Small transfer-reliant counties,0.9618370732078896,0.9236741464157793,0,High-wage investment-income counties
31121,"Merrick County, NE",Low,0,High-wage investment-income counties,0.9999996202490858,0.9999992404981702,2,Small transfer-reliant counties
31123,"Morrill County, NE",Very Low,0,High-wage investment-income counties,0.6195776367541591,0.23915644309024808,2,Small transfer-reliant counties
31125,"Nance County, NE",Very Low,2,Small transfer-reliant counties,0.9885018251267955,0.9770036502535916,0,High-wage investment-income counties
31127,"Nemaha County, NE",Very Low,0,High-wage investment-income counties,0.9997669681497073,0.9995339362994138,2,Small transfer-reliant counties
31129,"Nuckolls County, NE",Very Low,0,High-wage investment-income counties,0.9038301463657527,0.807660292731505,2,Small transfer-reliant counties
31131,"Otoe County, NE",Very Low,2,Small transfer-reliant counties,0.9676765905083937,0.9353531810167875,0,High-wage investment-income counties
31133,"Pawnee County, NE",Very Low,0,High-wage investment-income counties,0.9999682432232815,0.9999364864465624,2,Small transfer-reliant counties
31135,"Perkins County, NE",Very Low,0,High-wage investment-income counties,0.9992241424463606,0.9984482848927201,2,Small transfer-reliant counties
31137,"Phelps County, NE",Very Low,2,Small transfer-reliant counties,0.5836738973860707,0.17190399772941328,0,High-wage investment-income counties
31139,"Pierce County, NE",Very Low,0,High-wage investment-income counties,0.9999084842083444,0.9998169684166873,2,Small transfer-reliant counties
31141,"Platte County, NE",Low,2,Small transfer-reliant counties,0.9778867898897649,0.9557735797795301,0,High-wage investment-income counties
31143,"Polk County, NE",Very Low,2,Small transfer-reliant counties,0.7026765765576121,0.4053531531152251,0,High-wage investment-income counties
31145,"Red Willow County, NE",Very Low,0,High-wage investment-income counties,0.994265185071506,0.9885303701430105,2,Small transfer-reliant counties
31147,"Richardson County, NE",Very Low,0,High-wage investment-income counties,0.7490482429978151,0.4981301254148192,2,Small transfer-reliant counties
31149,"Rock County, NE",Very Low,2,Small transfer-reliant counties,0.6124141240374907,0.22482824807498142,0,High-wage investment-income counties
31151,"Saline County, NE",Very Low,2,Small transfer-reliant counties,0.5552547908952791,0.11050958179055864,0,High-wage investment-income counties
31153,"Sarpy County, NE",Moderate,0,High-wage investment-income counties,0.581025122407873,0.16205024487005448,2,Small transfer-reliant counties
31155,"Saunders County, NE",Very Low,2,Small transfer-reliant counties,0.9289695278686761,0.8579390557373539,0,High-wage investment-income counties
31157,"Scotts Bluff County, NE",Low,0,High-wage investment-income counties,0.9365228133228086,0.8735376040490727,2,Small transfer-reliant counties
31159,"Seward County, NE",Very Low,2,Small transfer-reliant counties,0.9472024639270459,0.8944049278540929,0,High-wage investment-income counties
31161,"Sheridan County, NE",Very Low,2,Small transfer-reliant counties,0.9225232173431465,0.8450464346862925,0,High-wage investment-income counties
31163,"Sherman County, NE",Very Low,2,Small transfer-reliant counties,0.7082116123982002,0.41642322479639987,0,High-wage investment-income counties
31165,"Sioux County, NE",Very Low,2,Small transfer-reliant counties,0.8802164694570431,0.7604329389140849,0,High-wage investment-income counties
31167,"Stanton County, NE",Very Low,2,Small transfer-reliant counties,0.9923579913593671,0.9847159827187335,0,High-wage investment-income counties
31169,"Thayer County, NE",Very Low,2,Small transfer-reliant counties,0.6589794202891741,0.31795884057834783,0,High-wage investment-income counties
31171,"Thomas County, NE",Very Low,2,Small transfer-reliant counties,0.5492458312505546,0.09849166250110986,0,High-wage investment-income counties
31173,"Thurston County, NE",Very Low,2,Small transfer-reliant counties,0.9800171513768111,0.9600343027536233,0,High-wage investment-income counties
31175,"Valley County, NE",Very Low,2,Small transfer-reliant counties,0.8731092803652502,0.7462185607305019,0,High-wage investment-income counties
31177,"Washington County, NE",Very Low,2,Small transfer-reliant counties,0.5192307861003265,0.03871378500609962,0,High-wage investment-income counties
31179,"Wayne County, NE",Very Low,2,Small transfer-reliant counties,0.7060084202047757,0.412016840409552,0,High-wage investment-income counties
31181,"Webster County, NE",Low,2,Small transfer-reliant counties,0.8304401036975805,0.6608802073951616,0,High-wage investment-income counties
31183,"Wheeler County, NE",Very Low,2,Small transfer-reliant counties,0.820001873865816,0.640003747731631,0,High-wage investment-income counties
31185,"York County, NE",Low,2,Small transfer-reliant counties,0.5766108535311458,0.15322170706229232,0,High-wage investment-income counties
32001,"Churchill County, NV",Low,4,Larger average-economy counties,0.9961453455430875,0.9939411182013849,1,Smaller mixed-economy counties
32003,"Clark County, NV",Very High,3,Large high-wage metro counties,0.9844379480933565,0.973864291676891,0,High-wage investment-income counties
32005,"Douglas County, NV",Moderate,1,Smaller mixed-economy counties,0.7031027296528576,0.4130124161857387,4,Larger average-economy counties
32007,"Elko County, NV",Moderate,3,Large high-wage metro counties,0.9537509629812996,0.9277615161105532,4,Larger average-economy counties
32009,"Esmeralda County, NV",Very Low,0,High-wage investment-income counties,0.9827741370615394,0.965568362506313,2,Small transfer-reliant counties
32011,"Eureka County, NV",Very Low,1,Smaller mixed-economy counties,0.7227178141286725,0.4689217051989262,4,Larger average-economy counties
32013,"Humboldt County, NV",Very Low,4,Larger average-economy counties,0.6521629255940083,0.32548761797301856,3,Large high-wage metro counties
32015,"Lander County, NV",Very Low,0,High-wage investment-income counties,0.7559541728729,0.5139703770745557,2,Small transfer-reliant counties
32017,"Lincoln County, NV",Very Low,1,Smaller mixed-economy counties,0.813408546308493,0.6401064775850074,0,High-wage investment-income counties
32019,"Lyon County, NV",Low,4,Larger average-economy counties,0.930127469868011,0.8675554301718794,3,Large high-wage metro counties
32021,"Mineral County, NV",Very Low,0,High-wage investment-income counties,0.9148193666606559,0.8316233324671876,2,Small transfer-reliant counties
32023,"Nye County, NV",Low,0,High-wage investment-income counties,0.7751717469997412,0.6246845187063788,2,Small transfer-reliant counties
32027,"Pershing County, NV",Very Low,1,Smaller mixed-economy counties,0.985238823585208,0.972521954822945,4,Larger average-economy counties
32029,"Storey County, NV",Very Low,0,High-wage investment-income counties,0.7192984909983092,0.5536055860847524,1,Smaller mixed-economy counties
32031,"Washoe County, NV",High,3,Large high-wage metro counties,0.9988292886438519,0.9980742368745851,0,High-wage investment-income counties
32033,"White Pine County, NV",Very Low,1,Smaller mixed-economy counties,0.9922423561385031,0.9858981940296949,0,High-wage investment-income counties
32510,"Carson City County, NV",Low,4,Larger average-economy counties,0.9892432190755265,0.9857229372900451,3,Large high-wage metro counties
33001,"Belknap, NH",Low,4,Larger average-economy counties,0.6643492223834161,0.3313913758430601,1,Smaller mixed-economy counties
33003,"Carroll, NH",Low,4,Larger average-economy counties,0.914636872032437,0.8339235423252875,1,Smaller mixed-economy counties
33005,"Cheshire, NH",Low,4,Larger average-economy counties,0.9958430126186776,0.9921781008356921,3,Large high-wage metro counties
33007,"Coos, NH",Low,1,Smaller mixed-economy counties,0.9992062966973336,0.998531710653399,0,High-wage investment-income counties
33009,"Grafton, NH",Moderate,4,Larger average-economy counties,0.8001193439294789,0.6009177894909004,3,Large high-wage metro counties
33011,"Hillsborough, NH",Moderate,3,Large high-wage metro counties,0.999851075196303,0.9997563729678185,0,High-wage investment-income counties
33013,"Merrimack, NH",Low,3,Large high-wage metro counties,0.8301667111555165,0.660894064954411,4,Larger average-economy counties
33015,"Rockingham, NH",Moderate,3,Large high-wage metro counties,0.9972105297919818,0.994898251652604,4,Larger average-economy counties
33017,"Strafford, NH",Low,3,Large high-wage metro counties,0.9797597881445508,0.9598583007603119,4,Larger average-economy counties
33019,"Sullivan, NH",Very Low,4,Larger average-economy counties,0.8935765240697511,0.7874264900006243,1,Smaller mixed-economy counties
34001,"Atlantic County, NJ",Moderate,3,Large high-wage metro counties,0.9989439218267013,0.9982995379552105,0,High-wage investment-income counties
34003,"Bergen County, NJ",High,3,Large high-wage metro counties,0.9992188867710973,0.998711868942718,0,High-wage investment-income counties
34005,"Burlington County, NJ",Moderate,3,Large high-wage metro counties,0.9995967923611495,0.9993454028237929,0,High-wage investment-income counties
34007,"Camden County, NJ",Moderate,3,Large high-wage metro counties,0.9996268323477457,0.9993953175075667,0,High-wage investment-income counties
34009,"Cape May County, NJ",Moderate,4,Larger average-economy counties,0.915249593237932,0.836526850047072,1,Smaller mixed-economy counties
34011,"Cumberland County, NJ",Moderate,3,Large high-wage metro counties,0.9453799346077176,0.9122733030567646,0,High-wage investment-income counties
34013,"Essex County, NJ",High,3,Large high-wage metro counties,0.9887496745667891,0.9808835174627282,0,High-wage investment-income counties
34015,"Gloucester County, NJ",Moderate,3,Large high-wage metro counties,0.9983179557194909,0.9970975204014485,4,Larger average-economy counties
34017,"Hudson County, NJ",High,3,Large high-wage metro counties,0.8437717253560187,0.7290849089901524,0,High-wage investment-income counties
34019,"Hunterdon County, NJ",Low,3,Large high-wage metro counties,0.9941238059404487,0.9885564529903844,4,Larger average-economy counties
34021,"Mercer County, NJ",High,3,Large high-wage metro counties,0.9991954227500253,0.99866638072533,0,High-wage investment-income counties
34023,"Middlesex County, NJ",High,3,Large high-wage metro counties,0.9970301380051447,0.9950303069583966,0,High-wage investment-income counties
34025,"Monmouth County, NJ",High,3,Large high-wage metro counties,0.9996913692804911,0.9994986559576865,0,High-wage investment-income counties
34027,"Morris County, NJ",Moderate,3,Large high-wage metro counties,0.9997492586277061,0.9995917596063771,0,High-wage investment-income counties
34029,"Ocean County, NJ",High,3,Large high-wage metro counties,0.9993160690817818,0.9988771988250861,0,High-wage investment-income counties
34031,"Passaic County, NJ",High,3,Large high-wage metro counties,0.9972279084487105,0.9953405518960593,0,High-wage investment-income counties
34033,"Salem County, NJ",Low,4,Larger average-economy counties,0.9962988256340825,0.9932040988300783,3,Large high-wage metro counties
34035,"Somerset County, NJ",Moderate,3,Large high-wage metro counties,0.9997889327043881,0.999654099278796,0,High-wage investment-income counties
34037,"Sussex County, NJ",Low,4,Larger average-economy counties,0.6669768456421421,0.3365763507986618,3,Large high-wage metro counties
34039,"Union County, NJ",High,3,Large high-wage metro counties,0.9946431349107195,0.9909316805665822,0,High-wage investment-income counties
34041,"Warren County, NJ",Low,3,Large high-wage metro counties,0.9713470314622115,0.9433086933769798,4,Larger average-economy counties
35001,"Bernalillo County, NM",High,3,Large high-wage metro counties,0.9968106881115728,0.9947857088344654,0,High-wage investment-income counties
35003,"Catron County, NM",Very Low,1,Smaller mixed-economy counties,0.7005589328463718,0.4229721934163702,0,High-wage investment-income counties
35005,"Chaves County, NM",Moderate,4,Larger average-economy counties,0.8876290711275445,0.7761487244681314,3,Large high-wage metro counties
35006,"Cibola County, NM",Low,4,Larger average-economy counties,0.9776932521050126,0.9556622937457326,1,Smaller mixed-economy counties
35007,"Colfax County, NM",Low,4,Larger average-economy counties,0.9026207682954136,0.8072711118637259,1,Smaller mixed-economy counties
35009,"Curry County, NM",Low,3,Large high-wage metro counties,0.9904622238478615,0.9839028635399523,0,High-wage investment-income counties
35011,"DeBaca County, NM",Very Low,0,High-wage investment-income counties,0.9599799338591636,0.9288899352715373,2,Small transfer-reliant counties
35013,"Dona Ana County, NM",High,3,Large high-wage metro counties,0.9994341227592993,0.9991192045152871,0,High-wage investment-income counties
35015,"Eddy County, NM",Moderate,3,Large high-wage metro counties,0.9989444890271262,0.9982920836337728,0,High-wage investment-income counties
35017,"Grant County, NM",Low,1,Smaller mixed-economy counties,0.9967461785437559,0.9937004288033099,4,Larger average-economy counties
35019,"Guadalupe County, NM",Very Low,4,Larger average-economy counties,0.8256739191257743,0.7302296346020565,0,High-wage investment-income counties
35021,"Harding County, NM",Very Low,0,High-wage investment-income counties,0.9745225566586204,0.9490850725135598,2,Small transfer-reliant counties
35023,"Hidalgo County, NM",Very Low,1,Smaller mixed-economy counties,0.9988084403380776,0.9979588448960939,0,High-wage investment-income counties
35025,"Lea County, NM",Moderate,3,Large high-wage metro counties,0.996045787849375,0.9935513190549522,0,High-wage investment-income counties
35027,"Lincoln County, NM",Low,4,Larger average-economy counties,0.7396121565163108,0.5249580376359437,1,Smaller mixed-economy counties
35028,"Los Alamos County, NM",Very Low,3,Large high-wage metro counties,0.9440005225240488,0.9063905728614133,0,High-wage investment-income counties
35029,"Luna County, NM",Low,4,Larger average-economy counties,0.9966651669242065,0.9941016154190259,3,Large high-wage metro counties
35031,"McKinley County, NM",Low,4,Larger average-economy counties,0.989334549014723,0.9803750318679075,3,Large high-wage metro counties
35033,"Mora County, NM",Very Low,1,Smaller mixed-economy counties,0.9988402753587098,0.9978213042482847,0,High-wage investment-income counties
35035,"Otero County, NM",Moderate,3,Large high-wage metro counties,0.9996839709280047,0.9994796966501023,0,High-wage investment-income counties
35037,"Quay County, NM",Very Low,1,Smaller mixed-economy counties,0.9739022148167128,0.9481736132999942,4,Larger average-economy counties
35039,"Rio Arriba County, NM",Low,4,Larger average-economy counties,0.9521939370686905,0.9046415894073984,3,Large high-wage metro counties
35041,"Roosevelt County, NM",Moderate,4,Larger average-economy counties,0.9359651306489006,0.8973412667025905,0,High-wage investment-income counties
35043,"Sandoval County, NM",Low,3,Large high-wage metro counties,0.9933577721363346,0.9871827604417805,4,Larger average-economy counties
35045,"San Juan County, NM",Moderate,4,Larger average-economy counties,0.9879239773713224,0.9812122673395673,0,High-wage investment-income counties
35047,"San Miguel County, NM",Low,1,Smaller mixed-economy counties,0.9075958799449059,0.815625856468982,4,Larger average-economy counties
35049,"Santa Fe County, NM",Moderate,3,Large high-wage metro counties,0.9948629806463967,0.9922290805530337,4,Larger average-economy counties
35051,"Sierra County, NM",Low,0,High-wage investment-income counties,0.5594791023935654,0.1524243042904666,1,Smaller mixed-economy counties
35053,"Socorro County, NM",Low,4,Larger average-economy counties,0.9612761549793256,0.9237944230680638,1,Smaller mixed-economy counties
35055,"Taos County, NM",Low,4,Larger average-economy counties,0.9947831873926493,0.990723730083824,3,Large high-wage metro counties
35057,"Torrance County, NM",Low,1,Smaller mixed-economy counties,0.9908679598150809,0.9859985474519543,0,High-wage investment-income counties
35059,"Union County, NM",Very Low,0,High-wage investment-income counties,0.5068008586664176,0.05004634986163381,1,Smaller mixed-economy counties
35061,"Valencia County, NM",Moderate,4,Larger average-economy counties,0.9860509849010268,0.9805039154432069,0,High-wage investment-income counties
36001,"Albany County, NY",Moderate,3,Large high-wage metro counties,0.999648709912297,0.9994236601079889,0,High-wage investment-income counties
36003,"Allegany County, NY",Low,4,Larger average-economy counties,0.9969334647140546,0.9948492429795542,1,Smaller mixed-economy counties
36005,"Bronx County, NY",High,3,Large high-wage metro counties,0.8074814617795737,0.6672302326843262,0,High-wage investment-income counties
36007,"Broome County, NY",Moderate,3,Large high-wage metro counties,0.9420086087308909,0.8862549643000497,4,Larger average-economy counties
36009,"Cattaraugus County, NY",Moderate,4,Larger average-economy counties,0.9915077473807141,0.9834110422448323,1,Smaller mixed-economy counties
36011,"Cayuga County, NY",Low,4,Larger average-economy counties,0.9966006307486605,0.9942711662115722,3,Large high-wage metro counties
36013,"Chautauqua County, NY",Moderate,4,Larger average-economy counties,0.994527123534021,0.990242547620219,3,Large high-wage metro counties
36015,"Chemung County, NY",Low,4,Larger average-economy counties,0.9830829748455336,0.9673167193538678,1,Smaller mixed-economy counties
36017,"Chenango County, NY",Low,1,Smaller mixed-economy counties,0.8918813998524474,0.7843387316896806,4,Larger average-economy counties
36019,"Clinton County, NY",Low,4,Larger average-economy counties,0.9822410554181898,0.9648210312439607,3,Large high-wage metro counties
36021,"Columbia County, NY",Low,4,Larger average-economy counties,0.987267161810354,0.9756286614190193,3,Large high-wage metro counties
36023,"Cortland County, NY",Low,4,Larger average-economy counties,0.9955700378310569,0.991716593403886,1,Smaller mixed-economy counties
36025,"Delaware County, NY",Moderate,1,Smaller mixed-economy counties,0.8751110010950826,0.7506812050121566,4,Larger average-economy counties
36027,"Dutchess County, NY",Moderate,3,Large high-wage metro counties,0.9997185627956626,0.9995611157014286,0,High-wage investment-income counties
36029,"Erie County, NY",High,3,Large high-wage metro counties,0.9986172981050443,0.9977354148863773,0,High-wage investment-income counties
36031,"Essex County, NY",Low,1,Smaller mixed-economy counties,0.8896195147952738,0.7804463261293024,4,Larger average-economy counties
36033,"Franklin County, NY",Low,4,Larger average-economy counties,0.9084621442083345,0.8180019790512237,1,Smaller mixed-economy counties
36035,"Fulton County, NY",Low,4,Larger average-economy counties,0.849685721591209,0.6999119912354467,1,Smaller mixed-economy counties
36037,"Genesee County, NY",Low,4,Larger average-economy counties,0.9972733188841518,0.9956134242298368,1,Smaller mixed-economy counties
36039,"Greene County, NY",Low,4,Larger average-economy counties,0.994594673790116,0.9907061005195823,1,Smaller mixed-economy counties
36041,"Hamilton County, NY",Very Low,1,Smaller mixed-economy counties,0.9976589454087114,0.9955233787079286,0,High-wage investment-income counties
36043,"Herkimer County, NY",Low,4,Larger average-economy counties,0.727089949354869,0.4547826361163095,1,Smaller mixed-economy counties
36045,"Jefferson County, NY",Low,3,Large high-wage metro counties,0.6637078608294865,0.45150281015508864,0,High-wage investment-income counties
36047,"Kings County, NY",High,0,High-wage investment-income counties,0.5887007142952921,0.36107282668632756,2,Small transfer-reliant counties
36049,"Lewis County, NY",Very Low,4,Larger average-economy counties,0.9926052801784286,0.9856411579195781,1,Smaller mixed-economy counties
36051,"Livingston County, NY",Low,4,Larger average-economy counties,0.9972084459998415,0.995713137986989,1,Smaller mixed-economy counties
36053,"Madison County, NY",Low,4,Larger average-economy counties,0.9962569622497187,0.9933717768525762,3,Large high-wage metro counties
36055,"Monroe County, NY",Moderate,3,Large high-wage metro counties,0.99904619068097,0.9984444774332667,0,High-wage investment-income counties
36057,"Montgomery County, NY",Low,4,Larger average-economy counties,0.993973220683597,0.9886608763884122,3,Large high-wage metro counties
36059,"Nassau County, NY",High,3,Large high-wage metro counties,0.997417439803609,0.9957753459739366,0,High-wage investment-income counties
36061,"New York County, NY",High,3,Large high-wage metro counties,0.9340008802501477,0.8890022694166586,0,High-wage investment-income counties
36063,"Niagara County, NY",Moderate,4,Larger average-economy counties,0.845780609588528,0.693688838822227,3,Large high-wage metro counties
36065,"Oneida County, NY",Moderate,3,Large high-wage metro counties,0.9731458093687846,0.9487978444889028,4,Larger average-economy counties
36067,"Onondaga County, NY",Moderate,3,Large high-wage metro counties,0.9992464421019414,0.9987661291780191,0,High-wage investment-income counties
36069,"Ontario County, NY",Low,4,Larger average-economy counties,0.8162698006168655,0.6329100239165203,3,Large high-wage metro counties
36071,"Orange County, NY",Moderate,3,Large high-wage metro counties,0.9991249344412586,0.9985524642513989,0,High-wage investment-income counties
36073,"Orleans County, NY",Very Low,4,Larger average-economy counties,0.9952654570936793,0.9913335748250451,3,Large high-wage metro counties
36075,"Oswego County, NY",Low,4,Larger average-economy counties,0.9966197936921535,0.9948634526055342,3,Large high-wage metro counties
36077,"Otsego County, NY",Low,4,Larger average-economy counties,0.9936273922583295,0.9876776853575707,3,Large high-wage metro counties
36079,"Putnam County, NY",Very Low,3,Large high-wage metro counties,0.9964535300800134,0.9932137935089317,4,Larger average-economy counties
36081,"Queens County, NY",High,3,Large high-wage metro counties,0.6576997768912846,0.40869455570635105,0,High-wage investment-income counties
36083,"Rensselaer County, NY",Moderate,3,Large high-wage metro counties,0.9885038733349162,0.977482771729798,4,Larger average-economy counties
36085,"Richmond County, NY",Moderate,3,Large high-wage metro counties,0.9997756179155698,0.9996334888149393,0,High-wage investment-income counties
36087,"Rockland County, NY",Moderate,3,Large high-wage metro counties,0.9434840177474128,0.9034735608781477,0,High-wage investment-income counties
36089,"St. Lawrence County, NY",Low,4,Larger average-economy counties,0.8428661027689723,0.6874229091205992,3,Large high-wage metro counties
36091,"Saratoga County, NY",Low,3,Large high-wage metro counties,0.9961987538811284,0.9927245853499236,4,Larger average-economy counties
36093,"Schenectady County, NY",Low,3,Large high-wage metro counties,0.9997126989911381,0.9995782316119561,0,High-wage investment-income counties
36095,"Schoharie County, NY",Very Low,1,Smaller mixed-economy counties,0.6271642682368239,0.2545902261391358,4,Larger average-economy counties
36097,"Schuyler County, NY",Very Low,1,Smaller mixed-economy counties,0.9949717044066575,0.9910617719215933,0,High-wage investment-income counties
36099,"Seneca County, NY",Very Low,4,Larger average-economy counties,0.9972268289496704,0.9956310384961323,3,Large high-wage metro counties
36101,"Steuben County, NY",Low,4,Larger average-economy counties,0.9938743367238886,0.9884545314988076,3,Large high-wage metro counties
36103,"Suffolk County, NY",High,3,Large high-wage metro counties,0.9979612242793402,0.9966631515816415,0,High-wage investment-income counties
36105,"Sullivan County, NY",Low,3,Large high-wage metro counties,0.9996723118416496,0.9994612811051025,0,High-wage investment-income counties
36107,"Tioga County, NY",Low,4,Larger average-economy counties,0.6617930040464222,0.3243151201758368,1,Smaller mixed-economy counties
36109,"Tompkins County, NY",Low,3,Large high-wage metro counties,0.9989459895480083,0.9982458805133109,0,High-wage investment-income counties
36111,"Ulster County, NY",Moderate,3,Large high-wage metro counties,0.9790301932455454,0.9589324841034713,4,Larger average-economy counties
36113,"Warren County, NY",Low,4,Larger average-economy counties,0.9949468595724602,0.9913303942031051,3,Large high-wage metro counties
36115,"Washington County, NY",Low,4,Larger average-economy counties,0.9829424670024224,0.9687292562230544,3,Large high-wage metro counties
36117,"Wayne County, NY",Low,4,Larger average-economy counties,0.7545532851143308,0.5097642428964092,3,Large high-wage metro counties
36119,"Westchester County, NY",High,3,Large high-wage metro counties,0.9987702312776836,0.997969886910792,0,High-wage investment-income counties
36121,"Wyoming County, NY",Very Low,4,Larger average-economy counties,0.9955732072652789,0.9917334208244392,3,Large high-wage metro counties
36123,"Yates County, NY",Low,4,Larger average-economy counties,0.9973094376395566,0.9954434969564083,3,Large high-wage metro counties
37001,"Alamance County, NC",Low,3,Large high-wage metro counties,0.9990867274989051,0.9984863726401654,0,High-wage investment-income counties
37003,"Alexander County, NC",Low,4,Larger average-economy counties,0.9635463557401688,0.9274681298868868,1,Smaller mixed-economy counties
37005,"Alleghany County, NC",Very Low,1,Smaller mixed-economy counties,0.6087272320459127,0.23912580828017366,4,Larger average-economy counties
37007,"Anson County, NC",Low,1,Smaller mixed-economy counties,0.7978285859757647,0.6114312656513324,4,Larger average-economy counties
37009,"Ashe County, NC",Low,4,Larger average-economy counties,0.6558707980232891,0.32610987362518284,1,Smaller mixed-economy counties
37011,"Avery County, NC",Low,4,Larger average-economy counties,0.993620281721963,0.990685522311543,1,Smaller mixed-economy counties
37013,"Beaufort County, NC",Moderate,1,Smaller mixed-economy counties,0.9898128021117839,0.979955966739261,4,Larger average-economy counties
37015,"Bertie County, NC",Low,1,Smaller mixed-economy counties,0.9933898112361772,0.9880018487333249,0,High-wage investment-income counties
37017,"Bladen County, NC",Moderate,4,Larger average-economy counties,0.7991242424585427,0.5992799178484717,1,Smaller mixed-economy counties
37019,"Brunswick County, NC",High,4,Larger average-economy counties,0.6990396771164599,0.44032751852111474,3,Large high-wage metro counties
37021,"Buncombe County, NC",Moderate,3,Large high-wage metro counties,0.9873654044952678,0.9794033214432588,0,High-wage investment-income counties
37023,"Burke County, NC",Low,4,Larger average-economy counties,0.9950885965054381,0.9925166306486878,3,Large high-wage metro counties
37025,"Cabarrus County, NC",Moderate,3,Large high-wage metro counties,0.9981643497164221,0.9969202292366723,0,High-wage investment-income counties
37027,"Caldwell County, NC",Low,4,Larger average-economy counties,0.9886692526191964,0.978615138212307,1,Smaller mixed-economy counties
37029,"Camden County, NC",Very Low,4,Larger average-economy counties,0.993005851720802,0.9876264238994606,3,Large high-wage metro counties
37031,"Carteret County, NC",Moderate,4,Larger average-economy counties,0.8465814578115399,0.6948649458174945,1,Smaller mixed-economy counties
37033,"Caswell County, NC",Very Low,1,Smaller mixed-economy counties,0.9770768001886037,0.9543274475204155,4,Larger average-economy counties
37035,"Catawba County, NC",Low,3,Large high-wage metro counties,0.9435561558796625,0.8886360214327628,4,Larger average-economy counties
37037,"Chatham County, NC",Low,3,Large high-wage metro counties,0.9903348757142145,0.9838775340111012,0,High-wage investment-income counties
37039,"Cherokee County, NC",Low,1,Smaller mixed-economy counties,0.9346824832424566,0.8772217205658246,4,Larger average-economy counties
37041,"Chowan County, NC",Very Low,1,Smaller mixed-economy counties,0.905296153779407,0.8112345061294154,4,Larger average-economy counties
37043,"Clay County, NC",Very Low,1,Smaller mixed-economy counties,0.9948128134505291,0.9905688844015189,0,High-wage investment-income counties
37045,"Cleveland County, NC",Low,4,Larger average-economy counties,0.9144577221464554,0.8291619319980306,3,Large high-wage metro counties
37047,"Columbus County, NC",Moderate,4,Larger average-economy counties,0.9424657430570587,0.8858896384938719,1,Smaller mixed-economy counties
37049,"Craven County, NC",Moderate,4,Larger average-economy counties,0.9547750424377844,0.915923199675792,3,Large high-wage metro counties
37051,"Cumberland County, NC",Moderate,3,Large high-wage metro counties,0.9988157538120066,0.9980443183015274,0,High-wage investment-income counties
37053,"Currituck County, NC",Very Low,3,Large high-wage metro counties,0.7158974038697258,0.451102279787445,4,Larger average-economy counties
37055,"Dare County, NC",Moderate,4,Larger average-economy counties,0.5757289501709494,0.17644807340337532,3,Large high-wage metro counties
37057,"Davidson County, NC",Moderate,3,Large high-wage metro counties,0.744374668592698,0.48993301944847195,4,Larger average-economy counties
37059,"Davie County, NC",Very Low,4,Larger average-economy counties,0.9960099176472312,0.9928013785948241,3,Large high-wage metro counties
37061,"Duplin County, NC",Moderate,3,Large high-wage metro counties,0.9922212511011143,0.9888149209686792,0,High-wage investment-income counties
37063,"Durham County, NC",Moderate,3,Large high-wage metro counties,0.9913008021814109,0.9852871290701837,0,High-wage investment-income counties
37065,"Edgecombe County, NC",Low,1,Smaller mixed-economy counties,0.559426032496221,0.12193169739904164,4,Larger average-economy counties
37067,"Forsyth County, NC",Moderate,3,Large high-wage metro counties,0.9998388531234629,0.9997356538560532,0,High-wage investment-income counties
37069,"Franklin County, NC",Low,3,Large high-wage metro counties,0.9919952355379319,0.9865676773175679,0,High-wage investment-income counties
37071,"Gaston County, NC",Moderate,3,Large high-wage metro counties,0.9997886665500232,0.9996507113040018,0,High-wage investment-income counties
37073,"Gates County, NC",Very Low,1,Smaller mixed-economy counties,0.999059296167166,0.9982441630680885,0,High-wage investment-income counties
37075,"Graham County, NC",Very Low,1,Smaller mixed-economy counties,0.9995764428675671,0.9992114266426083,0,High-wage investment-income counties
37077,"Granville County, NC",Low,3,Large high-wage metro counties,0.5115217432225311,0.029414386783371993,4,Larger average-economy counties
37079,"Greene County, NC",Low,1,Smaller mixed-economy counties,0.5517393889224843,0.10398007377043345,4,Larger average-economy counties
37081,"Guilford County, NC",Moderate,3,Large high-wage metro counties,0.9996496302488649,0.9994230028075841,0,High-wage investment-income counties
37083,"Halifax County, NC",Low,1,Smaller mixed-economy counties,0.5912978749629942,0.1860819030156498,4,Larger average-economy counties
37085,"Harnett County, NC",Low,3,Large high-wage metro counties,0.9792956193476028,0.9661088122542627,0,High-wage investment-income counties
37087,"Haywood County, NC",Low,4,Larger average-economy counties,0.9391951107640559,0.9084720989290349,0,High-wage investment-income counties
37089,"Henderson County, NC",Moderate,3,Large high-wage metro counties,0.8967155532096966,0.8427882527271222,0,High-wage investment-income counties
37091,"Hertford County, NC",Low,1,Smaller mixed-economy counties,0.4976028861996236,0.05434857810689281,4,Larger average-economy counties
37093,"Hoke County, NC",Low,3,Large high-wage metro counties,0.929637835266049,0.8853982371760749,0,High-wage investment-income counties
37095,"Hyde County, NC",Low,1,Smaller mixed-economy counties,0.9836990284206433,0.9688401936413478,0,High-wage investment-income counties
37097,"Iredell County, NC",Low,3,Large high-wage metro counties,0.9990583241084278,0.998426346793064,0,High-wage investment-income counties
37099,"Jackson County, NC",Low,3,Large high-wage metro counties,0.8434305729485546,0.7078523233650575,4,Larger average-economy counties
37101,"Johnston County, NC",Moderate,3,Large high-wage metro counties,0.9981012911855552,0.9967556804794515,0,High-wage investment-income counties
37103,"Jones County, NC",Low,1,Smaller mixed-economy counties,0.9983958600363938,0.9971352566694981,0,High-wage investment-income counties
37105,"Lee County, NC",Low,3,Large high-wage metro counties,0.993591086325115,0.9894681847369626,0,High-wage investment-income counties
37107,"Lenoir County, NC",Moderate,4,Larger average-economy counties,0.934501896812624,0.8708906434908694,1,Smaller mixed-economy counties
37109,"Lincoln County, NC",Low,3,Large high-wage metro counties,0.9986042346597084,0.9976945682990653,4,Larger average-economy counties
37111,"McDowell County, NC",Low,4,Larger average-economy counties,0.9916601832768742,0.9862598649706438,1,Smaller mixed-economy counties
37113,"Macon County, NC",Low,4,Larger average-economy counties,0.9919198264770557,0.9862987795318067,1,Smaller mixed-economy counties
37115,"Madison County, NC",Very Low,4,Larger average-economy counties,0.8836682339792912,0.767864901503476,1,Smaller mixed-economy counties
37117,"Martin County, NC",Low,1,Smaller mixed-economy counties,0.999440182904685,0.9989526355986512,0,High-wage investment-income counties
37119,"Mecklenburg County, NC",High,3,Large high-wage metro counties,0.9160263609286201,0.8546508645885403,0,High-wage investment-income counties
37121,"Mitchell County, NC",Very Low,1,Smaller mixed-economy counties,0.9668863515613031,0.9419953877437008,4,Larger average-economy counties
37123,"Montgomery County, NC",Low,4,Larger average-economy counties,0.6763886264607296,0.3531507980861647,1,Smaller mixed-economy counties
37125,"Moore County, NC",Low,3,Large high-wage metro counties,0.9977445198593926,0.9965778381405458,4,Larger average-economy counties
37127,"Nash County, NC",Low,4,Larger average-economy counties,0.5142514425515188,0.029090562619218996,3,Large high-wage metro counties
37129,"New Hanover County, NC",High,3,Large high-wage metro counties,0.9995267989264118,0.9992207820310451,0,High-wage investment-income counties
37131,"Northampton County, NC",Low,1,Smaller mixed-economy counties,0.9926013546258748,0.9858815961190616,0,High-wage investment-income counties
37133,"Onslow County, NC",High,0,High-wage investment-income counties,0.5769558187782305,0.1986365028562887,2,Small transfer-reliant counties
37135,"Orange County, NC",Low,3,Large high-wage metro counties,0.9991282797364517,0.9985660322842044,0,High-wage investment-income counties
37137,"Pamlico County, NC",Low,1,Smaller mixed-economy counties,0.9979662808699689,0.9961600068205613,0,High-wage investment-income counties
37139,"Pasquotank County, NC",Low,4,Larger average-economy counties,0.9636739124088148,0.9281567654145036,3,Large high-wage metro counties
37141,"Pender County, NC",Moderate,3,Large high-wage metro counties,0.9826553315572152,0.9691310550109058,4,Larger average-economy counties
37143,"Perquimans County, NC",Very Low,1,Smaller mixed-economy counties,0.8618556831500523,0.7324362737396284,0,High-wage investment-income counties
37145,"Person County, NC",Very Low,4,Larger average-economy counties,0.9773115005310514,0.9548602107615104,3,Large high-wage metro counties
37147,"Pitt County, NC",Moderate,3,Large high-wage metro counties,0.9998573427595571,0.9997694719381669,0,High-wage investment-income counties
37149,"Polk County, NC",Very Low,1,Smaller mixed-economy counties,0.998816388502387,0.9977528340950321,0,High-wage investment-income counties
37151,"Randolph County, NC",Low,3,Large high-wage metro counties,0.8778975627411095,0.7562415559400075,4,Larger average-economy counties
37153,"Richmond County, NC",Low,4,Larger average-economy counties,0.6267253859274269,0.25397277338329166,1,Smaller mixed-economy counties
37155,"Robeson County, NC",Moderate,3,Large high-wage metro counties,0.9343301276583715,0.9075444768728866,0,High-wage investment-income counties
37157,"Rockingham County, NC",Low,4,Larger average-economy counties,0.9746682204754205,0.9497800228500146,1,Smaller mixed-economy counties
37159,"Rowan County, NC",Moderate,3,Large high-wage metro counties,0.9969976868309774,0.9943065789854295,4,Larger average-economy counties
37161,"Rutherford County, NC",Low,1,Smaller mixed-economy counties,0.998996465589167,0.9985244481235727,4,Larger average-economy counties
37163,"Sampson County, NC",Moderate,3,Large high-wage metro counties,0.9873850872777481,0.9771960045764906,4,Larger average-economy counties
37165,"Scotland County, NC",Low,4,Larger average-economy counties,0.9950416467595612,0.9912901818018017,3,Large high-wage metro counties
37167,"Stanly County, NC",Low,3,Large high-wage metro counties,0.5663688282615763,0.13997700839132715,4,Larger average-economy counties
37169,"Stokes County, NC",Very Low,1,Smaller mixed-economy counties,0.9985685849946334,0.9975022203587419,4,Larger average-economy counties
37171,"Surry County, NC",Low,4,Larger average-economy counties,0.9092471498216965,0.8193044588104573,3,Large high-wage metro counties
37173,"Swain County, NC",Low,1,Smaller mixed-economy counties,0.6840728178482346,0.3796983188805398,4,Larger average-economy counties
37175,"Transylvania County, NC",Low,4,Larger average-economy counties,0.4492289990526827,0.05535241492509069,0,High-wage investment-income counties
37177,"Tyrrell County, NC",Low,1,Smaller mixed-economy counties,0.9667477892494853,0.9387905938489458,0,High-wage investment-income counties
37179,"Union County, NC",Moderate,3,Large high-wage metro counties,0.9997202143661428,0.9995345541089663,0,High-wage investment-income counties
37181,"Vance County, NC",Low,3,Large high-wage metro counties,0.6001543140792399,0.20172137937765705,4,Larger average-economy counties
37183,"Wake County, NC",High,3,Large high-wage metro counties,0.9911376749706705,0.9848335757701983,0,High-wage investment-income counties
37185,"Warren County, NC",Low,1,Smaller mixed-economy counties,0.9994571038880499,0.9991729275465266,0,High-wage investment-income counties
37187,"Washington County, NC",Low,1,Smaller mixed-economy counties,0.9988321456581841,0.9978128834101502,0,High-wage investment-income counties
37189,"Watauga County, NC",Low,3,Large high-wage metro counties,0.7257197713415589,0.5692801774119145,0,High-wage investment-income counties
37191,"Wayne County, NC",Moderate,3,Large high-wage metro counties,0.9980601446515591,0.9968530175797788,0,High-wage investment-income counties
37193,"Wilkes County, NC",Moderate,4,Larger average-economy counties,0.9945803525577696,0.9912943243476955,3,Large high-wage metro counties
37195,"Wilson County, NC",Low,4,Larger average-economy counties,0.6980134458182099,0.3964370343591549,3,Large high-wage metro counties
37197,"Yadkin County, NC",Very Low,4,Larger average-economy counties,0.9738519127951815,0.9483301974748631,3,Large high-wage metro counties
37199,"Yancey County, NC",Very Low,4,Larger average-economy counties,0.9720224986964989,0.9473017582305234,1,Smaller mixed-economy counties
38001,"Adams County, ND",Very Low,0,High-wage investment-income counties,0.8060802772749147,0.6464789789407533,2,Small transfer-reliant counties
38003,"Barnes County, ND",Low,1,Smaller mixed-economy counties,0.9326961849692471,0.8683682354218056,4,Larger average-economy counties
38005,"Benson County, ND",Very Low,4,Larger average-economy counties,0.9739571516059254,0.9612975339859102,0,High-wage investment-income counties
38007,"Billings County, ND",Very Low,0,High-wage investment-income counties,0.8301996930410764,0.6603998387717638,2,Small transfer-reliant counties
38009,"Bottineau County, ND",Very Low,1,Smaller mixed-economy counties,0.7377748490214938,0.4792199520104895,4,Larger average-economy counties
38011,"Bowman County, ND",Very Low,1,Smaller mixed-economy counties,0.9820305523845342,0.9653056604579172,0,High-wage investment-income counties
38013,"Burke County, ND",Very Low,0,High-wage investment-income counties,0.7883971732565931,0.5916237636774307,2,Small transfer-reliant counties
38015,"Burleigh County, ND",Moderate,3,Large high-wage metro counties,0.9998861201182332,0.9998135881660578,0,High-wage investment-income counties
38017,"Cass County, ND",Moderate,3,Large high-wage metro counties,0.9991460514939013,0.9985733500562644,0,High-wage investment-income counties
38019,"Cavalier County, ND",Very Low,1,Smaller mixed-economy counties,0.9992262094530493,0.9985809589575411,0,High-wage investment-income counties
38021,"Dickey County, ND",Very Low,4,Larger average-economy counties,0.8389588853737027,0.6839168479411513,1,Smaller mixed-economy counties
38023,"Divide County, ND",Very Low,1,Smaller mixed-economy counties,0.9060644116600497,0.824720572654752,0,High-wage investment-income counties
38025,"Dunn County, ND",Very Low,0,High-wage investment-income counties,0.6964773735135924,0.3929802627426826,2,Small transfer-reliant counties
38027,"Eddy County, ND",Very Low,1,Smaller mixed-economy counties,0.9993897333148944,0.9988751347926335,0,High-wage investment-income counties
38029,"Emmons County, ND",Low,1,Smaller mixed-economy counties,0.999607437884942,0.999266760355182,0,High-wage investment-income counties
38031,"Foster County, ND",Very Low,4,Larger average-economy counties,0.4346068344007897,0.1457892255560851,0,High-wage investment-income counties
38033,"Golden Valley County, ND",Very Low,0,High-wage investment-income counties,0.8636715537195391,0.7275094871411114,2,Small transfer-reliant counties
38035,"Grand Forks County, ND",Low,3,Large high-wage metro counties,0.9958839594863702,0.99331422254744,0,High-wage investment-income counties
38037,"Grant County, ND",Very Low,1,Smaller mixed-economy counties,0.990774577336866,0.9833487608858251,0,High-wage investment-income counties
38039,"Griggs County, ND",Very Low,1,Smaller mixed-economy counties,0.9922165576373925,0.9850104543512279,0,High-wage investment-income counties
38041,"Hettinger County, ND",Very Low,0,High-wage investment-income counties,0.8338566231604988,0.6981871438081959,2,Small transfer-reliant counties
38043,"Kidder County, ND",Very Low,4,Larger average-economy counties,0.5567615117208005,0.2347938168046484,1,Smaller mixed-economy counties
38045,"LaMoure County, ND",Very Low,4,Larger average-economy counties,0.6921384273154108,0.5517400066900263,1,Smaller mixed-economy counties
38047,"Logan County, ND",Very Low,4,Larger average-economy counties,0.6867761891121621,0.38783938639925175,1,Smaller mixed-economy counties
38049,"McHenry County, ND",Very Low,1,Smaller mixed-economy counties,0.9981684263528093,0.9967499040439761,0,High-wage investment-income counties
38051,"McIntosh County, ND",Very Low,1,Smaller mixed-economy counties,0.9541932003549475,0.9121215546868019,0,High-wage investment-income counties
38053,"McKenzie County, ND",Very Low,0,High-wage investment-income counties,0.7663290715202165,0.5340526911387838,2,Small transfer-reliant counties
38055,"McLean County, ND",Low,1,Smaller mixed-economy counties,0.6620856462545237,0.3245147534130446,4,Larger average-economy counties
38057,"Mercer County, ND",Very Low,0,High-wage investment-income counties,0.5965467669345499,0.3760316246948673,1,Smaller mixed-economy counties
38059,"Morton County, ND",Low,3,Large high-wage metro counties,0.9993591926367061,0.9990297798494578,0,High-wage investment-income counties
38061,"Mountrail County, ND",Very Low,3,Large high-wage metro counties,0.9638039140690648,0.9356794511535583,4,Larger average-economy counties
38063,"Nelson County, ND",Very Low,0,High-wage investment-income counties,0.8018037415168716,0.6755208801381437,2,Small transfer-reliant counties
38065,"Oliver County, ND",Very Low,4,Larger average-economy counties,0.8517302398919192,0.7569638315755324,0,High-wage investment-income counties
38067,"Pembina County, ND",Very Low,1,Smaller mixed-economy counties,0.8241386201476345,0.6497362728689713,4,Larger average-economy counties
38069,"Pierce County, ND",Very Low,1,Smaller mixed-economy counties,0.9991177742315437,0.9983318173162269,0,High-wage investment-income counties
38071,"Ramsey County, ND",Very Low,4,Larger average-economy counties,0.9915888400502151,0.9839397686739267,3,Large high-wage metro counties
38073,"Ransom County, ND",Very Low,4,Larger average-economy counties,0.7328354216923586,0.46669956454977246,1,Smaller mixed-economy counties
38075,"Renville County, ND",Very Low,0,High-wage investment-income counties,0.7094829495143663,0.5151395772967234,2,Small transfer-reliant counties
38077,"Richland County, ND",Very Low,4,Larger average-economy counties,0.9971875876568289,0.9957365865199598,1,Smaller mixed-economy counties
38079,"Rolette County, ND",Low,1,Smaller mixed-economy counties,0.7812784325829782,0.5906999641171518,4,Larger average-economy counties
38081,"Sargent County, ND",Very Low,4,Larger average-economy counties,0.8549488092900769,0.7149842328074247,1,Smaller mixed-economy counties
38083,"Sheridan County, ND",Very Low,1,Smaller mixed-economy counties,0.9428219052618538,0.9014934495054149,0,High-wage investment-income counties
38085,"Sioux County, ND",Low,1,Smaller mixed-economy counties,0.6149263672625196,0.2633290312292318,4,Larger average-economy counties
38087,"Slope County, ND",Very Low,0,High-wage investment-income counties,0.5357449153380638,0.10217195894002862,1,Smaller mixed-economy counties
38089,"Stark County, ND",Very Low,0,High-wage investment-income counties,0.5904534097095624,0.18237071441139752,2,Small transfer-reliant counties
38091,"Steele County, ND",Very Low,1,Smaller mixed-economy counties,0.9855654753401483,0.9733595164132021,0,High-wage investment-income counties
38093,"Stutsman County, ND",Low,4,Larger average-economy counties,0.9945640067239019,0.9895084300244219,3,Large high-wage metro counties
38095,"Towner County, ND",Very Low,1,Smaller mixed-economy counties,0.9949381707480882,0.991203475467753,0,High-wage investment-income counties
38097,"Traill County, ND",Very Low,4,Larger average-economy counties,0.9531661377547576,0.9075480565717532,1,Smaller mixed-economy counties
38099,"Walsh County, ND",Very Low,1,Smaller mixed-economy counties,0.520409420976932,0.04139677955780652,4,Larger average-economy counties
38101,"Ward County, ND",Low,0,High-wage investment-income counties,0.583040843219489,0.20791822175931762,2,Small transfer-reliant counties
38103,"Wells County, ND",Very Low,1,Smaller mixed-economy counties,0.9664694540885311,0.9349870843232931,0,High-wage investment-income counties
38105,"Williams County, ND",Low,0,High-wage investment-income counties,0.5984204831231995,0.19686141445657018,2,Small transfer-reliant counties
39001,"Adams County, OH",Low,4,Larger average-economy counties,0.9917589163245489,0.9840389596571203,1,Smaller mixed-economy counties
39003,"Allen County, OH",Low,4,Larger average-economy counties,0.823634083347704,0.6484841783850409,3,Large high-wage metro counties
39005,"Ashland County, OH",Low,4,Larger average-economy counties,0.9913120884833865,0.9828516360037934,3,Large high-wage metro counties
39007,"Ashtabula County, OH",Low,4,Larger average-economy counties,0.996005536151507,0.9927108347252525,1,Smaller mixed-economy counties
39009,"Athens County, OH",Low,4,Larger average-economy counties,0.8636831229226843,0.731521071073484,3,Large high-wage metro counties
39011,"Auglaize County, OH",Very Low,4,Larger average-economy counties,0.9980789629908583,0.9970814924570021,1,Smaller mixed-economy counties
39013,"Belmont County, OH",Low,1,Smaller mixed-economy counties,0.9986076026264997,0.9979296967708737,0,High-wage investment-income counties
39015,"Brown County, OH",Low,4,Larger average-economy counties,0.9162464589361712,0.8327427931864101,1,Smaller mixed-economy counties
39017,"Butler County, OH",Moderate,3,Large high-wage metro counties,0.9998292675766672,0.9997204858582986,0,High-wage investment-income counties
39019,"Carroll County, OH",Very Low,1,Smaller mixed-economy counties,0.9992442237458776,0.9986758457427909,4,Larger average-economy counties
39021,"Champaign County, OH",Very Low,4,Larger average-economy counties,0.9855980495931226,0.9714273696697687,1,Smaller mixed-economy counties
39023,"Clark County, OH",Low,3,Large high-wage metro counties,0.9685608372256153,0.9393250219376712,4,Larger average-economy counties
39025,"Clermont County, OH",Low,3,Large high-wage metro counties,0.9976759137907732,0.9957678727235727,4,Larger average-economy counties
39027,"Clinton County, OH",Very Low,4,Larger average-economy counties,0.7926400283953454,0.5855347922469001,3,Large high-wage metro counties
39029,"Columbiana County, OH",Low,1,Smaller mixed-economy counties,0.8670322726796719,0.7357191562935097,4,Larger average-economy counties
39031,"Coshocton County, OH",Low,4,Larger average-economy counties,0.9977919701450846,0.9962547506051596,1,Smaller mixed-economy counties
39033,"Crawford County, OH",Very Low,4,Larger average-economy counties,0.9892174966791695,0.9790606290563139,1,Smaller mixed-economy counties
39035,"Cuyahoga County, OH",High,3,Large high-wage metro counties,0.9938439946959241,0.9898506558975746,0,High-wage investment-income counties
39037,"Darke County, OH",Low,4,Larger average-economy counties,0.9979804290703402,0.9965472820957497,1,Smaller mixed-economy counties
39039,"Defiance County, OH",Very Low,4,Larger average-economy counties,0.997831683691858,0.9962957938696261,1,Smaller mixed-economy counties
39041,"Delaware County, OH",Low,3,Large high-wage metro counties,0.9994750712629255,0.9991243089625973,0,High-wage investment-income counties
39043,"Erie County, OH",Low,4,Larger average-economy counties,0.9865313103306917,0.9767988180202638,3,Large high-wage metro counties
39045,"Fairfield County, OH",Low,3,Large high-wage metro counties,0.9997393505544594,0.9996327018087591,0,High-wage investment-income counties
39047,"Fayette County, OH",Very Low,4,Larger average-economy counties,0.9691552954101776,0.9389228086769302,1,Smaller mixed-economy counties
39049,"Franklin County, OH",High,3,Large high-wage metro counties,0.9795474336331548,0.9653380307543489,0,High-wage investment-income counties
39051,"Fulton County, OH",Very Low,4,Larger average-economy counties,0.9650370506079075,0.9304941808576207,3,Large high-wage metro counties
39053,"Gallia County, OH",Low,4,Larger average-economy counties,0.5675369043491644,0.13540441410526421,1,Smaller mixed-economy counties
39055,"Geauga County, OH",Low,4,Larger average-economy counties,0.9956536182907108,0.9916359188725442,3,Large high-wage metro counties
39057,"Greene County, OH",Low,3,Large high-wage metro counties,0.9990808766727445,0.9984030744082075,4,Larger average-economy counties
39059,"Guernsey County, OH",Very Low,4,Larger average-economy counties,0.8257522191908202,0.6517790276131692,1,Smaller mixed-economy counties
39061,"Hamilton County, OH",High,3,Large high-wage metro counties,0.999154608689654,0.9986111422608561,0,High-wage investment-income counties
39063,"Hancock County, OH",Low,3,Large high-wage metro counties,0.9746168302682582,0.949663123876643,4,Larger average-economy counties
39065,"Hardin County, OH",Very Low,4,Larger average-economy counties,0.9851952815615078,0.9709596043906994,1,Smaller mixed-economy counties
39067,"Harrison County, OH",Very Low,1,Smaller mixed-economy counties,0.9997662120408535,0.9995669377419434,0,High-wage investment-income counties
39069,"Henry County, OH",Very Low,4,Larger average-economy counties,0.9972277312285004,0.9952456395092247,1,Smaller mixed-economy counties
39071,"Highland County, OH",Low,4,Larger average-economy counties,0.995876577557124,0.9920919385862857,1,Smaller mixed-economy counties
39073,"Hocking County, OH",Low,1,Smaller mixed-economy counties,0.9373923072794501,0.8751594591915969,4,Larger average-economy counties
39075,"Holmes County, OH",Low,0,High-wage investment-income counties,0.6469687476645535,0.32670791594310644,2,Small transfer-reliant counties
39077,"Huron County, OH",Low,4,Larger average-economy counties,0.9257455696955051,0.8517892750000426,3,Large high-wage metro counties
39079,"Jackson County, OH",Very Low,4,Larger average-economy counties,0.9978304417971755,0.9965816756473732,1,Smaller mixed-economy counties
39081,"Jefferson County, OH",Low,1,Smaller mixed-economy counties,0.9964854993981386,0.993647864908472,4,Larger average-economy counties
39083,"Knox County, OH",Low,4,Larger average-economy counties,0.7514642011005361,0.5032682096709171,3,Large high-wage metro counties
39085,"Lake County, OH",Low,3,Large high-wage metro counties,0.7254967008997887,0.45323740116086225,4,Larger average-economy counties
39087,"Lawrence County, OH",Low,1,Smaller mixed-economy counties,0.996918852177747,0.9943265452641299,0,High-wage investment-income counties
39089,"Licking County, OH",Low,3,Large high-wage metro counties,0.9992909540242126,0.9988136718098674,4,Larger average-economy counties
39091,"Logan County, OH",Low,4,Larger average-economy counties,0.9955391738624665,0.9913469550690014,3,Large high-wage metro counties
39093,"Lorain County, OH",Moderate,3,Large high-wage metro counties,0.9846235870946082,0.9697860513706283,4,Larger average-economy counties
39095,"Lucas County, OH",Moderate,3,Large high-wage metro counties,0.9949588086202629,0.992642747320032,0,High-wage investment-income counties
39097,"Madison County, OH",Very Low,4,Larger average-economy counties,0.962388234094226,0.9401597416827135,0,High-wage investment-income counties
39099,"Mahoning County, OH",Moderate,4,Larger average-economy counties,0.9442563825406239,0.8905452713378696,3,Large high-wage metro counties
39101,"Marion County, OH",Low,4,Larger average-economy counties,0.9948288655129637,0.9899840695466691,1,Smaller mixed-economy counties
39103,"Medina County, OH",Low,3,Large high-wage metro counties,0.9762036114921254,0.9531181521691898,4,Larger average-economy counties
39105,"Meigs County, OH",Low,1,Smaller mixed-economy counties,0.9996998827323264,0.9995083389236056,0,High-wage investment-income counties
39107,"Mercer County, OH",Very Low,3,Large high-wage metro counties,0.9969890886458284,0.9952693196440607,4,Larger average-economy counties
39109,"Miami County, OH",Low,3,Large high-wage metro counties,0.7740124703974471,0.5484936265428708,4,Larger average-economy counties
39111,"Monroe County, OH",Very Low,1,Smaller mixed-economy counties,0.9998319200324083,0.9996899166939719,0,High-wage investment-income counties
39113,"Montgomery County, OH",Moderate,3,Large high-wage metro counties,0.9996006714778398,0.9993497894336111,0,High-wage investment-income counties
39115,"Morgan County, OH",Very Low,1,Smaller mixed-economy counties,0.9998931358784597,0.9998076623937824,0,High-wage investment-income counties
39117,"Morrow County, OH",Very Low,4,Larger average-economy counties,0.9945041521012395,0.9898363701023357,1,Smaller mixed-economy counties
39119,"Muskingum County, OH",Low,4,Larger average-economy counties,0.9980673319580916,0.9971209097921186,1,Smaller mixed-economy counties
39121,"Noble County, OH",Very Low,1,Smaller mixed-economy counties,0.9138664349067819,0.8283955353368497,4,Larger average-economy counties
39123,"Ottawa County, OH",Low,1,Smaller mixed-economy counties,0.8507716341142799,0.7102802078827588,4,Larger average-economy counties
39125,"Paulding County, OH",Very Low,4,Larger average-economy counties,0.9855714106332425,0.9713932902992525,3,Large high-wage metro counties
39127,"Perry County, OH",Very Low,4,Larger average-economy counties,0.9916174675139731,0.983536633386306,1,Smaller mixed-economy counties
39129,"Pickaway County, OH",Low,4,Larger average-economy counties,0.9961830852755574,0.9932782207079559,3,Large high-wage metro counties
39131,"Pike County, OH",Low,1,Smaller mixed-economy counties,0.8219897804131556,0.644323370838497,4,Larger average-economy counties
39133,"Portage County, OH",Low,3,Large high-wage metro counties,0.8883159998447195,0.7779943946767895,4,Larger average-economy counties
39135,"Preble County, OH",Low,4,Larger average-economy counties,0.8515490057126667,0.7033405052333781,1,Smaller mixed-economy counties
39137,"Putnam County, OH",Very Low,4,Larger average-economy counties,0.7187561816851723,0.4385977987308852,3,Large high-wage metro counties
39139,"Richland County, OH",Low,4,Larger average-economy counties,0.9817720656970474,0.9639024654198878,3,Large high-wage metro counties
39141,"Ross County, OH",Low,4,Larger average-economy counties,0.8205469685012554,0.6415943530298258,1,Smaller mixed-economy counties
39143,"Sandusky County, OH",Low,4,Larger average-economy counties,0.9965406805470978,0.9938121363957142,3,Large high-wage metro counties
39145,"Scioto County, OH",Low,4,Larger average-economy counties,0.5150440025497093,0.032241470209396994,1,Smaller mixed-economy counties
39147,"Seneca County, OH",Low,4,Larger average-economy counties,0.9782905743179514,0.9568701211353758,3,Large high-wage metro counties
39149,"Shelby County, OH",Low,4,Larger average-economy counties,0.9689952974553991,0.9405004825070784,3,Large high-wage metro counties
39151,"Stark County, OH",Moderate,4,Larger average-economy counties,0.8805351370602208,0.7634507074904292,3,Large high-wage metro counties
39153,"Summit County, OH",Moderate,3,Large high-wage metro counties,0.9988212956488642,0.9981495328180684,0,High-wage investment-income counties
39155,"Trumbull County, OH",Moderate,4,Larger average-economy counties,0.7072911208065555,0.41805996725354433,1,Smaller mixed-economy counties
39157,"Tuscarawas County, OH",Low,3,Large high-wage metro counties,0.5651600561263939,0.131058714685175,4,Larger average-economy counties
39159,"Union County, OH",Very Low,3,Large high-wage metro counties,0.9902904261076128,0.9837388319774784,0,High-wage investment-income counties
39161,"Van Wert County, OH",Very Low,4,Larger average-economy counties,0.978431235440873,0.9570907964613028,3,Large high-wage metro counties
39163,"Vinton County, OH",Very Low,1,Smaller mixed-economy counties,0.9990431455204288,0.9982550534521589,4,Larger average-economy counties
39165,"Warren County, OH",Low,3,Large high-wage metro counties,0.9996918747464478,0.9994929455740015,0,High-wage investment-income counties
39167,"Washington County, OH",Low,4,Larger average-economy counties,0.8852358947582745,0.7710670165800141,1,Smaller mixed-economy counties
39169,"Wayne County, OH",Low,3,Large high-wage metro counties,0.9703184064735828,0.9414329423030591,4,Larger average-economy counties
39171,"Williams County, OH",Low,4,Larger average-economy counties,0.9973587584082322,0.9954962157530297,1,Smaller mixed-economy counties
39173,"Wood County, OH",Low,3,Large high-wage metro counties,0.990623434591413,0.981552999823075,4,Larger average-economy counties
39175,"Wyandot County, OH",Very Low,4,Larger average-economy counties,0.9958259982564652,0.992364268196078,3,Large high-wage metro counties
40001,"Adair County, OK",Low,2,Small transfer-reliant counties,0.8996692177308989,0.7993384354617972,0,High-wage investment-income counties
40003,"Alfalfa County, OK",Very Low,0,High-wage investment-income counties,0.9999841120666071,0.9999682241332127,2,Small transfer-reliant counties
40005,"Atoka County, OK",Very Low,0,High-wage investment-income counties,0.9999214796488358,0.9998429592976729,2,Small transfer-reliant counties
40007,"Beaver County, OK",Very Low,0,High-wage investment-income counties,0.9987605565136581,0.9975211130273164,2,Small transfer-reliant counties
40009,"Beckham County, OK",Low,0,High-wage investment-income counties,0.9960134808172812,0.9920269616345633,2,Small transfer-reliant counties
40011,"Blaine County, OK",Very Low,0,High-wage investment-income counties,0.9766549815720552,0.9533099631441111,2,Small transfer-reliant counties
40013,"Bryan County, OK",Low,0,High-wage investment-income counties,0.9967240023017429,0.9934480046048626,2,Small transfer-reliant counties
40015,"Caddo County, OK",Low,0,High-wage investment-income counties,0.9964326158668071,0.9928652317336152,2,Small transfer-reliant counties
40017,"Canadian County, OK",Moderate,0,High-wage investment-income counties,0.8166633951453345,0.6333267931454729,2,Small transfer-reliant counties
40019,"Carter County, OK",Low,0,High-wage investment-income counties,0.5719876821789817,0.1439753644950999,2,Small transfer-reliant counties
40021,"Cherokee County, OK",Low,0,High-wage investment-income counties,0.9993653685995552,0.9987307371991118,2,Small transfer-reliant counties
40023,"Choctaw County, OK",Low,0,High-wage investment-income counties,0.9868918000942765,0.9737836009222332,2,Small transfer-reliant counties
40025,"Cimarron County, OK",Low,0,High-wage investment-income counties,0.9999499669716857,0.9998999339433701,2,Small transfer-reliant counties
40027,"Cleveland County, OK",Moderate,0,High-wage investment-income counties,0.9997833126247959,0.9995666252495923,2,Small transfer-reliant counties
40029,"Coal County, OK",Very Low,0,High-wage investment-income counties,0.9997570138625921,0.9995140277251859,2,Small transfer-reliant counties
40031,"Comanche County, OK",Moderate,0,High-wage investment-income counties,0.9999422107243102,0.9998844214486188,2,Small transfer-reliant counties
40033,"Cotton County, OK",Very Low,0,High-wage investment-income counties,0.9990793570694476,0.9981587141388953,2,Small transfer-reliant counties
40035,"Craig County, OK",Low,0,High-wage investment-income counties,0.9999565021991093,0.9999130043982184,2,Small transfer-reliant counties
40037,"Creek County, OK",Moderate,0,High-wage investment-income counties,0.9997310066259866,0.9994620132519741,2,Small transfer-reliant counties
40039,"Custer County, OK",Low,2,Small transfer-reliant counties,0.9512107066942059,0.9024214133884103,0,High-wage investment-income counties
40041,"Delaware County, OK",Moderate,0,High-wage investment-income counties,0.9999381434794582,0.9998762869589158,2,Small transfer-reliant counties
40043,"Dewey County, OK",Very Low,0,High-wage investment-income counties,0.9985007785879035,0.9970015571758074,2,Small transfer-reliant counties
40045,"Ellis County, OK",Very Low,0,High-wage investment-income counties,0.8487684069476071,0.6975458805351199,2,Small transfer-reliant counties
40047,"Garfield County, OK",Moderate,0,High-wage investment-income counties,0.9840338236239473,0.968067647247893,2,Small transfer-reliant counties
40049,"Garvin County, OK",Low,0,High-wage investment-income counties,0.6862819858659758,0.3725639723756982,2,Small transfer-reliant counties
40051,"Grady County, OK",Low,0,High-wage investment-income counties,0.6482355234777145,0.29647104695542936,2,Small transfer-reliant counties
40053,"Grant County, OK",Very Low,2,Small transfer-reliant counties,0.5341348273941685,0.06826965478833535,0,High-wage investment-income counties
40055,"Greer County, OK",Very Low,2,Small transfer-reliant counties,0.7864930039032186,0.5729860078064383,0,High-wage investment-income counties
40057,"Harmon County, OK",Very Low,0,High-wage investment-income counties,0.6753103939061442,0.350620787812287,2,Small transfer-reliant counties
40059,"Harper County, OK",Low,2,Small transfer-reliant counties,0.9138974472821542,0.8277948945643082,0,High-wage investment-income counties
40061,"Haskell County, OK",Very Low,0,High-wage investment-income counties,0.99984662325305,0.999693246506101,2,Small transfer-reliant counties
40063,"Hughes County, OK",Very Low,2,Small transfer-reliant counties,0.9747045198673019,0.9494090397346043,0,High-wage investment-income counties
40065,"Jackson County, OK",Moderate,2,Small transfer-reliant counties,0.9797005530215731,0.9594011060431478,0,High-wage investment-income counties
40067,"Jefferson County, OK",Very Low,2,Small transfer-reliant counties,0.8468496146129828,0.693699229225967,0,High-wage investment-income counties
40069,"Johnston County, OK",Very Low,0,High-wage investment-income counties,0.9993067556566936,0.9986135113486867,2,Small transfer-reliant counties
40071,"Kay County, OK",Low,2,Small transfer-reliant counties,0.9399418370043511,0.8798836740087033,0,High-wage investment-income counties
40073,"Kingfisher County, OK",Low,2,Small transfer-reliant counties,0.4436511880646046,0.07768124262014892,0,High-wage investment-income counties
40075,"Kiowa County, OK",Very Low,2,Small transfer-reliant counties,0.601858608090171,0.203717216180343,0,High-wage investment-income counties
40077,"Latimer County, OK",Very Low,2,Small transfer-reliant counties,0.7116845977350649,0.42336919547012797,0,High-wage investment-income counties
40079,"Le Flore County, OK",Moderate,0,High-wage investment-income counties,0.9875567864616022,0.9751135729232027,2,Small transfer-reliant counties
40081,"Lincoln County, OK",Low,0,High-wage investment-income counties,0.9117572517976369,0.8235145035953262,2,Small transfer-reliant counties
40083,"Logan County, OK",Low,2,Small transfer-reliant counties,0.962438100394844,0.9248762007896888,0,High-wage investment-income counties
40085,"Love County, OK",Very Low,2,Small transfer-reliant counties,0.7258962532578777,0.4517925065157545,0,High-wage investment-income counties
40087,"McClain County, OK",Low,2,Small transfer-reliant counties,0.98014731052206,0.9602946210441212,0,High-wage investment-income counties
40089,"McCurtain County, OK",Low,2,Small transfer-reliant counties,0.9828982987996524,0.9657965975993055,0,High-wage investment-income counties
40091,"McIntosh County, OK",Low,1,Smaller mixed-economy counties,0.4925571322187565,0.021587695618648983,0,High-wage investment-income counties
40093,"Major County, OK",Very Low,2,Small transfer-reliant counties,0.6623427650963467,0.32468553019269447,0,High-wage investment-income counties
40095,"Marshall County, OK",Low,0,High-wage investment-income counties,0.7757226614209592,0.55144532284192,2,Small transfer-reliant counties
40097,"Mayes County, OK",Low,2,Small transfer-reliant counties,0.9451155275357322,0.8902310550714652,0,High-wage investment-income counties
40099,"Murray County, OK",Very Low,2,Small transfer-reliant counties,0.7091986270540662,0.4183972541081339,0,High-wage investment-income counties
40101,"Muskogee County, OK",Moderate,4,Larger average-economy counties,0.990281261349806,0.9809390077794139,1,Smaller mixed-economy counties
40103,"Noble County, OK",Low,1,Smaller mixed-economy counties,0.9989592337471443,0.9981458617962483,4,Larger average-economy counties
40105,"Nowata County, OK",Very Low,1,Smaller mixed-economy counties,0.9996179186155411,0.9992934919726905,0,High-wage investment-income counties
40107,"Okfuskee County, OK",Very Low,1,Smaller mixed-economy counties,0.9741876729325851,0.9488246789207917,4,Larger average-economy counties
40109,"Oklahoma County, OK",High,3,Large high-wage metro counties,0.9995733553902977,0.9993030450138316,0,High-wage investment-income counties
40111,"Okmulgee County, OK",Low,1,Smaller mixed-economy counties,0.9991437970515645,0.9984955017284538,4,Larger average-economy counties
40113,"Osage County, OK",Low,1,Smaller mixed-economy counties,0.5594435118580119,0.11963273418555426,4,Larger average-economy counties
40115,"Ottawa County, OK",Low,4,Larger average-economy counties,0.9690834476148996,0.9385322783909688,1,Smaller mixed-economy counties
40117,"Pawnee County, OK",Low,1,Smaller mixed-economy counties,0.9997948004010613,0.9996894800722465,0,High-wage investment-income counties
40119,"Payne County, OK",Moderate,3,Large high-wage metro counties,0.9997098048105915,0.9995238316738425,0,High-wage investment-income counties
40121,"Pittsburg County, OK",Low,1,Smaller mixed-economy counties,0.9389741269083297,0.8782474215576132,4,Larger average-economy counties
40123,"Pontotoc County, OK",Low,4,Larger average-economy counties,0.9945229115536811,0.9893060627921475,3,Large high-wage metro counties
40125,"Pottawatomie County, OK",Moderate,4,Larger average-economy counties,0.9956529106113169,0.9916945977871665,3,Large high-wage metro counties
40127,"Pushmataha County, OK",Very Low,1,Smaller mixed-economy counties,0.9994904263533235,0.9990481115830551,0,High-wage investment-income counties
40129,"Roger Mills County, OK",Very Low,1,Smaller mixed-economy counties,0.9969320653451851,0.9948473874519911,0,High-wage investment-income counties
40131,"Rogers County, OK",Low,3,Large high-wage metro counties,0.5144184257021712,0.029915394187647826,4,Larger average-economy counties
40133,"Seminole County, OK",Low,1,Smaller mixed-economy counties,0.9626365157466445,0.9261521415197529,4,Larger average-economy counties
40135,"Sequoyah County, OK",Low,4,Larger average-economy counties,0.8620318899731548,0.7290022271264234,1,Smaller mixed-economy counties
40137,"Stephens County, OK",Low,4,Larger average-economy counties,0.9929896385316541,0.9868674550610268,1,Smaller mixed-economy counties
40139,"Texas County, OK",Low,3,Large high-wage metro counties,0.8700757641913682,0.7770581446606579,0,High-wage investment-income counties
40141,"Tillman County, OK",Very Low,1,Smaller mixed-economy counties,0.9996992036296267,0.9995281712639887,0,High-wage investment-income counties
40143,"Tulsa County, OK",High,3,Large high-wage metro counties,0.9997431320925734,0.9995793790358503,0,High-wage investment-income counties
40145,"Wagoner County, OK",Low,3,Large high-wage metro counties,0.9924335981806115,0.9885653834111251,0,High-wage investment-income counties
40147,"Washington County, OK",Low,4,Larger average-economy counties,0.9859656109075997,0.9722281279707021,3,Large high-wage metro counties
40149,"Washita County, OK",Very Low,1,Smaller mixed-economy counties,0.9928287424187936,0.987085375179039,0,High-wage investment-income counties
40151,"Woods County, OK",Very Low,1,Smaller mixed-economy counties,0.9970437693345513,0.9955650229235824,4,Larger average-economy counties
40153,"Woodward County, OK",Very Low,1,Smaller mixed-economy counties,0.30807685325569745,0.015433197135204635,4,Larger average-economy counties
41001,"Baker County, OR",Low,1,Smaller mixed-economy counties,0.7064270070533566,0.4445577506462972,4,Larger average-economy counties
41003,"Benton County, OR",Moderate,3,Large high-wage metro counties,0.994586591234275,0.9911045373212244,0,High-wage investment-income counties
41005,"Clackamas County, OR",High,3,Large high-wage metro counties,0.997395168981886,0.9957549827216365,0,High-wage investment-income counties
41007,"Clatsop County, OR",High,0,High-wage investment-income counties,0.5451468268845366,0.2703479183483524,2,Small transfer-reliant counties
41009,"Columbia County, OR",Low,4,Larger average-economy counties,0.9888345033327723,0.9828590450511794,3,Large high-wage metro counties
41011,"Coos County, OR",Moderate,0,High-wage investment-income counties,0.703524880248947,0.4749572147195377,2,Small transfer-reliant counties
41013,"Crook County, OR",Very Low,0,High-wage investment-income counties,0.7568823691232271,0.588880516830291,2,Small transfer-reliant counties
41015,"Curry County, OR",Moderate,0,High-wage investment-income counties,0.911547022589621,0.8231673060665734,2,Small transfer-reliant counties
41017,"Deschutes County, OR",Moderate,3,Large high-wage metro counties,0.9356113055641074,0.8928366491155973,0,High-wage investment-income counties
41019,"Douglas County, OR",Moderate,4,Larger average-economy counties,0.549159397413062,0.2623283929711955,1,Smaller mixed-economy counties
41021,"Gilliam County, OR",Very Low,0,High-wage investment-income counties,0.5444459204000942,0.12833086696245338,1,Smaller mixed-economy counties
41023,"Grant County, OR",Very Low,1,Smaller mixed-economy counties,0.9634134778094995,0.9466060407783116,0,High-wage investment-income counties
41025,"Harney County, OR",Very Low,1,Smaller mixed-economy counties,0.9291219037404579,0.8885444898098575,0,High-wage investment-income counties
41027,"Hood River County, OR",Very Low,4,Larger average-economy counties,0.9209658620556279,0.8425859111281471,3,Large high-wage metro counties
41029,"Jackson County, OR",Moderate,4,Larger average-economy counties,0.8441204986876344,0.7310693614883443,3,Large high-wage metro counties
41031,"Jefferson County, OR",Very Low,3,Large high-wage metro counties,0.6024651598997396,0.32519373712633076,4,Larger average-economy counties
41033,"Josephine County, OR",Moderate,4,Larger average-economy counties,0.4148172699903893,0.08420238546103825,0,High-wage investment-income counties
41035,"Klamath County, OR",Low,4,Larger average-economy counties,0.992953616416359,0.9905619785654671,3,Large high-wage metro counties
41037,"Lake County, OR",Very Low,1,Smaller mixed-economy counties,0.9946099356491113,0.9902040374184319,0,High-wage investment-income counties
41039,"Lane County, OR",High,3,Large high-wage metro counties,0.8041606290607335,0.6798677040318716,0,High-wage investment-income counties
41041,"Lincoln County, OR",Moderate,0,High-wage investment-income counties,0.7013415261931927,0.43439481616419273,2,Small transfer-reliant counties
41043,"Linn County, OR",Moderate,3,Large high-wage metro counties,0.914213965485898,0.857499809442786,4,Larger average-economy counties
41045,"Malheur County, OR",Very Low,4,Larger average-economy counties,0.8617633919338986,0.7351620826860062,3,Large high-wage metro counties
41047,"Marion County, OR",High,3,Large high-wage metro counties,0.999445523224074,0.9990913180743106,0,High-wage investment-income counties
41049,"Morrow County, OR",Very Low,3,Large high-wage metro counties,0.9881043777637112,0.9822024060134793,0,High-wage investment-income counties
41051,"Multnomah County, OR",High,3,Large high-wage metro counties,0.9973537727304445,0.9956577856914369,0,High-wage investment-income counties
41053,"Polk County, OR",Low,3,Large high-wage metro counties,0.8660760267278742,0.779833804169868,0,High-wage investment-income counties
41055,"Sherman County, OR",Very Low,0,High-wage investment-income counties,0.6229960104871594,0.3444565683880507,1,Smaller mixed-economy counties
41057,"Tillamook County, OR",Moderate,0,High-wage investment-income counties,0.5204532103324073,0.25609850666719197,4,Larger average-economy counties
41059,"Umatilla County, OR",Moderate,3,Large high-wage metro counties,0.9985362950154789,0.9972889888897828,4,Larger average-economy counties
41061,"Union County, OR",Low,4,Larger average-economy counties,0.9869874928461783,0.9771644884076821,1,Smaller mixed-economy counties
41063,"Wallowa County, OR",Very Low,1,Smaller mixed-economy counties,0.7725866140078811,0.6214346726141904,0,High-wage investment-income counties
41065,"Wasco County, OR",Low,4,Larger average-economy counties,0.9593338549776618,0.9413379771794919,1,Smaller mixed-economy counties
41067,"Washington County, OR",High,3,Large high-wage metro counties,0.9984970627080189,0.9975089137943476,0,High-wage investment-income counties
41069,"Wheeler County, OR",Very Low,1,Smaller mixed-economy counties,0.7602233441747638,0.5361426701641594,0,High-wage investment-income counties
41071,"Yamhill County, OR",Moderate,3,Large high-wage metro counties,0.9922561884294547,0.9873387268466298,0,High-wage investment-income counties
42001,"Adams County, PA",Low,4,Larger average-economy counties,0.7732874990482116,0.5469363521422338,3,Large high-wage metro counties
42003,"Allegheny County, PA",High,3,Large high-wage metro counties,0.9929794089982521,0.9884666698097161,0,High-wage investment-income counties
42005,"Armstrong County, PA",Low,1,Smaller mixed-economy counties,0.9151739103869551,0.831038086300486,4,Larger average-economy counties
42007,"Beaver County, PA",Low,4,Larger average-economy counties,0.9837333012729108,0.9681063864511912,1,Smaller mixed-economy counties
42009,"Bedford County, PA",Low,4,Larger average-economy counties,0.9919244993774937,0.9842886192853576,1,Smaller mixed-economy counties
42011,"Berks County, PA",Moderate,3,Large high-wage metro counties,0.999839070264926,0.9997372001126154,0,High-wage investment-income counties
42013,"Blair County, PA",Low,4,Larger average-economy counties,0.9903424495846957,0.9824843312211687,1,Smaller mixed-economy counties
42015,"Bradford County, PA",Low,4,Larger average-economy counties,0.9965756985393966,0.9939044996736274,3,Large high-wage metro counties
42017,"Bucks County, PA",High,3,Large high-wage metro counties,0.998656146736132,0.9978108432103728,0,High-wage investment-income counties
42019,"Butler County, PA",Low,4,Larger average-economy counties,0.5665275109860645,0.13375387064817856,3,Large high-wage metro counties
42021,"Cambria County, PA",Low,1,Smaller mixed-economy counties,0.5057332233393497,0.015519266621641048,4,Larger average-economy counties
42023,"Cameron County, PA",Very Low,1,Smaller mixed-economy counties,0.8704771367380306,0.7483817161763646,0,High-wage investment-income counties
42025,"Carbon County, PA",Low,4,Larger average-economy counties,0.9776506022345601,0.9559480887258277,1,Smaller mixed-economy counties
42027,"Centre County, PA",Low,3,Large high-wage metro counties,0.998048879560596,0.996753045089505,0,High-wage investment-income counties
42029,"Chester County, PA",Moderate,3,Large high-wage metro counties,0.9998507340754881,0.9997568389739978,0,High-wage investment-income counties
42031,"Clarion County, PA",Very Low,4,Larger average-economy counties,0.8872207132677677,0.7749618293564489,1,Smaller mixed-economy counties
42033,"Clearfield County, PA",Low,4,Larger average-economy counties,0.9549339355516188,0.9103423302952348,1,Smaller mixed-economy counties
42035,"Clinton County, PA",Low,4,Larger average-economy counties,0.9691729088840259,0.9386858752509161,1,Smaller mixed-economy counties
42037,"Columbia County, PA",Low,4,Larger average-economy counties,0.994443214130881,0.9896967891988706,1,Smaller mixed-economy counties
42039,"Crawford County, PA",Low,4,Larger average-economy counties,0.9682707435511143,0.937121711625006,1,Smaller mixed-economy counties
42041,"Cumberland County, PA",Moderate,3,Large high-wage metro counties,0.999862811586117,0.9997767696009245,0,High-wage investment-income counties
42043,"Dauphin County, PA",Moderate,3,Large high-wage metro counties,0.9998570580786063,0.9997661695101516,0,High-wage investment-income counties
42045,"Delaware County, PA",Moderate,3,Large high-wage metro counties,0.9995932030823586,0.9993354908170432,0,High-wage investment-income counties
42047,"Elk County, PA",Low,1,Smaller mixed-economy counties,0.9835051012401772,0.9672511010962257,4,Larger average-economy counties
42049,"Erie County, PA",Moderate,3,Large high-wage metro counties,0.6057073872230526,0.22521679116994198,4,Larger average-economy counties
42051,"Fayette County, PA",Moderate,1,Smaller mixed-economy counties,0.9416831197392665,0.9075429930100474,4,Larger average-economy counties
42053,"Forest County, PA",Very Low,1,Smaller mixed-economy counties,0.9797161410433105,0.9610045553635186,0,High-wage investment-income counties
42055,"Franklin County, PA",Low,3,Large high-wage metro counties,0.9881833933625341,0.9767154695920393,4,Larger average-economy counties
42057,"Fulton County, PA",Very Low,1,Smaller mixed-economy counties,0.8431899758172154,0.6869462700024438,4,Larger average-economy counties
42059,"Greene County, PA",Low,1,Smaller mixed-economy counties,0.9990677314629222,0.998296919903267,0,High-wage investment-income counties
42061,"Huntingdon County, PA",Low,4,Larger average-economy counties,0.9552544142808287,0.9123042471369893,1,Smaller mixed-economy counties
42063,"Indiana County, PA",Low,4,Larger average-economy counties,0.9949617478155219,0.9910921358984066,1,Smaller mixed-economy counties
42065,"Jefferson County, PA",Low,4,Larger average-economy counties,0.6319800996187914,0.26438297862146104,1,Smaller mixed-economy counties
42067,"Juniata County, PA",Very Low,4,Larger average-economy counties,0.8951958275161079,0.791067487269466,3,Large high-wage metro counties
42069,"Lackawanna County, PA",Moderate,3,Large high-wage metro counties,0.9462713784239665,0.8947777361022553,4,Larger average-economy counties
42071,"Lancaster County, PA",High,3,Large high-wage metro counties,0.9996650851701465,0.9994556046767039,0,High-wage investment-income counties
42073,"Lawrence County, PA",Low,1,Smaller mixed-economy counties,0.7567663477454464,0.5145794851470262,4,Larger average-economy counties
42075,"Lebanon County, PA",Low,3,Large high-wage metro counties,0.9990673006221793,0.9983234138961268,4,Larger average-economy counties
42077,"Lehigh County, PA",Moderate,3,Large high-wage metro counties,0.9996605102518625,0.9994416689684998,0,High-wage investment-income counties
42079,"Luzerne County, PA",Moderate,3,Large high-wage metro counties,0.9990935436731713,0.998543972674055,0,High-wage investment-income counties
42081,"Lycoming County, PA",Low,4,Larger average-economy counties,0.9964238398176108,0.9936902487343742,3,Large high-wage metro counties
42083,"McKean County, PA",Low,1,Smaller mixed-economy counties,0.9861981425563,0.9729577528550832,4,Larger average-economy counties
42085,"Mercer County, PA",Low,1,Smaller mixed-economy counties,0.5435036502818521,0.0888784885970938,4,Larger average-economy counties
42087,"Mifflin County, PA",Low,4,Larger average-economy counties,0.9885619361408117,0.9774077929337043,1,Smaller mixed-economy counties
42089,"Monroe County, PA",Moderate,3,Large high-wage metro counties,0.7458359985281604,0.4943605011741583,4,Larger average-economy counties
42091,"Montgomery County, PA",High,3,Large high-wage metro counties,0.9997045929356276,0.9995177019367204,0,High-wage investment-income counties
42093,"Montour County, PA",Very Low,4,Larger average-economy counties,0.9917694161321611,0.984287137583217,3,Large high-wage metro counties
42095,"Northampton County, PA",Moderate,3,Large high-wage metro counties,0.9997528160215053,0.9996020839299964,0,High-wage investment-income counties
42097,"Northumberland County, PA",Low,4,Larger average-economy counties,0.9669008104087735,0.9342382977305008,1,Smaller mixed-economy counties
42099,"Perry County, PA",Low,4,Larger average-economy counties,0.9887470818829948,0.9776616864419588,3,Large high-wage metro counties
42101,"Philadelphia County, PA",Very High,3,Large high-wage metro counties,0.9852535078226556,0.9753551952741023,0,High-wage investment-income counties
42103,"Pike County, PA",Low,4,Larger average-economy counties,0.9929905772634509,0.9866113495142417,3,Large high-wage metro counties
42105,"Potter County, PA",Very Low,1,Smaller mixed-economy counties,0.9995333390578148,0.9992172018890242,4,Larger average-economy counties
42107,"Schuylkill County, PA",Moderate,4,Larger average-economy counties,0.9923361010609119,0.9857393351721399,1,Smaller mixed-economy counties
42109,"Snyder County, PA",Low,4,Larger average-economy counties,0.9964440787797785,0.993325275288567,3,Large high-wage metro counties
42111,"Somerset County, PA",Low,1,Smaller mixed-economy counties,0.5603093383533296,0.12167613113460074,4,Larger average-economy counties
42113,"Sullivan County, PA",Very Low,1,Smaller mixed-economy counties,0.9911305013535346,0.9831382447635872,0,High-wage investment-income counties
42115,"Susquehanna County, PA",Low,1,Smaller mixed-economy counties,0.9680057359363404,0.9364827021391213,4,Larger average-economy counties
42117,"Tioga County, PA",Low,1,Smaller mixed-economy counties,0.9782194567321788,0.9566944016036648,4,Larger average-economy counties
42119,"Union County, PA",Low,4,Larger average-economy counties,0.9968773096840661,0.9948962856928515,1,Smaller mixed-economy counties
42121,"Venango County, PA",Low,1,Smaller mixed-economy counties,0.9951531298354651,0.9907831983715902,4,Larger average-economy counties
42123,"Warren County, PA",Low,1,Smaller mixed-economy counties,0.99697254373412,0.9945849142941797,4,Larger average-economy counties
42125,"Washington County, PA",Moderate,4,Larger average-economy counties,0.9835179597999534,0.967750938777082,3,Large high-wage metro counties
42127,"Wayne County, PA",Low,1,Smaller mixed-economy counties,0.8973193150328762,0.795017114935989,4,Larger average-economy counties
42129,"Westmoreland County, PA",Moderate,4,Larger average-economy counties,0.9793111590856961,0.9626554468007978,1,Smaller mixed-economy counties
42131,"Wyoming County, PA",Low,1,Smaller mixed-economy counties,0.8744644012954278,0.749244371028089,4,Larger average-economy counties
42133,"York County, PA",Moderate,3,Large high-wage metro counties,0.999760841446243,0.9996155877307819,0,High-wage investment-income counties
44001,"Bristol County, RI",Very Low,4,Larger average-economy counties,0.991836315331218,0.9850998490003174,1,Smaller mixed-economy counties
44003,"Kent County, RI",Low,3,Large high-wage metro counties,0.9633743973330696,0.9273792630913328,4,Larger average-economy counties
44005,"Newport County, RI",Very Low,3,Large high-wage metro counties,0.5278955528606001,0.058950816421462215,4,Larger average-economy counties
44007,"Providence County, RI",Moderate,3,Large high-wage metro counties,0.9992996385436741,0.9988416006416304,0,High-wage investment-income counties
44009,"Washington County, RI",Low,4,Larger average-economy counties,0.8687770500775037,0.7391569213904343,3,Large high-wage metro counties
45001,"Abbeville County, SC",Low,1,Smaller mixed-economy counties,0.9136767044014068,0.8276113607816128,4,Larger average-economy counties
45003,"Aiken County, SC",Moderate,3,Large high-wage metro counties,0.9886569210255148,0.9784207987097067,4,Larger average-economy counties
45005,"Allendale County, SC",Very Low,1,Smaller mixed-economy counties,0.9884795996920693,0.9779745514998992,0,High-wage investment-income counties
45007,"Anderson County, SC",Moderate,3,Large high-wage metro counties,0.984392360921918,0.9691856703938284,4,Larger average-economy counties
45009,"Bamberg County, SC",Low,1,Smaller mixed-economy counties,0.9973066374869999,0.9953413464319101,0,High-wage investment-income counties
45011,"Barnwell County, SC",Low,4,Larger average-economy counties,0.9646114915808817,0.930028013503006,1,Smaller mixed-economy counties
45013,"Beaufort County, SC",High,3,Large high-wage metro counties,0.9995171423295331,0.9992041794717306,0,High-wage investment-income counties
45015,"Berkeley County, SC",High,3,Large high-wage metro counties,0.9959381046352542,0.9931200340564914,0,High-wage investment-income counties
45017,"Calhoun County, SC",Very Low,1,Smaller mixed-economy counties,0.9997453753599184,0.9995214522772599,0,High-wage investment-income counties
45019,"Charleston County, SC",High,3,Large high-wage metro counties,0.9995083867999014,0.999189660067506,0,High-wage investment-income counties
45021,"Cherokee County, SC",Low,4,Larger average-economy counties,0.9868635315136703,0.9739380760696168,3,Large high-wage metro counties
45023,"Chester County, SC",Low,1,Smaller mixed-economy counties,0.5730053763745082,0.14701398479509342,4,Larger average-economy counties
45025,"Chesterfield County, SC",Low,4,Larger average-economy counties,0.9930000743033137,0.9864442302209518,3,Large high-wage metro counties
45027,"Clarendon County, SC",Low,1,Smaller mixed-economy counties,0.9988137799108997,0.9978017980069463,4,Larger average-economy counties
45029,"Colleton County, SC",Moderate,4,Larger average-economy counties,0.951741179432972,0.9055292857881144,3,Large high-wage metro counties
45031,"Darlington County, SC",Low,4,Larger average-economy counties,0.9609973378152874,0.9223127185764248,1,Smaller mixed-economy counties
45033,"Dillon County, SC",Moderate,4,Larger average-economy counties,0.5665778406198657,0.1338490024427208,1,Smaller mixed-economy counties
45035,"Dorchester County, SC",Moderate,3,Large high-wage metro counties,0.9997287801744219,0.9995515349234875,0,High-wage investment-income counties
45037,"Edgefield County, SC",Very Low,4,Larger average-economy counties,0.91447679811911,0.86974028080344,0,High-wage investment-income counties
45039,"Fairfield County, SC",Very Low,1,Smaller mixed-economy counties,0.9994577232141669,0.9989833364439119,0,High-wage investment-income counties
45041,"Florence County, SC",Moderate,4,Larger average-economy counties,0.6245160948210935,0.2497993942303482,3,Large high-wage metro counties
45043,"Georgetown County, SC",Moderate,4,Larger average-economy counties,0.9189952605383385,0.8428273200579603,1,Smaller mixed-economy counties
45045,"Greenville County, SC",Moderate,3,Large high-wage metro counties,0.9996500423086475,0.9994182442286498,0,High-wage investment-income counties
45047,"Greenwood County, SC",Low,4,Larger average-economy counties,0.9548372073737486,0.909864694138101,3,Large high-wage metro counties
45049,"Hampton County, SC",Low,4,Larger average-economy counties,0.5406029541851946,0.08382632665255685,1,Smaller mixed-economy counties
45051,"Horry County, SC",High,3,Large high-wage metro counties,0.9762325168500573,0.9590018292175319,0,High-wage investment-income counties
45053,"Jasper County, SC",Low,0,High-wage investment-income counties,0.6909920435463174,0.382237501267291,2,Small transfer-reliant counties
45055,"Kershaw County, SC",Low,4,Larger average-economy counties,0.8000001565156002,0.6048316386851182,3,Large high-wage metro counties
45057,"Lancaster County, SC",Low,3,Large high-wage metro counties,0.9941065292262287,0.9899933880870271,0,High-wage investment-income counties
45059,"Laurens County, SC",Low,4,Larger average-economy counties,0.9947675426433085,0.9917709060440867,3,Large high-wage metro counties
45061,"Lee County, SC",Very Low,1,Smaller mixed-economy counties,0.7676919584708929,0.5697200312458932,4,Larger average-economy counties
45063,"Lexington County, SC",Moderate,3,Large high-wage metro counties,0.9997836047803161,0.9996433219157962,0,High-wage investment-income counties
45065,"McCormick County, SC",Very Low,1,Smaller mixed-economy counties,0.8836482465818649,0.7749826203464247,0,High-wage investment-income counties
45067,"Marion County, SC",Low,1,Smaller mixed-economy counties,0.9994678633126592,0.9990784144131473,0,High-wage investment-income counties
45069,"Marlboro County, SC",Low,1,Smaller mixed-economy counties,0.9988077874763126,0.9978469351837288,0,High-wage investment-income counties
45071,"Newberry County, SC",Low,4,Larger average-economy counties,0.873944196894848,0.7484361910583799,3,Large high-wage metro counties
45073,"Oconee County, SC",Moderate,4,Larger average-economy counties,0.6976911600160424,0.412786470146358,3,Large high-wage metro counties
45075,"Orangeburg County, SC",Moderate,4,Larger average-economy counties,0.9312577907376095,0.864198405619623,1,Smaller mixed-economy counties
45077,"Pickens County, SC",Low,3,Large high-wage metro counties,0.9810538344928719,0.9625840116317129,4,Larger average-economy counties
45079,"Richland County, SC",Moderate,3,Large high-wage metro counties,0.9998394560081619,0.9997384908418566,0,High-wage investment-income counties
45081,"Saluda County, SC",Very Low,4,Larger average-economy counties,0.949066533431337,0.898547295469952,3,Large high-wage metro counties
45083,"Spartanburg County, SC",Moderate,3,Large high-wage metro counties,0.9974595370060906,0.9957521178067503,0,High-wage investment-income counties
45085,"Sumter County, SC",Moderate,4,Larger average-economy counties,0.9693260057393939,0.9396900322575864,3,Large high-wage metro counties
45087,"Union County, SC",Low,1,Smaller mixed-economy counties,0.8886895325775376,0.7796297482795156,4,Larger average-economy counties
45089,"Williamsburg County, SC",Moderate,1,Smaller mixed-economy counties,0.9941500193323368,0.990094904934466,4,Larger average-economy counties
45091,"York County, SC",Moderate,3,Large high-wage metro counties,0.9908576732498895,0.9847483855535499,0,High-wage investment-income counties
46003,"Aurora County, SD",Very Low,4,Larger average-economy counties,0.9670233774853827,0.950050542216135,0,High-wage investment-income counties
46005,"Beadle County, SD",Low,3,Large high-wage metro counties,0.9862286027283457,0.9766699572013199,0,High-wage investment-income counties
46007,"Bennett County, SD",Very Low,4,Larger average-economy counties,0.8357316155655109,0.7331398680658388,3,Large high-wage metro counties
46009,"Bon Homme County, SD",Very Low,1,Smaller mixed-economy counties,0.7615219125961394,0.5396675772139511,4,Larger average-economy counties
46011,"Brookings County, SD",Low,3,Large high-wage metro counties,0.9446339286947668,0.9086412393675062,0,High-wage investment-income counties
46013,"Brown County, SD",Low,3,Large high-wage metro counties,0.7856117732359092,0.5722656029107905,4,Larger average-economy counties
46015,"Brule County, SD",Low,4,Larger average-economy counties,0.9887555631480026,0.9835400342319177,3,Large high-wage metro counties
46017,"Buffalo County, SD",Very Low,0,High-wage investment-income counties,0.522044796858352,0.1077900114823322,1,Smaller mixed-economy counties
46019,"Butte County, SD",Very Low,4,Larger average-economy counties,0.9724950739288144,0.9489651671147981,1,Smaller mixed-economy counties
46021,"Campbell County, SD",Very Low,0,High-wage investment-income counties,0.6650388608933835,0.49685379088409165,2,Small transfer-reliant counties
46023,"Charles Mix County, SD",Low,4,Larger average-economy counties,0.9349996321405933,0.8838722200349477,1,Smaller mixed-economy counties
46025,"Clark County, SD",Very Low,3,Large high-wage metro counties,0.373485309850018,0.059191798155039776,4,Larger average-economy counties
46027,"Clay County, SD",Very Low,3,Large high-wage metro counties,0.8686934457756841,0.7843501464087268,4,Larger average-economy counties
46029,"Codington County, SD",Low,4,Larger average-economy counties,0.9923320739689172,0.9885440170440917,3,Large high-wage metro counties
46031,"Corson County, SD",Very Low,0,High-wage investment-income counties,0.8302168789969073,0.6613979063752167,2,Small transfer-reliant counties
46033,"Custer County, SD",Very Low,4,Larger average-economy counties,0.9800521295896533,0.9715226758111125,0,High-wage investment-income counties
46035,"Davison County, SD",Very Low,4,Larger average-economy counties,0.9901883802189733,0.9805872348216419,3,Large high-wage metro counties
46037,"Day County, SD",Very Low,1,Smaller mixed-economy counties,0.9177312301733425,0.837884057503258,4,Larger average-economy counties
46039,"Deuel County, SD",Very Low,4,Larger average-economy counties,0.9528591118910262,0.9215448273803161,0,High-wage investment-income counties
46041,"Dewey County, SD",Low,0,High-wage investment-income counties,0.8271438612199548,0.6548053377537525,2,Small transfer-reliant counties
46043,"Douglas County, SD",Very Low,4,Larger average-economy counties,0.678704515831588,0.5240210579588223,0,High-wage investment-income counties
46045,"Edmunds County, SD",Very Low,4,Larger average-economy counties,0.9913999788278042,0.9880853097602774,1,Smaller mixed-economy counties
46047,"Fall River County, SD",Very Low,1,Smaller mixed-economy counties,0.66951171025809,0.38335950664139384,0,High-wage investment-income counties
46049,"Faulk County, SD",Very Low,1,Smaller mixed-economy counties,0.9549116991405079,0.9334298420152223,4,Larger average-economy counties
46051,"Grant County, SD",Very Low,4,Larger average-economy counties,0.9937811907169897,0.9899113156910684,1,Smaller mixed-economy counties
46053,"Gregory County, SD",Very Low,1,Smaller mixed-economy counties,0.9997456736706857,0.9995505465860236,0,High-wage investment-income counties
46055,"Haakon County, SD",Very Low,1,Smaller mixed-economy counties,0.8995328833774296,0.8093263294761917,0,High-wage investment-income counties
46057,"Hamlin County, SD",Very Low,0,High-wage investment-income counties,0.6836450987343702,0.41512654586553144,2,Small transfer-reliant counties
46059,"Hand County, SD",Very Low,1,Smaller mixed-economy counties,0.9957127980891834,0.9923045193891005,4,Larger average-economy counties
46061,"Hanson County, SD",Very Low,4,Larger average-economy counties,0.3991060384731383,0.016974551038569097,3,Large high-wage metro counties
46063,"Harding County, SD",Very Low,0,High-wage investment-income counties,0.8401011765788419,0.6837084388635088,2,Small transfer-reliant counties
46065,"Hughes County, SD",Very Low,4,Larger average-economy counties,0.8031969447866544,0.6420634184281013,1,Smaller mixed-economy counties
46067,"Hutchinson County, SD",Low,4,Larger average-economy counties,0.994665249712865,0.9909248234634431,1,Smaller mixed-economy counties
46069,"Hyde County, SD",Very Low,0,High-wage investment-income counties,0.8300847917301314,0.6962572575685351,1,Smaller mixed-economy counties
46071,"Jackson County, SD",Very Low,0,High-wage investment-income counties,0.7863742077121278,0.6738372668175483,2,Small transfer-reliant counties
46073,"Jerauld County, SD",Very Low,1,Smaller mixed-economy counties,0.9743166973338433,0.9513640351864975,0,High-wage investment-income counties
46075,"Jones County, SD",Very Low,0,High-wage investment-income counties,0.7898821749483806,0.5797643800639912,2,Small transfer-reliant counties
46077,"Kingsbury County, SD",Very Low,4,Larger average-economy counties,0.5709057464531337,0.14470548527724242,1,Smaller mixed-economy counties
46079,"Lake County, SD",Very Low,4,Larger average-economy counties,0.9607957098386872,0.9271137399598518,1,Smaller mixed-economy counties
46081,"Lawrence County, SD",Low,4,Larger average-economy counties,0.7620710370319514,0.6290822273263286,0,High-wage investment-income counties
46083,"Lincoln County, SD",Low,3,Large high-wage metro counties,0.9636603403691212,0.9366996103237906,0,High-wage investment-income counties
46085,"Lyman County, SD",Very Low,4,Larger average-economy counties,0.511134277565711,0.1678762697000014,0,High-wage investment-income counties
46087,"McCook County, SD",Low,3,Large high-wage metro counties,0.8904712909992912,0.8178167432486056,0,High-wage investment-income counties
46089,"McPherson County, SD",Very Low,1,Smaller mixed-economy counties,0.9935072076393398,0.9876217354857199,0,High-wage investment-income counties
46091,"Marshall County, SD",Very Low,4,Larger average-economy counties,0.9912447188822915,0.9868842548622427,1,Smaller mixed-economy counties
46093,"Meade County, SD",Low,4,Larger average-economy counties,0.8143765429358788,0.7158332847029355,3,Large high-wage metro counties
46095,"Mellette County, SD",Very Low,0,High-wage investment-income counties,0.9110159990538467,0.8220319991543585,2,Small transfer-reliant counties
46097,"Miner County, SD",Very Low,1,Smaller mixed-economy counties,0.9893027980704527,0.9795871923640768,0,High-wage investment-income counties
46099,"Minnehaha County, SD",Moderate,3,Large high-wage metro counties,0.998494075912656,0.9975131371443314,0,High-wage investment-income counties
46101,"Moody County, SD",Very Low,3,Large high-wage metro counties,0.962738966873115,0.9425675893323417,4,Larger average-economy counties
46102,"Oglala Lakota, SD",Low,0,High-wage investment-income counties,0.7178068081435024,0.5166852323458655,2,Small transfer-reliant counties
46103,"Pennington County, SD",Low,3,Large high-wage metro counties,0.9998415757867797,0.9997415478150833,0,High-wage investment-income counties
46105,"Perkins County, SD",Very Low,1,Smaller mixed-economy counties,0.9474000719445889,0.9013021378807285,0,High-wage investment-income counties
46107,"Potter County, SD",Very Low,1,Smaller mixed-economy counties,0.9818957913124461,0.9682272518544907,4,Larger average-economy counties
46109,"Roberts County, SD",Very Low,4,Larger average-economy counties,0.9803920437583394,0.9626663234299762,3,Large high-wage metro counties
46111,"Sanborn County, SD",Very Low,4,Larger average-economy counties,0.9676143888096517,0.9413391708322794,1,Smaller mixed-economy counties
46115,"Spink County, SD",Very Low,4,Larger average-economy counties,0.6066367593671966,0.2144928829713758,1,Smaller mixed-economy counties
46117,"Stanley County, SD",Very Low,1,Smaller mixed-economy counties,0.9924781716157512,0.9859262935468256,0,High-wage investment-income counties
46119,"Sully County, SD",Very Low,4,Larger average-economy counties,0.8697160649153859,0.7745717670886633,0,High-wage investment-income counties
46121,"Todd County, SD",Very Low,4,Larger average-economy counties,0.9845048957680687,0.9753352381682685,3,Large high-wage metro counties
46123,"Tripp County, SD",Very Low,1,Smaller mixed-economy counties,0.5824146578744506,0.21855550071475538,4,Larger average-economy counties
46125,"Turner County, SD",Very Low,3,Large high-wage metro counties,0.9150887558967673,0.8556557095081796,0,High-wage investment-income counties
46127,"Union County, SD",Very Low,3,Large high-wage metro counties,0.9960914038613877,0.9933839030844137,0,High-wage investment-income counties
46129,"Walworth County, SD",Very Low,4,Larger average-economy counties,0.5536225072566598,0.1114268405485137,1,Smaller mixed-economy counties
46135,"Yankton County, SD",Low,4,Larger average-economy counties,0.7951119472824731,0.5906957752106335,3,Large high-wage metro counties
46137,"Ziebach County, SD",Very Low,1,Smaller mixed-economy counties,0.7126168009841778,0.46247304965195407,0,High-wage investment-income counties
47001,"Anderson County, TN",Low,4,Larger average-economy counties,0.9966195503398965,0.9939839433275798,3,Large high-wage metro counties
47003,"Bedford County, TN",Low,3,Large high-wage metro counties,0.9995482016943146,0.9992501367035395,0,High-wage investment-income counties
47005,"Benton County, TN",Very Low,1,Smaller mixed-economy counties,0.9991924342021682,0.9984694907828777,0,High-wage investment-income counties
47007,"Bledsoe County, TN",Very Low,1,Smaller mixed-economy counties,0.7167190546870441,0.44571053400541816,4,Larger average-economy counties
47009,"Blount County, TN",Low,4,Larger average-economy counties,0.6984520308256962,0.39851144324617604,3,Large high-wage metro counties
47011,"Bradley County, TN",Low,3,Large high-wage metro counties,0.9992484276733735,0.9987866305478499,4,Larger average-economy counties
47013,"Campbell County, TN",Low,1,Smaller mixed-economy counties,0.873759372120927,0.7479407203170165,4,Larger average-economy counties
47015,"Cannon County, TN",Very Low,4,Larger average-economy counties,0.9587626041342688,0.9202416438856245,1,Smaller mixed-economy counties
47017,"Carroll County, TN",Low,4,Larger average-economy counties,0.9589599247953428,0.9181880443795262,1,Smaller mixed-economy counties
47019,"Carter County, TN",Low,4,Larger average-economy counties,0.5461273530010476,0.09442938333906198,1,Smaller mixed-economy counties
47021,"Cheatham County, TN",Low,4,Larger average-economy counties,0.9297542408366616,0.85975028151632,3,Large high-wage metro counties
47023,"Chester County, TN",Low,4,Larger average-economy counties,0.9954131841092168,0.9912629388356301,3,Large high-wage metro counties
47025,"Claiborne County, TN",Low,4,Larger average-economy counties,0.7647222317577055,0.5300299700913254,1,Smaller mixed-economy counties
47027,"Clay County, TN",Very Low,1,Smaller mixed-economy counties,0.9981405799799603,0.996478442250869,0,High-wage investment-income counties
47029,"Cocke County, TN",Low,1,Smaller mixed-economy counties,0.9737387961674835,0.949595705252986,4,Larger average-economy counties
47031,"Coffee County, TN",Low,3,Large high-wage metro counties,0.843625463612506,0.688141777418879,4,Larger average-economy counties
47033,"Crockett County, TN",Low,1,Smaller mixed-economy counties,0.9992341128946621,0.9985857718023606,0,High-wage investment-income counties
47035,"Cumberland County, TN",Low,1,Smaller mixed-economy counties,0.9761307457607502,0.9546490417127806,4,Larger average-economy counties
47037,"Davidson County, TN",High,3,Large high-wage metro counties,0.9958552745186657,0.9930798583925514,0,High-wage investment-income counties
47039,"Decatur County, TN",Very Low,1,Smaller mixed-economy counties,0.998673485271684,0.9975668023704769,0,High-wage investment-income counties
47041,"DeKalb County, TN",Very Low,4,Larger average-economy counties,0.9588019170801594,0.9188176350336288,3,Large high-wage metro counties
47043,"Dickson County, TN",Low,4,Larger average-economy counties,0.5063384682285713,0.013703808814966911,3,Large high-wage metro counties
47045,"Dyer County, TN",Moderate,1,Smaller mixed-economy counties,0.991059206060617,0.9870696461357943,0,High-wage investment-income counties
47047,"Fayette County, TN",Low,4,Larger average-economy counties,0.9956228124114515,0.9923215364581018,1,Smaller mixed-economy counties
47049,"Fentress County, TN",Very Low,1,Smaller mixed-economy counties,0.9983754808617215,0.9970093021599132,0,High-wage investment-income counties
47051,"Franklin County, TN",Low,4,Larger average-economy counties,0.9892794931189561,0.9789506674295887,3,Large high-wage metro counties
47053,"Gibson County, TN",Moderate,4,Larger average-economy counties,0.995009783523455,0.9904564909798044,1,Smaller mixed-economy counties
47055,"Giles County, TN",Low,4,Larger average-economy counties,0.9965743957007583,0.9948690878363379,3,Large high-wage metro counties
47057,"Grainger County, TN",Very Low,1,Smaller mixed-economy counties,0.8555908818112121,0.7205879076285719,4,Larger average-economy counties
47059,"Greene County, TN",Low,1,Smaller mixed-economy counties,0.7567570191852473,0.5146925659425071,4,Larger average-economy counties
47061,"Grundy County, TN",Very Low,1,Smaller mixed-economy counties,0.9993245952406692,0.9988164881794688,4,Larger average-economy counties
47063,"Hamblen County, TN",Low,3,Large high-wage metro counties,0.717797177252265,0.43728524060055796,4,Larger average-economy counties
47065,"Hamilton County, TN",Moderate,3,Large high-wage metro counties,0.9998968830100171,0.9998310273551559,0,High-wage investment-income counties
47067,"Hancock County, TN",Very Low,1,Smaller mixed-economy counties,0.9953777471522396,0.9911864403797876,0,High-wage investment-income counties
47069,"Hardeman County, TN",Low,1,Smaller mixed-economy counties,0.7579938881045555,0.5163171413826222,4,Larger average-economy counties
47071,"Hardin County, TN",Low,1,Smaller mixed-economy counties,0.9928124726167615,0.9861570502615282,4,Larger average-economy counties
47073,"Hawkins County, TN",Low,1,Smaller mixed-economy counties,0.5382395012946457,0.07713335748870487,4,Larger average-economy counties
47075,"Haywood County, TN",Low,1,Smaller mixed-economy counties,0.9929328320010689,0.9872835879525984,4,Larger average-economy counties
47077,"Henderson County, TN",Low,1,Smaller mixed-economy counties,0.9971426697774768,0.9949802843664846,4,Larger average-economy counties
47079,"Henry County, TN",Moderate,1,Smaller mixed-economy counties,0.9983567879732083,0.9970050677418824,4,Larger average-economy counties
47081,"Hickman County, TN",Low,4,Larger average-economy counties,0.8607612592102651,0.7220303709930322,1,Smaller mixed-economy counties
47083,"Houston County, TN",Very Low,1,Smaller mixed-economy counties,0.9996392611138306,0.9993373398144729,0,High-wage investment-income counties
47085,"Humphreys County, TN",Low,1,Smaller mixed-economy counties,0.9638345947688091,0.928200508169871,4,Larger average-economy counties
47087,"Jackson County, TN",Very Low,1,Smaller mixed-economy counties,0.9978683880669778,0.996435034643856,4,Larger average-economy counties
47089,"Jefferson County, TN",Low,4,Larger average-economy counties,0.9610671942483342,0.9232144886678035,1,Smaller mixed-economy counties
47091,"Johnson County, TN",Very Low,1,Smaller mixed-economy counties,0.9926363544229441,0.9865868685263096,4,Larger average-economy counties
47093,"Knox County, TN",Moderate,3,Large high-wage metro counties,0.9998477183870672,0.9997498430037159,0,High-wage investment-income counties
47095,"Lake County, TN",Low,1,Smaller mixed-economy counties,0.9701770387480824,0.9425120437041213,0,High-wage investment-income counties
47097,"Lauderdale County, TN",Low,1,Smaller mixed-economy counties,0.9899310186173166,0.9818236832313507,0,High-wage investment-income counties
47099,"Lawrence County, TN",Low,4,Larger average-economy counties,0.9974225757985463,0.9956236917651741,3,Large high-wage metro counties
47101,"Lewis County, TN",Very Low,1,Smaller mixed-economy counties,0.8194285542488249,0.6410835885078304,4,Larger average-economy counties
47103,"Lincoln County, TN",Low,4,Larger average-economy counties,0.9939058109032447,0.9880972578095184,3,Large high-wage metro counties
47105,"Loudon County, TN",Low,3,Large high-wage metro counties,0.49082041085255074,0.001071192144459554,4,Larger average-economy counties
47107,"McMinn County, TN",Low,4,Larger average-economy counties,0.99345186404546,0.988233519877796,1,Smaller mixed-economy counties
47109,"McNairy County, TN",Low,1,Smaller mixed-economy counties,0.9980822765822744,0.9963032429738184,4,Larger average-economy counties
47111,"Macon County, TN",Very Low,4,Larger average-economy counties,0.9510062458844212,0.9060444913926976,3,Large high-wage metro counties
47113,"Madison County, TN",Moderate,3,Large high-wage metro counties,0.9810386353342384,0.9624027540827489,4,Larger average-economy counties
47115,"Marion County, TN",Low,1,Smaller mixed-economy counties,0.9578437206608111,0.9159251519783957,4,Larger average-economy counties
47117,"Marshall County, TN",Low,4,Larger average-economy counties,0.7747763980923416,0.5569043795347723,3,Large high-wage metro counties
47119,"Maury County, TN",Low,3,Large high-wage metro counties,0.998340347922684,0.9971674867186582,0,High-wage investment-income counties
47121,"Meigs County, TN",Very Low,1,Smaller mixed-economy counties,0.9971852654111221,0.9949966457384477,0,High-wage investment-income counties
47123,"Monroe County, TN",Low,1,Smaller mixed-economy counties,0.70501468407949,0.41132101698651674,4,Larger average-economy counties
47125,"Montgomery County, TN",Moderate,3,Large high-wage metro counties,0.9936821573119294,0.9893619426388552,0,High-wage investment-income counties
47127,"Moore County, TN",Very Low,4,Larger average-economy counties,0.9695909092163296,0.9440698086140829,1,Smaller mixed-economy counties
47129,"Morgan County, TN",Very Low,1,Smaller mixed-economy counties,0.9996223310972768,0.9993617408538361,0,High-wage investment-income counties
47131,"Obion County, TN",Moderate,4,Larger average-economy counties,0.9047009014140119,0.8100099721140498,1,Smaller mixed-economy counties
47133,"Overton County, TN",Very Low,1,Smaller mixed-economy counties,0.9988167557756046,0.9981608971069541,4,Larger average-economy counties
47135,"Perry County, TN",Very Low,4,Larger average-economy counties,0.5129501415100504,0.0468844259926971,1,Smaller mixed-economy counties
47137,"Pickett County, TN",Very Low,0,High-wage investment-income counties,0.7473061518070574,0.5288188988765894,1,Smaller mixed-economy counties
47139,"Polk County, TN",Very Low,1,Smaller mixed-economy counties,0.9991421149257974,0.9985553013472566,0,High-wage investment-income counties
47141,"Putnam County, TN",Low,3,Large high-wage metro counties,0.9989825698676851,0.9985621628180625,0,High-wage investment-income counties
47143,"Rhea County, TN",Low,4,Larger average-economy counties,0.9880118360631661,0.9765334587768075,1,Smaller mixed-economy counties
47145,"Roane County, TN",Low,1,Smaller mixed-economy counties,0.998985139399335,0.9981684383607076,0,High-wage investment-income counties
47147,"Robertson County, TN",Low,3,Large high-wage metro counties,0.9897776519163711,0.9832556847057345,4,Larger average-economy counties
47149,"Rutherford County, TN",Moderate,3,Large high-wage metro counties,0.9899455195542043,0.9829078549624688,0,High-wage investment-income counties
47151,"Scott County, TN",Very Low,1,Smaller mixed-economy counties,0.977245710329461,0.955680472590882,4,Larger average-economy counties
47153,"Sequatchie County, TN",Very Low,4,Larger average-economy counties,0.9007137184296138,0.8374839690285025,3,Large high-wage metro counties
47155,"Sevier County, TN",Low,3,Large high-wage metro counties,0.9810992258364859,0.9689454999743857,0,High-wage investment-income counties
47157,"Shelby County, TN",High,3,Large high-wage metro counties,0.9910855225857244,0.9852416015241002,0,High-wage investment-income counties
47159,"Smith County, TN",Very Low,4,Larger average-economy counties,0.9898998960551317,0.9804763307234836,1,Smaller mixed-economy counties
47161,"Stewart County, TN",Very Low,4,Larger average-economy counties,0.7702925573190988,0.5422346405871319,1,Smaller mixed-economy counties
47163,"Sullivan County, TN",Low,4,Larger average-economy counties,0.9845564879121396,0.9700427457823948,1,Smaller mixed-economy counties
47165,"Sumner County, TN",Moderate,3,Large high-wage metro counties,0.9995859763060296,0.9993077361412258,0,High-wage investment-income counties
47167,"Tipton County, TN",Moderate,4,Larger average-economy counties,0.9878265405813073,0.9763001416613128,1,Smaller mixed-economy counties
47169,"Trousdale County, TN",Very Low,0,High-wage investment-income counties,0.8295859075879497,0.6591738745254788,2,Small transfer-reliant counties
47171,"Unicoi County, TN",Very Low,1,Smaller mixed-economy counties,0.9993345917108408,0.9987660362087071,0,High-wage investment-income counties
47173,"Union County, TN",Very Low,1,Smaller mixed-economy counties,0.9871246990794454,0.9773469329182494,4,Larger average-economy counties
47175,"Van Buren County, TN",Very Low,1,Smaller mixed-economy counties,0.7869290930114633,0.5959254534916401,0,High-wage investment-income counties
47177,"Warren County, TN",Low,4,Larger average-economy counties,0.9838602577382206,0.9679025208264069,3,Large high-wage metro counties
47179,"Washington County, TN",Low,3,Large high-wage metro counties,0.6469627405915479,0.2951500267360145,4,Larger average-economy counties
47181,"Wayne County, TN",Low,1,Smaller mixed-economy counties,0.9996054022771,0.9992641022850426,0,High-wage investment-income counties
47183,"Weakley County, TN",Low,4,Larger average-economy counties,0.9927968877987596,0.9863262050402427,1,Smaller mixed-economy counties
47185,"White County, TN",Very Low,1,Smaller mixed-economy counties,0.9832296405579305,0.9677000069547367,4,Larger average-economy counties
47187,"Williamson County, TN",Moderate,3,Large high-wage metro counties,0.990073429081595,0.9833730483381526,0,High-wage investment-income counties
47189,"Wilson County, TN",Low,3,Large high-wage metro counties,0.9984675160855194,0.9974045860996026,0,High-wage investment-income counties
48001,"Anderson County, TX",Low,4,Larger average-economy counties,0.9784408061072247,0.9570961706051632,3,Large high-wage metro counties
48003,"Andrews County, TX",Very Low,3,Large high-wage metro counties,0.7926776267537816,0.6553692574257628,0,High-wage investment-income counties
48005,"Angelina County, TX",Low,4,Larger average-economy counties,0.9424149821020424,0.8858492261877438,3,Large high-wage metro counties
48007,"Aransas County, TX",Low,1,Smaller mixed-economy counties,0.9930863215449804,0.9879001125861818,0,High-wage investment-income counties
48009,"Archer County, TX",Very Low,4,Larger average-economy counties,0.9531789518132658,0.9070289837240674,1,Smaller mixed-economy counties
48011,"Armstrong County, TX",Very Low,1,Smaller mixed-economy counties,0.9948319055442139,0.9903082287094579,0,High-wage investment-income counties
48013,"Atascosa County, TX",Low,4,Larger average-economy counties,0.7442000303850641,0.5607908868448072,0,High-wage investment-income counties
48015,"Austin County, TX",Low,3,Large high-wage metro counties,0.5602216418136245,0.3193089029828836,0,High-wage investment-income counties
48017,"Bailey County, TX",Very Low,3,Large high-wage metro counties,0.45740172349616126,0.06368561371916381,0,High-wage investment-income counties
48019,"Bandera County, TX",Low,0,High-wage investment-income counties,0.5649303220203745,0.39231479151226234,2,Small transfer-reliant counties
48021,"Bastrop County, TX",Moderate,3,Large high-wage metro counties,0.9874076212576505,0.9784365034769978,0,High-wage investment-income counties
48023,"Baylor County, TX",Very Low,1,Smaller mixed-economy counties,0.9936831152002495,0.9880645607548748,0,High-wage investment-income counties
48025,"Bee County, TX",Low,4,Larger average-economy counties,0.9965631880133066,0.9942673834300371,1,Smaller mixed-economy counties
48027,"Bell County, TX",Moderate,3,Large high-wage metro counties,0.9968003019164848,0.9946280853204797,0,High-wage investment-income counties
48029,"Bexar County, TX",High,3,Large high-wage metro counties,0.994695384702315,0.9910795700322532,0,High-wage investment-income counties
48031,"Blanco County, TX",Very Low,4,Larger average-economy counties,0.5357944145268895,0.09213851934145678,1,Smaller mixed-economy counties
48033,"Borden County, TX",Very Low,0,High-wage investment-income counties,0.6354684439262454,0.3004919981242039,1,Smaller mixed-economy counties
48035,"Bosque County, TX",Very Low,1,Smaller mixed-economy counties,0.9911309968619014,0.9844468806072711,0,High-wage investment-income counties
48037,"Bowie County, TX",Low,4,Larger average-economy counties,0.7033271900055943,0.4072257667995289,3,Large high-wage metro counties
48039,"Brazoria County, TX",Moderate,3,Large high-wage metro counties,0.9996168178785858,0.9993628034619032,0,High-wage investment-income counties
48041,"Brazos County, TX",Moderate,3,Large high-wage metro counties,0.9978801252166458,0.9964369684800494,0,High-wage investment-income counties
48043,"Brewster County, TX",Very Low,3,Large high-wage metro counties,0.3883153978609773,0.09872458151227398,0,High-wage investment-income counties
48045,"Briscoe County, TX",Very Low,1,Smaller mixed-economy counties,0.9905339303525507,0.9820161905308672,0,High-wage investment-income counties
48047,"Brooks County, TX",Low,4,Larger average-economy counties,0.9875655402353393,0.9815853781280979,3,Large high-wage metro counties
48049,"Brown County, TX",Low,4,Larger average-economy counties,0.9854817923465297,0.97148506273172,1,Smaller mixed-economy counties
48051,"Burleson County, TX",Very Low,4,Larger average-economy counties,0.7649558462392503,0.6324543082814381,0,High-wage investment-income counties
48053,"Burnet County, TX",Low,3,Large high-wage metro counties,0.9904317163723275,0.9844369492616117,4,Larger average-economy counties
48055,"Caldwell County, TX",Low,0,High-wage investment-income counties,0.642811547670373,0.3280940815398733,2,Small transfer-reliant counties
48057,"Calhoun County, TX",Low,4,Larger average-economy counties,0.9938696051885982,0.9903712322087387,1,Smaller mixed-economy counties
48059,"Callahan County, TX",Very Low,1,Smaller mixed-economy counties,0.9984653839186394,0.997229135856782,0,High-wage investment-income counties
48061,"Cameron County, TX",High,3,Large high-wage metro counties,0.9590356517712991,0.9340207080376378,0,High-wage investment-income counties
48063,"Camp County, TX",Very Low,4,Larger average-economy counties,0.9579465259525648,0.9248366229626577,3,Large high-wage metro counties
48065,"Carson County, TX",Very Low,1,Smaller mixed-economy counties,0.9997093510982036,0.9995623608350442,0,High-wage investment-income counties
48067,"Cass County, TX",Low,1,Smaller mixed-economy counties,0.9363430904251662,0.8730578635023564,4,Larger average-economy counties
48069,"Castro County, TX",Very Low,3,Large high-wage metro counties,0.9343589035572238,0.8969430630888184,4,Larger average-economy counties
48071,"Chambers County, TX",Low,3,Large high-wage metro counties,0.5753639084742134,0.2727890589513678,0,High-wage investment-income counties
48073,"Cherokee County, TX",Low,4,Larger average-economy counties,0.9629862270048313,0.926485274478188,3,Large high-wage metro counties
48075,"Childress County, TX",Very Low,1,Smaller mixed-economy counties,0.7308420252839297,0.48762595056155766,0,High-wage investment-income counties
48077,"Clay County, TX",Very Low,1,Smaller mixed-economy counties,0.9686999545309442,0.937856752128049,4,Larger average-economy counties
48079,"Cochran County, TX",Very Low,0,High-wage investment-income counties,0.7381317853281563,0.5271478710591948,2,Small transfer-reliant counties
48081,"Coke County, TX",Very Low,1,Smaller mixed-economy counties,0.4945247413006221,0.01675114712331821,0,High-wage investment-income counties
48083,"Coleman County, TX",Very Low,1,Smaller mixed-economy counties,0.980332241548464,0.9623465657993338,0,High-wage investment-income counties
48085,"Collin County, TX",High,3,Large high-wage metro counties,0.6280360771124656,0.3446770013812145,0,High-wage investment-income counties
48087,"Collingsworth County, TX",Very Low,0,High-wage investment-income counties,0.9732302529961122,0.9468589126448405,2,Small transfer-reliant counties
48089,"Colorado County, TX",Low,4,Larger average-economy counties,0.9514416012565455,0.9032643440044659,3,Large high-wage metro counties
48091,"Comal County, TX",Moderate,3,Large high-wage metro counties,0.9837217443407026,0.9712008527490417,0,High-wage investment-income counties
48093,"Comanche County, TX",Low,4,Larger average-economy counties,0.8501258482696064,0.7017153935045546,1,Smaller mixed-economy counties
48095,"Concho County, TX",Very Low,0,High-wage investment-income counties,0.7982710283418817,0.5965420576267235,2,Small transfer-reliant counties
48097,"Cooke County, TX",Low,3,Large high-wage metro counties,0.9251711577564437,0.8509893628346189,4,Larger average-economy counties
48099,"Coryell County, TX",Low,3,Large high-wage metro counties,0.9865393825954143,0.978306235610569,0,High-wage investment-income counties
48101,"Cottle County, TX",Very Low,0,High-wage investment-income counties,0.9460494697602209,0.8972486783135046,2,Small transfer-reliant counties
48103,"Crane County, TX",Very Low,0,High-wage investment-income counties,0.8214876951943861,0.6429812423163463,2,Small transfer-reliant counties
48105,"Crockett County, TX",Very Low,0,High-wage investment-income counties,0.9782969993514316,0.9565939987215382,2,Small transfer-reliant counties
48107,"Crosby County, TX",Very Low,1,Smaller mixed-economy counties,0.9944917683171535,0.9902476069284302,0,High-wage investment-income counties
48109,"Culberson County, TX",Very Low,0,High-wage investment-income counties,0.5096539117333473,0.215053588791843,4,Larger average-economy counties
48111,"Dallam County, TX",Low,3,Large high-wage metro counties,0.4767982247200796,0.06628624832306018,0,High-wage investment-income counties
48113,"Dallas County, TX",Very High,0,High-wage investment-income counties,0.6761288412653511,0.45562198599091897,2,Small transfer-reliant counties
48115,"Dawson County, TX",Very Low,4,Larger average-economy counties,0.9911847634131605,0.9838358174150144,1,Smaller mixed-economy counties
48117,"Deaf Smith County, TX",Low,3,Large high-wage metro counties,0.9328718483894687,0.8867763998036028,0,High-wage investment-income counties
48119,"Delta County, TX",Very Low,1,Smaller mixed-economy counties,0.5229665236840664,0.05127525394152982,4,Larger average-economy counties
48121,"Denton County, TX",High,3,Large high-wage metro counties,0.9396864713514411,0.8948815732028363,0,High-wage investment-income counties
48123,"DeWitt County, TX",Moderate,4,Larger average-economy counties,0.9484517683425578,0.8972236368975095,1,Smaller mixed-economy counties
48125,"Dickens County, TX",Very Low,1,Smaller mixed-economy counties,0.6085902512962946,0.2412694407637423,0,High-wage investment-income counties
48127,"Dimmit County, TX",Very Low,0,High-wage investment-income counties,0.8991675715304751,0.7983475281685789,2,Small transfer-reliant counties
48129,"Donley County, TX",Very Low,1,Smaller mixed-economy counties,0.9963452842860829,0.9930188897719782,0,High-wage investment-income counties
48131,"Duval County, TX",Low,1,Smaller mixed-economy counties,0.9811818971771562,0.9650955463293472,0,High-wage investment-income counties
48133,"Eastland County, TX",Very Low,4,Larger average-economy counties,0.7006434029253801,0.40671635727703925,1,Smaller mixed-economy counties
48135,"Ector County, TX",Moderate,3,Large high-wage metro counties,0.4337238134261883,0.0834227370839919,0,High-wage investment-income counties
48137,"Edwards County, TX",Very Low,0,High-wage investment-income counties,0.9735854961530765,0.9474129802674676,2,Small transfer-reliant counties
48139,"Ellis County, TX",Moderate,3,Large high-wage metro counties,0.6443371950748965,0.38688435815561,0,High-wage investment-income counties
48141,"El Paso County, TX",High,3,Large high-wage metro counties,0.9657903606064053,0.9447673388388771,0,High-wage investment-income counties
48143,"Erath County, TX",Low,4,Larger average-economy counties,0.8986939602252254,0.805622642783422,3,Large high-wage metro counties
48145,"Falls County, TX",Very Low,4,Larger average-economy counties,0.9568253893747451,0.9145475599961526,1,Smaller mixed-economy counties
48147,"Fannin County, TX",Low,4,Larger average-economy counties,0.9956059751117602,0.9930295982749319,3,Large high-wage metro counties
48149,"Fayette County, TX",Low,1,Smaller mixed-economy counties,0.8634793037257413,0.7274288856790448,4,Larger average-economy counties
48151,"Fisher County, TX",Very Low,1,Smaller mixed-economy counties,0.9981856120460266,0.9965589871750357,0,High-wage investment-income counties
48153,"Floyd County, TX",Very Low,1,Smaller mixed-economy counties,0.5582777552406725,0.18524686763537546,0,High-wage investment-income counties
48155,"Foard County, TX",Very Low,0,High-wage investment-income counties,0.9815289593407771,0.9630886755515696,2,Small transfer-reliant counties
48157,"Fort Bend County, TX",High,3,Large high-wage metro counties,0.8017612804697412,0.6542053414781045,0,High-wage investment-income counties
48159,"Franklin County, TX",Very Low,4,Larger average-economy counties,0.9655544241034653,0.9357267153676411,1,Smaller mixed-economy counties
48161,"Freestone County, TX",Low,4,Larger average-economy counties,0.9955706480711246,0.9932170070634319,1,Smaller mixed-economy counties
48163,"Frio County, TX",Low,3,Large high-wage metro counties,0.9957857562425979,0.9932417689997655,0,High-wage investment-income counties
48165,"Gaines County, TX",Low,0,High-wage investment-income counties,0.6710999274609717,0.3472981945185746,2,Small transfer-reliant counties
48167,"Galveston County, TX",High,3,Large high-wage metro counties,0.9998338640114414,0.9997259366987269,0,High-wage investment-income counties
48169,"Garza County, TX",Very Low,0,High-wage investment-income counties,0.8535885235366547,0.7139706807705564,2,Small transfer-reliant counties
48171,"Gillespie County, TX",Low,4,Larger average-economy counties,0.987969160447158,0.9819353293405446,3,Large high-wage metro counties
48173,"Glasscock County, TX",Very Low,4,Larger average-economy counties,0.45081576903895154,0.09179060803881356,0,High-wage investment-income counties
48175,"Goliad County, TX",Very Low,1,Smaller mixed-economy counties,0.9996563725556123,0.9993562514649024,0,High-wage investment-income counties
48177,"Gonzales County, TX",Moderate,4,Larger average-economy counties,0.9961983318110631,0.9948910280431862,1,Smaller mixed-economy counties
48179,"Gray County, TX",Low,4,Larger average-economy counties,0.8250582017049933,0.6623167202691317,1,Smaller mixed-economy counties
48181,"Grayson County, TX",Low,3,Large high-wage metro counties,0.9996845414767234,0.9994806923212964,0,High-wage investment-income counties
48183,"Gregg County, TX",Moderate,3,Large high-wage metro counties,0.9614087116797921,0.9238186785525677,4,Larger average-economy counties
48185,"Grimes County, TX",Low,4,Larger average-economy counties,0.4900240994808202,0.16979138458567755,0,High-wage investment-income counties
48187,"Guadalupe County, TX",Moderate,3,Large high-wage metro counties,0.9983938677617944,0.9972786596933912,0,High-wage investment-income counties
48189,"Hale County, TX",Low,4,Larger average-economy counties,0.9297408981071925,0.8607857940908181,3,Large high-wage metro counties
48191,"Hall County, TX",Very Low,0,High-wage investment-income counties,0.8371883641434733,0.6947691225988607,2,Small transfer-reliant counties
48193,"Hamilton County, TX",Very Low,0,High-wage investment-income counties,0.6447897456840137,0.4203483386079662,2,Small transfer-reliant counties
48195,"Hansford County, TX",Very Low,4,Larger average-economy counties,0.9050358622812531,0.8267589997208756,3,Large high-wage metro counties
48197,"Hardeman County, TX",Very Low,0,High-wage investment-income counties,0.8487780239622734,0.6997743280553862,2,Small transfer-reliant counties
48199,"Hardin County, TX",Low,4,Larger average-economy counties,0.9408273259961383,0.8821297765973335,3,Large high-wage metro counties
48201,"Harris County, TX",Very High,0,High-wage investment-income counties,0.7145620150654226,0.4937366354535496,2,Small transfer-reliant counties
48203,"Harrison County, TX",Low,4,Larger average-economy counties,0.9914413675040308,0.9851903199587918,3,Large high-wage metro counties
48205,"Hartley County, TX",Very Low,0,High-wage investment-income counties,0.8345454762264662,0.7015617582035087,2,Small transfer-reliant counties
48207,"Haskell County, TX",Very Low,1,Smaller mixed-economy counties,0.99677492553625,0.994044545417055,0,High-wage investment-income counties
48209,"Hays County, TX",Moderate,3,Large high-wage metro counties,0.9459616457586579,0.9052034721107396,0,High-wage investment-income counties
48211,"Hemphill County, TX",Very Low,0,High-wage investment-income counties,0.7507674266010846,0.5714586287376011,1,Smaller mixed-economy counties
48213,"Henderson County, TX",Moderate,4,Larger average-economy counties,0.9957936155777093,0.993700536307609,3,Large high-wage metro counties
48215,"Hidalgo County, TX",High,0,High-wage investment-income counties,0.388266010557393,0.011147872214621879,3,Large high-wage metro counties
48217,"Hill County, TX",Low,4,Larger average-economy counties,0.9533896889336083,0.9072642657073677,3,Large high-wage metro counties
48219,"Hockley County, TX",Low,4,Larger average-economy counties,0.9208053383948283,0.8606964621281211,1,Smaller mixed-economy counties
48221,"Hood County, TX",Low,3,Large high-wage metro counties,0.6864990291933577,0.46606044038148736,4,Larger average-economy counties
48223,"Hopkins County, TX",Low,4,Larger average-economy counties,0.6822128027574288,0.36482083783468455,3,Large high-wage metro counties
48225,"Houston County, TX",Low,1,Smaller mixed-economy counties,0.9262405293360563,0.8532052952270404,4,Larger average-economy counties
48227,"Howard County, TX",Low,3,Large high-wage metro counties,0.8635935400656662,0.7501637603625995,4,Larger average-economy counties
48229,"Hudspeth County, TX",Very Low,0,High-wage investment-income counties,0.6961560103360841,0.39231202067216725,2,Small transfer-reliant counties
48231,"Hunt County, TX",Moderate,3,Large high-wage metro counties,0.8608442772811878,0.7662147419257175,0,High-wage investment-income counties
48233,"Hutchinson County, TX",Low,1,Smaller mixed-economy counties,0.9618076811098001,0.9251557847367702,4,Larger average-economy counties
48235,"Irion County, TX",Very Low,1,Smaller mixed-economy counties,0.6835923327036018,0.3977521852126865,0,High-wage investment-income counties
48237,"Jack County, TX",Very Low,1,Smaller mixed-economy counties,0.7545579746498318,0.6098671922792251,0,High-wage investment-income counties
48239,"Jackson County, TX",Low,3,Large high-wage metro counties,0.7612456398857219,0.5252847515117554,4,Larger average-economy counties
48241,"Jasper County, TX",Low,1,Smaller mixed-economy counties,0.9128772672100162,0.8260045695944308,4,Larger average-economy counties
48243,"Jeff Davis County, TX",Very Low,0,High-wage investment-income counties,0.9740846702348724,0.9481693423498835,2,Small transfer-reliant counties
48245,"Jefferson County, TX",High,3,Large high-wage metro counties,0.9993739712302468,0.9989782025587138,0,High-wage investment-income counties
48247,"Jim Hogg County, TX",Low,1,Smaller mixed-economy counties,0.9987212121436521,0.9981034445222733,4,Larger average-economy counties
48249,"Jim Wells County, TX",Moderate,4,Larger average-economy counties,0.9886042633652304,0.9820759671986627,3,Large high-wage metro counties
48251,"Johnson County, TX",Moderate,3,Large high-wage metro counties,0.9791450879624966,0.9648179478948226,0,High-wage investment-income counties
48253,"Jones County, TX",Very Low,4,Larger average-economy counties,0.7463676529107689,0.493325677893504,1,Smaller mixed-economy counties
48255,"Karnes County, TX",Low,4,Larger average-economy counties,0.992477471759025,0.9856376030338617,1,Smaller mixed-economy counties
48257,"Kaufman County, TX",Low,0,High-wage investment-income counties,0.8190697112416769,0.6381603143756607,2,Small transfer-reliant counties
48259,"Kendall County, TX",Low,3,Large high-wage metro counties,0.7513104540741691,0.5716797554387243,0,High-wage investment-income counties
48261,"Kenedy County, TX",Very Low,0,High-wage investment-income counties,0.9388667068252696,0.8782152200515574,2,Small transfer-reliant counties
48263,"Kent County, TX",Very Low,0,High-wage investment-income counties,0.9679268209709889,0.935853642194715,2,Small transfer-reliant counties
48265,"Kerr County, TX",Low,4,Larger average-economy counties,0.9207307319729718,0.8706175154872272,0,High-wage investment-income counties
48267,"Kimble County, TX",Very Low,1,Smaller mixed-economy counties,0.9940572771916192,0.9887007311400698,0,High-wage investment-income counties
48269,"King County, TX",Very Low,0,High-wage investment-income counties,0.9799228024581079,0.9598456079905937,2,Small transfer-reliant counties
48271,"Kinney County, TX",Very Low,0,High-wage investment-income counties,0.802130368244226,0.620843824068201,2,Small transfer-reliant counties
48273,"Kleberg County, TX",Moderate,3,Large high-wage metro counties,0.9865949382706997,0.9768189753967291,4,Larger average-economy counties
48275,"Knox County, TX",Very Low,1,Smaller mixed-economy counties,0.9984458115872497,0.9970530579871114,0,High-wage investment-income counties
48277,"Lamar County, TX",Low,4,Larger average-economy counties,0.9902029521395946,0.9806140804630569,3,Large high-wage metro counties
48279,"Lamb County, TX",Low,4,Larger average-economy counties,0.7714764923000627,0.5461290886891274,3,Large high-wage metro counties
48281,"Lampasas County, TX",Very Low,4,Larger average-economy counties,0.9857836336202973,0.972370206462293,3,Large high-wage metro counties
48283,"La Salle County, TX",Very Low,4,Larger average-economy counties,0.8477064441277486,0.7017029978874406,1,Smaller mixed-economy counties
48285,"Lavaca County, TX",Low,4,Larger average-economy counties,0.9734603064094165,0.9473525119323358,1,Smaller mixed-economy counties
48287,"Lee County, TX",Very Low,4,Larger average-economy counties,0.5066288730607457,0.16428985405792323,1,Smaller mixed-economy counties
48289,"Leon County, TX",Low,1,Smaller mixed-economy counties,0.968658979403052,0.9377125592042905,4,Larger average-economy counties
48291,"Liberty County, TX",Low,0,High-wage investment-income counties,0.6954874213023021,0.4012594237742896,2,Small transfer-reliant counties
48293,"Limestone County, TX",Low,4,Larger average-economy counties,0.9915738489954913,0.9837051834101127,1,Smaller mixed-economy counties
48295,"Lipscomb County, TX",Very Low,0,High-wage investment-income counties,0.7441958874056512,0.48843375852598364,2,Small transfer-reliant counties
48297,"Live Oak County, TX",Very Low,4,Larger average-economy counties,0.9953641213291096,0.9931391064924565,1,Smaller mixed-economy counties
48299,"Llano County, TX",Low,0,High-wage investment-income counties,0.7476199606507785,0.4953455726751195,2,Small transfer-reliant counties
48301,"Loving County, TX",Very Low,0,High-wage investment-income counties,0.9998377685785279,0.9996755371570558,2,Small transfer-reliant counties
48303,"Lubbock County, TX",High,3,Large high-wage metro counties,0.9998778982995782,0.9997996915907819,0,High-wage investment-income counties
48305,"Lynn County, TX",Very Low,4,Larger average-economy counties,0.9792343053754988,0.9678450641273186,0,High-wage investment-income counties
48307,"McCulloch County, TX",Very Low,1,Smaller mixed-economy counties,0.999508133594436,0.9990860299576151,0,High-wage investment-income counties
48309,"McLennan County, TX",Moderate,3,Large high-wage metro counties,0.9996599898246001,0.9994430303614805,0,High-wage investment-income counties
48311,"McMullen County, TX",Very Low,0,High-wage investment-income counties,0.9854709506920496,0.9709455003127876,2,Small transfer-reliant counties
48313,"Madison County, TX",Very Low,4,Larger average-economy counties,0.9821985492058765,0.9647041232702847,3,Large high-wage metro counties
48315,"Marion County, TX",Very Low,1,Smaller mixed-economy counties,0.9997625255572037,0.9995564269860262,0,High-wage investment-income counties
48317,"Martin County, TX",Very Low,4,Larger average-economy counties,0.4380795434082658,0.09240432088711814,1,Smaller mixed-economy counties
48319,"Mason County, TX",Very Low,1,Smaller mixed-economy counties,0.9336208489740323,0.8739625978140678,0,High-wage investment-income counties
48321,"Matagorda County, TX",Low,3,Large high-wage metro counties,0.9966347097049464,0.9936301414099512,4,Larger average-economy counties
48323,"Maverick County, TX",Low,3,Large high-wage metro counties,0.7493057080754242,0.5890380535814583,0,High-wage investment-income counties
48325,"Medina County, TX",Low,4,Larger average-economy counties,0.9725098810192588,0.951571064100716,3,Large high-wage metro counties
48327,"Menard County, TX",Very Low,1,Smaller mixed-economy counties,0.6662454333982463,0.35158676248594334,0,High-wage investment-income counties
48329,"Midland County, TX",Moderate,3,Large high-wage metro counties,0.9800085815317996,0.9666783840666573,0,High-wage investment-income counties
48331,"Milam County, TX",Low,4,Larger average-economy counties,0.9973456111004446,0.9957885231685569,3,Large high-wage metro counties
48333,"Mills County, TX",Very Low,1,Smaller mixed-economy counties,0.9984724612212067,0.9970951680153654,0,High-wage investment-income counties
48335,"Mitchell County, TX",Very Low,1,Smaller mixed-economy counties,0.7038098135724615,0.45542315005916645,4,Larger average-economy counties
48337,"Montague County, TX",Low,1,Smaller mixed-economy counties,0.8814786049695874,0.7638991752931226,4,Larger average-economy counties
48339,"Montgomery County, TX",High,3,Large high-wage metro counties,0.8379793741076557,0.7213758600229608,0,High-wage investment-income counties
48341,"Moore County, TX",Low,3,Large high-wage metro counties,0.7036587052677749,0.497323906471526,0,High-wage investment-income counties
48343,"Morris County, TX",Very Low,1,Smaller mixed-economy counties,0.7419936976170218,0.4867972369596095,4,Larger average-economy counties
48345,"Motley County, TX",Very Low,0,High-wage investment-income counties,0.9725942442981022,0.945193567357358,2,Small transfer-reliant counties
48347,"Nacogdoches County, TX",Low,4,Larger average-economy counties,0.9515463970210442,0.9050907351589458,3,Large high-wage metro counties
48349,"Navarro County, TX",Low,4,Larger average-economy counties,0.6572918048202899,0.32500473663433366,3,Large high-wage metro counties
48351,"Newton County, TX",Very Low,1,Smaller mixed-economy counties,0.9996859425805165,0.9994115279388784,0,High-wage investment-income counties
48353,"Nolan County, TX",Very Low,1,Smaller mixed-economy counties,0.7219201247705562,0.4443929493632042,4,Larger average-economy counties
48355,"Nueces County, TX",High,3,Large high-wage metro counties,0.9989569652722522,0.9983046529494218,0,High-wage investment-income counties
48357,"Ochiltree County, TX",Very Low,3,Large high-wage metro counties,0.6998294016821489,0.4767134128451981,0,High-wage investment-income counties
48359,"Oldham County, TX",Very Low,4,Larger average-economy counties,0.6818078346403634,0.5354302170506705,1,Smaller mixed-economy counties
48361,"Orange County, TX",Moderate,4,Larger average-economy counties,0.9015370797135811,0.803556732728888,3,Large high-wage metro counties
48363,"Palo Pinto County, TX",Low,4,Larger average-economy counties,0.9929757619656607,0.9868747687362195,1,Smaller mixed-economy counties
48365,"Panola County, TX",Low,1,Smaller mixed-economy counties,0.980262981318936,0.9616513902771309,4,Larger average-economy counties
48367,"Parker County, TX",Moderate,3,Large high-wage metro counties,0.997300086434821,0.995363054468309,0,High-wage investment-income counties
48369,"Parmer County, TX",Moderate,3,Large high-wage metro counties,0.9942429067624803,0.9900237842404515,0,High-wage investment-income counties
48371,"Pecos County, TX",Very Low,4,Larger average-economy counties,0.6598170663984917,0.3271179891439641,3,Large high-wage metro counties
48373,"Polk County, TX",Low,0,High-wage investment-income counties,0.6035079736738347,0.3392567692525739,2,Small transfer-reliant counties
48375,"Potter County, TX",Moderate,3,Large high-wage metro counties,0.9977691547441887,0.9963168980354945,0,High-wage investment-income counties
48377,"Presidio County, TX",Very Low,0,High-wage investment-income counties,0.730459504412083,0.5945496072772425,4,Larger average-economy counties
48379,"Rains County, TX",Very Low,4,Larger average-economy counties,0.6749008725485057,0.4315900946859476,0,High-wage investment-income counties
48381,"Randall County, TX",Moderate,3,Large high-wage metro counties,0.9997642154993119,0.9996101830117601,0,High-wage investment-income counties
48383,"Reagan County, TX",Very Low,0,High-wage investment-income counties,0.7620373632484938,0.5283947377268743,2,Small transfer-reliant counties
48385,"Real County, TX",Very Low,0,High-wage investment-income counties,0.961134234941607,0.9222718414682667,2,Small transfer-reliant counties
48387,"Red River County, TX",Low,1,Smaller mixed-economy counties,0.9972217518340923,0.9945770360407783,4,Larger average-economy counties
48389,"Reeves County, TX",Very Low,3,Large high-wage metro counties,0.9408050034974369,0.9040817285005155,4,Larger average-economy counties
48391,"Refugio County, TX",Very Low,1,Smaller mixed-economy counties,0.9987184120710886,0.9975991559242451,0,High-wage investment-income counties
48393,"Roberts County, TX",Very Low,0,High-wage investment-income counties,0.8909569530319487,0.7819776221661927,2,Small transfer-reliant counties
48395,"Robertson County, TX",Very Low,4,Larger average-economy counties,0.9561087370638754,0.9130819460969499,1,Smaller mixed-economy counties
48397,"Rockwall County, TX",Low,3,Large high-wage metro counties,0.9768603524912448,0.9598608602571775,0,High-wage investment-income counties
48399,"Runnels County, TX",Very Low,1,Smaller mixed-economy counties,0.9991843071705319,0.9986537089076741,0,High-wage investment-income counties
48401,"Rusk County, TX",Low,4,Larger average-economy counties,0.9867808332720927,0.9738379884913347,1,Smaller mixed-economy counties
48403,"Sabine County, TX",Very Low,1,Smaller mixed-economy counties,0.9068163244292775,0.8211435227394409,0,High-wage investment-income counties
48405,"San Augustine County, TX",Very Low,1,Smaller mixed-economy counties,0.9685515200254623,0.9405436139037635,0,High-wage investment-income counties
48407,"San Jacinto County, TX",Low,4,Larger average-economy counties,0.909616015724277,0.8217387766256634,1,Smaller mixed-economy counties
48409,"San Patricio County, TX",Moderate,3,Large high-wage metro counties,0.9990428709650082,0.9984465036397425,0,High-wage investment-income counties
48411,"San Saba County, TX",Very Low,1,Smaller mixed-economy counties,0.5820217510112429,0.19866863917167027,4,Larger average-economy counties
48413,"Schleicher County, TX",Very Low,0,High-wage investment-income counties,0.9294652943793177,0.8787042929641803,2,Small transfer-reliant counties
48415,"Scurry County, TX",Very Low,4,Larger average-economy counties,0.9931140718509309,0.9901261800885613,3,Large high-wage metro counties
48417,"Shackelford County, TX",Very Low,1,Smaller mixed-economy counties,0.998901304114079,0.9979353468034606,0,High-wage investment-income counties
48419,"Shelby County, TX",Low,1,Smaller mixed-economy counties,0.8629212246973285,0.7595311290972563,0,High-wage investment-income counties
48421,"Sherman County, TX",Very Low,3,Large high-wage metro counties,0.9128876906461635,0.842976331186898,0,High-wage investment-income counties
48423,"Smith County, TX",Moderate,3,Large high-wage metro counties,0.9998404107085859,0.9997383004257487,0,High-wage investment-income counties
48425,"Somervell County, TX",Very Low,4,Larger average-economy counties,0.578853282442919,0.17262404473793308,1,Smaller mixed-economy counties
48427,"Starr County, TX",Moderate,0,High-wage investment-income counties,0.688074386527022,0.376153765497994,2,Small transfer-reliant counties
48429,"Stephens County, TX",Very Low,1,Smaller mixed-economy counties,0.963911996422201,0.9318326513889925,0,High-wage investment-income counties
48431,"Sterling County, TX",Very Low,0,High-wage investment-income counties,0.9118919276807651,0.8526973570493176,2,Small transfer-reliant counties
48433,"Stonewall County, TX",Very Low,0,High-wage investment-income counties,0.9769223884377846,0.954466320140898,2,Small transfer-reliant counties
48435,"Sutton County, TX",Very Low,1,Smaller mixed-economy counties,0.9418862267865031,0.8945392310266007,0,High-wage investment-income counties
48437,"Swisher County, TX",Very Low,1,Smaller mixed-economy counties,0.8940346689447146,0.8139345719463167,4,Larger average-economy counties
48439,"Tarrant County, TX",High,3,Large high-wage metro counties,0.9695964164997756,0.9482769245015812,0,High-wage investment-income counties
48441,"Taylor County, TX",Moderate,3,Large high-wage metro counties,0.9993550315419273,0.998953947828735,0,High-wage investment-income counties
48443,"Terrell County, TX",Very Low,0,High-wage investment-income counties,0.9841997844204273,0.9683997348123887,2,Small transfer-reliant counties
48445,"Terry County, TX",Low,4,Larger average-economy counties,0.9322917745760597,0.9040345096039369,0,High-wage investment-income counties
48447,"Throckmorton County, TX",Very Low,1,Smaller mixed-economy counties,0.8399015214560959,0.7024843586200895,0,High-wage investment-income counties
48449,"Titus County, TX",Low,4,Larger average-economy counties,0.5993606666919754,0.20179120481113755,3,Large high-wage metro counties
48451,"Tom Green County, TX",Low,3,Large high-wage metro counties,0.9962137330548669,0.993190300498988,4,Larger average-economy counties
48453,"Travis County, TX",High,3,Large high-wage metro counties,0.6836676939586661,0.45054086716553454,0,High-wage investment-income counties
48455,"Trinity County, TX",Low,1,Smaller mixed-economy counties,0.9973009993133541,0.9949263667384953,0,High-wage investment-income counties
48457,"Tyler County, TX",Low,1,Smaller mixed-economy counties,0.9995341052243154,0.999131088336306,0,High-wage investment-income counties
48459,"Upshur County, TX",Low,4,Larger average-economy counties,0.9940640912900974,0.9884773389678417,3,Large high-wage metro counties
48461,"Upton County, TX",Very Low,1,Smaller mixed-economy counties,0.9426817235266796,0.8895620772898051,4,Larger average-economy counties
48463,"Uvalde County, TX",Low,3,Large high-wage metro counties,0.5258304616948031,0.053142058863412944,4,Larger average-economy counties
48465,"Val Verde County, TX",Low,3,Large high-wage metro counties,0.9960797473571614,0.9934839382466344,0,High-wage investment-income counties
48467,"Van Zandt County, TX",Low,4,Larger average-economy counties,0.994884807731788,0.9908393027909015,3,Large high-wage metro counties
48469,"Victoria County, TX",Moderate,3,Large high-wage metro counties,0.951039200442273,0.9090842724736149,4,Larger average-economy counties
48471,"Walker County, TX",Low,3,Large high-wage metro counties,0.9985290216403628,0.9974462616309242,4,Larger average-economy counties
48473,"Waller County, TX",Low,3,Large high-wage metro counties,0.5074286569186296,0.14917588258982672,0,High-wage investment-income counties
48475,"Ward County, TX",Very Low,4,Larger average-economy counties,0.7330431527058777,0.5385611665170948,0,High-wage investment-income counties
48477,"Washington County, TX",Low,4,Larger average-economy counties,0.9054441513324848,0.8128970595579752,3,Large high-wage metro counties
48479,"Webb County, TX",Moderate,3,Large high-wage metro counties,0.9696493206735333,0.9497300832485365,0,High-wage investment-income counties
48481,"Wharton County, TX",Moderate,4,Larger average-economy counties,0.9972349271643541,0.995753072721058,3,Large high-wage metro counties
48483,"Wheeler County, TX",Very Low,1,Smaller mixed-economy counties,0.9364031859145535,0.8833058120745708,0,High-wage investment-income counties
48485,"Wichita County, TX",Moderate,3,Large high-wage metro counties,0.987995650323192,0.9767262162597662,4,Larger average-economy counties
48487,"Wilbarger County, TX",Low,4,Larger average-economy counties,0.9066496340750929,0.8138220458612698,1,Smaller mixed-economy counties
48489,"Willacy County, TX",Low,4,Larger average-economy counties,0.7931973682489195,0.6377390434737946,1,Smaller mixed-economy counties
48491,"Williamson County, TX",Moderate,3,Large high-wage metro counties,0.7994000007285642,0.647209648245033,0,High-wage investment-income counties
48493,"Wilson County, TX",Low,3,Large high-wage metro counties,0.9979211214977308,0.9965875939955807,4,Larger average-economy counties
48495,"Winkler County, TX",Very Low,0,High-wage investment-income counties,0.5996054983320745,0.3868489514837776,2,Small transfer-reliant counties
48497,"Wise County, TX",Low,3,Large high-wage metro counties,0.5969993302929758,0.40645475780684803,0,High-wage investment-income counties
48499,"Wood County, TX",Low,4,Larger average-economy counties,0.9629790092729088,0.9419675348803995,0,High-wage investment-income counties
48501,"Yoakum County, TX",Low,3,Large high-wage metro counties,0.9649764623345997,0.9376073119659227,0,High-wage investment-income counties
48503,"Young County, TX",Very Low,4,Larger average-economy counties,0.9903817368322491,0.9825163196109337,1,Smaller mixed-economy counties
48505,"Zapata County, TX",Very Low,3,Large high-wage metro counties,0.8102115852182811,0.6768980316127421,4,Larger average-economy counties
48507,"Zavala County, TX",Low,0,High-wage investment-income counties,0.521971639750468,0.15146254779408808,1,Smaller mixed-economy counties
49001,"Beaver County, UT",Very Low,3,Large high-wage metro counties,0.960471110183845,0.9317006121552106,0,High-wage investment-income counties
49003,"Box Elder County, UT",Low,3,Large high-wage metro counties,0.9934134932230629,0.9889079900761417,0,High-wage investment-income counties
49005,"Cache County, UT",Low,3,Large high-wage metro counties,0.9894479024232131,0.9822041789777579,0,High-wage investment-income counties
49007,"Carbon County, UT",Very Low,1,Smaller mixed-economy counties,0.6901636391823825,0.3809796698898766,4,Larger average-economy counties
49009,"Daggett County, UT",Very Low,1,Smaller mixed-economy counties,0.526805457064058,0.075519342158334,0,High-wage investment-income counties
49011,"Davis County, UT",Moderate,3,Large high-wage metro counties,0.9952424082022187,0.992117046086576,0,High-wage investment-income counties
49013,"Duchesne County, UT",Very Low,0,High-wage investment-income counties,0.631415200196672,0.26311597312101936,2,Small transfer-reliant counties
49015,"Emery County, UT",Very Low,1,Smaller mixed-economy counties,0.9314308664841837,0.898318496362133,0,High-wage investment-income counties
49017,"Garfield County, UT",Very Low,4,Larger average-economy counties,0.9939603217775193,0.9914629689733743,1,Smaller mixed-economy counties
49019,"Grand County, UT",Very Low,4,Larger average-economy counties,0.517735534730595,0.04072713050940979,3,Large high-wage metro counties
49021,"Iron County, UT",Low,3,Large high-wage metro counties,0.9822922471545572,0.9693585977723619,0,High-wage investment-income counties
49023,"Juab County, UT",Very Low,0,High-wage investment-income counties,0.46967793533964763,0.07351042600959057,3,Large high-wage metro counties
49025,"Kane County, UT",Very Low,4,Larger average-economy counties,0.40310609037351575,0.020880880787107647,0,High-wage investment-income counties
49027,"Millard County, UT",Very Low,3,Large high-wage metro counties,0.9764150434622203,0.9660269658721915,0,High-wage investment-income counties
49029,"Morgan County, UT",Very Low,0,High-wage investment-income counties,0.659014348658723,0.4863956545837004,2,Small transfer-reliant counties
49031,"Piute County, UT",Very Low,1,Smaller mixed-economy counties,0.995628543427407,0.991726697400502,0,High-wage investment-income counties
49033,"Rich County, UT",Very Low,0,High-wage investment-income counties,0.709125928175442,0.5640745402296167,4,Larger average-economy counties
49035,"Salt Lake County, UT",High,3,Large high-wage metro counties,0.9756240106371704,0.9588019239072396,0,High-wage investment-income counties
49037,"San Juan County, UT",Very Low,4,Larger average-economy counties,0.9964198778269295,0.9948590132007932,3,Large high-wage metro counties
49039,"Sanpete County, UT",Very Low,3,Large high-wage metro counties,0.9990042255064564,0.9983303894038965,0,High-wage investment-income counties
49041,"Sevier County, UT",Very Low,4,Larger average-economy counties,0.982879741804206,0.9720479028205959,0,High-wage investment-income counties
49043,"Summit County, UT",Low,3,Large high-wage metro counties,0.9972883679195327,0.9954502752901063,0,High-wage investment-income counties
49045,"Tooele County, UT",Low,3,Large high-wage metro counties,0.972626905606325,0.9523845005360615,0,High-wage investment-income counties
49047,"Uintah County, UT",Very Low,0,High-wage investment-income counties,0.5787152387433513,0.1575111113247581,2,Small transfer-reliant counties
49049,"Utah County, UT",High,3,Large high-wage metro counties,0.8119430052014784,0.6737448489966613,0,High-wage investment-income counties
49051,"Wasatch County, UT",Very Low,3,Large high-wage metro counties,0.7967202927742317,0.6508409112931982,0,High-wage investment-income counties
49053,"Washington County, UT",Moderate,3,Large high-wage metro counties,0.9974547652445847,0.9956264211639674,0,High-wage investment-income counties
49055,"Wayne County, UT",Very Low,1,Smaller mixed-economy counties,0.8453934507036677,0.699978221389856,4,Larger average-economy counties
49057,"Weber County, UT",Moderate,3,Large high-wage metro counties,0.9983229220531676,0.9972274656502202,0,High-wage investment-income counties
50001,"Addison County, VT",Very Low,0,High-wage investment-income counties,0.9994246333548353,0.9988492667097496,2,Small transfer-reliant counties
50003,"Bennington County, VT",Low,0,High-wage investment-income counties,0.9998659645932297,0.999731929186459,2,Small transfer-reliant counties
50005,"Caledonia County, VT",Very Low,0,High-wage investment-income counties,0.9958238975238006,0.991647795047601,2,Small transfer-reliant counties
50007,"Chittenden County, VT",Low,0,High-wage investment-income counties,0.9841484129968862,0.968296825993772,2,Small transfer-reliant counties
50009,"Essex County, VT",Very Low,0,High-wage investment-income counties,0.9999855741505977,0.999971148301195,2,Small transfer-reliant counties
50011,"Franklin County, VT",Very Low,0,High-wage investment-income counties,0.9906332114313608,0.9812683466306359,2,Small transfer-reliant counties
50013,"Grand Isle County, VT",Very Low,0,High-wage investment-income counties,0.8943301838274309,0.7886603676548616,2,Small transfer-reliant counties
50015,"Lamoille County, VT",Very Low,0,High-wage investment-income counties,0.998502598657764,0.9970051980805635,2,Small transfer-reliant counties
50017,"Orange County, VT",Very Low,0,High-wage investment-income counties,0.9999924346540789,0.9999848693081579,2,Small transfer-reliant counties
50019,"Orleans County, VT",Very Low,0,High-wage investment-income counties,0.9999531442066389,0.9999062884132768,2,Small transfer-reliant counties
50021,"Rutland County, VT",Low,0,High-wage investment-income counties,0.9999888169360279,0.9999776338720547,2,Small transfer-reliant counties
50023,"Washington County, VT",Low,0,High-wage investment-income counties,0.9998183324199075,0.9996366648398146,2,Small transfer-reliant counties
50025,"Windham County, VT",Low,0,High-wage investment-income counties,0.9999922218934874,0.999984443786973,2,Small transfer-reliant counties
50027,"Windsor County, VT",Low,0,High-wage investment-income counties,0.9954660732128471,0.9909321464256928,2,Small transfer-reliant counties
51001,"Accomack County, VA",Moderate,4,Larger average-economy counties,0.6394189692142048,0.2899883303353295,3,Large high-wage metro counties
51003,"Albemarle County, VA",Low,3,Large high-wage metro counties,0.9996563229239811,0.9994350149680583,0,High-wage investment-income counties
51005,"Alleghany County, VA",Very Low,1,Smaller mixed-economy counties,0.9974243038721612,0.9951287169141162,0,High-wage investment-income counties
51007,"Amelia County, VA",Very Low,4,Larger average-economy counties,0.9826348871799546,0.9666875261380554,1,Smaller mixed-economy counties
51009,"Amherst County, VA",Very Low,4,Larger average-economy counties,0.9699153516089866,0.9401736866853693,1,Smaller mixed-economy counties
51011,"Appomattox County, VA",Very Low,4,Larger average-economy counties,0.9802993295108178,0.9615512193233088,1,Smaller mixed-economy counties
51013,"Arlington County, VA",Low,3,Large high-wage metro counties,0.9961580526570192,0.9935582083222398,0,High-wage investment-income counties
51015,"Augusta County, VA",Low,4,Larger average-economy counties,0.9885617735520185,0.9777343633024532,3,Large high-wage metro counties
51017,"Bath County, VA",Very Low,1,Smaller mixed-economy counties,0.9789385248922163,0.9596377358325341,0,High-wage investment-income counties
51019,"Bedford, VA",Low,4,Larger average-economy counties,0.9610644384872784,0.9223219607259813,3,Large high-wage metro counties
51021,"Bland County, VA",Very Low,1,Smaller mixed-economy counties,0.9959864012799741,0.9922857677411733,0,High-wage investment-income counties
51023,"Botetourt County, VA",Very Low,4,Larger average-economy counties,0.7632811887489344,0.5270503630342965,1,Smaller mixed-economy counties
51025,"Brunswick County, VA",Very Low,1,Smaller mixed-economy counties,0.9995503984055343,0.9991999625426601,0,High-wage investment-income counties
51027,"Buchanan County, VA",Low,1,Smaller mixed-economy counties,0.994633368062889,0.9899031679586116,0,High-wage investment-income counties
51029,"Buckingham County, VA",Very Low,1,Smaller mixed-economy counties,0.9992708657267243,0.998653700302188,4,Larger average-economy counties
51031,"Campbell County, VA",Very Low,4,Larger average-economy counties,0.9912088034404122,0.9829163690212278,1,Smaller mixed-economy counties
51033,"Caroline County, VA",Very Low,4,Larger average-economy counties,0.488084415108022,0.22571759885738968,3,Large high-wage metro counties
51035,"Carroll County, VA",Low,1,Smaller mixed-economy counties,0.9963948821629269,0.9932792077985726,4,Larger average-economy counties
51036,"Charles City County, VA",Very Low,1,Smaller mixed-economy counties,0.9971543313242712,0.9945350010347155,0,High-wage investment-income counties
51037,"Charlotte County, VA",Very Low,1,Smaller mixed-economy counties,0.9998330212858464,0.9997069049619608,0,High-wage investment-income counties
51041,"Chesterfield County, VA",Moderate,3,Large high-wage metro counties,0.9998125202134422,0.999689987631286,0,High-wage investment-income counties
51043,"Clarke County, VA",Very Low,4,Larger average-economy counties,0.9727398690192012,0.946074859390203,1,Smaller mixed-economy counties
51045,"Craig County, VA",Very Low,1,Smaller mixed-economy counties,0.9972909812750014,0.9948176300127188,0,High-wage investment-income counties
51047,"Culpeper County, VA",Low,3,Large high-wage metro counties,0.9989807990778237,0.9983107564867538,0,High-wage investment-income counties
51049,"Cumberland County, VA",Very Low,4,Larger average-economy counties,0.803053154895187,0.6157665018916227,1,Smaller mixed-economy counties
51051,"Dickenson County, VA",Very Low,1,Smaller mixed-economy counties,0.995591854864622,0.9915891437606233,0,High-wage investment-income counties
51053,"Dinwiddie County, VA",Very Low,4,Larger average-economy counties,0.9835549701236815,0.9675284551898414,1,Smaller mixed-economy counties
51057,"Essex County, VA",Very Low,1,Smaller mixed-economy counties,0.9984331016645416,0.9970003960587512,4,Larger average-economy counties
51059,"Fairfax County, VA",High,3,Large high-wage metro counties,0.9312005476866458,0.8835218261883391,0,High-wage investment-income counties
51061,"Fauquier County, VA",Low,3,Large high-wage metro counties,0.993508253278168,0.9873899679526207,4,Larger average-economy counties
51063,"Floyd County, VA",Very Low,4,Larger average-economy counties,0.5475920060521521,0.09570786579898866,1,Smaller mixed-economy counties
51065,"Fluvanna County, VA",Very Low,4,Larger average-economy counties,0.9972985327695856,0.9960113396279108,1,Smaller mixed-economy counties
51067,"Franklin County, VA",Very Low,1,Smaller mixed-economy counties,0.5881606066634949,0.17684477329056625,4,Larger average-economy counties
51069,"Frederick County, VA",Low,3,Large high-wage metro counties,0.9995685064068752,0.999344811126132,0,High-wage investment-income counties
51071,"Giles County, VA",Very Low,1,Smaller mixed-economy counties,0.9992720764698639,0.9986474796983487,0,High-wage investment-income counties
51073,"Gloucester County, VA",Very Low,1,Smaller mixed-economy counties,0.5043186170048396,0.00930069782654569,4,Larger average-economy counties
51075,"Goochland County, VA",Very Low,4,Larger average-economy counties,0.8781473224197867,0.8076154525690004,0,High-wage investment-income counties
51077,"Grayson County, VA",Very Low,1,Smaller mixed-economy counties,0.9990613925566277,0.9982341109096273,0,High-wage investment-income counties
51079,"Greene County, VA",Very Low,3,Large high-wage metro counties,0.8903676633140041,0.7857485391007264,4,Larger average-economy counties
51081,"Greensville County, VA",Very Low,1,Smaller mixed-economy counties,0.9988251728434584,0.9978234329688928,4,Larger average-economy counties
51083,"Halifax County, VA",Low,1,Smaller mixed-economy counties,0.9793259464066031,0.9590960568198382,4,Larger average-economy counties
51085,"Hanover County, VA",Low,3,Large high-wage metro counties,0.9859303185459508,0.9724128788068227,4,Larger average-economy counties
51087,"Henrico County, VA",Moderate,3,Large high-wage metro counties,0.9996948222931481,0.9994977341147859,0,High-wage investment-income counties
51089,"Henry County, VA",Low,1,Smaller mixed-economy counties,0.999122281648634,0.9983802132578761,0,High-wage investment-income counties
51091,"Highland County, VA",Very Low,1,Smaller mixed-economy counties,0.9170007112670346,0.8388516194576593,0,High-wage investment-income counties
51093,"Isle of Wight County, VA",Very Low,4,Larger average-economy counties,0.9711790830311602,0.9427042248655805,3,Large high-wage metro counties
51095,"James City County, VA",Low,3,Large high-wage metro counties,0.9523926110010842,0.9108526340983885,4,Larger average-economy counties
51097,"King and Queen County, VA",Very Low,1,Smaller mixed-economy counties,0.9996812766379476,0.9993997371846681,0,High-wage investment-income counties
51099,"King George County, VA",Very Low,3,Large high-wage metro counties,0.9109468208574919,0.84717709463084,4,Larger average-economy counties
51101,"King William County, VA",Very Low,0,High-wage investment-income counties,0.9979980059767001,0.9959960119533999,2,Small transfer-reliant counties
51103,"Lancaster County, VA",Very Low,0,High-wage investment-income counties,0.9856379275879223,0.9712758554646448,2,Small transfer-reliant counties
51105,"Lee County, VA",Low,0,High-wage investment-income counties,0.9998826773644889,0.9997653547289788,2,Small transfer-reliant counties
51107,"Loudoun County, VA",Low,2,Small transfer-reliant counties,0.8322365526615325,0.6644731053984811,0,High-wage investment-income counties
51109,"Louisa County, VA",Very Low,0,High-wage investment-income counties,0.998704415974551,0.9974088319491339,2,Small transfer-reliant counties
51111,"Lunenburg County, VA",Very Low,0,High-wage investment-income counties,0.9981281370956508,0.9962562741913006,2,Small transfer-reliant counties
51113,"Madison County, VA",Very Low,0,High-wage investment-income counties,0.7386583194637668,0.4773167120538038,2,Small transfer-reliant counties
51115,"Mathews County, VA",Very Low,0,High-wage investment-income counties,0.9305196969272139,0.8610436341088687,2,Small transfer-reliant counties
51117,"Mecklenburg County, VA",Low,0,High-wage investment-income counties,0.9996143798228458,0.9992287596457285,2,Small transfer-reliant counties
51119,"Middlesex County, VA",Very Low,0,High-wage investment-income counties,0.6118970891136771,0.2237941782273632,2,Small transfer-reliant counties
51121,"Montgomery County, VA",Low,2,Small transfer-reliant counties,0.5940353217453876,0.1880706434907769,0,High-wage investment-income counties
51125,"Nelson County, VA",Very Low,0,High-wage investment-income counties,0.9860152377997478,0.9720304755994946,2,Small transfer-reliant counties
51127,"New Kent County, VA",Very Low,0,High-wage investment-income counties,0.9844777946732941,0.9689555893465867,2,Small transfer-reliant counties
51131,"Northampton County, VA",Low,0,High-wage investment-income counties,0.9998996336193796,0.9997992672387576,2,Small transfer-reliant counties
51133,"Northumberland County, VA",Very Low,0,High-wage investment-income counties,0.9999965930214842,0.9999931860429697,2,Small transfer-reliant counties
51135,"Nottoway County, VA",Very Low,0,High-wage investment-income counties,0.9474335117869627,0.89486702357399,2,Small transfer-reliant counties
51137,"Orange County, VA",Very Low,2,Small transfer-reliant counties,0.9434941556969599,0.8869883113939215,0,High-wage investment-income counties
51139,"Page County, VA",Very Low,0,High-wage investment-income counties,0.998682593574379,0.9973651871547062,2,Small transfer-reliant counties
51141,"Patrick County, VA",Very Low,0,High-wage investment-income counties,0.998686771831132,0.9973739959867306,2,Small transfer-reliant counties
51143,"Pittsylvania County, VA",Low,1,Smaller mixed-economy counties,0.9500374405918195,0.900596380485515,4,Larger average-economy counties
51145,"Powhatan County, VA",Very Low,4,Larger average-economy counties,0.872546883684069,0.7466125789417604,3,Large high-wage metro counties
51147,"Prince Edward County, VA",Very Low,4,Larger average-economy counties,0.9940938560953678,0.9891927316631279,1,Smaller mixed-economy counties
51149,"Prince George County, VA",Very Low,3,Large high-wage metro counties,0.9988516080683796,0.9983755478271653,0,High-wage investment-income counties
51153,"Prince William County, VA",Moderate,3,Large high-wage metro counties,0.9919927171812485,0.9863904592294024,0,High-wage investment-income counties
51155,"Pulaski County, VA",Low,1,Smaller mixed-economy counties,0.9985187318123131,0.9973219959179541,4,Larger average-economy counties
51157,"Rappahannock County, VA",Very Low,1,Smaller mixed-economy counties,0.9998336241636064,0.9996910308372666,0,High-wage investment-income counties
51159,"Richmond County, VA",Very Low,4,Larger average-economy counties,0.8018561585551193,0.6730261762295142,1,Smaller mixed-economy counties
51161,"Roanoke County, VA",Low,3,Large high-wage metro counties,0.5613095462305687,0.13410079276335646,4,Larger average-economy counties
51163,"Rockbridge County, VA",Very Low,1,Smaller mixed-economy counties,0.9885253408408674,0.9779027872525597,4,Larger average-economy counties
51165,"Rockingham County, VA",Low,3,Large high-wage metro counties,0.999666188598181,0.9995038943527603,0,High-wage investment-income counties
51167,"Russell County, VA",Very Low,1,Smaller mixed-economy counties,0.9997255057235912,0.9995793960061051,0,High-wage investment-income counties
51169,"Scott County, VA",Very Low,1,Smaller mixed-economy counties,0.999118148017206,0.9983388878527009,0,High-wage investment-income counties
51171,"Shenandoah County, VA",Low,4,Larger average-economy counties,0.8622303648805074,0.7248258696473189,3,Large high-wage metro counties
51173,"Smyth County, VA",Low,1,Smaller mixed-economy counties,0.9991418172255928,0.998408777611533,0,High-wage investment-income counties
51175,"Southampton County, VA",Very Low,1,Smaller mixed-economy counties,0.9828297349099792,0.9659616692425803,4,Larger average-economy counties
51177,"Spotsylvania County, VA",Low,3,Large high-wage metro counties,0.9987922079426766,0.9980105374859064,0,High-wage investment-income counties
51179,"Stafford County, VA",Low,3,Large high-wage metro counties,0.9992847541775346,0.9988052759692984,0,High-wage investment-income counties
51181,"Surry County, VA",Very Low,1,Smaller mixed-economy counties,0.9989123773760648,0.9979913377045124,0,High-wage investment-income counties
51183,"Sussex County, VA",Very Low,1,Smaller mixed-economy counties,0.996448483554494,0.9932413601694677,0,High-wage investment-income counties
51185,"Tazewell County, VA",Low,1,Smaller mixed-economy counties,0.9984214490220802,0.9970547913591123,0,High-wage investment-income counties
51187,"Warren County, VA",Very Low,3,Large high-wage metro counties,0.9979454101938804,0.9962817222171315,4,Larger average-economy counties
51191,"Washington County, VA",Low,1,Smaller mixed-economy counties,0.9548940214450676,0.9104281755170058,4,Larger average-economy counties
51193,"Westmoreland County, VA",Very Low,1,Smaller mixed-economy counties,0.9932614918208621,0.987422045148524,0,High-wage investment-income counties
51195,"Wise County, VA",Low,1,Smaller mixed-economy counties,0.9992927349693254,0.9987295039647299,0,High-wage investment-income counties
51197,"Wythe County, VA",Low,1,Smaller mixed-economy counties,0.9997563836628609,0.9995570303434929,0,High-wage investment-income counties
51199,"York County, VA",Low,3,Large high-wage metro counties,0.9681095325034925,0.9365768162440973,4,Larger average-economy counties
51510,"Alexandria  Independent City, VA",Low,3,Large high-wage metro counties,0.9820263901737576,0.9689936975163055,0,High-wage investment-income counties
51520,"Bristol  Independent City, VA",Very Low,1,Smaller mixed-economy counties,0.958130090463958,0.9238430636319191,0,High-wage investment-income counties
51530,"Buena Vista  Independent City, VA",Very Low,1,Smaller mixed-economy counties,0.9858200141521974,0.9779435140140376,0,High-wage investment-income counties
51540,"Charlottesville  Independent City, VA",Very Low,3,Large high-wage metro counties,0.9974913548336197,0.9956985094435059,0,High-wage investment-income counties
51550,"Chesapeake Independent City, VA",Low,3,Large high-wage metro counties,0.9995682456215516,0.9992949040587312,0,High-wage investment-income counties
51570,"Colonial Heights  Independent City, VA",Very Low,4,Larger average-economy counties,0.9916246832459339,0.9837100404148993,3,Large high-wage metro counties
51580,"Covington  Independent City, VA",Very Low,1,Smaller mixed-economy counties,0.543803045508445,0.08891358067420196,4,Larger average-economy counties
51590,"Danville  Independent City, VA",Low,4,Larger average-economy counties,0.8529323926342008,0.706971409021104,1,Smaller mixed-economy counties
51595,"Emporia  Independent City, VA",Very Low,1,Smaller mixed-economy counties,0.9892346945357791,0.9799842430515372,0,High-wage investment-income counties
51600,"Fairfax  Independent City, VA",Very Low,0,High-wage investment-income counties,0.6296362360930631,0.3394214748415472,2,Small transfer-reliant counties
51610,"Falls Church  Independent City, VA",Very Low,3,Large high-wage metro counties,0.995584015407055,0.9926161572309994,0,High-wage investment-income counties
51620,"Franklin  Independent City, VA",Very Low,1,Smaller mixed-economy counties,0.8463385841586822,0.7161822041832854,0,High-wage investment-income counties
51630,"Fredericksburg  Independent City, VA",Very Low,3,Large high-wage metro counties,0.9972993183105354,0.9955059551933806,0,High-wage investment-income counties
51640,"Galax  Independent City, VA",Very Low,1,Smaller mixed-economy counties,0.9968840717744429,0.9940408605836988,0,High-wage investment-income counties
51650,"Hampton  Independent City, VA",Low,3,Large high-wage metro counties,0.9906397938739858,0.9824182223372296,4,Larger average-economy counties
51660,"Harrisonburg  Independent City, VA",Very Low,3,Large high-wage metro counties,0.9976132719458645,0.9958903304509623,0,High-wage investment-income counties
51670,"Hopewell  Independent City, VA",Very Low,4,Larger average-economy counties,0.9104453745094269,0.8212428021805251,3,Large high-wage metro counties
51678,"Lexington  Independent City, VA",Very Low,4,Larger average-economy counties,0.817324985979838,0.6531514750459054,3,Large high-wage metro counties
51680,"Lynchburg  Independent City, VA",Low,3,Large high-wage metro counties,0.9998352282309219,0.9997403874923488,0,High-wage investment-income counties
51683,"Manassas  Independent City, VA",Very Low,3,Large high-wage metro counties,0.9680822596424501,0.9453437824437798,0,High-wage investment-income counties
51685,"Manassas Park  Independent City, VA",Very Low,3,Large high-wage metro counties,0.8834777611646997,0.8022480320457821,0,High-wage investment-income counties
51690,"Martinsville  Independent City, VA",Very Low,4,Larger average-economy counties,0.96941945418174,0.9431828503955035,1,Smaller mixed-economy counties
51700,"Newport News  Independent City, VA",Low,3,Large high-wage metro counties,0.9991928819180411,0.9986831067439157,0,High-wage investment-income counties
51710,"Norfolk  Independent City, VA",Moderate,3,Large high-wage metro counties,0.999009133203532,0.998359244374679,0,High-wage investment-income counties
51720,"Norton  Independent City, VA",Very Low,1,Smaller mixed-economy counties,0.9991198314260769,0.9983252010119783,0,High-wage investment-income counties
51730,"Petersburg  Independent City, VA",Very Low,4,Larger average-economy counties,0.7518820244698855,0.5059859294168872,3,Large high-wage metro counties
51735,"Poquoson  Independent City, VA",Very Low,4,Larger average-economy counties,0.6466852208697618,0.38545270938950305,1,Smaller mixed-economy counties
51740,"Portsmouth  Independent City, VA",Low,4,Larger average-economy counties,0.6245399043857962,0.26108603096684785,3,Large high-wage metro counties
51750,"Radford  Independent City, VA",Very Low,4,Larger average-economy counties,0.9916292897926423,0.9837324282156169,3,Large high-wage metro counties
51760,"Richmond  Independent City, VA",Low,3,Large high-wage metro counties,0.9997296653091204,0.9995539750947717,0,High-wage investment-income counties
51770,"Roanoke  Independent City, VA",Low,3,Large high-wage metro counties,0.9980143194612506,0.9969044249472663,4,Larger average-economy counties
51775,"Salem  Independent City, VA",Very Low,4,Larger average-economy counties,0.9703806123906848,0.9579914389023947,3,Large high-wage metro counties
51790,"Staunton  Independent City, VA",Very Low,4,Larger average-economy counties,0.885021402663538,0.7768760471717324,3,Large high-wage metro counties
51800,"Suffolk  Independent City, VA",Low,3,Large high-wage metro counties,0.9969959766637659,0.9951154877473323,0,High-wage investment-income counties
51810,"Virginia Beach  Independent City, VA",Low,3,Large high-wage metro counties,0.9991503090062644,0.9986178582608835,0,High-wage investment-income counties
51820,"Waynesboro  Independent City, VA",Very Low,4,Larger average-economy counties,0.5764907392501092,0.15619714006474766,3,Large high-wage metro counties
51830,"Williamsburg  Independent City, VA",Very Low,3,Large high-wage metro counties,0.7946008575977154,0.5960261029129368,4,Larger average-economy counties
51840,"Winchester  Independent City, VA",Very Low,3,Large high-wage metro counties,0.9995301777990265,0.9993294348103535,0,High-wage investment-income counties
53001,"Adams County, WA",Very Low,3,Large high-wage metro counties,0.9809820460008425,0.9672595848273426,0,High-wage investment-income counties
53003,"Asotin County, WA",Very Low,4,Larger average-economy counties,0.9881403508229323,0.9777794441189547,1,Smaller mixed-economy counties
53005,"Benton County, WA",Moderate,3,Large high-wage metro counties,0.9997676943029705,0.9996153568147682,0,High-wage investment-income counties
53007,"Chelan County, WA",Moderate,3,Large high-wage metro counties,0.9994537798451891,0.999102899393866,0,High-wage investment-income counties
53009,"Clallam County, WA",Moderate,0,High-wage investment-income counties,0.6605291233469606,0.42259192139716284,2,Small transfer-reliant counties
53011,"Clark County, WA",Moderate,3,Large high-wage metro counties,0.9995626075348742,0.9992772813209122,0,High-wage investment-income counties
53013,"Columbia County, WA",Very Low,0,High-wage investment-income counties,0.39601665563660016,0.059558586804246916,1,Smaller mixed-economy counties
53015,"Cowlitz County, WA",Moderate,3,Large high-wage metro counties,0.97473580687498,0.9529541673387215,4,Larger average-economy counties
53017,"Douglas County, WA",Low,3,Large high-wage metro counties,0.9992397375775548,0.9987364333914346,0,High-wage investment-income counties
53019,"Ferry County, WA",Low,1,Smaller mixed-economy counties,0.9958947291949374,0.9927433332586668,0,High-wage investment-income counties
53021,"Franklin County, WA",Low,3,Large high-wage metro counties,0.997376055368285,0.9955597962440956,0,High-wage investment-income counties
53023,"Garfield County, WA",Very Low,1,Smaller mixed-economy counties,0.8838676899754887,0.8300742825302401,0,High-wage investment-income counties
53025,"Grant County, WA",Low,3,Large high-wage metro counties,0.9996219000776106,0.9993733312001728,0,High-wage investment-income counties
53027,"Grays Harbor County, WA",High,4,Larger average-economy counties,0.4720622512863199,0.0623392370989852,3,Large high-wage metro counties
53029,"Island County, WA",Low,3,Large high-wage metro counties,0.9163737761613068,0.8638433838147467,0,High-wage investment-income counties
53031,"Jefferson County, WA",Low,0,High-wage investment-income counties,0.7096691050062895,0.48576797478617195,2,Small transfer-reliant counties
53033,"King County, WA",Very High,3,Large high-wage metro counties,0.7788385925460312,0.6181834711065021,0,High-wage investment-income counties
53035,"Kitsap County, WA",Moderate,3,Large high-wage metro counties,0.9997997029066537,0.99967211222556,0,High-wage investment-income counties
53037,"Kittitas County, WA",Moderate,3,Large high-wage metro counties,0.9778755224418787,0.964414223550093,0,High-wage investment-income counties
53039,"Klickitat County, WA",Low,3,Large high-wage metro counties,0.9868243318369065,0.9779782010479472,0,High-wage investment-income counties
53041,"Lewis County, WA",Moderate,3,Large high-wage metro counties,0.993589388409826,0.9899606835594172,4,Larger average-economy counties
53043,"Lincoln County, WA",Low,4,Larger average-economy counties,0.8835212840649546,0.7743610529794329,1,Smaller mixed-economy counties
53045,"Mason County, WA",Moderate,3,Large high-wage metro counties,0.9231287913311422,0.8717063331087147,0,High-wage investment-income counties
53047,"Okanogan County, WA",Moderate,3,Large high-wage metro counties,0.8884943698583704,0.8155975750700363,0,High-wage investment-income counties
53049,"Pacific County, WA",Moderate,0,High-wage investment-income counties,0.7249926170276141,0.4657071742199707,2,Small transfer-reliant counties
53051,"Pend Oreille County, WA",Very Low,1,Smaller mixed-economy counties,0.9832785925077919,0.972647353505928,4,Larger average-economy counties
53053,"Pierce County, WA",High,3,Large high-wage metro counties,0.9975267094928013,0.9959172290831223,0,High-wage investment-income counties
53055,"San Juan County, WA",Very Low,0,High-wage investment-income counties,0.6356111341722157,0.35547070414394705,2,Small transfer-reliant counties
53057,"Skagit County, WA",Moderate,3,Large high-wage metro counties,0.9982560091240077,0.99713845642073,0,High-wage investment-income counties
53059,"Skamania County, WA",Low,4,Larger average-economy counties,0.9868689815556938,0.978522865004993,3,Large high-wage metro counties
53061,"Snohomish County, WA",High,3,Large high-wage metro counties,0.9934096913751765,0.9889320504053936,0,High-wage investment-income counties
53063,"Spokane County, WA",Moderate,3,Large high-wage metro counties,0.9985670332007615,0.9976529509154318,0,High-wage investment-income counties
53065,"Stevens County, WA",Low,4,Larger average-economy counties,0.9927236118874951,0.9862923109808613,3,Large high-wage metro counties
53067,"Thurston County, WA",High,3,Large high-wage metro counties,0.9985839483901642,0.9976752207581799,0,High-wage investment-income counties
53069,"Wahkiakum County, WA",Very Low,0,High-wage investment-income counties,0.7789649428859191,0.6677970988230985,2,Small transfer-reliant counties
53071,"Walla Walla County, WA",Low,3,Large high-wage metro counties,0.7417826568858227,0.4845268433572658,4,Larger average-economy counties
53073,"Whatcom County, WA",Moderate,3,Large high-wage metro counties,0.9990903958337689,0.9985059566858948,0,High-wage investment-income counties
53075,"Whitman County, WA",Very Low,3,Large high-wage metro counties,0.9971374133763783,0.9953161322711224,0,High-wage investment-income counties
53077,"Yakima County, WA",Moderate,3,Large high-wage metro counties,0.9997170834052714,0.9995360364032045,0,High-wage investment-income counties
54001,"Barbour County, WV",Very Low,1,Smaller mixed-economy counties,0.9997789849266966,0.9996061031335124,0,High-wage investment-income counties
54003,"Berkeley County, WV",Low,3,Large high-wage metro counties,0.7645066692828228,0.6478641933212796,0,High-wage investment-income counties
54005,"Boone County, WV",Low,1,Smaller mixed-economy counties,0.995350402267012,0.9912008035686233,0,High-wage investment-income counties
54007,"Braxton County, WV",Very Low,1,Smaller mixed-economy counties,0.9935296381589394,0.9877205589930924,0,High-wage investment-income counties
54009,"Brooke County, WV",Low,1,Smaller mixed-economy counties,0.9995216630773137,0.9991181333445697,0,High-wage investment-income counties
54011,"Cabell County, WV",Moderate,4,Larger average-economy counties,0.6542529261890148,0.3102898108574683,1,Smaller mixed-economy counties
54013,"Calhoun County, WV",Very Low,0,High-wage investment-income counties,0.8187828711566313,0.677156419065799,1,Smaller mixed-economy counties
54015,"Clay County, WV",Very Low,0,High-wage investment-income counties,0.5302228115124062,0.0912387666894327,1,Smaller mixed-economy counties
54017,"Doddridge County, WV",Very Low,1,Smaller mixed-economy counties,0.9998302158858132,0.9997021200153743,0,High-wage investment-income counties
54019,"Fayette County, WV",Low,1,Smaller mixed-economy counties,0.9965696734324601,0.9936280326858572,0,High-wage investment-income counties
54021,"Gilmer County, WV",Very Low,1,Smaller mixed-economy counties,0.9996119379224648,0.9992711807273561,0,High-wage investment-income counties
54023,"Grant County, WV",Very Low,1,Smaller mixed-economy counties,0.999858957154312,0.9997622020597584,0,High-wage investment-income counties
54025,"Greenbrier County, WV",Low,1,Smaller mixed-economy counties,0.9959101906695929,0.9927601256766091,0,High-wage investment-income counties
54027,"Hampshire County, WV",Very Low,1,Smaller mixed-economy counties,0.9974156393675235,0.9952226621879249,0,High-wage investment-income counties
54029,"Hancock County, WV",Very Low,1,Smaller mixed-economy counties,0.9957407691223397,0.9919905368934572,0,High-wage investment-income counties
54031,"Hardy County, WV",Very Low,4,Larger average-economy counties,0.996994476511541,0.994997830233206,3,Large high-wage metro counties
54033,"Harrison County, WV",Low,1,Smaller mixed-economy counties,0.8470567793419187,0.6951255238434019,4,Larger average-economy counties
54035,"Jackson County, WV",Low,4,Larger average-economy counties,0.7936182700128234,0.5886114465385699,1,Smaller mixed-economy counties
54037,"Jefferson County, WV",Low,4,Larger average-economy counties,0.49616318833500916,0.1943182661163077,3,Large high-wage metro counties
54039,"Kanawha County, WV",High,4,Larger average-economy counties,0.7230323468094173,0.4596919026984684,1,Smaller mixed-economy counties
54041,"Lewis County, WV",Low,1,Smaller mixed-economy counties,0.999863789663051,0.9997572860370844,0,High-wage investment-income counties
54043,"Lincoln County, WV",Low,1,Smaller mixed-economy counties,0.9990553123545822,0.9982339243112371,0,High-wage investment-income counties
54045,"Logan County, WV",Low,1,Smaller mixed-economy counties,0.9982684792038269,0.996766304641765,0,High-wage investment-income counties
54047,"McDowell County, WV",Low,1,Smaller mixed-economy counties,0.9070540859011169,0.8213185216115825,0,High-wage investment-income counties
54049,"Marion County, WV",Low,4,Larger average-economy counties,0.8099249005851625,0.6202137355139544,1,Smaller mixed-economy counties
54051,"Marshall County, WV",Low,1,Smaller mixed-economy counties,0.9995038448769041,0.9991303144565881,0,High-wage investment-income counties
54053,"Mason County, WV",Low,1,Smaller mixed-economy counties,0.9996702670884802,0.9994042016174601,0,High-wage investment-income counties
54055,"Mercer County, WV",Low,1,Smaller mixed-economy counties,0.9991272342312542,0.9984051097888401,0,High-wage investment-income counties
54057,"Mineral County, WV",Low,1,Smaller mixed-economy counties,0.9992939590602441,0.9987029507414769,0,High-wage investment-income counties
54059,"Mingo County, WV",Low,1,Smaller mixed-economy counties,0.9289629782437043,0.8652934108485191,0,High-wage investment-income counties
54061,"Monongalia County, WV",Low,3,Large high-wage metro counties,0.9997016930052458,0.9995703044165504,0,High-wage investment-income counties
54063,"Monroe County, WV",Very Low,1,Smaller mixed-economy counties,0.9998706681751581,0.9997643043645041,0,High-wage investment-income counties
54065,"Morgan County, WV",Very Low,1,Smaller mixed-economy counties,0.9988480456440896,0.9978235288962918,0,High-wage investment-income counties
54067,"Nicholas County, WV",Low,1,Smaller mixed-economy counties,0.9997457740058487,0.9995865410443776,0,High-wage investment-income counties
54069,"Ohio County, WV",Low,1,Smaller mixed-economy counties,0.9988099203467211,0.9980113040791769,0,High-wage investment-income counties
54071,"Pendleton County, WV",Very Low,1,Smaller mixed-economy counties,0.5031517633733577,0.03340952368217437,0,High-wage investment-income counties
54073,"Pleasants County, WV",Very Low,1,Smaller mixed-economy counties,0.9988700261680031,0.9978817128112762,0,High-wage investment-income counties
54075,"Pocahontas County, WV",Very Low,1,Smaller mixed-economy counties,0.9721613635009261,0.9461147617001936,0,High-wage investment-income counties
54077,"Preston County, WV",Very Low,4,Larger average-economy counties,0.8962033814084956,0.7926667428192671,1,Smaller mixed-economy counties
54079,"Putnam County, WV",Low,4,Larger average-economy counties,0.9905570502582901,0.9816270927259229,1,Smaller mixed-economy counties
54081,"Raleigh County, WV",Low,1,Smaller mixed-economy counties,0.9686739596456927,0.9389513664193281,4,Larger average-economy counties
54083,"Randolph County, WV",Low,1,Smaller mixed-economy counties,0.9986145376881522,0.9974935461869074,0,High-wage investment-income counties
54085,"Ritchie County, WV",Very Low,1,Smaller mixed-economy counties,0.9984478373043699,0.9970647985751266,0,High-wage investment-income counties
54087,"Roane County, WV",Low,1,Smaller mixed-economy counties,0.9977486862036888,0.9957276110819667,0,High-wage investment-income counties
54089,"Summers County, WV",Very Low,1,Smaller mixed-economy counties,0.8885342223572756,0.7838938171592148,0,High-wage investment-income counties
54091,"Taylor County, WV",Very Low,1,Smaller mixed-economy counties,0.9980969715877709,0.9971705251842122,0,High-wage investment-income counties
54093,"Tucker County, WV",Very Low,1,Smaller mixed-economy counties,0.9919261289922421,0.9844410787057358,0,High-wage investment-income counties
54095,"Tyler County, WV",Very Low,1,Smaller mixed-economy counties,0.9997336238022363,0.9994981952142582,0,High-wage investment-income counties
54097,"Upshur County, WV",Low,4,Larger average-economy counties,0.8357115444530956,0.6716641011525786,1,Smaller mixed-economy counties
54099,"Wayne County, WV",Low,1,Smaller mixed-economy counties,0.9990946594110823,0.9986177008313023,4,Larger average-economy counties
54101,"Webster County, WV",Very Low,1,Smaller mixed-economy counties,0.8546795961969521,0.719865933729983,0,High-wage investment-income counties
54103,"Wetzel County, WV",Low,1,Smaller mixed-economy counties,0.9994607000965612,0.9992009248138595,4,Larger average-economy counties
54105,"Wirt County, WV",Very Low,1,Smaller mixed-economy counties,0.9953175096120006,0.9910628869638476,0,High-wage investment-income counties
54107,"Wood County, WV",Low,1,Smaller mixed-economy counties,0.522629465037606,0.046463570130077625,4,Larger average-economy counties
54109,"Wyoming County, WV",Low,1,Smaller mixed-economy counties,0.987931098578664,0.9770360923787983,0,High-wage investment-income counties
55001,"Adams, WI",Low,1,Smaller mixed-economy counties,0.864802438361633,0.7624181537473275,4,Larger average-economy counties
55003,"Ashland, WI",Very Low,4,Larger average-economy counties,0.9816038029013543,0.9636238541765301,1,Smaller mixed-economy counties
55005,"Barron, WI",Low,4,Larger average-economy counties,0.989692930327733,0.9797530413201608,3,Large high-wage metro counties
55007,"Bayfield, WI",Very Low,4,Larger average-economy counties,0.8248122227345146,0.6506228594525042,1,Smaller mixed-economy counties
55009,"Brown, WI",Moderate,3,Large high-wage metro counties,0.9998210622460689,0.9997090914044513,0,High-wage investment-income counties
55011,"Buffalo, WI",Very Low,1,Smaller mixed-economy counties,0.7127121734265831,0.42570310375530374,4,Larger average-economy counties
55013,"Burnett, WI",Low,1,Smaller mixed-economy counties,0.9780706545101708,0.9573464489151735,4,Larger average-economy counties
55015,"Calumet, WI",Very Low,3,Large high-wage metro counties,0.680720910060142,0.36269070674657305,4,Larger average-economy counties
55017,"Chippewa, WI",Low,4,Larger average-economy counties,0.9952352473468491,0.990787053354325,3,Large high-wage metro counties
55019,"Clark, WI",Low,3,Large high-wage metro counties,0.997811869382041,0.9963776326084323,0,High-wage investment-income counties
55021,"Columbia, WI",Moderate,4,Larger average-economy counties,0.7722091073643826,0.5451110907727501,3,Large high-wage metro counties
55023,"Crawford, WI",Low,1,Smaller mixed-economy counties,0.8328910779931926,0.6660322806611438,4,Larger average-economy counties
55025,"Dane, WI",Moderate,3,Large high-wage metro counties,0.9996978988705093,0.9995015170119301,0,High-wage investment-income counties
55027,"Dodge, WI",Low,4,Larger average-economy counties,0.9222170210866903,0.8448286021424596,3,Large high-wage metro counties
55029,"Door, WI",Low,4,Larger average-economy counties,0.9792603701733917,0.9683986438771679,1,Smaller mixed-economy counties
55031,"Douglas, WI",Low,4,Larger average-economy counties,0.9909686874489043,0.9822355600963555,1,Smaller mixed-economy counties
55033,"Dunn, WI",Low,4,Larger average-economy counties,0.8420655438800547,0.6844274191318465,3,Large high-wage metro counties
55035,"Eau Claire, WI",Low,3,Large high-wage metro counties,0.9906833140864283,0.9816603225778638,4,Larger average-economy counties
55037,"Florence, WI",Low,1,Smaller mixed-economy counties,0.9932772014604377,0.9871860951329189,0,High-wage investment-income counties
55039,"Fond du Lac, WI",Low,3,Large high-wage metro counties,0.9966125577865041,0.9937178936069564,4,Larger average-economy counties
55041,"Forest, WI",Low,1,Smaller mixed-economy counties,0.8721046741697821,0.7451698957838339,4,Larger average-economy counties
55043,"Grant, WI",Low,4,Larger average-economy counties,0.988482403208764,0.9784719555158351,3,Large high-wage metro counties
55045,"Green, WI",Low,4,Larger average-economy counties,0.9977768512996731,0.9962253928031146,3,Large high-wage metro counties
55047,"Green Lake, WI",Low,4,Larger average-economy counties,0.8071188216398782,0.6148447901916689,1,Smaller mixed-economy counties
55049,"Iowa, WI",Very Low,4,Larger average-economy counties,0.997662464133524,0.995993128328911,3,Large high-wage metro counties
55051,"Iron, WI",Very Low,1,Smaller mixed-economy counties,0.8826090706006726,0.7793563091238122,0,High-wage investment-income counties
55053,"Jackson, WI",Low,4,Larger average-economy counties,0.9976165952559083,0.9963782663777049,1,Smaller mixed-economy counties
55055,"Jefferson, WI",Low,3,Large high-wage metro counties,0.8334466126235256,0.6676351545371404,4,Larger average-economy counties
55057,"Juneau, WI",Low,4,Larger average-economy counties,0.7284867297929628,0.45777225378228326,1,Smaller mixed-economy counties
55059,"Kenosha, WI",Moderate,3,Large high-wage metro counties,0.7464143807835505,0.497594212294722,4,Larger average-economy counties
55061,"Kewaunee, WI",Very Low,4,Larger average-economy counties,0.9973243331019694,0.9959400086455543,1,Smaller mixed-economy counties
55063,"La Crosse, WI",Low,4,Larger average-economy counties,0.9951542417780286,0.991037654793599,3,Large high-wage metro counties
55065,"Lafayette, WI",Very Low,3,Large high-wage metro counties,0.9963831987410992,0.994067767992207,0,High-wage investment-income counties
55067,"Langlade, WI",Low,1,Smaller mixed-economy counties,0.9599335231122265,0.920138708507667,4,Larger average-economy counties
55069,"Lincoln, WI",Low,4,Larger average-economy counties,0.7838039610488032,0.5679872433338062,1,Smaller mixed-economy counties
55071,"Manitowoc, WI",Low,4,Larger average-economy counties,0.9091068941719347,0.8185259365642182,3,Large high-wage metro counties
55073,"Marathon, WI",Moderate,3,Large high-wage metro counties,0.9952232395246261,0.9908053500489149,4,Larger average-economy counties
55075,"Marinette, WI",Low,4,Larger average-economy counties,0.8864115222702931,0.7731888314230965,1,Smaller mixed-economy counties
55077,"Marquette, WI",Low,4,Larger average-economy counties,0.5238359636477055,0.05368494258132939,1,Smaller mixed-economy counties
55078,"Menominee, WI",Very Low,1,Smaller mixed-economy counties,0.9993158447979082,0.9987048841060434,0,High-wage investment-income counties
55079,"Milwaukee, WI",High,3,Large high-wage metro counties,0.9827480982603364,0.9719739546572802,0,High-wage investment-income counties
55081,"Monroe, WI",Low,3,Large high-wage metro counties,0.8121693309487757,0.6253871580898906,4,Larger average-economy counties
55083,"Oconto, WI",Low,4,Larger average-economy counties,0.9963678993492442,0.9933968876640998,1,Smaller mixed-economy counties
55085,"Oneida, WI",Low,4,Larger average-economy counties,0.6486156103338598,0.3017104959165324,1,Smaller mixed-economy counties
55087,"Outagamie, WI",Low,3,Large high-wage metro counties,0.9995871761860777,0.9993850698871707,0,High-wage investment-income counties
55089,"Ozaukee, WI",Low,3,Large high-wage metro counties,0.7708616922156166,0.5421484120816575,4,Larger average-economy counties
55091,"Pepin, WI",Very Low,4,Larger average-economy counties,0.9960769309388556,0.9938523968455261,1,Smaller mixed-economy counties
55093,"Pierce, WI",Very Low,4,Larger average-economy counties,0.997192140755845,0.9961768975089881,3,Large high-wage metro counties
55095,"Polk, WI",Low,4,Larger average-economy counties,0.9718997665489558,0.9441659891996649,1,Smaller mixed-economy counties
55097,"Portage, WI",Low,4,Larger average-economy counties,0.8914947862456488,0.7834904000060667,3,Large high-wage metro counties
55099,"Price, WI",Very Low,1,Smaller mixed-economy counties,0.990210349572244,0.9809759588178811,4,Larger average-economy counties
55101,"Racine, WI",Moderate,3,Large high-wage metro counties,0.9530164143161669,0.907107177552601,4,Larger average-economy counties
55103,"Richland, WI",Low,4,Larger average-economy counties,0.9712347922419622,0.9431676200599013,1,Smaller mixed-economy counties
55105,"Rock, WI",Moderate,4,Larger average-economy counties,0.9671546381459853,0.9363656376477756,3,Large high-wage metro counties
55107,"Rusk, WI",Very Low,1,Smaller mixed-economy counties,0.9817250475137179,0.9636788777247813,4,Larger average-economy counties
55109,"St. Croix, WI",Low,3,Large high-wage metro counties,0.9968448462972492,0.9946198763561441,4,Larger average-economy counties
55111,"Sauk, WI",Low,3,Large high-wage metro counties,0.9980008524068978,0.9963739548169406,4,Larger average-economy counties
55113,"Sawyer, WI",Low,4,Larger average-economy counties,0.7997937385555476,0.600737242133142,1,Smaller mixed-economy counties
55115,"Shawano, WI",Low,4,Larger average-economy counties,0.9973755216278151,0.995285903293852,3,Large high-wage metro counties
55117,"Sheboygan, WI",Low,3,Large high-wage metro counties,0.9800979809164145,0.9606842917952837,4,Larger average-economy counties
55119,"Taylor, WI",Very Low,4,Larger average-economy counties,0.9974228922900317,0.9958722326569031,3,Large high-wage metro counties
55121,"Trempealeau, WI",Low,3,Large high-wage metro counties,0.9906053226282265,0.9821278729487588,4,Larger average-economy counties
55123,"Vernon, WI",Low,4,Larger average-economy counties,0.9875554411827768,0.9757104632858415,3,Large high-wage metro counties
55125,"Vilas, WI",Low,1,Smaller mixed-economy counties,0.9709988562800344,0.9464739171959407,0,High-wage investment-income counties
55127,"Walworth, WI",Low,4,Larger average-economy counties,0.7360311233894276,0.4732476036164234,3,Large high-wage metro counties
55129,"Washburn, WI",Very Low,1,Smaller mixed-economy counties,0.9415526531327237,0.8859184688620882,4,Larger average-economy counties
55131,"Washington, WI",Low,4,Larger average-economy counties,0.6041389118814855,0.20933880743700362,3,Large high-wage metro counties
55133,"Waukesha, WI",Moderate,3,Large high-wage metro counties,0.9995316748568507,0.9992992729231112,0,High-wage investment-income counties
55135,"Waupaca, WI",Low,4,Larger average-economy counties,0.9834871752497175,0.9675367671045484,1,Smaller mixed-economy counties
55137,"Waushara, WI",Low,4,Larger average-economy counties,0.7562073599431006,0.5134656153415132,1,Smaller mixed-economy counties
55139,"Winnebago, WI",Moderate,3,Large high-wage metro counties,0.9840549347233573,0.9685647961275322,4,Larger average-economy counties
55141,"Wood, WI",Low,4,Larger average-economy counties,0.9369032954439265,0.8740940050315926,3,Large high-wage metro counties
56001,"Albany County, WY",Low,3,Large high-wage metro counties,0.9997247119094932,0.9995484388533166,0,High-wage investment-income counties
56003,"Big Horn County, WY",Very Low,1,Smaller mixed-economy counties,0.5312302648494012,0.06308153762002178,4,Larger average-economy counties
56005,"Campbell County, WY",Low,0,High-wage investment-income counties,0.5974094705524609,0.19482648544497677,2,Small transfer-reliant counties
56007,"Carbon County, WY",Very Low,1,Smaller mixed-economy counties,0.962500474453363,0.9403892747582993,0,High-wage investment-income counties
56009,"Converse County, WY",Very Low,1,Smaller mixed-economy counties,0.5310806493030078,0.3223308968898686,0,High-wage investment-income counties
56011,"Crook County, WY",Very Low,0,High-wage investment-income counties,0.7328798313199543,0.5157870896483754,2,Small transfer-reliant counties
56013,"Fremont County, WY",Low,1,Smaller mixed-economy counties,0.9924067634315351,0.9886711728921997,0,High-wage investment-income counties
56015,"Goshen County, WY",Very Low,1,Smaller mixed-economy counties,0.9911470563845043,0.9825930703488337,4,Larger average-economy counties
56017,"Hot Springs County, WY",Very Low,0,High-wage investment-income counties,0.6842374185488502,0.3988565543208107,1,Smaller mixed-economy counties
56019,"Johnson County, WY",Very Low,1,Smaller mixed-economy counties,0.98410640292707,0.970178416131714,0,High-wage investment-income counties
56021,"Laramie County, WY",Low,4,Larger average-economy counties,0.9934117883770958,0.9900734246080439,3,Large high-wage metro counties
56023,"Lincoln County, WY",Low,3,Large high-wage metro counties,0.6731089425940611,0.3501386619335926,4,Larger average-economy counties
56025,"Natrona County, WY",Low,0,High-wage investment-income counties,0.4791145026273883,0.25754868286584137,2,Small transfer-reliant counties
56027,"Niobrara County, WY",Very Low,0,High-wage investment-income counties,0.5560587344967011,0.19209158347184452,1,Smaller mixed-economy counties
56029,"Park County, WY",Low,4,Larger average-economy counties,0.9787280548365839,0.9578217332071529,1,Smaller mixed-economy counties
56031,"Platte County, WY",Very Low,1,Smaller mixed-economy counties,0.8114293062140299,0.624280758968458,4,Larger average-economy counties
56033,"Sheridan County, WY",Low,4,Larger average-economy counties,0.9787156446965697,0.9577701129201985,3,Large high-wage metro counties
56035,"Sublette County, WY",Very Low,1,Smaller mixed-economy counties,0.664965394225815,0.380858861206768,0,High-wage investment-income counties
56037,"Sweetwater County, WY",Very Low,4,Larger average-economy counties,0.8611084683643222,0.7798111929276785,0,High-wage investment-income counties
56039,"Teton County, WY",Low,3,Large high-wage metro counties,0.9993378438042282,0.9988764802082698,0,High-wage investment-income counties
56041,"Uinta County, WY",Very Low,4,Larger average-economy counties,0.5342936715254357,0.2537344696803077,0,High-wage investment-income counties
56043,"Washakie County, WY",Very Low,1,Smaller mixed-economy counties,0.9983703601107984,0.9969203072957772,0,High-wage investment-income counties
56045,"Weston County, WY",Very Low,1,Smaller mixed-economy counties,0.9984586230332613,0.9971677991046904,0,High-wage investment-income counties
