fips,county_name,state,state_long,msa_code,msa_name,msa_type,csa_code,csa_name
01001,Autauga County,AL,Alabama,C3386,"Montgomery, AL",Metro,,
01003,Baldwin County,AL,Alabama,C1930,"Daphne-Fairhope-Foley, AL",Metro,CS380,"Mobile-Daphne-Fairhope, AL"
01005,Barbour County,AL,Alabama,,,,,
01007,Bibb County,AL,Alabama,C1382,"Birmingham-Hoover, AL",Metro,CS142,"Birmingham-Hoover-Talladega, AL"
01009,Blount County,AL,Alabama,C1382,"Birmingham-Hoover, AL",Metro,CS142,"Birmingham-Hoover-Talladega, AL"
01011,Bullock County,AL,Alabama,,,,,
01013,Butler County,AL,Alabama,,,,,
01015,Calhoun County,AL,Alabama,C1150,"Anniston-Oxford-Jacksonville, AL",Metro,,
01017,Chambers County,AL,Alabama,C4674,"Valley, AL",Micro,CS194,"Columbus-Auburn-Opelika, GA-AL"
01019,Cherokee County,AL,Alabama,,,,,
01021,Chilton County,AL,Alabama,C1382,"Birmingham-Hoover, AL",Metro,CS142,"Birmingham-Hoover-Talladega, AL"
01023,Choctaw County,AL,Alabama,,,,,
01025,Clarke County,AL,Alabama,,,,,
01027,Clay County,AL,Alabama,,,,,
01029,Cleburne County,AL,Alabama,,,,,
01031,Coffee County,AL,Alabama,C2146,"Enterprise, AL",Micro,CS222,"Dothan-Enterprise-Ozark, AL"
01033,Colbert County,AL,Alabama,C2252,"Florence-Muscle Shoals, AL",Metro,,
01035,Conecuh County,AL,Alabama,,,,,
01037,Coosa County,AL,Alabama,C4518,"Talladega-Sylacauga, AL",Micro,CS142,"Birmingham-Hoover-Talladega, AL"
01039,Covington County,AL,Alabama,,,,,
01041,Crenshaw County,AL,Alabama,,,,,
01043,Cullman County,AL,Alabama,C1898,"Cullman, AL",Micro,CS142,"Birmingham-Hoover-Talladega, AL"
01045,Dale County,AL,Alabama,C3712,"Ozark, AL",Micro,CS222,"Dothan-Enterprise-Ozark, AL"
01047,Dallas County,AL,Alabama,C4282,"Selma, AL",Micro,,
01049,DeKalb County,AL,Alabama,,,,,
01051,Elmore County,AL,Alabama,C3386,"Montgomery, AL",Metro,,
01053,Escambia County,AL,Alabama,,,,,
01055,Etowah County,AL,Alabama,C2346,"Gadsden, AL",Metro,,
01057,Fayette County,AL,Alabama,,,,,
01059,Franklin County,AL,Alabama,,,,,
01061,Geneva County,AL,Alabama,C2002,"Dothan, AL",Metro,CS222,"Dothan-Enterprise-Ozark, AL"
01063,Greene County,AL,Alabama,,,,,
01065,Hale County,AL,Alabama,C4622,"Tuscaloosa, AL",Metro,,
01067,Henry County,AL,Alabama,C2002,"Dothan, AL",Metro,CS222,"Dothan-Enterprise-Ozark, AL"
01069,Houston County,AL,Alabama,C2002,"Dothan, AL",Metro,CS222,"Dothan-Enterprise-Ozark, AL"
01071,Jackson County,AL,Alabama,C4246,"Scottsboro, AL",Micro,CS174,"Chattanooga-Cleveland-Dalton, TN-GA-AL"
01073,Jefferson County,AL,Alabama,C1382,"Birmingham-Hoover, AL",Metro,CS142,"Birmingham-Hoover-Talladega, AL"
01075,Lamar County,AL,Alabama,,,,,
01077,Lauderdale County,AL,Alabama,C2252,"Florence-Muscle Shoals, AL",Metro,,
01079,Lawrence County,AL,Alabama,C1946,"Decatur, AL",Metro,CS290,"Huntsville-Decatur-Albertville, AL"
01081,Lee County,AL,Alabama,C1222,"Auburn-Opelika, AL",Metro,CS194,"Columbus-Auburn-Opelika, GA-AL"
01083,Limestone County,AL,Alabama,C2662,"Huntsville, AL",Metro,CS290,"Huntsville-Decatur-Albertville, AL"
01085,Lowndes County,AL,Alabama,C3386,"Montgomery, AL",Metro,,
01087,Macon County,AL,Alabama,,,,,
01089,Madison County,AL,Alabama,C2662,"Huntsville, AL",Metro,CS290,"Huntsville-Decatur-Albertville, AL"
01091,Marengo County,AL,Alabama,,,,,
01093,Marion County,AL,Alabama,,,,,
01095,Marshall County,AL,Alabama,C1070,"Albertville, AL",Micro,CS290,"Huntsville-Decatur-Albertville, AL"
01097,Mobile County,AL,Alabama,C3366,"Mobile, AL",Metro,CS380,"Mobile-Daphne-Fairhope, AL"
01099,Monroe County,AL,Alabama,,,,,
01101,Montgomery County,AL,Alabama,C3386,"Montgomery, AL",Metro,,
01103,Morgan County,AL,Alabama,C1946,"Decatur, AL",Metro,CS290,"Huntsville-Decatur-Albertville, AL"
01105,Perry County,AL,Alabama,,,,,
01107,Pickens County,AL,Alabama,C4622,"Tuscaloosa, AL",Metro,,
01109,Pike County,AL,Alabama,C4598,"Troy, AL",Micro,,
01111,Randolph County,AL,Alabama,,,,,
01113,Russell County,AL,Alabama,C1798,"Columbus, GA-AL",Metro,CS194,"Columbus-Auburn-Opelika, GA-AL"
01115,St. Clair County,AL,Alabama,C1382,"Birmingham-Hoover, AL",Metro,CS142,"Birmingham-Hoover-Talladega, AL"
01117,Shelby County,AL,Alabama,C1382,"Birmingham-Hoover, AL",Metro,CS142,"Birmingham-Hoover-Talladega, AL"
01119,Sumter County,AL,Alabama,,,,,
01121,Talladega County,AL,Alabama,C4518,"Talladega-Sylacauga, AL",Micro,CS142,"Birmingham-Hoover-Talladega, AL"
01123,Tallapoosa County,AL,Alabama,,,,,
01125,Tuscaloosa County,AL,Alabama,C4622,"Tuscaloosa, AL",Metro,,
01127,Walker County,AL,Alabama,C1382,"Birmingham-Hoover, AL",Metro,CS142,"Birmingham-Hoover-Talladega, AL"
01129,Washington County,AL,Alabama,,,,,
01131,Wilcox County,AL,Alabama,,,,,
01133,Winston County,AL,Alabama,,,,,
02010,Aleutian Islands Census Area,AK,Alaska,,,,,
02013,Aleutians East Borough,AK,Alaska,,,,,
02016,Aleutians West Census Area,AK,Alaska,,,,,
02020,Anchorage Municipality,AK,Alaska,C1126,"Anchorage, AK",Metro,,
02030,Angoon Division,AK,Alaska,,,,,
02040,Barrow-North Slope Division,AK,Alaska,,,,,
02050,Bethel Census Area,AK,Alaska,,,,,
02060,Bristol Bay Borough,AK,Alaska,,,,,
02063,Chugach Census Area,AK,Alaska,,,,,
02066,Copper River Census Area,AK,Alaska,,,,,
02068,Denali Borough,AK,Alaska,,,,,
02070,Dillingham Census Area,AK,Alaska,,,,,
02080,Cordova McCarthy Division,AK,Alaska,,,,,
02090,Fairbanks North Star Borough,AK,Alaska,C2182,"Fairbanks, AK",Metro,,
02100,Haines Borough,AK,Alaska,,,,,
02105,Hoonah-Angoon Census Area,AK,Alaska,,,,,
02110,Juneau City and Borough,AK,Alaska,C2794,"Juneau, AK",Micro,,
02120,Kenai-Cook Inlet Division,AK,Alaska,,,,,
02122,Kenai Peninsula Borough,AK,Alaska,,,,,
02130,Ketchikan Gateway Borough,AK,Alaska,C2854,"Ketchikan, AK",Micro,,
02140,Kobuk Census Area,AK,Alaska,,,,,
02150,Kodiak Island Borough,AK,Alaska,,,,,
02158,Kusilvak Census Area,AK,Alaska,,,,,
02160,Kuskokwim Division,AK,Alaska,,,,,
02164,Lake and Peninsula Borough,AK,Alaska,,,,,
02170,Matanuska-Susitna Borough,AK,Alaska,C1126,"Anchorage, AK",Metro,,
02180,Nome Census Area,AK,Alaska,,,,,
02185,North Slope Borough,AK,Alaska,,,,,
02188,Northwest Arctic Borough,AK,Alaska,,,,,
02190,Outer Ketchikan Division,AK,Alaska,,,,,
02195,Petersburg Borough,AK,Alaska,,,,,
02198,Prince of Wales-Hyder Census Area,AK,Alaska,,,,,
02200,Prince of Wales Division,AK,Alaska,,,,,
02201,Prince of Wales-Outer Ketchikan Census Area,AK,Alaska,,,,,
02210,Seward Division,AK,Alaska,,,,,
02220,Sitka City and Borough,AK,Alaska,,,,,
02230,Skagway Municipality,AK,Alaska,,,,,
02231,Skagway-Yakutat-Angoon Census Area,AK,Alaska,,,,,
02232,Skagway-Hoonah-Angoon Census Area,AK,Alaska,,,,,
02240,Southeast Fairbanks Census Area,AK,Alaska,,,,,
02250,Upper Yukon Division,AK,Alaska,,,,,
02260,Valdez-Chitina-Whittier Division,AK,Alaska,,,,,
02261,Valdez-Cordova Census Area,AK,Alaska,,,,,
02270,Wade Hampton Census Area,AK,Alaska,,,,,
02275,Wrangell City and Borough,AK,Alaska,,,,,
02280,Wrangell-Petersburg Census Area,AK,Alaska,,,,,
02282,Yakutat City and Borough,AK,Alaska,,,,,
02290,Yukon-Koyukuk Census Area,AK,Alaska,,,,,
04001,Apache County,AZ,Arizona,,,,,
04003,Cochise County,AZ,Arizona,C4342,"Sierra Vista-Douglas, AZ",Metro,,
04005,Coconino County,AZ,Arizona,C2238,"Flagstaff, AZ",Metro,,
04007,Gila County,AZ,Arizona,C3774,"Payson, AZ",Micro,,
04009,Graham County,AZ,Arizona,C4094,"Safford, AZ",Micro,,
04011,Greenlee County,AZ,Arizona,,,,,
04012,La Paz County,AZ,Arizona,,,,,
04013,Maricopa County,AZ,Arizona,C3806,"Phoenix-Mesa-Scottsdale, AZ",Metro,,
04015,Mohave County,AZ,Arizona,C2942,"Lake Havasu City-Kingman, AZ",Metro,CS332,"Las Vegas-Henderson, NV-AZ"
04017,Navajo County,AZ,Arizona,C4332,"Show Low, AZ",Micro,,
04019,Pima County,AZ,Arizona,C4606,"Tucson, AZ",Metro,CS536,"Tucson-Nogales, AZ"
04021,Pinal County,AZ,Arizona,C3806,"Phoenix-Mesa-Scottsdale, AZ",Metro,,
04023,Santa Cruz County,AZ,Arizona,C3570,"Nogales, AZ",Micro,CS536,"Tucson-Nogales, AZ"
04025,Yavapai County,AZ,Arizona,C3914,"Prescott, AZ",Metro,,
04027,Yuma County,AZ,Arizona,C4974,"Yuma, AZ",Metro,,
05001,Arkansas County,AR,Arkansas,,,,,
05003,Ashley County,AR,Arkansas,,,,,
05005,Baxter County,AR,Arkansas,C3426,"Mountain Home, AR",Micro,,
05007,Benton County,AR,Arkansas,C2222,"Fayetteville-Springdale-Rogers, AR-MO",Metro,,
05009,Boone County,AR,Arkansas,C2546,"Harrison, AR",Micro,,
05011,Bradley County,AR,Arkansas,,,,,
05013,Calhoun County,AR,Arkansas,C1578,"Camden, AR",Micro,,
05015,Carroll County,AR,Arkansas,,,,,
05017,Chicot County,AR,Arkansas,,,,,
05019,Clark County,AR,Arkansas,C1166,"Arkadelphia, AR",Micro,,
05021,Clay County,AR,Arkansas,,,,,
05023,Cleburne County,AR,Arkansas,,,,,
05025,Cleveland County,AR,Arkansas,C3822,"Pine Bluff, AR",Metro,CS340,"Little Rock-North Little Rock, AR"
05027,Columbia County,AR,Arkansas,C3162,"Magnolia, AR",Micro,,
05029,Conway County,AR,Arkansas,,,,,
05031,Craighead County,AR,Arkansas,C2786,"Jonesboro, AR",Metro,CS308,"Jonesboro-Paragould, AR"
05033,Crawford County,AR,Arkansas,C2290,"Fort Smith, AR-OK",Metro,,
05035,Crittenden County,AR,Arkansas,C3282,"Memphis, TN-MS-AR",Metro,CS368,"Memphis-Forrest City, TN-MS-AR"
05037,Cross County,AR,Arkansas,,,,,
05039,Dallas County,AR,Arkansas,,,,,
05041,Desha County,AR,Arkansas,,,,,
05043,Drew County,AR,Arkansas,,,,,
05045,Faulkner County,AR,Arkansas,C3078,"Little Rock-North Little Rock-Conway, AR",Metro,CS340,"Little Rock-North Little Rock, AR"
05047,Franklin County,AR,Arkansas,,,,,
05049,Fulton County,AR,Arkansas,,,,,
05051,Garland County,AR,Arkansas,C2630,"Hot Springs, AR",Metro,CS284,"Hot Springs-Malvern, AR"
05053,Grant County,AR,Arkansas,C3078,"Little Rock-North Little Rock-Conway, AR",Metro,CS340,"Little Rock-North Little Rock, AR"
05055,Greene County,AR,Arkansas,C3750,"Paragould, AR",Micro,CS308,"Jonesboro-Paragould, AR"
05057,Hempstead County,AR,Arkansas,,,,,
05059,Hot Spring County,AR,Arkansas,C3168,"Malvern, AR",Micro,CS284,"Hot Springs-Malvern, AR"
05061,Howard County,AR,Arkansas,,,,,
05063,Independence County,AR,Arkansas,C1290,"Batesville, AR",Micro,,
05065,Izard County,AR,Arkansas,,,,,
05067,Jackson County,AR,Arkansas,,,,,
05069,Jefferson County,AR,Arkansas,C3822,"Pine Bluff, AR",Metro,CS340,"Little Rock-North Little Rock, AR"
05071,Johnson County,AR,Arkansas,,,,,
05073,Lafayette County,AR,Arkansas,,,,,
05075,Lawrence County,AR,Arkansas,,,,,
05077,Lee County,AR,Arkansas,,,,,
05079,Lincoln County,AR,Arkansas,C3822,"Pine Bluff, AR",Metro,CS340,"Little Rock-North Little Rock, AR"
05081,Little River County,AR,Arkansas,C4550,"Texarkana, TX-AR",Metro,,
05083,Logan County,AR,Arkansas,,,,,
05085,Lonoke County,AR,Arkansas,C3078,"Little Rock-North Little Rock-Conway, AR",Metro,CS340,"Little Rock-North Little Rock, AR"
05087,Madison County,AR,Arkansas,C2222,"Fayetteville-Springdale-Rogers, AR-MO",Metro,,
05089,Marion County,AR,Arkansas,,,,,
05091,Miller County,AR,Arkansas,C4550,"Texarkana, TX-AR",Metro,,
05093,Mississippi County,AR,Arkansas,C1418,"Blytheville, AR",Micro,,
05095,Monroe County,AR,Arkansas,,,,,
05097,Montgomery County,AR,Arkansas,,,,,
05099,Nevada County,AR,Arkansas,,,,,
05101,Newton County,AR,Arkansas,C2546,"Harrison, AR",Micro,,
05103,Ouachita County,AR,Arkansas,C1578,"Camden, AR",Micro,,
05105,Perry County,AR,Arkansas,C3078,"Little Rock-North Little Rock-Conway, AR",Metro,CS340,"Little Rock-North Little Rock, AR"
05107,Phillips County,AR,Arkansas,C2576,"Helena-West Helena, AR",Micro,,
05109,Pike County,AR,Arkansas,,,,,
05111,Poinsett County,AR,Arkansas,C2786,"Jonesboro, AR",Metro,CS308,"Jonesboro-Paragould, AR"
05113,Polk County,AR,Arkansas,,,,,
05115,Pope County,AR,Arkansas,C4078,"Russellville, AR",Micro,,
05117,Prairie County,AR,Arkansas,,,,,
05119,Pulaski County,AR,Arkansas,C3078,"Little Rock-North Little Rock-Conway, AR",Metro,CS340,"Little Rock-North Little Rock, AR"
05121,Randolph County,AR,Arkansas,,,,,
05123,St. Francis County,AR,Arkansas,C2262,"Forrest City, AR",Micro,CS368,"Memphis-Forrest City, TN-MS-AR"
05125,Saline County,AR,Arkansas,C3078,"Little Rock-North Little Rock-Conway, AR",Metro,CS340,"Little Rock-North Little Rock, AR"
05127,Scott County,AR,Arkansas,,,,,
05129,Searcy County,AR,Arkansas,,,,,
05131,Sebastian County,AR,Arkansas,C2290,"Fort Smith, AR-OK",Metro,,
05133,Sevier County,AR,Arkansas,,,,,
05135,Sharp County,AR,Arkansas,,,,,
05137,Stone County,AR,Arkansas,,,,,
05139,Union County,AR,Arkansas,C2098,"El Dorado, AR",Micro,,
05141,Van Buren County,AR,Arkansas,,,,,
05143,Washington County,AR,Arkansas,C2222,"Fayetteville-Springdale-Rogers, AR-MO",Metro,,
05145,White County,AR,Arkansas,C4262,"Searcy, AR",Micro,CS340,"Little Rock-North Little Rock, AR"
05147,Woodruff County,AR,Arkansas,,,,,
05149,Yell County,AR,Arkansas,C4078,"Russellville, AR",Micro,,
06001,Alameda County,CA,California,C4186,"San Francisco-Oakland-Hayward, CA",Metro,CS488,"San Jose-San Francisco-Oakland, CA"
06003,Alpine County,CA,California,,,,,
06005,Amador County,CA,California,,,,,
06007,Butte County,CA,California,C1702,"Chico, CA",Metro,,
06009,Calaveras County,CA,California,,,,,
06011,Colusa County,CA,California,,,,,
06013,Contra Costa County,CA,California,C4186,"San Francisco-Oakland-Hayward, CA",Metro,CS488,"San Jose-San Francisco-Oakland, CA"
06015,Del Norte County,CA,California,C1886,"Crescent City, CA",Micro,,
06017,El Dorado County,CA,California,C4090,"Sacramento--Roseville--Arden-Arcade, CA",Metro,CS472,"Sacramento-Roseville, CA"
06019,Fresno County,CA,California,C2342,"Fresno, CA",Metro,CS260,"Fresno-Madera, CA"
06021,Glenn County,CA,California,,,,,
06023,Humboldt County,CA,California,C2170,"Eureka-Arcata-Fortuna, CA",Micro,,
06025,Imperial County,CA,California,C2094,"El Centro, CA",Metro,,
06027,Inyo County,CA,California,,,,,
06029,Kern County,CA,California,C1254,"Bakersfield, CA",Metro,,
06031,Kings County,CA,California,C2526,"Hanford-Corcoran, CA",Metro,CS546,"Visalia-Porterville-Hanford, CA"
06033,Lake County,CA,California,C1734,"Clearlake, CA",Micro,,
06035,Lassen County,CA,California,C4500,"Susanville, CA",Micro,,
06037,Los Angeles County,CA,California,C3108,"Los Angeles-Long Beach-Anaheim, CA",Metro,CS348,"Los Angeles-Long Beach, CA"
06039,Madera County,CA,California,C3146,"Madera, CA",Metro,CS260,"Fresno-Madera, CA"
06041,Marin County,CA,California,C4186,"San Francisco-Oakland-Hayward, CA",Metro,CS488,"San Jose-San Francisco-Oakland, CA"
06043,Mariposa County,CA,California,,,,,
06045,Mendocino County,CA,California,C4638,"Ukiah, CA",Micro,,
06047,Merced County,CA,California,C3290,"Merced, CA",Metro,CS382,"Modesto-Merced, CA"
06049,Modoc County,CA,California,,,,,
06051,Mono County,CA,California,,,,,
06053,Monterey County,CA,California,C4150,"Salinas, CA",Metro,,
06055,Napa County,CA,California,C3490,"Napa, CA",Metro,CS488,"San Jose-San Francisco-Oakland, CA"
06057,Nevada County,CA,California,C4602,"Truckee-Grass Valley, CA",Micro,CS472,"Sacramento-Roseville, CA"
06059,Orange County,CA,California,C3108,"Los Angeles-Long Beach-Anaheim, CA",Metro,CS348,"Los Angeles-Long Beach, CA"
06061,Placer County,CA,California,C4090,"Sacramento--Roseville--Arden-Arcade, CA",Metro,CS472,"Sacramento-Roseville, CA"
06063,Plumas County,CA,California,,,,,
06065,Riverside County,CA,California,C4014,"Riverside-San Bernardino-Ontario, CA",Metro,CS348,"Los Angeles-Long Beach, CA"
06067,Sacramento County,CA,California,C4090,"Sacramento--Roseville--Arden-Arcade, CA",Metro,CS472,"Sacramento-Roseville, CA"
06069,San Benito County,CA,California,C4194,"San Jose-Sunnyvale-Santa Clara, CA",Metro,CS488,"San Jose-San Francisco-Oakland, CA"
06071,San Bernardino County,CA,California,C4014,"Riverside-San Bernardino-Ontario, CA",Metro,CS348,"Los Angeles-Long Beach, CA"
06073,San Diego County,CA,California,C4174,"San Diego-Carlsbad, CA",Metro,,
06075,San Francisco County,CA,California,C4186,"San Francisco-Oakland-Hayward, CA",Metro,CS488,"San Jose-San Francisco-Oakland, CA"
06077,San Joaquin County,CA,California,C4470,"Stockton-Lodi, CA",Metro,CS488,"San Jose-San Francisco-Oakland, CA"
06079,San Luis Obispo County,CA,California,C4202,"San Luis Obispo-Paso Robles-Arroyo Grande, CA",Metro,,
06081,San Mateo County,CA,California,C4186,"San Francisco-Oakland-Hayward, CA",Metro,CS488,"San Jose-San Francisco-Oakland, CA"
06083,Santa Barbara County,CA,California,C4220,"Santa Maria-Santa Barbara, CA",Metro,,
06085,Santa Clara County,CA,California,C4194,"San Jose-Sunnyvale-Santa Clara, CA",Metro,CS488,"San Jose-San Francisco-Oakland, CA"
06087,Santa Cruz County,CA,California,C4210,"Santa Cruz-Watsonville, CA",Metro,CS488,"San Jose-San Francisco-Oakland, CA"
06089,Shasta County,CA,California,C3982,"Redding, CA",Metro,CS454,"Redding-Red Bluff, CA"
06091,Sierra County,CA,California,,,,,
06093,Siskiyou County,CA,California,,,,,
06095,Solano County,CA,California,C4670,"Vallejo-Fairfield, CA",Metro,CS488,"San Jose-San Francisco-Oakland, CA"
06097,Sonoma County,CA,California,C4222,"Santa Rosa, CA",Metro,CS488,"San Jose-San Francisco-Oakland, CA"
06099,Stanislaus County,CA,California,C3370,"Modesto, CA",Metro,CS382,"Modesto-Merced, CA"
06101,Sutter County,CA,California,C4970,"Yuba City, CA",Metro,CS472,"Sacramento-Roseville, CA"
06103,Tehama County,CA,California,C3978,"Red Bluff, CA",Micro,CS454,"Redding-Red Bluff, CA"
06105,Trinity County,CA,California,,,,,
06107,Tulare County,CA,California,C4730,"Visalia-Porterville, CA",Metro,CS546,"Visalia-Porterville-Hanford, CA"
06109,Tuolumne County,CA,California,C4376,"Sonora, CA",Micro,,
06111,Ventura County,CA,California,C3710,"Oxnard-Thousand Oaks-Ventura, CA",Metro,CS348,"Los Angeles-Long Beach, CA"
06113,Yolo County,CA,California,C4090,"Sacramento--Roseville--Arden-Arcade, CA",Metro,CS472,"Sacramento-Roseville, CA"
06115,Yuba County,CA,California,C4970,"Yuba City, CA",Metro,CS472,"Sacramento-Roseville, CA"
08001,Adams County,CO,Colorado,C1974,"Denver-Aurora-Lakewood, CO",Metro,CS216,"Denver-Aurora, CO"
08003,Alamosa County,CO,Colorado,,,,,
08005,Arapahoe County,CO,Colorado,C1974,"Denver-Aurora-Lakewood, CO",Metro,CS216,"Denver-Aurora, CO"
08007,Archuleta County,CO,Colorado,,,,,
08009,Baca County,CO,Colorado,,,,,
08011,Bent County,CO,Colorado,,,,,
08013,Boulder County,CO,Colorado,C1450,"Boulder, CO",Metro,CS216,"Denver-Aurora, CO"
08014,Broomfield County,CO,Colorado,C1974,"Denver-Aurora-Lakewood, CO",Metro,CS216,"Denver-Aurora, CO"
08015,Chaffee County,CO,Colorado,,,,,
08017,Cheyenne County,CO,Colorado,,,,,
08019,Clear Creek County,CO,Colorado,C1974,"Denver-Aurora-Lakewood, CO",Metro,CS216,"Denver-Aurora, CO"
08021,Conejos County,CO,Colorado,,,,,
08023,Costilla County,CO,Colorado,,,,,
08025,Crowley County,CO,Colorado,,,,,
08027,Custer County,CO,Colorado,,,,,
08029,Delta County,CO,Colorado,,,,,
08031,Denver County,CO,Colorado,C1974,"Denver-Aurora-Lakewood, CO",Metro,CS216,"Denver-Aurora, CO"
08033,Dolores County,CO,Colorado,,,,,
08035,Douglas County,CO,Colorado,C1974,"Denver-Aurora-Lakewood, CO",Metro,CS216,"Denver-Aurora, CO"
08037,Eagle County,CO,Colorado,C2078,"Edwards, CO",Micro,CS233,"Edwards-Glenwood Springs, CO"
08039,Elbert County,CO,Colorado,C1974,"Denver-Aurora-Lakewood, CO",Metro,CS216,"Denver-Aurora, CO"
08041,El Paso County,CO,Colorado,C1782,"Colorado Springs, CO",Metro,,
08043,Fremont County,CO,Colorado,C1586,"Cañon City, CO",Micro,CS444,"Pueblo-Cañon City, CO"
08045,Garfield County,CO,Colorado,C2406,"Glenwood Springs, CO",Micro,CS233,"Edwards-Glenwood Springs, CO"
08047,Gilpin County,CO,Colorado,C1974,"Denver-Aurora-Lakewood, CO",Metro,CS216,"Denver-Aurora, CO"
08049,Grand County,CO,Colorado,,,,,
08051,Gunnison County,CO,Colorado,,,,,
08053,Hinsdale County,CO,Colorado,,,,,
08055,Huerfano County,CO,Colorado,,,,,
08057,Jackson County,CO,Colorado,,,,,
08059,Jefferson County,CO,Colorado,C1974,"Denver-Aurora-Lakewood, CO",Metro,CS216,"Denver-Aurora, CO"
08061,Kiowa County,CO,Colorado,,,,,
08063,Kit Carson County,CO,Colorado,,,,,
08065,Lake County,CO,Colorado,,,,,
08067,La Plata County,CO,Colorado,C2042,"Durango, CO",Micro,,
08069,Larimer County,CO,Colorado,C2266,"Fort Collins, CO",Metro,,
08071,Las Animas County,CO,Colorado,,,,,
08073,Lincoln County,CO,Colorado,,,,,
08075,Logan County,CO,Colorado,C4454,"Sterling, CO",Micro,,
08077,Mesa County,CO,Colorado,C2430,"Grand Junction, CO",Metro,,
08079,Mineral County,CO,Colorado,,,,,
08081,Moffat County,CO,Colorado,C1878,"Craig, CO",Micro,CS525,"Steamboat Springs-Craig, CO"
08083,Montezuma County,CO,Colorado,,,,,
08085,Montrose County,CO,Colorado,C3394,"Montrose, CO",Micro,,
08087,Morgan County,CO,Colorado,C2282,"Fort Morgan, CO",Micro,,
08089,Otero County,CO,Colorado,,,,,
08091,Ouray County,CO,Colorado,,,,,
08093,Park County,CO,Colorado,C1974,"Denver-Aurora-Lakewood, CO",Metro,CS216,"Denver-Aurora, CO"
08095,Phillips County,CO,Colorado,,,,,
08097,Pitkin County,CO,Colorado,C2406,"Glenwood Springs, CO",Micro,CS233,"Edwards-Glenwood Springs, CO"
08099,Prowers County,CO,Colorado,,,,,
08101,Pueblo County,CO,Colorado,C3938,"Pueblo, CO",Metro,CS444,"Pueblo-Cañon City, CO"
08103,Rio Blanco County,CO,Colorado,,,,,
08105,Rio Grande County,CO,Colorado,,,,,
08107,Routt County,CO,Colorado,C4446,"Steamboat Springs, CO",Micro,CS525,"Steamboat Springs-Craig, CO"
08109,Saguache County,CO,Colorado,,,,,
08111,San Juan County,CO,Colorado,,,,,
08113,San Miguel County,CO,Colorado,,,,,
08115,Sedgwick County,CO,Colorado,,,,,
08117,Summit County,CO,Colorado,C1472,"Breckenridge, CO",Micro,,
08119,Teller County,CO,Colorado,C1782,"Colorado Springs, CO",Metro,,
08121,Washington County,CO,Colorado,,,,,
08123,Weld County,CO,Colorado,C2454,"Greeley, CO",Metro,CS216,"Denver-Aurora, CO"
08125,Yuma County,CO,Colorado,,,,,
09001,Fairfield County,CT,Connecticut,C1486,"Bridgeport-Stamford-Norwalk, CT",Metro,CS408,"New York-Newark, NY-NJ-CT-PA"
09003,Hartford County,CT,Connecticut,C2554,"Hartford-West Hartford-East Hartford, CT",Metro,CS278,"Hartford-West Hartford, CT"
09005,Litchfield County,CT,Connecticut,C4586,"Torrington, CT",Micro,CS408,"New York-Newark, NY-NJ-CT-PA"
09007,Middlesex County,CT,Connecticut,C2554,"Hartford-West Hartford-East Hartford, CT",Metro,CS278,"Hartford-West Hartford, CT"
09009,New Haven County,CT,Connecticut,C3530,"New Haven-Milford, CT",Metro,CS408,"New York-Newark, NY-NJ-CT-PA"
09011,New London County,CT,Connecticut,C3598,"Norwich-New London, CT",Metro,CS278,"Hartford-West Hartford, CT"
09013,Tolland County,CT,Connecticut,C2554,"Hartford-West Hartford-East Hartford, CT",Metro,CS278,"Hartford-West Hartford, CT"
09015,Windham County,CT,Connecticut,C4934,"Worcester, MA-CT",Metro,CS148,"Boston-Worcester-Providence, MA-RI-NH-CT"
10001,Kent County,DE,Delaware,C2010,"Dover, DE",Metro,CS428,"Philadelphia-Reading-Camden, PA-NJ-DE-MD"
10003,New Castle County,DE,Delaware,C3798,"Philadelphia-Camden-Wilmington, PA-NJ-DE-MD",Metro,CS428,"Philadelphia-Reading-Camden, PA-NJ-DE-MD"
10005,Sussex County,DE,Delaware,C4154,"Salisbury, MD-DE",Metro,,
11001,District of Columbia,DC,istrict of Columbia,C4790,"Washington-Arlington-Alexandria, DC-VA-MD-WV",Metro,CS548,"Washington-Baltimore-Arlington, DC-MD-VA-WV-PA"
12001,Alachua County,FL,Florida,C2354,"Gainesville, FL",Metro,CS264,"Gainesville-Lake City, FL"
12003,Baker County,FL,Florida,C2726,"Jacksonville, FL",Metro,CS300,"Jacksonville-St. Marys-Palatka, FL-GA"
12005,Bay County,FL,Florida,C3746,"Panama City, FL",Metro,,
12007,Bradford County,FL,Florida,,,,,
12009,Brevard County,FL,Florida,C3734,"Palm Bay-Melbourne-Titusville, FL",Metro,,
12011,Broward County,FL,Florida,C3310,"Miami-Fort Lauderdale-West Palm Beach, FL",Metro,CS370,"Miami-Fort Lauderdale-Port St. Lucie, FL"
12013,Calhoun County,FL,Florida,,,,,
12015,Charlotte County,FL,Florida,C3946,"Punta Gorda, FL",Metro,CS412,"North Port-Sarasota, FL"
12017,Citrus County,FL,Florida,C2614,"Homosassa Springs, FL",Metro,,
12019,Clay County,FL,Florida,C2726,"Jacksonville, FL",Metro,CS300,"Jacksonville-St. Marys-Palatka, FL-GA"
12021,Collier County,FL,Florida,C3494,"Naples-Immokalee-Marco Island, FL",Metro,CS162,"Cape Coral-Fort Myers-Naples, FL"
12023,Columbia County,FL,Florida,C2938,"Lake City, FL",Micro,CS264,"Gainesville-Lake City, FL"
12025,Dade County,FL,Florida,,,,,
12027,DeSoto County,FL,Florida,C1158,"Arcadia, FL",Micro,CS412,"North Port-Sarasota, FL"
12029,Dixie County,FL,Florida,,,,,
12031,Duval County,FL,Florida,C2726,"Jacksonville, FL",Metro,CS300,"Jacksonville-St. Marys-Palatka, FL-GA"
12033,Escambia County,FL,Florida,C3786,"Pensacola-Ferry Pass-Brent, FL",Metro,,
12035,Flagler County,FL,Florida,C1966,"Deltona-Daytona Beach-Ormond Beach, FL",Metro,CS422,"Orlando-Deltona-Daytona Beach, FL"
12037,Franklin County,FL,Florida,,,,,
12039,Gadsden County,FL,Florida,C4522,"Tallahassee, FL",Metro,CS533,"Tallahassee-Bainbridge, FL-GA"
12041,Gilchrist County,FL,Florida,C2354,"Gainesville, FL",Metro,CS264,"Gainesville-Lake City, FL"
12043,Glades County,FL,Florida,,,,,
12045,Gulf County,FL,Florida,C3746,"Panama City, FL",Metro,,
12047,Hamilton County,FL,Florida,,,,,
12049,Hardee County,FL,Florida,C4810,"Wauchula, FL",Micro,,
12051,Hendry County,FL,Florida,C1750,"Clewiston, FL",Micro,,
12053,Hernando County,FL,Florida,C4530,"Tampa-St. Petersburg-Clearwater, FL",Metro,,
12055,Highlands County,FL,Florida,C4270,"Sebring, FL",Metro,,
12057,Hillsborough County,FL,Florida,C4530,"Tampa-St. Petersburg-Clearwater, FL",Metro,,
12059,Holmes County,FL,Florida,,,,,
12061,Indian River County,FL,Florida,C4268,"Sebastian-Vero Beach, FL",Metro,CS370,"Miami-Fort Lauderdale-Port St. Lucie, FL"
12063,Jackson County,FL,Florida,,,,,
12065,Jefferson County,FL,Florida,C4522,"Tallahassee, FL",Metro,CS533,"Tallahassee-Bainbridge, FL-GA"
12067,Lafayette County,FL,Florida,,,,,
12069,Lake County,FL,Florida,C3674,"Orlando-Kissimmee-Sanford, FL",Metro,CS422,"Orlando-Deltona-Daytona Beach, FL"
12071,Lee County,FL,Florida,C1598,"Cape Coral-Fort Myers, FL",Metro,CS162,"Cape Coral-Fort Myers-Naples, FL"
12073,Leon County,FL,Florida,C4522,"Tallahassee, FL",Metro,CS533,"Tallahassee-Bainbridge, FL-GA"
12075,Levy County,FL,Florida,,,,,
12077,Liberty County,FL,Florida,,,,,
12079,Madison County,FL,Florida,,,,,
12081,Manatee County,FL,Florida,C3584,"North Port-Sarasota-Bradenton, FL",Metro,CS412,"North Port-Sarasota, FL"
12083,Marion County,FL,Florida,C3610,"Ocala, FL",Metro,,
12085,Martin County,FL,Florida,C3894,"Port St. Lucie, FL",Metro,CS370,"Miami-Fort Lauderdale-Port St. Lucie, FL"
12086,Miami-Dade County,FL,Florida,C3310,"Miami-Fort Lauderdale-West Palm Beach, FL",Metro,CS370,"Miami-Fort Lauderdale-Port St. Lucie, FL"
12087,Monroe County,FL,Florida,C2858,"Key West, FL",Micro,,
12089,Nassau County,FL,Florida,C2726,"Jacksonville, FL",Metro,CS300,"Jacksonville-St. Marys-Palatka, FL-GA"
12091,Okaloosa County,FL,Florida,C1888,"Crestview-Fort Walton Beach-Destin, FL",Metro,,
12093,Okeechobee County,FL,Florida,C3638,"Okeechobee, FL",Micro,CS370,"Miami-Fort Lauderdale-Port St. Lucie, FL"
12095,Orange County,FL,Florida,C3674,"Orlando-Kissimmee-Sanford, FL",Metro,CS422,"Orlando-Deltona-Daytona Beach, FL"
12097,Osceola County,FL,Florida,C3674,"Orlando-Kissimmee-Sanford, FL",Metro,CS422,"Orlando-Deltona-Daytona Beach, FL"
12099,Palm Beach County,FL,Florida,C3310,"Miami-Fort Lauderdale-West Palm Beach, FL",Metro,CS370,"Miami-Fort Lauderdale-Port St. Lucie, FL"
12101,Pasco County,FL,Florida,C4530,"Tampa-St. Petersburg-Clearwater, FL",Metro,,
12103,Pinellas County,FL,Florida,C4530,"Tampa-St. Petersburg-Clearwater, FL",Metro,,
12105,Polk County,FL,Florida,C2946,"Lakeland-Winter Haven, FL",Metro,,
12107,Putnam County,FL,Florida,C3726,"Palatka, FL",Micro,CS300,"Jacksonville-St. Marys-Palatka, FL-GA"
12109,St. Johns County,FL,Florida,C2726,"Jacksonville, FL",Metro,CS300,"Jacksonville-St. Marys-Palatka, FL-GA"
12111,St. Lucie County,FL,Florida,C3894,"Port St. Lucie, FL",Metro,CS370,"Miami-Fort Lauderdale-Port St. Lucie, FL"
12113,Santa Rosa County,FL,Florida,C3786,"Pensacola-Ferry Pass-Brent, FL",Metro,,
12115,Sarasota County,FL,Florida,C3584,"North Port-Sarasota-Bradenton, FL",Metro,CS412,"North Port-Sarasota, FL"
12117,Seminole County,FL,Florida,C3674,"Orlando-Kissimmee-Sanford, FL",Metro,CS422,"Orlando-Deltona-Daytona Beach, FL"
12119,Sumter County,FL,Florida,C4554,"The Villages, FL",Metro,CS422,"Orlando-Deltona-Daytona Beach, FL"
12121,Suwannee County,FL,Florida,,,,,
12123,Taylor County,FL,Florida,,,,,
12125,Union County,FL,Florida,,,,,
12127,Volusia County,FL,Florida,C1966,"Deltona-Daytona Beach-Ormond Beach, FL",Metro,CS422,"Orlando-Deltona-Daytona Beach, FL"
12129,Wakulla County,FL,Florida,C4522,"Tallahassee, FL",Metro,CS533,"Tallahassee-Bainbridge, FL-GA"
12131,Walton County,FL,Florida,C1888,"Crestview-Fort Walton Beach-Destin, FL",Metro,,
12133,Washington County,FL,Florida,,,,,
13001,Appling County,GA,Georgia,,,,,
13003,Atkinson County,GA,Georgia,,,,,
13005,Bacon County,GA,Georgia,,,,,
13007,Baker County,GA,Georgia,C1050,"Albany, GA",Metro,,
13009,Baldwin County,GA,Georgia,C3330,"Milledgeville, GA",Micro,,
13011,Banks County,GA,Georgia,,,,,
13013,Barrow County,GA,Georgia,C1206,"Atlanta-Sandy Springs-Roswell, GA",Metro,CS122,"Atlanta--Athens-Clarke County--Sandy Springs, GA"
13015,Bartow County,GA,Georgia,C1206,"Atlanta-Sandy Springs-Roswell, GA",Metro,CS122,"Atlanta--Athens-Clarke County--Sandy Springs, GA"
13017,Ben Hill County,GA,Georgia,C2234,"Fitzgerald, GA",Micro,,
13019,Berrien County,GA,Georgia,,,,,
13021,Bibb County,GA,Georgia,C3142,"Macon, GA",Metro,CS356,"Macon-Warner Robins, GA"
13023,Bleckley County,GA,Georgia,,,,,
13025,Brantley County,GA,Georgia,C1526,"Brunswick, GA",Metro,,
13027,Brooks County,GA,Georgia,C4666,"Valdosta, GA",Metro,,
13029,Bryan County,GA,Georgia,C4234,"Savannah, GA",Metro,CS496,"Savannah-Hinesville-Statesboro, GA"
13031,Bulloch County,GA,Georgia,C4434,"Statesboro, GA",Micro,CS496,"Savannah-Hinesville-Statesboro, GA"
13033,Burke County,GA,Georgia,C1226,"Augusta-Richmond County, GA-SC",Metro,,
13035,Butts County,GA,Georgia,C1206,"Atlanta-Sandy Springs-Roswell, GA",Metro,CS122,"Atlanta--Athens-Clarke County--Sandy Springs, GA"
13037,Calhoun County,GA,Georgia,,,,,
13039,Camden County,GA,Georgia,C4122,"St. Marys, GA",Micro,CS300,"Jacksonville-St. Marys-Palatka, FL-GA"
13043,Candler County,GA,Georgia,,,,,
13045,Carroll County,GA,Georgia,C1206,"Atlanta-Sandy Springs-Roswell, GA",Metro,CS122,"Atlanta--Athens-Clarke County--Sandy Springs, GA"
13047,Catoosa County,GA,Georgia,C1686,"Chattanooga, TN-GA",Metro,CS174,"Chattanooga-Cleveland-Dalton, TN-GA-AL"
13049,Charlton County,GA,Georgia,,,,,
13051,Chatham County,GA,Georgia,C4234,"Savannah, GA",Metro,CS496,"Savannah-Hinesville-Statesboro, GA"
13053,Chattahoochee County,GA,Georgia,C1798,"Columbus, GA-AL",Metro,CS194,"Columbus-Auburn-Opelika, GA-AL"
13055,Chattooga County,GA,Georgia,C4490,"Summerville, GA",Micro,CS470,"Rome-Summerville, GA"
13057,Cherokee County,GA,Georgia,C1206,"Atlanta-Sandy Springs-Roswell, GA",Metro,CS122,"Atlanta--Athens-Clarke County--Sandy Springs, GA"
13059,Clarke County,GA,Georgia,C1202,"Athens-Clarke County, GA",Metro,CS122,"Atlanta--Athens-Clarke County--Sandy Springs, GA"
13061,Clay County,GA,Georgia,,,,,
13063,Clayton County,GA,Georgia,C1206,"Atlanta-Sandy Springs-Roswell, GA",Metro,CS122,"Atlanta--Athens-Clarke County--Sandy Springs, GA"
13065,Clinch County,GA,Georgia,,,,,
13067,Cobb County,GA,Georgia,C1206,"Atlanta-Sandy Springs-Roswell, GA",Metro,CS122,"Atlanta--Athens-Clarke County--Sandy Springs, GA"
13069,Coffee County,GA,Georgia,C2006,"Douglas, GA",Micro,,
13071,Colquitt County,GA,Georgia,C3422,"Moultrie, GA",Micro,,
13073,Columbia County,GA,Georgia,C1226,"Augusta-Richmond County, GA-SC",Metro,,
13075,Cook County,GA,Georgia,,,,,
13077,Coweta County,GA,Georgia,C1206,"Atlanta-Sandy Springs-Roswell, GA",Metro,CS122,"Atlanta--Athens-Clarke County--Sandy Springs, GA"
13079,Crawford County,GA,Georgia,C3142,"Macon, GA",Metro,CS356,"Macon-Warner Robins, GA"
13081,Crisp County,GA,Georgia,C1838,"Cordele, GA",Micro,,
13083,Dade County,GA,Georgia,C1686,"Chattanooga, TN-GA",Metro,CS174,"Chattanooga-Cleveland-Dalton, TN-GA-AL"
13085,Dawson County,GA,Georgia,C1206,"Atlanta-Sandy Springs-Roswell, GA",Metro,CS122,"Atlanta--Athens-Clarke County--Sandy Springs, GA"
13087,Decatur County,GA,Georgia,C1246,"Bainbridge, GA",Micro,CS533,"Tallahassee-Bainbridge, FL-GA"
13089,DeKalb County,GA,Georgia,C1206,"Atlanta-Sandy Springs-Roswell, GA",Metro,CS122,"Atlanta--Athens-Clarke County--Sandy Springs, GA"
13091,Dodge County,GA,Georgia,,,,,
13093,Dooly County,GA,Georgia,,,,,
13095,Dougherty County,GA,Georgia,C1050,"Albany, GA",Metro,,
13097,Douglas County,GA,Georgia,C1206,"Atlanta-Sandy Springs-Roswell, GA",Metro,CS122,"Atlanta--Athens-Clarke County--Sandy Springs, GA"
13099,Early County,GA,Georgia,,,,,
13101,Echols County,GA,Georgia,C4666,"Valdosta, GA",Metro,,
13103,Effingham County,GA,Georgia,C4234,"Savannah, GA",Metro,CS496,"Savannah-Hinesville-Statesboro, GA"
13105,Elbert County,GA,Georgia,,,,,
13107,Emanuel County,GA,Georgia,,,,,
13109,Evans County,GA,Georgia,,,,,
13111,Fannin County,GA,Georgia,,,,,
13113,Fayette County,GA,Georgia,C1206,"Atlanta-Sandy Springs-Roswell, GA",Metro,CS122,"Atlanta--Athens-Clarke County--Sandy Springs, GA"
13115,Floyd County,GA,Georgia,C4066,"Rome, GA",Metro,CS470,"Rome-Summerville, GA"
13117,Forsyth County,GA,Georgia,C1206,"Atlanta-Sandy Springs-Roswell, GA",Metro,CS122,"Atlanta--Athens-Clarke County--Sandy Springs, GA"
13119,Franklin County,GA,Georgia,,,,,
13121,Fulton County,GA,Georgia,C1206,"Atlanta-Sandy Springs-Roswell, GA",Metro,CS122,"Atlanta--Athens-Clarke County--Sandy Springs, GA"
13123,Gilmer County,GA,Georgia,,,,,
13125,Glascock County,GA,Georgia,,,,,
13127,Glynn County,GA,Georgia,C1526,"Brunswick, GA",Metro,,
13129,Gordon County,GA,Georgia,C1566,"Calhoun, GA",Micro,CS122,"Atlanta--Athens-Clarke County--Sandy Springs, GA"
13131,Grady County,GA,Georgia,,,,,
13133,Greene County,GA,Georgia,,,,,
13135,Gwinnett County,GA,Georgia,C1206,"Atlanta-Sandy Springs-Roswell, GA",Metro,CS122,"Atlanta--Athens-Clarke County--Sandy Springs, GA"
13137,Habersham County,GA,Georgia,C1846,"Cornelia, GA",Micro,,
13139,Hall County,GA,Georgia,C2358,"Gainesville, GA",Metro,CS122,"Atlanta--Athens-Clarke County--Sandy Springs, GA"
13141,Hancock County,GA,Georgia,C3330,"Milledgeville, GA",Micro,,
13143,Haralson County,GA,Georgia,C1206,"Atlanta-Sandy Springs-Roswell, GA",Metro,CS122,"Atlanta--Athens-Clarke County--Sandy Springs, GA"
13145,Harris County,GA,Georgia,C1798,"Columbus, GA-AL",Metro,CS194,"Columbus-Auburn-Opelika, GA-AL"
13147,Hart County,GA,Georgia,,,,,
13149,Heard County,GA,Georgia,C1206,"Atlanta-Sandy Springs-Roswell, GA",Metro,CS122,"Atlanta--Athens-Clarke County--Sandy Springs, GA"
13151,Henry County,GA,Georgia,C1206,"Atlanta-Sandy Springs-Roswell, GA",Metro,CS122,"Atlanta--Athens-Clarke County--Sandy Springs, GA"
13153,Houston County,GA,Georgia,C4758,"Warner Robins, GA",Metro,CS356,"Macon-Warner Robins, GA"
13155,Irwin County,GA,Georgia,,,,,
13157,Jackson County,GA,Georgia,C2760,"Jefferson, GA",Micro,CS122,"Atlanta--Athens-Clarke County--Sandy Springs, GA"
13159,Jasper County,GA,Georgia,C1206,"Atlanta-Sandy Springs-Roswell, GA",Metro,CS122,"Atlanta--Athens-Clarke County--Sandy Springs, GA"
13161,Jeff Davis County,GA,Georgia,,,,,
13163,Jefferson County,GA,Georgia,,,,,
13165,Jenkins County,GA,Georgia,,,,,
13167,Johnson County,GA,Georgia,C2014,"Dublin, GA",Micro,,
13169,Jones County,GA,Georgia,C3142,"Macon, GA",Metro,CS356,"Macon-Warner Robins, GA"
13171,Lamar County,GA,Georgia,C1206,"Atlanta-Sandy Springs-Roswell, GA",Metro,CS122,"Atlanta--Athens-Clarke County--Sandy Springs, GA"
13173,Lanier County,GA,Georgia,C4666,"Valdosta, GA",Metro,,
13175,Laurens County,GA,Georgia,C2014,"Dublin, GA",Micro,,
13177,Lee County,GA,Georgia,C1050,"Albany, GA",Metro,,
13179,Liberty County,GA,Georgia,C2598,"Hinesville, GA",Metro,CS496,"Savannah-Hinesville-Statesboro, GA"
13181,Lincoln County,GA,Georgia,C1226,"Augusta-Richmond County, GA-SC",Metro,,
13183,Long County,GA,Georgia,C2598,"Hinesville, GA",Metro,CS496,"Savannah-Hinesville-Statesboro, GA"
13185,Lowndes County,GA,Georgia,C4666,"Valdosta, GA",Metro,,
13187,Lumpkin County,GA,Georgia,,,,,
13189,McDuffie County,GA,Georgia,C1226,"Augusta-Richmond County, GA-SC",Metro,,
13191,McIntosh County,GA,Georgia,C1526,"Brunswick, GA",Metro,,
13193,Macon County,GA,Georgia,,,,,
13195,Madison County,GA,Georgia,C1202,"Athens-Clarke County, GA",Metro,CS122,"Atlanta--Athens-Clarke County--Sandy Springs, GA"
13197,Marion County,GA,Georgia,C1798,"Columbus, GA-AL",Metro,CS194,"Columbus-Auburn-Opelika, GA-AL"
13199,Meriwether County,GA,Georgia,C1206,"Atlanta-Sandy Springs-Roswell, GA",Metro,CS122,"Atlanta--Athens-Clarke County--Sandy Springs, GA"
13201,Miller County,GA,Georgia,,,,,
13205,Mitchell County,GA,Georgia,,,,,
13207,Monroe County,GA,Georgia,C3142,"Macon, GA",Metro,CS356,"Macon-Warner Robins, GA"
13209,Montgomery County,GA,Georgia,C4708,"Vidalia, GA",Micro,,
13211,Morgan County,GA,Georgia,C1206,"Atlanta-Sandy Springs-Roswell, GA",Metro,CS122,"Atlanta--Athens-Clarke County--Sandy Springs, GA"
13213,Murray County,GA,Georgia,C1914,"Dalton, GA",Metro,CS174,"Chattanooga-Cleveland-Dalton, TN-GA-AL"
13215,Muscogee County,GA,Georgia,C1798,"Columbus, GA-AL",Metro,CS194,"Columbus-Auburn-Opelika, GA-AL"
13217,Newton County,GA,Georgia,C1206,"Atlanta-Sandy Springs-Roswell, GA",Metro,CS122,"Atlanta--Athens-Clarke County--Sandy Springs, GA"
13219,Oconee County,GA,Georgia,C1202,"Athens-Clarke County, GA",Metro,CS122,"Atlanta--Athens-Clarke County--Sandy Springs, GA"
13221,Oglethorpe County,GA,Georgia,C1202,"Athens-Clarke County, GA",Metro,CS122,"Atlanta--Athens-Clarke County--Sandy Springs, GA"
13223,Paulding County,GA,Georgia,C1206,"Atlanta-Sandy Springs-Roswell, GA",Metro,CS122,"Atlanta--Athens-Clarke County--Sandy Springs, GA"
13225,Peach County,GA,Georgia,C4758,"Warner Robins, GA",Metro,CS356,"Macon-Warner Robins, GA"
13227,Pickens County,GA,Georgia,C1206,"Atlanta-Sandy Springs-Roswell, GA",Metro,CS122,"Atlanta--Athens-Clarke County--Sandy Springs, GA"
13229,Pierce County,GA,Georgia,C4818,"Waycross, GA",Micro,,
13231,Pike County,GA,Georgia,C1206,"Atlanta-Sandy Springs-Roswell, GA",Metro,CS122,"Atlanta--Athens-Clarke County--Sandy Springs, GA"
13233,Polk County,GA,Georgia,C1634,"Cedartown, GA",Micro,CS122,"Atlanta--Athens-Clarke County--Sandy Springs, GA"
13235,Pulaski County,GA,Georgia,C4758,"Warner Robins, GA",Metro,CS356,"Macon-Warner Robins, GA"
13237,Putnam County,GA,Georgia,,,,,
13239,Quitman County,GA,Georgia,,,,,
13241,Rabun County,GA,Georgia,,,,,
13243,Randolph County,GA,Georgia,,,,,
13245,Richmond County,GA,Georgia,C1226,"Augusta-Richmond County, GA-SC",Metro,,
13247,Rockdale County,GA,Georgia,C1206,"Atlanta-Sandy Springs-Roswell, GA",Metro,CS122,"Atlanta--Athens-Clarke County--Sandy Springs, GA"
13249,Schley County,GA,Georgia,C1114,"Americus, GA",Micro,,
13251,Screven County,GA,Georgia,,,,,
13253,Seminole County,GA,Georgia,,,,,
13255,Spalding County,GA,Georgia,C1206,"Atlanta-Sandy Springs-Roswell, GA",Metro,CS122,"Atlanta--Athens-Clarke County--Sandy Springs, GA"
13257,Stephens County,GA,Georgia,C4574,"Toccoa, GA",Micro,,
13259,Stewart County,GA,Georgia,,,,,
13261,Sumter County,GA,Georgia,C1114,"Americus, GA",Micro,,
13263,Talbot County,GA,Georgia,,,,,
13265,Taliaferro County,GA,Georgia,,,,,
13267,Tattnall County,GA,Georgia,,,,,
13269,Taylor County,GA,Georgia,,,,,
13271,Telfair County,GA,Georgia,,,,,
13273,Terrell County,GA,Georgia,C1050,"Albany, GA",Metro,,
13275,Thomas County,GA,Georgia,C4562,"Thomasville, GA",Micro,,
13277,Tift County,GA,Georgia,C4570,"Tifton, GA",Micro,,
13279,Toombs County,GA,Georgia,C4708,"Vidalia, GA",Micro,,
13281,Towns County,GA,Georgia,,,,,
13283,Treutlen County,GA,Georgia,,,,,
13285,Troup County,GA,Georgia,C2930,"LaGrange, GA",Micro,CS122,"Atlanta--Athens-Clarke County--Sandy Springs, GA"
13287,Turner County,GA,Georgia,,,,,
13289,Twiggs County,GA,Georgia,C3142,"Macon, GA",Metro,CS356,"Macon-Warner Robins, GA"
13291,Union County,GA,Georgia,,,,,
13293,Upson County,GA,Georgia,C4558,"Thomaston, GA",Micro,CS122,"Atlanta--Athens-Clarke County--Sandy Springs, GA"
13295,Walker County,GA,Georgia,C1686,"Chattanooga, TN-GA",Metro,CS174,"Chattanooga-Cleveland-Dalton, TN-GA-AL"
13297,Walton County,GA,Georgia,C1206,"Atlanta-Sandy Springs-Roswell, GA",Metro,CS122,"Atlanta--Athens-Clarke County--Sandy Springs, GA"
13299,Ware County,GA,Georgia,C4818,"Waycross, GA",Micro,,
13301,Warren County,GA,Georgia,,,,,
13303,Washington County,GA,Georgia,,,,,
13305,Wayne County,GA,Georgia,C2770,"Jesup, GA",Micro,,
13307,Webster County,GA,Georgia,,,,,
13309,Wheeler County,GA,Georgia,,,,,
13311,White County,GA,Georgia,,,,,
13313,Whitfield County,GA,Georgia,C1914,"Dalton, GA",Metro,CS174,"Chattanooga-Cleveland-Dalton, TN-GA-AL"
13315,Wilcox County,GA,Georgia,,,,,
13317,Wilkes County,GA,Georgia,,,,,
13319,Wilkinson County,GA,Georgia,,,,,
13321,Worth County,GA,Georgia,C1050,"Albany, GA",Metro,,
13510,Columbus County,GA,Georgia,,,,,
15001,Hawaii County,HI,Hawaii,C2590,"Hilo, HI",Micro,,
15003,Honolulu County,HI,Hawaii,C4652,"Urban Honolulu, HI",Metro,,
15007,Kauai County,HI,Hawaii,C2818,"Kapaa, HI",Micro,,
15009,Maui County,HI,Hawaii,C2798,"Kahului-Wailuku-Lahaina, HI",Metro,,
16001,Ada County,ID,Idaho,C1426,"Boise City, ID",Metro,CS147,"Boise City-Mountain Home-Ontario, ID-OR"
16003,Adams County,ID,Idaho,,,,,
16005,Bannock County,ID,Idaho,C3854,"Pocatello, ID",Metro,,
16007,Bear Lake County,ID,Idaho,,,,,
16009,Benewah County,ID,Idaho,,,,,
16011,Bingham County,ID,Idaho,C1394,"Blackfoot, ID",Micro,CS292,"Idaho Falls-Rexburg-Blackfoot, ID"
16013,Blaine County,ID,Idaho,C2520,"Hailey, ID",Micro,,
16015,Boise County,ID,Idaho,C1426,"Boise City, ID",Metro,CS147,"Boise City-Mountain Home-Ontario, ID-OR"
16017,Bonner County,ID,Idaho,C4176,"Sandpoint, ID",Micro,,
16019,Bonneville County,ID,Idaho,C2682,"Idaho Falls, ID",Metro,CS292,"Idaho Falls-Rexburg-Blackfoot, ID"
16021,Boundary County,ID,Idaho,,,,,
16023,Butte County,ID,Idaho,C2682,"Idaho Falls, ID",Metro,CS292,"Idaho Falls-Rexburg-Blackfoot, ID"
16025,Camas County,ID,Idaho,C2520,"Hailey, ID",Micro,,
16027,Canyon County,ID,Idaho,C1426,"Boise City, ID",Metro,CS147,"Boise City-Mountain Home-Ontario, ID-OR"
16029,Caribou County,ID,Idaho,,,,,
16031,Cassia County,ID,Idaho,C1542,"Burley, ID",Micro,,
16033,Clark County,ID,Idaho,,,,,
16035,Clearwater County,ID,Idaho,,,,,
16037,Custer County,ID,Idaho,,,,,
16039,Elmore County,ID,Idaho,C3430,"Mountain Home, ID",Micro,CS147,"Boise City-Mountain Home-Ontario, ID-OR"
16041,Franklin County,ID,Idaho,C3086,"Logan, UT-ID",Metro,,
16043,Fremont County,ID,Idaho,C3994,"Rexburg, ID",Micro,CS292,"Idaho Falls-Rexburg-Blackfoot, ID"
16045,Gem County,ID,Idaho,C1426,"Boise City, ID",Metro,CS147,"Boise City-Mountain Home-Ontario, ID-OR"
16047,Gooding County,ID,Idaho,,,,,
16049,Idaho County,ID,Idaho,,,,,
16051,Jefferson County,ID,Idaho,C2682,"Idaho Falls, ID",Metro,CS292,"Idaho Falls-Rexburg-Blackfoot, ID"
16053,Jerome County,ID,Idaho,C4630,"Twin Falls, ID",Micro,,
16055,Kootenai County,ID,Idaho,C1766,"Coeur d'Alene, ID",Metro,CS518,"Spokane-Spokane Valley-Coeur d'Alene, WA-ID"
16057,Latah County,ID,Idaho,C3414,"Moscow, ID",Micro,CS446,"Pullman-Moscow, WA-ID"
16059,Lemhi County,ID,Idaho,,,,,
16061,Lewis County,ID,Idaho,,,,,
16063,Lincoln County,ID,Idaho,C2520,"Hailey, ID",Micro,,
16065,Madison County,ID,Idaho,C3994,"Rexburg, ID",Micro,CS292,"Idaho Falls-Rexburg-Blackfoot, ID"
16067,Minidoka County,ID,Idaho,C1542,"Burley, ID",Micro,,
16069,Nez Perce County,ID,Idaho,C3030,"Lewiston, ID-WA",Metro,,
16071,Oneida County,ID,Idaho,,,,,
16073,Owyhee County,ID,Idaho,C1426,"Boise City, ID",Metro,CS147,"Boise City-Mountain Home-Ontario, ID-OR"
16075,Payette County,ID,Idaho,C3662,"Ontario, OR-ID",Micro,CS147,"Boise City-Mountain Home-Ontario, ID-OR"
16077,Power County,ID,Idaho,,,,,
16079,Shoshone County,ID,Idaho,,,,,
16081,Teton County,ID,Idaho,C2722,"Jackson, WY-ID",Micro,,
16083,Twin Falls County,ID,Idaho,C4630,"Twin Falls, ID",Micro,,
16085,Valley County,ID,Idaho,,,,,
16087,Washington County,ID,Idaho,,,,,
17001,Adams County,IL,Illinois,C3950,"Quincy, IL-MO",Micro,CS448,"Quincy-Hannibal, IL-MO"
17003,Alexander County,IL,Illinois,C1602,"Cape Girardeau, MO-IL",Metro,CS164,"Cape Girardeau-Sikeston, MO-IL"
17005,Bond County,IL,Illinois,C4118,"St. Louis, MO-IL",Metro,CS476,"St. Louis-St. Charles-Farmington, MO-IL"
17007,Boone County,IL,Illinois,C4042,"Rockford, IL",Metro,CS466,"Rockford-Freeport-Rochelle, IL"
17009,Brown County,IL,Illinois,,,,,
17011,Bureau County,IL,Illinois,C3686,"Ottawa-Peru, IL",Micro,CS176,"Chicago-Naperville, IL-IN-WI"
17013,Calhoun County,IL,Illinois,C4118,"St. Louis, MO-IL",Metro,CS476,"St. Louis-St. Charles-Farmington, MO-IL"
17015,Carroll County,IL,Illinois,,,,,
17017,Cass County,IL,Illinois,,,,,
17019,Champaign County,IL,Illinois,C1658,"Champaign-Urbana, IL",Metro,,
17021,Christian County,IL,Illinois,C4538,"Taylorville, IL",Micro,CS522,"Springfield-Jacksonville-Lincoln, IL"
17023,Clark County,IL,Illinois,,,,,
17025,Clay County,IL,Illinois,,,,,
17027,Clinton County,IL,Illinois,C4118,"St. Louis, MO-IL",Metro,CS476,"St. Louis-St. Charles-Farmington, MO-IL"
17029,Coles County,IL,Illinois,C1666,"Charleston-Mattoon, IL",Micro,,
17031,Cook County,IL,Illinois,C1698,"Chicago-Naperville-Elgin, IL-IN-WI",Metro,CS176,"Chicago-Naperville, IL-IN-WI"
17033,Crawford County,IL,Illinois,,,,,
17035,Cumberland County,IL,Illinois,C1666,"Charleston-Mattoon, IL",Micro,,
17037,DeKalb County,IL,Illinois,C1698,"Chicago-Naperville-Elgin, IL-IN-WI",Metro,CS176,"Chicago-Naperville, IL-IN-WI"
17039,De Witt County,IL,Illinois,C1401,"Bloomington, IL",Metro,CS145,"Bloomington-Pontiac, IL"
17041,Douglas County,IL,Illinois,,,,,
17043,DuPage County,IL,Illinois,C1698,"Chicago-Naperville-Elgin, IL-IN-WI",Metro,CS176,"Chicago-Naperville, IL-IN-WI"
17045,Edgar County,IL,Illinois,,,,,
17047,Edwards County,IL,Illinois,,,,,
17049,Effingham County,IL,Illinois,C2082,"Effingham, IL",Micro,,
17051,Fayette County,IL,Illinois,,,,,
17053,Ford County,IL,Illinois,C1658,"Champaign-Urbana, IL",Metro,,
17055,Franklin County,IL,Illinois,,,,,
17057,Fulton County,IL,Illinois,C1590,"Canton, IL",Micro,CS426,"Peoria-Canton, IL"
17059,Gallatin County,IL,Illinois,,,,,
17061,Greene County,IL,Illinois,,,,,
17063,Grundy County,IL,Illinois,C1698,"Chicago-Naperville-Elgin, IL-IN-WI",Metro,CS176,"Chicago-Naperville, IL-IN-WI"
17065,Hamilton County,IL,Illinois,,,,,
17067,Hancock County,IL,Illinois,C2280,"Fort Madison-Keokuk, IA-IL-MO",Micro,,
17069,Hardin County,IL,Illinois,,,,,
17071,Henderson County,IL,Illinois,C1546,"Burlington, IA-IL",Micro,,
17073,Henry County,IL,Illinois,C1934,"Davenport-Moline-Rock Island, IA-IL",Metro,CS209,"Davenport-Moline, IA-IL"
17075,Iroquois County,IL,Illinois,,,,,
17077,Jackson County,IL,Illinois,C1606,"Carbondale-Marion, IL",Metro,,
17079,Jasper County,IL,Illinois,,,,,
17081,Jefferson County,IL,Illinois,C3450,"Mount Vernon, IL",Micro,,
17083,Jersey County,IL,Illinois,C4118,"St. Louis, MO-IL",Metro,CS476,"St. Louis-St. Charles-Farmington, MO-IL"
17085,Jo Daviess County,IL,Illinois,,,,,
17087,Johnson County,IL,Illinois,,,,,
17089,Kane County,IL,Illinois,C1698,"Chicago-Naperville-Elgin, IL-IN-WI",Metro,CS176,"Chicago-Naperville, IL-IN-WI"
17091,Kankakee County,IL,Illinois,C2810,"Kankakee, IL",Metro,CS176,"Chicago-Naperville, IL-IN-WI"
17093,Kendall County,IL,Illinois,C1698,"Chicago-Naperville-Elgin, IL-IN-WI",Metro,CS176,"Chicago-Naperville, IL-IN-WI"
17095,Knox County,IL,Illinois,C2366,"Galesburg, IL",Micro,,
17097,Lake County,IL,Illinois,C1698,"Chicago-Naperville-Elgin, IL-IN-WI",Metro,CS176,"Chicago-Naperville, IL-IN-WI"
17099,LaSalle County,IL,Illinois,C3686,"Ottawa-Peru, IL",Micro,CS176,"Chicago-Naperville, IL-IN-WI"
17101,Lawrence County,IL,Illinois,,,,,
17103,Lee County,IL,Illinois,C1994,"Dixon, IL",Micro,CS221,"Dixon-Sterling, IL"
17105,Livingston County,IL,Illinois,C3870,"Pontiac, IL",Micro,CS145,"Bloomington-Pontiac, IL"
17107,Logan County,IL,Illinois,C3066,"Lincoln, IL",Micro,CS522,"Springfield-Jacksonville-Lincoln, IL"
17109,McDonough County,IL,Illinois,C3138,"Macomb, IL",Micro,,
17111,McHenry County,IL,Illinois,C1698,"Chicago-Naperville-Elgin, IL-IN-WI",Metro,CS176,"Chicago-Naperville, IL-IN-WI"
17113,McLean County,IL,Illinois,C1401,"Bloomington, IL",Metro,CS145,"Bloomington-Pontiac, IL"
17115,Macon County,IL,Illinois,C1950,"Decatur, IL",Metro,,
17117,Macoupin County,IL,Illinois,C4118,"St. Louis, MO-IL",Metro,CS476,"St. Louis-St. Charles-Farmington, MO-IL"
17119,Madison County,IL,Illinois,C4118,"St. Louis, MO-IL",Metro,CS476,"St. Louis-St. Charles-Farmington, MO-IL"
17121,Marion County,IL,Illinois,C1646,"Centralia, IL",Micro,CS476,"St. Louis-St. Charles-Farmington, MO-IL"
17123,Marshall County,IL,Illinois,C3790,"Peoria, IL",Metro,CS426,"Peoria-Canton, IL"
17125,Mason County,IL,Illinois,,,,,
17127,Massac County,IL,Illinois,C3714,"Paducah, KY-IL",Micro,CS424,"Paducah-Mayfield, KY-IL"
17129,Menard County,IL,Illinois,C4410,"Springfield, IL",Metro,CS522,"Springfield-Jacksonville-Lincoln, IL"
17131,Mercer County,IL,Illinois,C1934,"Davenport-Moline-Rock Island, IA-IL",Metro,CS209,"Davenport-Moline, IA-IL"
17133,Monroe County,IL,Illinois,C4118,"St. Louis, MO-IL",Metro,CS476,"St. Louis-St. Charles-Farmington, MO-IL"
17135,Montgomery County,IL,Illinois,,,,,
17137,Morgan County,IL,Illinois,C2730,"Jacksonville, IL",Micro,CS522,"Springfield-Jacksonville-Lincoln, IL"
17139,Moultrie County,IL,Illinois,,,,,
17141,Ogle County,IL,Illinois,C4030,"Rochelle, IL",Micro,CS466,"Rockford-Freeport-Rochelle, IL"
17143,Peoria County,IL,Illinois,C3790,"Peoria, IL",Metro,CS426,"Peoria-Canton, IL"
17145,Perry County,IL,Illinois,,,,,
17147,Piatt County,IL,Illinois,C1658,"Champaign-Urbana, IL",Metro,,
17149,Pike County,IL,Illinois,,,,,
17151,Pope County,IL,Illinois,,,,,
17153,Pulaski County,IL,Illinois,,,,,
17155,Putnam County,IL,Illinois,C3686,"Ottawa-Peru, IL",Micro,CS176,"Chicago-Naperville, IL-IN-WI"
17157,Randolph County,IL,Illinois,,,,,
17159,Richland County,IL,Illinois,,,,,
17161,Rock Island County,IL,Illinois,C1934,"Davenport-Moline-Rock Island, IA-IL",Metro,CS209,"Davenport-Moline, IA-IL"
17163,St. Clair County,IL,Illinois,C4118,"St. Louis, MO-IL",Metro,CS476,"St. Louis-St. Charles-Farmington, MO-IL"
17165,Saline County,IL,Illinois,,,,,
17167,Sangamon County,IL,Illinois,C4410,"Springfield, IL",Metro,CS522,"Springfield-Jacksonville-Lincoln, IL"
17169,Schuyler County,IL,Illinois,,,,,
17171,Scott County,IL,Illinois,C2730,"Jacksonville, IL",Micro,CS522,"Springfield-Jacksonville-Lincoln, IL"
17173,Shelby County,IL,Illinois,,,,,
17175,Stark County,IL,Illinois,C3790,"Peoria, IL",Metro,CS426,"Peoria-Canton, IL"
17177,Stephenson County,IL,Illinois,C2330,"Freeport, IL",Micro,CS466,"Rockford-Freeport-Rochelle, IL"
17179,Tazewell County,IL,Illinois,C3790,"Peoria, IL",Metro,CS426,"Peoria-Canton, IL"
17181,Union County,IL,Illinois,,,,,
17183,Vermilion County,IL,Illinois,C1918,"Danville, IL",Metro,,
17185,Wabash County,IL,Illinois,,,,,
17187,Warren County,IL,Illinois,,,,,
17189,Washington County,IL,Illinois,,,,,
17191,Wayne County,IL,Illinois,,,,,
17193,White County,IL,Illinois,,,,,
17195,Whiteside County,IL,Illinois,C4458,"Sterling, IL",Micro,CS221,"Dixon-Sterling, IL"
17197,Will County,IL,Illinois,C1698,"Chicago-Naperville-Elgin, IL-IN-WI",Metro,CS176,"Chicago-Naperville, IL-IN-WI"
17199,Williamson County,IL,Illinois,C1606,"Carbondale-Marion, IL",Metro,,
17201,Winnebago County,IL,Illinois,C4042,"Rockford, IL",Metro,CS466,"Rockford-Freeport-Rochelle, IL"
17203,Woodford County,IL,Illinois,C3790,"Peoria, IL",Metro,CS426,"Peoria-Canton, IL"
18001,Adams County,IN,Indiana,C1954,"Decatur, IN",Micro,CS258,"Fort Wayne-Huntington-Auburn, IN"
18003,Allen County,IN,Indiana,C2306,"Fort Wayne, IN",Metro,CS258,"Fort Wayne-Huntington-Auburn, IN"
18005,Bartholomew County,IN,Indiana,C1802,"Columbus, IN",Metro,CS294,"Indianapolis-Carmel-Muncie, IN"
18007,Benton County,IN,Indiana,C2920,"Lafayette-West Lafayette, IN",Metro,CS320,"Lafayette-West Lafayette-Frankfort, IN"
18009,Blackford County,IN,Indiana,,,,,
18011,Boone County,IN,Indiana,C2690,"Indianapolis-Carmel-Anderson, IN",Metro,CS294,"Indianapolis-Carmel-Muncie, IN"
18013,Brown County,IN,Indiana,C2690,"Indianapolis-Carmel-Anderson, IN",Metro,CS294,"Indianapolis-Carmel-Muncie, IN"
18015,Carroll County,IN,Indiana,C2920,"Lafayette-West Lafayette, IN",Metro,CS320,"Lafayette-West Lafayette-Frankfort, IN"
18017,Cass County,IN,Indiana,C3090,"Logansport, IN",Micro,,
18019,Clark County,IN,Indiana,C3114,"Louisville/Jefferson County, KY-IN",Metro,CS350,"Louisville/Jefferson County--Elizabethtown--Madison, KY-IN"
18021,Clay County,IN,Indiana,C4546,"Terre Haute, IN",Metro,,
18023,Clinton County,IN,Indiana,C2314,"Frankfort, IN",Micro,CS320,"Lafayette-West Lafayette-Frankfort, IN"
18025,Crawford County,IN,Indiana,,,,,
18027,Daviess County,IN,Indiana,C4778,"Washington, IN",Micro,,
18029,Dearborn County,IN,Indiana,C1714,"Cincinnati, OH-KY-IN",Metro,CS178,"Cincinnati-Wilmington-Maysville, OH-KY-IN"
18031,Decatur County,IN,Indiana,C2470,"Greensburg, IN",Micro,CS294,"Indianapolis-Carmel-Muncie, IN"
18033,DeKalb County,IN,Indiana,C1214,"Auburn, IN",Micro,CS258,"Fort Wayne-Huntington-Auburn, IN"
18035,Delaware County,IN,Indiana,C3462,"Muncie, IN",Metro,CS294,"Indianapolis-Carmel-Muncie, IN"
18037,Dubois County,IN,Indiana,C2754,"Jasper, IN",Micro,,
18039,Elkhart County,IN,Indiana,C2114,"Elkhart-Goshen, IN",Metro,CS515,"South Bend-Elkhart-Mishawaka, IN-MI"
18041,Fayette County,IN,Indiana,C1822,"Connersville, IN",Micro,CS458,"Richmond-Connersville, IN"
18043,Floyd County,IN,Indiana,C3114,"Louisville/Jefferson County, KY-IN",Metro,CS350,"Louisville/Jefferson County--Elizabethtown--Madison, KY-IN"
18045,Fountain County,IN,Indiana,,,,,
18047,Franklin County,IN,Indiana,,,,,
18049,Fulton County,IN,Indiana,,,,,
18051,Gibson County,IN,Indiana,,,,,
18053,Grant County,IN,Indiana,C3198,"Marion, IN",Micro,,
18055,Greene County,IN,Indiana,,,,,
18057,Hamilton County,IN,Indiana,C2690,"Indianapolis-Carmel-Anderson, IN",Metro,CS294,"Indianapolis-Carmel-Muncie, IN"
18059,Hancock County,IN,Indiana,C2690,"Indianapolis-Carmel-Anderson, IN",Metro,CS294,"Indianapolis-Carmel-Muncie, IN"
18061,Harrison County,IN,Indiana,C3114,"Louisville/Jefferson County, KY-IN",Metro,CS350,"Louisville/Jefferson County--Elizabethtown--Madison, KY-IN"
18063,Hendricks County,IN,Indiana,C2690,"Indianapolis-Carmel-Anderson, IN",Metro,CS294,"Indianapolis-Carmel-Muncie, IN"
18065,Henry County,IN,Indiana,C3522,"New Castle, IN",Micro,CS294,"Indianapolis-Carmel-Muncie, IN"
18067,Howard County,IN,Indiana,C2902,"Kokomo, IN",Metro,CS316,"Kokomo-Peru, IN"
18069,Huntington County,IN,Indiana,C2654,"Huntington, IN",Micro,CS258,"Fort Wayne-Huntington-Auburn, IN"
18071,Jackson County,IN,Indiana,C4298,"Seymour, IN",Micro,CS294,"Indianapolis-Carmel-Muncie, IN"
18073,Jasper County,IN,Indiana,C1698,"Chicago-Naperville-Elgin, IL-IN-WI",Metro,CS176,"Chicago-Naperville, IL-IN-WI"
18075,Jay County,IN,Indiana,,,,,
18077,Jefferson County,IN,Indiana,C3150,"Madison, IN",Micro,CS350,"Louisville/Jefferson County--Elizabethtown--Madison, KY-IN"
18079,Jennings County,IN,Indiana,C3586,"North Vernon, IN",Micro,CS294,"Indianapolis-Carmel-Muncie, IN"
18081,Johnson County,IN,Indiana,C2690,"Indianapolis-Carmel-Anderson, IN",Metro,CS294,"Indianapolis-Carmel-Muncie, IN"
18083,Knox County,IN,Indiana,C4718,"Vincennes, IN",Micro,,
18085,Kosciusko County,IN,Indiana,C4770,"Warsaw, IN",Micro,,
18087,LaGrange County,IN,Indiana,,,,,
18089,Lake County,IN,Indiana,C1698,"Chicago-Naperville-Elgin, IL-IN-WI",Metro,CS176,"Chicago-Naperville, IL-IN-WI"
18091,LaPorte County,IN,Indiana,C3314,"Michigan City-La Porte, IN",Metro,CS176,"Chicago-Naperville, IL-IN-WI"
18093,Lawrence County,IN,Indiana,C1326,"Bedford, IN",Micro,CS144,"Bloomington-Bedford, IN"
18095,Madison County,IN,Indiana,C2690,"Indianapolis-Carmel-Anderson, IN",Metro,CS294,"Indianapolis-Carmel-Muncie, IN"
18097,Marion County,IN,Indiana,C2690,"Indianapolis-Carmel-Anderson, IN",Metro,CS294,"Indianapolis-Carmel-Muncie, IN"
18099,Marshall County,IN,Indiana,C3850,"Plymouth, IN",Micro,CS515,"South Bend-Elkhart-Mishawaka, IN-MI"
18101,Martin County,IN,Indiana,,,,,
18103,Miami County,IN,Indiana,C3794,"Peru, IN",Micro,CS316,"Kokomo-Peru, IN"
18105,Monroe County,IN,Indiana,C1402,"Bloomington, IN",Metro,CS144,"Bloomington-Bedford, IN"
18107,Montgomery County,IN,Indiana,C1882,"Crawfordsville, IN",Micro,CS294,"Indianapolis-Carmel-Muncie, IN"
18109,Morgan County,IN,Indiana,C2690,"Indianapolis-Carmel-Anderson, IN",Metro,CS294,"Indianapolis-Carmel-Muncie, IN"
18111,Newton County,IN,Indiana,C1698,"Chicago-Naperville-Elgin, IL-IN-WI",Metro,CS176,"Chicago-Naperville, IL-IN-WI"
18113,Noble County,IN,Indiana,C2834,"Kendallville, IN",Micro,CS258,"Fort Wayne-Huntington-Auburn, IN"
18115,Ohio County,IN,Indiana,C1714,"Cincinnati, OH-KY-IN",Metro,CS178,"Cincinnati-Wilmington-Maysville, OH-KY-IN"
18117,Orange County,IN,Indiana,,,,,
18119,Owen County,IN,Indiana,C1402,"Bloomington, IN",Metro,CS144,"Bloomington-Bedford, IN"
18121,Parke County,IN,Indiana,,,,,
18123,Perry County,IN,Indiana,,,,,
18125,Pike County,IN,Indiana,C2754,"Jasper, IN",Micro,,
18127,Porter County,IN,Indiana,C1698,"Chicago-Naperville-Elgin, IL-IN-WI",Metro,CS176,"Chicago-Naperville, IL-IN-WI"
18129,Posey County,IN,Indiana,C2178,"Evansville, IN-KY",Metro,,
18131,Pulaski County,IN,Indiana,,,,,
18133,Putnam County,IN,Indiana,C2690,"Indianapolis-Carmel-Anderson, IN",Metro,CS294,"Indianapolis-Carmel-Muncie, IN"
18135,Randolph County,IN,Indiana,,,,,
18137,Ripley County,IN,Indiana,,,,,
18139,Rush County,IN,Indiana,,,,,
18141,St. Joseph County,IN,Indiana,C4378,"South Bend-Mishawaka, IN-MI",Metro,CS515,"South Bend-Elkhart-Mishawaka, IN-MI"
18143,Scott County,IN,Indiana,C3114,"Louisville/Jefferson County, KY-IN",Metro,CS350,"Louisville/Jefferson County--Elizabethtown--Madison, KY-IN"
18145,Shelby County,IN,Indiana,C2690,"Indianapolis-Carmel-Anderson, IN",Metro,CS294,"Indianapolis-Carmel-Muncie, IN"
18147,Spencer County,IN,Indiana,,,,,
18149,Starke County,IN,Indiana,,,,,
18151,Steuben County,IN,Indiana,C1142,"Angola, IN",Micro,CS258,"Fort Wayne-Huntington-Auburn, IN"
18153,Sullivan County,IN,Indiana,C4546,"Terre Haute, IN",Metro,,
18155,Switzerland County,IN,Indiana,,,,,
18157,Tippecanoe County,IN,Indiana,C2920,"Lafayette-West Lafayette, IN",Metro,CS320,"Lafayette-West Lafayette-Frankfort, IN"
18159,Tipton County,IN,Indiana,,,,,
18161,Union County,IN,Indiana,C1714,"Cincinnati, OH-KY-IN",Metro,CS178,"Cincinnati-Wilmington-Maysville, OH-KY-IN"
18163,Vanderburgh County,IN,Indiana,C2178,"Evansville, IN-KY",Metro,,
18165,Vermillion County,IN,Indiana,C4546,"Terre Haute, IN",Metro,,
18167,Vigo County,IN,Indiana,C4546,"Terre Haute, IN",Metro,,
18169,Wabash County,IN,Indiana,C4734,"Wabash, IN",Micro,,
18171,Warren County,IN,Indiana,,,,,
18173,Warrick County,IN,Indiana,C2178,"Evansville, IN-KY",Metro,,
18175,Washington County,IN,Indiana,C3114,"Louisville/Jefferson County, KY-IN",Metro,CS350,"Louisville/Jefferson County--Elizabethtown--Madison, KY-IN"
18177,Wayne County,IN,Indiana,C3998,"Richmond, IN",Micro,CS458,"Richmond-Connersville, IN"
18179,Wells County,IN,Indiana,C2306,"Fort Wayne, IN",Metro,CS258,"Fort Wayne-Huntington-Auburn, IN"
18181,White County,IN,Indiana,,,,,
18183,Whitley County,IN,Indiana,C2306,"Fort Wayne, IN",Metro,CS258,"Fort Wayne-Huntington-Auburn, IN"
19001,Adair County,IA,Iowa,,,,,
19003,Adams County,IA,Iowa,,,,,
19005,Allamakee County,IA,Iowa,,,,,
19007,Appanoose County,IA,Iowa,,,,,
19009,Audubon County,IA,Iowa,,,,,
19011,Benton County,IA,Iowa,C1630,"Cedar Rapids, IA",Metro,CS168,"Cedar Rapids-Iowa City, IA"
19013,Black Hawk County,IA,Iowa,C4794,"Waterloo-Cedar Falls, IA",Metro,,
19015,Boone County,IA,Iowa,C1434,"Boone, IA",Micro,CS218,"Des Moines-Ames-West Des Moines, IA"
19017,Bremer County,IA,Iowa,C4794,"Waterloo-Cedar Falls, IA",Metro,,
19019,Buchanan County,IA,Iowa,,,,,
19021,Buena Vista County,IA,Iowa,C4474,"Storm Lake, IA",Micro,,
19023,Butler County,IA,Iowa,,,,,
19025,Calhoun County,IA,Iowa,,,,,
19027,Carroll County,IA,Iowa,,,,,
19029,Cass County,IA,Iowa,,,,,
19031,Cedar County,IA,Iowa,,,,,
19033,Cerro Gordo County,IA,Iowa,C3238,"Mason City, IA",Micro,,
19035,Cherokee County,IA,Iowa,,,,,
19037,Chickasaw County,IA,Iowa,,,,,
19039,Clarke County,IA,Iowa,,,,,
19041,Clay County,IA,Iowa,C4398,"Spencer, IA",Micro,,
19043,Clayton County,IA,Iowa,,,,,
19045,Clinton County,IA,Iowa,C1754,"Clinton, IA",Micro,CS209,"Davenport-Moline, IA-IL"
19047,Crawford County,IA,Iowa,,,,,
19049,Dallas County,IA,Iowa,C1978,"Des Moines-West Des Moines, IA",Metro,CS218,"Des Moines-Ames-West Des Moines, IA"
19051,Davis County,IA,Iowa,C3690,"Ottumwa, IA",Micro,,
19053,Decatur County,IA,Iowa,,,,,
19055,Delaware County,IA,Iowa,,,,,
19057,Des Moines County,IA,Iowa,C1546,"Burlington, IA-IL",Micro,,
19059,Dickinson County,IA,Iowa,C4402,"Spirit Lake, IA",Micro,,
19061,Dubuque County,IA,Iowa,C2022,"Dubuque, IA",Metro,,
19063,Emmet County,IA,Iowa,,,,,
19065,Fayette County,IA,Iowa,,,,,
19067,Floyd County,IA,Iowa,,,,,
19069,Franklin County,IA,Iowa,,,,,
19071,Fremont County,IA,Iowa,,,,,
19073,Greene County,IA,Iowa,,,,,
19075,Grundy County,IA,Iowa,C4794,"Waterloo-Cedar Falls, IA",Metro,,
19077,Guthrie County,IA,Iowa,C1978,"Des Moines-West Des Moines, IA",Metro,CS218,"Des Moines-Ames-West Des Moines, IA"
19079,Hamilton County,IA,Iowa,,,,,
19081,Hancock County,IA,Iowa,,,,,
19083,Hardin County,IA,Iowa,,,,,
19085,Harrison County,IA,Iowa,C3654,"Omaha-Council Bluffs, NE-IA",Metro,CS420,"Omaha-Council Bluffs-Fremont, NE-IA"
19087,Henry County,IA,Iowa,,,,,
19089,Howard County,IA,Iowa,,,,,
19091,Humboldt County,IA,Iowa,,,,,
19093,Ida County,IA,Iowa,,,,,
19095,Iowa County,IA,Iowa,,,,,
19097,Jackson County,IA,Iowa,,,,,
19099,Jasper County,IA,Iowa,C3550,"Newton, IA",Micro,CS218,"Des Moines-Ames-West Des Moines, IA"
19101,Jefferson County,IA,Iowa,C2184,"Fairfield, IA",Micro,,
19103,Johnson County,IA,Iowa,C2698,"Iowa City, IA",Metro,CS168,"Cedar Rapids-Iowa City, IA"
19105,Jones County,IA,Iowa,C1630,"Cedar Rapids, IA",Metro,CS168,"Cedar Rapids-Iowa City, IA"
19107,Keokuk County,IA,Iowa,,,,,
19109,Kossuth County,IA,Iowa,,,,,
19111,Lee County,IA,Iowa,C2280,"Fort Madison-Keokuk, IA-IL-MO",Micro,,
19113,Linn County,IA,Iowa,C1630,"Cedar Rapids, IA",Metro,CS168,"Cedar Rapids-Iowa City, IA"
19115,Louisa County,IA,Iowa,,,,,
19117,Lucas County,IA,Iowa,,,,,
19119,Lyon County,IA,Iowa,,,,,
19121,Madison County,IA,Iowa,C1978,"Des Moines-West Des Moines, IA",Metro,CS218,"Des Moines-Ames-West Des Moines, IA"
19123,Mahaska County,IA,Iowa,C3682,"Oskaloosa, IA",Micro,,
19125,Marion County,IA,Iowa,,,,,
19127,Marshall County,IA,Iowa,C3226,"Marshalltown, IA",Micro,,
19129,Mills County,IA,Iowa,C3654,"Omaha-Council Bluffs, NE-IA",Metro,CS420,"Omaha-Council Bluffs-Fremont, NE-IA"
19131,Mitchell County,IA,Iowa,,,,,
19133,Monona County,IA,Iowa,,,,,
19135,Monroe County,IA,Iowa,,,,,
19137,Montgomery County,IA,Iowa,,,,,
19139,Muscatine County,IA,Iowa,C3470,"Muscatine, IA",Micro,CS209,"Davenport-Moline, IA-IL"
19141,Obrien County,IA,Iowa,,,,,
19143,Osceola County,IA,Iowa,,,,,
19145,Page County,IA,Iowa,,,,,
19147,Palo Alto County,IA,Iowa,,,,,
19149,Plymouth County,IA,Iowa,C4358,"Sioux City, IA-NE-SD",Metro,CS512,"Sioux City-Vermillion, IA-SD-NE"
19151,Pocahontas County,IA,Iowa,,,,,
19153,Polk County,IA,Iowa,C1978,"Des Moines-West Des Moines, IA",Metro,CS218,"Des Moines-Ames-West Des Moines, IA"
19155,Pottawattamie County,IA,Iowa,C3654,"Omaha-Council Bluffs, NE-IA",Metro,CS420,"Omaha-Council Bluffs-Fremont, NE-IA"
19157,Poweshiek County,IA,Iowa,,,,,
19159,Ringgold County,IA,Iowa,,,,,
19161,Sac County,IA,Iowa,,,,,
19163,Scott County,IA,Iowa,C1934,"Davenport-Moline-Rock Island, IA-IL",Metro,CS209,"Davenport-Moline, IA-IL"
19165,Shelby County,IA,Iowa,,,,,
19167,Sioux County,IA,Iowa,,,,,
19169,Story County,IA,Iowa,C1118,"Ames, IA",Metro,CS218,"Des Moines-Ames-West Des Moines, IA"
19171,Tama County,IA,Iowa,,,,,
19173,Taylor County,IA,Iowa,,,,,
19175,Union County,IA,Iowa,,,,,
19177,Van Buren County,IA,Iowa,,,,,
19179,Wapello County,IA,Iowa,C3690,"Ottumwa, IA",Micro,,
19181,Warren County,IA,Iowa,C1978,"Des Moines-West Des Moines, IA",Metro,CS218,"Des Moines-Ames-West Des Moines, IA"
19183,Washington County,IA,Iowa,C2698,"Iowa City, IA",Metro,CS168,"Cedar Rapids-Iowa City, IA"
19185,Wayne County,IA,Iowa,,,,,
19187,Webster County,IA,Iowa,C2270,"Fort Dodge, IA",Micro,,
19189,Winnebago County,IA,Iowa,,,,,
19191,Winneshiek County,IA,Iowa,,,,,
19193,Woodbury County,IA,Iowa,C4358,"Sioux City, IA-NE-SD",Metro,CS512,"Sioux City-Vermillion, IA-SD-NE"
19195,Worth County,IA,Iowa,C3238,"Mason City, IA",Micro,,
19197,Wright County,IA,Iowa,,,,,
20001,Allen County,KS,Kansas,,,,,
20003,Anderson County,KS,Kansas,,,,,
20005,Atchison County,KS,Kansas,C1186,"Atchison, KS",Micro,CS312,"Kansas City-Overland Park-Kansas City, MO-KS"
20007,Barber County,KS,Kansas,,,,,
20009,Barton County,KS,Kansas,C2446,"Great Bend, KS",Micro,,
20011,Bourbon County,KS,Kansas,,,,,
20013,Brown County,KS,Kansas,,,,,
20015,Butler County,KS,Kansas,C4862,"Wichita, KS",Metro,CS556,"Wichita-Arkansas City-Winfield, KS"
20017,Chase County,KS,Kansas,,,,,
20019,Chautauqua County,KS,Kansas,,,,,
20021,Cherokee County,KS,Kansas,,,,,
20023,Cheyenne County,KS,Kansas,,,,,
20025,Clark County,KS,Kansas,,,,,
20027,Clay County,KS,Kansas,,,,,
20029,Cloud County,KS,Kansas,,,,,
20031,Coffey County,KS,Kansas,,,,,
20033,Comanche County,KS,Kansas,,,,,
20035,Cowley County,KS,Kansas,C1168,"Arkansas City-Winfield, KS",Micro,CS556,"Wichita-Arkansas City-Winfield, KS"
20037,Crawford County,KS,Kansas,C3826,"Pittsburg, KS",Micro,,
20039,Decatur County,KS,Kansas,,,,,
20041,Dickinson County,KS,Kansas,,,,,
20043,Doniphan County,KS,Kansas,C4114,"St. Joseph, MO-KS",Metro,CS312,"Kansas City-Overland Park-Kansas City, MO-KS"
20045,Douglas County,KS,Kansas,C2994,"Lawrence, KS",Metro,CS312,"Kansas City-Overland Park-Kansas City, MO-KS"
20047,Edwards County,KS,Kansas,,,,,
20049,Elk County,KS,Kansas,,,,,
20051,Ellis County,KS,Kansas,C2570,"Hays, KS",Micro,,
20053,Ellsworth County,KS,Kansas,,,,,
20055,Finney County,KS,Kansas,C2378,"Garden City, KS",Micro,,
20057,Ford County,KS,Kansas,C1998,"Dodge City, KS",Micro,,
20059,Franklin County,KS,Kansas,C3684,"Ottawa, KS",Micro,CS312,"Kansas City-Overland Park-Kansas City, MO-KS"
20061,Geary County,KS,Kansas,C2792,"Junction City, KS",Micro,CS358,"Manhattan-Junction City, KS"
20063,Gove County,KS,Kansas,,,,,
20065,Graham County,KS,Kansas,,,,,
20067,Grant County,KS,Kansas,,,,,
20069,Gray County,KS,Kansas,,,,,
20071,Greeley County,KS,Kansas,,,,,
20073,Greenwood County,KS,Kansas,,,,,
20075,Hamilton County,KS,Kansas,,,,,
20077,Harper County,KS,Kansas,,,,,
20079,Harvey County,KS,Kansas,C4862,"Wichita, KS",Metro,CS556,"Wichita-Arkansas City-Winfield, KS"
20081,Haskell County,KS,Kansas,,,,,
20083,Hodgeman County,KS,Kansas,,,,,
20085,Jackson County,KS,Kansas,C4582,"Topeka, KS",Metro,,
20087,Jefferson County,KS,Kansas,C4582,"Topeka, KS",Metro,,
20089,Jewell County,KS,Kansas,,,,,
20091,Johnson County,KS,Kansas,C2814,"Kansas City, MO-KS",Metro,CS312,"Kansas City-Overland Park-Kansas City, MO-KS"
20093,Kearny County,KS,Kansas,C2378,"Garden City, KS",Micro,,
20095,Kingman County,KS,Kansas,C4862,"Wichita, KS",Metro,CS556,"Wichita-Arkansas City-Winfield, KS"
20097,Kiowa County,KS,Kansas,,,,,
20099,Labette County,KS,Kansas,C3766,"Parsons, KS",Micro,,
20101,Lane County,KS,Kansas,,,,,
20103,Leavenworth County,KS,Kansas,C2814,"Kansas City, MO-KS",Metro,CS312,"Kansas City-Overland Park-Kansas City, MO-KS"
20105,Lincoln County,KS,Kansas,,,,,
20107,Linn County,KS,Kansas,C2814,"Kansas City, MO-KS",Metro,CS312,"Kansas City-Overland Park-Kansas City, MO-KS"
20109,Logan County,KS,Kansas,,,,,
20111,Lyon County,KS,Kansas,C2138,"Emporia, KS",Micro,,
20113,McPherson County,KS,Kansas,C3270,"McPherson, KS",Micro,,
20115,Marion County,KS,Kansas,,,,,
20117,Marshall County,KS,Kansas,,,,,
20119,Meade County,KS,Kansas,,,,,
20121,Miami County,KS,Kansas,C2814,"Kansas City, MO-KS",Metro,CS312,"Kansas City-Overland Park-Kansas City, MO-KS"
20123,Mitchell County,KS,Kansas,,,,,
20125,Montgomery County,KS,Kansas,C1770,"Coffeyville, KS",Micro,,
20127,Morris County,KS,Kansas,,,,,
20129,Morton County,KS,Kansas,,,,,
20131,Nemaha County,KS,Kansas,,,,,
20133,Neosho County,KS,Kansas,,,,,
20135,Ness County,KS,Kansas,,,,,
20137,Norton County,KS,Kansas,,,,,
20139,Osage County,KS,Kansas,C4582,"Topeka, KS",Metro,,
20141,Osborne County,KS,Kansas,,,,,
20143,Ottawa County,KS,Kansas,C4146,"Salina, KS",Micro,,
20145,Pawnee County,KS,Kansas,,,,,
20147,Phillips County,KS,Kansas,,,,,
20149,Pottawatomie County,KS,Kansas,C3174,"Manhattan, KS",Metro,CS358,"Manhattan-Junction City, KS"
20151,Pratt County,KS,Kansas,,,,,
20153,Rawlins County,KS,Kansas,,,,,
20155,Reno County,KS,Kansas,C2674,"Hutchinson, KS",Micro,,
20157,Republic County,KS,Kansas,,,,,
20159,Rice County,KS,Kansas,,,,,
20161,Riley County,KS,Kansas,C3174,"Manhattan, KS",Metro,CS358,"Manhattan-Junction City, KS"
20163,Rooks County,KS,Kansas,,,,,
20165,Rush County,KS,Kansas,,,,,
20167,Russell County,KS,Kansas,,,,,
20169,Saline County,KS,Kansas,C4146,"Salina, KS",Micro,,
20171,Scott County,KS,Kansas,,,,,
20173,Sedgwick County,KS,Kansas,C4862,"Wichita, KS",Metro,CS556,"Wichita-Arkansas City-Winfield, KS"
20175,Seward County,KS,Kansas,C3058,"Liberal, KS",Micro,,
20177,Shawnee County,KS,Kansas,C4582,"Topeka, KS",Metro,,
20179,Sheridan County,KS,Kansas,,,,,
20181,Sherman County,KS,Kansas,,,,,
20183,Smith County,KS,Kansas,,,,,
20185,Stafford County,KS,Kansas,,,,,
20187,Stanton County,KS,Kansas,,,,,
20189,Stevens County,KS,Kansas,,,,,
20191,Sumner County,KS,Kansas,C4862,"Wichita, KS",Metro,CS556,"Wichita-Arkansas City-Winfield, KS"
20193,Thomas County,KS,Kansas,,,,,
20195,Trego County,KS,Kansas,,,,,
20197,Wabaunsee County,KS,Kansas,C4582,"Topeka, KS",Metro,,
20199,Wallace County,KS,Kansas,,,,,
20201,Washington County,KS,Kansas,,,,,
20203,Wichita County,KS,Kansas,,,,,
20205,Wilson County,KS,Kansas,,,,,
20207,Woodson County,KS,Kansas,,,,,
20209,Wyandotte County,KS,Kansas,C2814,"Kansas City, MO-KS",Metro,CS312,"Kansas City-Overland Park-Kansas City, MO-KS"
21001,Adair County,KY,Kentucky,,,,,
21003,Allen County,KY,Kentucky,C1454,"Bowling Green, KY",Metro,CS150,"Bowling Green-Glasgow, KY"
21005,Anderson County,KY,Kentucky,C2318,"Frankfort, KY",Micro,CS336,"Lexington-Fayette--Richmond--Frankfort, KY"
21007,Ballard County,KY,Kentucky,C3714,"Paducah, KY-IL",Micro,CS424,"Paducah-Mayfield, KY-IL"
21009,Barren County,KY,Kentucky,C2398,"Glasgow, KY",Micro,CS150,"Bowling Green-Glasgow, KY"
21011,Bath County,KY,Kentucky,C3446,"Mount Sterling, KY",Micro,CS336,"Lexington-Fayette--Richmond--Frankfort, KY"
21013,Bell County,KY,Kentucky,C3318,"Middlesborough, KY",Micro,,
21015,Boone County,KY,Kentucky,C1714,"Cincinnati, OH-KY-IN",Metro,CS178,"Cincinnati-Wilmington-Maysville, OH-KY-IN"
21017,Bourbon County,KY,Kentucky,C3046,"Lexington-Fayette, KY",Metro,CS336,"Lexington-Fayette--Richmond--Frankfort, KY"
21019,Boyd County,KY,Kentucky,C2658,"Huntington-Ashland, WV-KY-OH",Metro,CS170,"Charleston-Huntington-Ashland, WV-OH-KY"
21021,Boyle County,KY,Kentucky,C1922,"Danville, KY",Micro,,
21023,Bracken County,KY,Kentucky,C1714,"Cincinnati, OH-KY-IN",Metro,CS178,"Cincinnati-Wilmington-Maysville, OH-KY-IN"
21025,Breathitt County,KY,Kentucky,,,,,
21027,Breckinridge County,KY,Kentucky,,,,,
21029,Bullitt County,KY,Kentucky,C3114,"Louisville/Jefferson County, KY-IN",Metro,CS350,"Louisville/Jefferson County--Elizabethtown--Madison, KY-IN"
21031,Butler County,KY,Kentucky,C1454,"Bowling Green, KY",Metro,CS150,"Bowling Green-Glasgow, KY"
21033,Caldwell County,KY,Kentucky,,,,,
21035,Calloway County,KY,Kentucky,C3466,"Murray, KY",Micro,,
21037,Campbell County,KY,Kentucky,C1714,"Cincinnati, OH-KY-IN",Metro,CS178,"Cincinnati-Wilmington-Maysville, OH-KY-IN"
21039,Carlisle County,KY,Kentucky,,,,,
21041,Carroll County,KY,Kentucky,,,,,
21043,Carter County,KY,Kentucky,,,,,
21045,Casey County,KY,Kentucky,,,,,
21047,Christian County,KY,Kentucky,C1730,"Clarksville, TN-KY",Metro,,
21049,Clark County,KY,Kentucky,C3046,"Lexington-Fayette, KY",Metro,CS336,"Lexington-Fayette--Richmond--Frankfort, KY"
21051,Clay County,KY,Kentucky,,,,,
21053,Clinton County,KY,Kentucky,,,,,
21055,Crittenden County,KY,Kentucky,,,,,
21057,Cumberland County,KY,Kentucky,,,,,
21059,Daviess County,KY,Kentucky,C3698,"Owensboro, KY",Metro,,
21061,Edmonson County,KY,Kentucky,C1454,"Bowling Green, KY",Metro,CS150,"Bowling Green-Glasgow, KY"
21063,Elliott County,KY,Kentucky,,,,,
21065,Estill County,KY,Kentucky,,,,,
21067,Fayette County,KY,Kentucky,C3046,"Lexington-Fayette, KY",Metro,CS336,"Lexington-Fayette--Richmond--Frankfort, KY"
21069,Fleming County,KY,Kentucky,,,,,
21071,Floyd County,KY,Kentucky,,,,,
21073,Franklin County,KY,Kentucky,C2318,"Frankfort, KY",Micro,CS336,"Lexington-Fayette--Richmond--Frankfort, KY"
21075,Fulton County,KY,Kentucky,C4646,"Union City, TN-KY",Micro,CS362,"Martin-Union City, TN-KY"
21077,Gallatin County,KY,Kentucky,C1714,"Cincinnati, OH-KY-IN",Metro,CS178,"Cincinnati-Wilmington-Maysville, OH-KY-IN"
21079,Garrard County,KY,Kentucky,,,,,
21081,Grant County,KY,Kentucky,C1714,"Cincinnati, OH-KY-IN",Metro,CS178,"Cincinnati-Wilmington-Maysville, OH-KY-IN"
21083,Graves County,KY,Kentucky,C3246,"Mayfield, KY",Micro,CS424,"Paducah-Mayfield, KY-IL"
21085,Grayson County,KY,Kentucky,,,,,
21087,Green County,KY,Kentucky,,,,,
21089,Greenup County,KY,Kentucky,C2658,"Huntington-Ashland, WV-KY-OH",Metro,CS170,"Charleston-Huntington-Ashland, WV-OH-KY"
21091,Hancock County,KY,Kentucky,C3698,"Owensboro, KY",Metro,,
21093,Hardin County,KY,Kentucky,C2106,"Elizabethtown-Fort Knox, KY",Metro,CS350,"Louisville/Jefferson County--Elizabethtown--Madison, KY-IN"
21095,Harlan County,KY,Kentucky,,,,,
21097,Harrison County,KY,Kentucky,,,,,
21099,Hart County,KY,Kentucky,,,,,
21101,Henderson County,KY,Kentucky,C2178,"Evansville, IN-KY",Metro,,
21103,Henry County,KY,Kentucky,C3114,"Louisville/Jefferson County, KY-IN",Metro,CS350,"Louisville/Jefferson County--Elizabethtown--Madison, KY-IN"
21105,Hickman County,KY,Kentucky,,,,,
21107,Hopkins County,KY,Kentucky,C3158,"Madisonville, KY",Micro,,
21109,Jackson County,KY,Kentucky,,,,,
21111,Jefferson County,KY,Kentucky,C3114,"Louisville/Jefferson County, KY-IN",Metro,CS350,"Louisville/Jefferson County--Elizabethtown--Madison, KY-IN"
21113,Jessamine County,KY,Kentucky,C3046,"Lexington-Fayette, KY",Metro,CS336,"Lexington-Fayette--Richmond--Frankfort, KY"
21115,Johnson County,KY,Kentucky,,,,,
21117,Kenton County,KY,Kentucky,C1714,"Cincinnati, OH-KY-IN",Metro,CS178,"Cincinnati-Wilmington-Maysville, OH-KY-IN"
21119,Knott County,KY,Kentucky,,,,,
21121,Knox County,KY,Kentucky,C3094,"London, KY",Micro,,
21123,Larue County,KY,Kentucky,C2106,"Elizabethtown-Fort Knox, KY",Metro,CS350,"Louisville/Jefferson County--Elizabethtown--Madison, KY-IN"
21125,Laurel County,KY,Kentucky,C3094,"London, KY",Micro,,
21127,Lawrence County,KY,Kentucky,,,,,
21129,Lee County,KY,Kentucky,,,,,
21131,Leslie County,KY,Kentucky,,,,,
21133,Letcher County,KY,Kentucky,,,,,
21135,Lewis County,KY,Kentucky,,,,,
21137,Lincoln County,KY,Kentucky,C1922,"Danville, KY",Micro,,
21139,Livingston County,KY,Kentucky,C3714,"Paducah, KY-IL",Micro,CS424,"Paducah-Mayfield, KY-IL"
21141,Logan County,KY,Kentucky,,,,,
21143,Lyon County,KY,Kentucky,,,,,
21145,McCracken County,KY,Kentucky,C3714,"Paducah, KY-IL",Micro,CS424,"Paducah-Mayfield, KY-IL"
21147,McCreary County,KY,Kentucky,,,,,
21149,McLean County,KY,Kentucky,C3698,"Owensboro, KY",Metro,,
21151,Madison County,KY,Kentucky,C4008,"Richmond-Berea, KY",Micro,CS336,"Lexington-Fayette--Richmond--Frankfort, KY"
21153,Magoffin County,KY,Kentucky,,,,,
21155,Marion County,KY,Kentucky,,,,,
21157,Marshall County,KY,Kentucky,,,,,
21159,Martin County,KY,Kentucky,,,,,
21161,Mason County,KY,Kentucky,C3250,"Maysville, KY",Micro,CS178,"Cincinnati-Wilmington-Maysville, OH-KY-IN"
21163,Meade County,KY,Kentucky,C2106,"Elizabethtown-Fort Knox, KY",Metro,CS350,"Louisville/Jefferson County--Elizabethtown--Madison, KY-IN"
21165,Menifee County,KY,Kentucky,C3446,"Mount Sterling, KY",Micro,CS336,"Lexington-Fayette--Richmond--Frankfort, KY"
21167,Mercer County,KY,Kentucky,,,,,
21169,Metcalfe County,KY,Kentucky,C2398,"Glasgow, KY",Micro,CS150,"Bowling Green-Glasgow, KY"
21171,Monroe County,KY,Kentucky,,,,,
21173,Montgomery County,KY,Kentucky,C3446,"Mount Sterling, KY",Micro,CS336,"Lexington-Fayette--Richmond--Frankfort, KY"
21175,Morgan County,KY,Kentucky,,,,,
21177,Muhlenberg County,KY,Kentucky,,,,,
21179,Nelson County,KY,Kentucky,C1268,"Bardstown, KY",Micro,CS350,"Louisville/Jefferson County--Elizabethtown--Madison, KY-IN"
21181,Nicholas County,KY,Kentucky,,,,,
21183,Ohio County,KY,Kentucky,,,,,
21185,Oldham County,KY,Kentucky,C3114,"Louisville/Jefferson County, KY-IN",Metro,CS350,"Louisville/Jefferson County--Elizabethtown--Madison, KY-IN"
21187,Owen County,KY,Kentucky,,,,,
21189,Owsley County,KY,Kentucky,,,,,
21191,Pendleton County,KY,Kentucky,C1714,"Cincinnati, OH-KY-IN",Metro,CS178,"Cincinnati-Wilmington-Maysville, OH-KY-IN"
21193,Perry County,KY,Kentucky,,,,,
21195,Pike County,KY,Kentucky,,,,,
21197,Powell County,KY,Kentucky,,,,,
21199,Pulaski County,KY,Kentucky,C4370,"Somerset, KY",Micro,,
21201,Robertson County,KY,Kentucky,,,,,
21203,Rockcastle County,KY,Kentucky,C4008,"Richmond-Berea, KY",Micro,CS336,"Lexington-Fayette--Richmond--Frankfort, KY"
21205,Rowan County,KY,Kentucky,,,,,
21207,Russell County,KY,Kentucky,,,,,
21209,Scott County,KY,Kentucky,C3046,"Lexington-Fayette, KY",Metro,CS336,"Lexington-Fayette--Richmond--Frankfort, KY"
21211,Shelby County,KY,Kentucky,C3114,"Louisville/Jefferson County, KY-IN",Metro,CS350,"Louisville/Jefferson County--Elizabethtown--Madison, KY-IN"
21213,Simpson County,KY,Kentucky,,,,,
21215,Spencer County,KY,Kentucky,C3114,"Louisville/Jefferson County, KY-IN",Metro,CS350,"Louisville/Jefferson County--Elizabethtown--Madison, KY-IN"
21217,Taylor County,KY,Kentucky,C1582,"Campbellsville, KY",Micro,,
21219,Todd County,KY,Kentucky,,,,,
21221,Trigg County,KY,Kentucky,C1730,"Clarksville, TN-KY",Metro,,
21223,Trimble County,KY,Kentucky,C3114,"Louisville/Jefferson County, KY-IN",Metro,CS350,"Louisville/Jefferson County--Elizabethtown--Madison, KY-IN"
21225,Union County,KY,Kentucky,,,,,
21227,Warren County,KY,Kentucky,C1454,"Bowling Green, KY",Metro,CS150,"Bowling Green-Glasgow, KY"
21229,Washington County,KY,Kentucky,,,,,
21231,Wayne County,KY,Kentucky,,,,,
21233,Webster County,KY,Kentucky,,,,,
21235,Whitley County,KY,Kentucky,C3094,"London, KY",Micro,,
21237,Wolfe County,KY,Kentucky,,,,,
21239,Woodford County,KY,Kentucky,C3046,"Lexington-Fayette, KY",Metro,CS336,"Lexington-Fayette--Richmond--Frankfort, KY"
22001,Acadia Parish,LA,Louisiana,C2918,"Lafayette, LA",Metro,CS318,"Lafayette-Opelousas-Morgan City, LA"
22003,Allen Parish,LA,Louisiana,,,,,
22005,Ascension Parish,LA,Louisiana,C1294,"Baton Rouge, LA",Metro,,
22007,Assumption Parish,LA,Louisiana,,,,,
22009,Avoyelles Parish,LA,Louisiana,,,,,
22011,Beauregard Parish,LA,Louisiana,C1976,"DeRidder, LA",Micro,CS217,"DeRidder-Fort Polk South, LA"
22013,Bienville Parish,LA,Louisiana,,,,,
22015,Bossier Parish,LA,Louisiana,C4334,"Shreveport-Bossier City, LA",Metro,,
22017,Caddo Parish,LA,Louisiana,C4334,"Shreveport-Bossier City, LA",Metro,,
22019,Calcasieu Parish,LA,Louisiana,C2934,"Lake Charles, LA",Metro,,
22021,Caldwell Parish,LA,Louisiana,,,,,
22023,Cameron Parish,LA,Louisiana,C2934,"Lake Charles, LA",Metro,,
22025,Catahoula Parish,LA,Louisiana,,,,,
22027,Claiborne Parish,LA,Louisiana,,,,,
22029,Concordia Parish,LA,Louisiana,C3502,"Natchez, MS-LA",Micro,,
22031,De Soto Parish,LA,Louisiana,C4334,"Shreveport-Bossier City, LA",Metro,,
22033,East Baton Rouge Parish,LA,Louisiana,C1294,"Baton Rouge, LA",Metro,,
22035,East Carroll Parish,LA,Louisiana,,,,,
22037,East Feliciana Parish,LA,Louisiana,C1294,"Baton Rouge, LA",Metro,,
22039,Evangeline Parish,LA,Louisiana,,,,,
22041,Franklin Parish,LA,Louisiana,,,,,
22043,Grant Parish,LA,Louisiana,C1078,"Alexandria, LA",Metro,,
22045,Iberia Parish,LA,Louisiana,C2918,"Lafayette, LA",Metro,CS318,"Lafayette-Opelousas-Morgan City, LA"
22047,Iberville Parish,LA,Louisiana,C1294,"Baton Rouge, LA",Metro,,
22049,Jackson Parish,LA,Louisiana,,,,,
22051,Jefferson Parish,LA,Louisiana,C3538,"New Orleans-Metairie, LA",Metro,CS406,"New Orleans-Metairie-Hammond, LA-MS"
22053,Jefferson Davis Parish,LA,Louisiana,,,,,
22055,Lafayette Parish,LA,Louisiana,C2918,"Lafayette, LA",Metro,CS318,"Lafayette-Opelousas-Morgan City, LA"
22057,Lafourche Parish,LA,Louisiana,C2638,"Houma-Thibodaux, LA",Metro,,
22059,La Salle Parish,LA,Louisiana,,,,,
22061,Lincoln Parish,LA,Louisiana,C4082,"Ruston, LA",Micro,CS384,"Monroe-Ruston-Bastrop, LA"
22063,Livingston Parish,LA,Louisiana,C1294,"Baton Rouge, LA",Metro,,
22065,Madison Parish,LA,Louisiana,,,,,
22067,Morehouse Parish,LA,Louisiana,C1282,"Bastrop, LA",Micro,CS384,"Monroe-Ruston-Bastrop, LA"
22069,Natchitoches Parish,LA,Louisiana,C3506,"Natchitoches, LA",Micro,,
22071,Orleans Parish,LA,Louisiana,C3538,"New Orleans-Metairie, LA",Metro,CS406,"New Orleans-Metairie-Hammond, LA-MS"
22073,Ouachita Parish,LA,Louisiana,C3374,"Monroe, LA",Metro,CS384,"Monroe-Ruston-Bastrop, LA"
22075,Plaquemines Parish,LA,Louisiana,C3538,"New Orleans-Metairie, LA",Metro,CS406,"New Orleans-Metairie-Hammond, LA-MS"
22077,Pointe Coupee Parish,LA,Louisiana,C1294,"Baton Rouge, LA",Metro,,
22079,Rapides Parish,LA,Louisiana,C1078,"Alexandria, LA",Metro,,
22081,Red River Parish,LA,Louisiana,,,,,
22083,Richland Parish,LA,Louisiana,,,,,
22085,Sabine Parish,LA,Louisiana,,,,,
22087,St. Bernard Parish,LA,Louisiana,C3538,"New Orleans-Metairie, LA",Metro,CS406,"New Orleans-Metairie-Hammond, LA-MS"
22089,St. Charles Parish,LA,Louisiana,C3538,"New Orleans-Metairie, LA",Metro,CS406,"New Orleans-Metairie-Hammond, LA-MS"
22091,St. Helena Parish,LA,Louisiana,C1294,"Baton Rouge, LA",Metro,,
22093,St. James Parish,LA,Louisiana,C3538,"New Orleans-Metairie, LA",Metro,CS406,"New Orleans-Metairie-Hammond, LA-MS"
22095,St. John the Baptist Parish,LA,Louisiana,C3538,"New Orleans-Metairie, LA",Metro,CS406,"New Orleans-Metairie-Hammond, LA-MS"
22097,St. Landry Parish,LA,Louisiana,C3666,"Opelousas, LA",Micro,CS318,"Lafayette-Opelousas-Morgan City, LA"
22099,St. Martin Parish,LA,Louisiana,C2918,"Lafayette, LA",Metro,CS318,"Lafayette-Opelousas-Morgan City, LA"
22101,St. Mary Parish,LA,Louisiana,C3402,"Morgan City, LA",Micro,CS318,"Lafayette-Opelousas-Morgan City, LA"
22103,St. Tammany Parish,LA,Louisiana,C3538,"New Orleans-Metairie, LA",Metro,CS406,"New Orleans-Metairie-Hammond, LA-MS"
22105,Tangipahoa Parish,LA,Louisiana,C2522,"Hammond, LA",Metro,CS406,"New Orleans-Metairie-Hammond, LA-MS"
22107,Tensas Parish,LA,Louisiana,,,,,
22109,Terrebonne Parish,LA,Louisiana,C2638,"Houma-Thibodaux, LA",Metro,,
22111,Union Parish,LA,Louisiana,C3374,"Monroe, LA",Metro,CS384,"Monroe-Ruston-Bastrop, LA"
22113,Vermilion Parish,LA,Louisiana,C2918,"Lafayette, LA",Metro,CS318,"Lafayette-Opelousas-Morgan City, LA"
22115,Vernon Parish,LA,Louisiana,C2286,"Fort Polk South, LA",Micro,CS217,"DeRidder-Fort Polk South, LA"
22117,Washington Parish,LA,Louisiana,C1422,"Bogalusa, LA",Micro,CS406,"New Orleans-Metairie-Hammond, LA-MS"
22119,Webster Parish,LA,Louisiana,C4334,"Shreveport-Bossier City, LA",Metro,,
22121,West Baton Rouge Parish,LA,Louisiana,C1294,"Baton Rouge, LA",Metro,,
22123,West Carroll Parish,LA,Louisiana,,,,,
22125,West Feliciana Parish,LA,Louisiana,C1294,"Baton Rouge, LA",Metro,,
22127,Winn Parish,LA,Louisiana,,,,,
23001,Androscoggin County,ME,Maine,C3034,"Lewiston-Auburn, ME",Metro,CS438,"Portland-Lewiston-South Portland, ME"
23003,Aroostook County,ME,Maine,,,,,
23005,Cumberland County,ME,Maine,C3886,"Portland-South Portland, ME",Metro,CS438,"Portland-Lewiston-South Portland, ME"
23007,Franklin County,ME,Maine,,,,,
23009,Hancock County,ME,Maine,,,,,
23011,Kennebec County,ME,Maine,C1230,"Augusta-Waterville, ME",Micro,,
23013,Knox County,ME,Maine,,,,,
23015,Lincoln County,ME,Maine,,,,,
23017,Oxford County,ME,Maine,,,,,
23019,Penobscot County,ME,Maine,C1262,"Bangor, ME",Metro,,
23021,Piscataquis County,ME,Maine,,,,,
23023,Sagadahoc County,ME,Maine,C3886,"Portland-South Portland, ME",Metro,CS438,"Portland-Lewiston-South Portland, ME"
23025,Somerset County,ME,Maine,,,,,
23027,Waldo County,ME,Maine,,,,,
23029,Washington County,ME,Maine,,,,,
23031,York County,ME,Maine,C3886,"Portland-South Portland, ME",Metro,CS438,"Portland-Lewiston-South Portland, ME"
24001,Allegany County,MD,Maryland,C1906,"Cumberland, MD-WV",Metro,,
24003,Anne Arundel County,MD,Maryland,C1258,"Baltimore-Columbia-Towson, MD",Metro,CS548,"Washington-Baltimore-Arlington, DC-MD-VA-WV-PA"
24005,Baltimore County,MD,Maryland,C1258,"Baltimore-Columbia-Towson, MD",Metro,CS548,"Washington-Baltimore-Arlington, DC-MD-VA-WV-PA"
24009,Calvert County,MD,Maryland,C4790,"Washington-Arlington-Alexandria, DC-VA-MD-WV",Metro,CS548,"Washington-Baltimore-Arlington, DC-MD-VA-WV-PA"
24011,Caroline County,MD,Maryland,,,,,
24013,Carroll County,MD,Maryland,C1258,"Baltimore-Columbia-Towson, MD",Metro,CS548,"Washington-Baltimore-Arlington, DC-MD-VA-WV-PA"
24015,Cecil County,MD,Maryland,C3798,"Philadelphia-Camden-Wilmington, PA-NJ-DE-MD",Metro,CS428,"Philadelphia-Reading-Camden, PA-NJ-DE-MD"
24017,Charles County,MD,Maryland,C4790,"Washington-Arlington-Alexandria, DC-VA-MD-WV",Metro,CS548,"Washington-Baltimore-Arlington, DC-MD-VA-WV-PA"
24019,Dorchester County,MD,Maryland,C1570,"Cambridge, MD",Micro,CS548,"Washington-Baltimore-Arlington, DC-MD-VA-WV-PA"
24021,Frederick County,MD,Maryland,C4790,"Washington-Arlington-Alexandria, DC-VA-MD-WV",Metro,CS548,"Washington-Baltimore-Arlington, DC-MD-VA-WV-PA"
24023,Garrett County,MD,Maryland,,,,,
24025,Harford County,MD,Maryland,C1258,"Baltimore-Columbia-Towson, MD",Metro,CS548,"Washington-Baltimore-Arlington, DC-MD-VA-WV-PA"
24027,Howard County,MD,Maryland,C1258,"Baltimore-Columbia-Towson, MD",Metro,CS548,"Washington-Baltimore-Arlington, DC-MD-VA-WV-PA"
24029,Kent County,MD,Maryland,,,,,
24031,Montgomery County,MD,Maryland,C4790,"Washington-Arlington-Alexandria, DC-VA-MD-WV",Metro,CS548,"Washington-Baltimore-Arlington, DC-MD-VA-WV-PA"
24033,Prince George's County,MD,Maryland,C4790,"Washington-Arlington-Alexandria, DC-VA-MD-WV",Metro,CS548,"Washington-Baltimore-Arlington, DC-MD-VA-WV-PA"
24035,Queen Anne's County,MD,Maryland,C1258,"Baltimore-Columbia-Towson, MD",Metro,CS548,"Washington-Baltimore-Arlington, DC-MD-VA-WV-PA"
24037,St. Mary's County,MD,Maryland,C1568,"California-Lexington Park, MD",Metro,CS548,"Washington-Baltimore-Arlington, DC-MD-VA-WV-PA"
24039,Somerset County,MD,Maryland,C4154,"Salisbury, MD-DE",Metro,,
24041,Talbot County,MD,Maryland,C2066,"Easton, MD",Micro,CS548,"Washington-Baltimore-Arlington, DC-MD-VA-WV-PA"
24043,Washington County,MD,Maryland,C2518,"Hagerstown-Martinsburg, MD-WV",Metro,CS548,"Washington-Baltimore-Arlington, DC-MD-VA-WV-PA"
24045,Wicomico County,MD,Maryland,C4154,"Salisbury, MD-DE",Metro,,
24047,Worcester County,MD,Maryland,C4154,"Salisbury, MD-DE",Metro,,
24510,Baltimore City,MD,Maryland,C1258,"Baltimore-Columbia-Towson, MD",Metro,CS548,"Washington-Baltimore-Arlington, DC-MD-VA-WV-PA"
25001,Barnstable County,MA,Massachusetts,C1270,"Barnstable Town, MA",Metro,CS148,"Boston-Worcester-Providence, MA-RI-NH-CT"
25003,Berkshire County,MA,Massachusetts,C3834,"Pittsfield, MA",Metro,,
25005,Bristol County,MA,Massachusetts,C3930,"Providence-Warwick, RI-MA",Metro,CS148,"Boston-Worcester-Providence, MA-RI-NH-CT"
25007,Dukes County,MA,Massachusetts,C4724,"Vineyard Haven, MA",Micro,,
25009,Essex County,MA,Massachusetts,C1446,"Boston-Cambridge-Newton, MA-NH",Metro,CS148,"Boston-Worcester-Providence, MA-RI-NH-CT"
25011,Franklin County,MA,Massachusetts,C2464,"Greenfield Town, MA",Micro,CS521,"Springfield-Greenfield Town, MA"
25013,Hampden County,MA,Massachusetts,C4414,"Springfield, MA",Metro,CS521,"Springfield-Greenfield Town, MA"
25015,Hampshire County,MA,Massachusetts,C4414,"Springfield, MA",Metro,CS521,"Springfield-Greenfield Town, MA"
25017,Middlesex County,MA,Massachusetts,C1446,"Boston-Cambridge-Newton, MA-NH",Metro,CS148,"Boston-Worcester-Providence, MA-RI-NH-CT"
25019,Nantucket County,MA,Massachusetts,,,,,
25021,Norfolk County,MA,Massachusetts,C1446,"Boston-Cambridge-Newton, MA-NH",Metro,CS148,"Boston-Worcester-Providence, MA-RI-NH-CT"
25023,Plymouth County,MA,Massachusetts,C1446,"Boston-Cambridge-Newton, MA-NH",Metro,CS148,"Boston-Worcester-Providence, MA-RI-NH-CT"
25025,Suffolk County,MA,Massachusetts,C1446,"Boston-Cambridge-Newton, MA-NH",Metro,CS148,"Boston-Worcester-Providence, MA-RI-NH-CT"
25027,Worcester County,MA,Massachusetts,C4934,"Worcester, MA-CT",Metro,CS148,"Boston-Worcester-Providence, MA-RI-NH-CT"
26001,Alcona County,MI,Michigan,,,,,
26003,Alger County,MI,Michigan,,,,,
26005,Allegan County,MI,Michigan,C2609,"Holland, MI",Micro,CS266,"Grand Rapids-Wyoming-Muskegon, MI"
26007,Alpena County,MI,Michigan,C1098,"Alpena, MI",Micro,,
26009,Antrim County,MI,Michigan,,,,,
26011,Arenac County,MI,Michigan,,,,,
26013,Baraga County,MI,Michigan,,,,,
26015,Barry County,MI,Michigan,C2434,"Grand Rapids-Wyoming, MI",Metro,CS266,"Grand Rapids-Wyoming-Muskegon, MI"
26017,Bay County,MI,Michigan,C1302,"Bay City, MI",Metro,CS474,"Saginaw-Midland-Bay City, MI"
26019,Benzie County,MI,Michigan,C4590,"Traverse City, MI",Micro,,
26021,Berrien County,MI,Michigan,C3566,"Niles-Benton Harbor, MI",Metro,CS515,"South Bend-Elkhart-Mishawaka, IN-MI"
26023,Branch County,MI,Michigan,C1774,"Coldwater, MI",Micro,,
26025,Calhoun County,MI,Michigan,C1298,"Battle Creek, MI",Metro,CS310,"Kalamazoo-Battle Creek-Portage, MI"
26027,Cass County,MI,Michigan,C4378,"South Bend-Mishawaka, IN-MI",Metro,CS515,"South Bend-Elkhart-Mishawaka, IN-MI"
26029,Charlevoix County,MI,Michigan,,,,,
26031,Cheboygan County,MI,Michigan,,,,,
26033,Chippewa County,MI,Michigan,C4230,"Sault Ste. Marie, MI",Micro,,
26035,Clare County,MI,Michigan,,,,,
26037,Clinton County,MI,Michigan,C2962,"Lansing-East Lansing, MI",Metro,CS330,"Lansing-East Lansing-Owosso, MI"
26039,Crawford County,MI,Michigan,,,,,
26041,Delta County,MI,Michigan,C2154,"Escanaba, MI",Micro,,
26043,Dickinson County,MI,Michigan,C2702,"Iron Mountain, MI-WI",Micro,,
26045,Eaton County,MI,Michigan,C2962,"Lansing-East Lansing, MI",Metro,CS330,"Lansing-East Lansing-Owosso, MI"
26047,Emmet County,MI,Michigan,,,,,
26049,Genesee County,MI,Michigan,C2242,"Flint, MI",Metro,CS220,"Detroit-Warren-Ann Arbor, MI"
26051,Gladwin County,MI,Michigan,,,,,
26053,Gogebic County,MI,Michigan,,,,,
26055,Grand Traverse County,MI,Michigan,C4590,"Traverse City, MI",Micro,,
26057,Gratiot County,MI,Michigan,C1094,"Alma, MI",Micro,CS394,"Mount Pleasant-Alma, MI"
26059,Hillsdale County,MI,Michigan,C2588,"Hillsdale, MI",Micro,,
26061,Houghton County,MI,Michigan,C2634,"Houghton, MI",Micro,,
26063,Huron County,MI,Michigan,,,,,
26065,Ingham County,MI,Michigan,C2962,"Lansing-East Lansing, MI",Metro,CS330,"Lansing-East Lansing-Owosso, MI"
26067,Ionia County,MI,Michigan,C2696,"Ionia, MI",Micro,CS266,"Grand Rapids-Wyoming-Muskegon, MI"
26069,Iosco County,MI,Michigan,,,,,
26071,Iron County,MI,Michigan,,,,,
26073,Isabella County,MI,Michigan,C3438,"Mount Pleasant, MI",Micro,CS394,"Mount Pleasant-Alma, MI"
26075,Jackson County,MI,Michigan,C2710,"Jackson, MI",Metro,,
26077,Kalamazoo County,MI,Michigan,C2802,"Kalamazoo-Portage, MI",Metro,CS310,"Kalamazoo-Battle Creek-Portage, MI"
26079,Kalkaska County,MI,Michigan,C4590,"Traverse City, MI",Micro,,
26081,Kent County,MI,Michigan,C2434,"Grand Rapids-Wyoming, MI",Metro,CS266,"Grand Rapids-Wyoming-Muskegon, MI"
26083,Keweenaw County,MI,Michigan,C2634,"Houghton, MI",Micro,,
26085,Lake County,MI,Michigan,,,,,
26087,Lapeer County,MI,Michigan,C1982,"Detroit-Warren-Dearborn, MI",Metro,CS220,"Detroit-Warren-Ann Arbor, MI"
26089,Leelanau County,MI,Michigan,C4590,"Traverse City, MI",Micro,,
26091,Lenawee County,MI,Michigan,C1030,"Adrian, MI",Micro,CS220,"Detroit-Warren-Ann Arbor, MI"
26093,Livingston County,MI,Michigan,C1982,"Detroit-Warren-Dearborn, MI",Metro,CS220,"Detroit-Warren-Ann Arbor, MI"
26095,Luce County,MI,Michigan,,,,,
26097,Mackinac County,MI,Michigan,,,,,
26099,Macomb County,MI,Michigan,C1982,"Detroit-Warren-Dearborn, MI",Metro,CS220,"Detroit-Warren-Ann Arbor, MI"
26101,Manistee County,MI,Michigan,,,,,
26103,Marquette County,MI,Michigan,C3210,"Marquette, MI",Micro,,
26105,Mason County,MI,Michigan,C3122,"Ludington, MI",Micro,,
26107,Mecosta County,MI,Michigan,C1366,"Big Rapids, MI",Micro,CS266,"Grand Rapids-Wyoming-Muskegon, MI"
26109,Menominee County,MI,Michigan,C3194,"Marinette, WI-MI",Micro,,
26111,Midland County,MI,Michigan,C3322,"Midland, MI",Metro,CS474,"Saginaw-Midland-Bay City, MI"
26113,Missaukee County,MI,Michigan,C1562,"Cadillac, MI",Micro,,
26115,Monroe County,MI,Michigan,C3378,"Monroe, MI",Metro,CS220,"Detroit-Warren-Ann Arbor, MI"
26117,Montcalm County,MI,Michigan,C2434,"Grand Rapids-Wyoming, MI",Metro,CS266,"Grand Rapids-Wyoming-Muskegon, MI"
26119,Montmorency County,MI,Michigan,,,,,
26121,Muskegon County,MI,Michigan,C3474,"Muskegon, MI",Metro,CS266,"Grand Rapids-Wyoming-Muskegon, MI"
26123,Newaygo County,MI,Michigan,,,,,
26125,Oakland County,MI,Michigan,C1982,"Detroit-Warren-Dearborn, MI",Metro,CS220,"Detroit-Warren-Ann Arbor, MI"
26127,Oceana County,MI,Michigan,,,,,
26129,Ogemaw County,MI,Michigan,,,,,
26131,Ontonagon County,MI,Michigan,,,,,
26133,Osceola County,MI,Michigan,,,,,
26135,Oscoda County,MI,Michigan,,,,,
26137,Otsego County,MI,Michigan,,,,,
26139,Ottawa County,MI,Michigan,C2434,"Grand Rapids-Wyoming, MI",Metro,CS266,"Grand Rapids-Wyoming-Muskegon, MI"
26141,Presque Isle County,MI,Michigan,,,,,
26143,Roscommon County,MI,Michigan,,,,,
26145,Saginaw County,MI,Michigan,C4098,"Saginaw, MI",Metro,CS474,"Saginaw-Midland-Bay City, MI"
26147,St. Clair County,MI,Michigan,C1982,"Detroit-Warren-Dearborn, MI",Metro,CS220,"Detroit-Warren-Ann Arbor, MI"
26149,St. Joseph County,MI,Michigan,C4478,"Sturgis, MI",Micro,CS310,"Kalamazoo-Battle Creek-Portage, MI"
26151,Sanilac County,MI,Michigan,,,,,
26153,Schoolcraft County,MI,Michigan,,,,,
26155,Shiawassee County,MI,Michigan,C3702,"Owosso, MI",Micro,CS330,"Lansing-East Lansing-Owosso, MI"
26157,Tuscola County,MI,Michigan,,,,,
26159,Van Buren County,MI,Michigan,C2802,"Kalamazoo-Portage, MI",Metro,CS310,"Kalamazoo-Battle Creek-Portage, MI"
26161,Washtenaw County,MI,Michigan,C1146,"Ann Arbor, MI",Metro,CS220,"Detroit-Warren-Ann Arbor, MI"
26163,Wayne County,MI,Michigan,C1982,"Detroit-Warren-Dearborn, MI",Metro,CS220,"Detroit-Warren-Ann Arbor, MI"
26165,Wexford County,MI,Michigan,C1562,"Cadillac, MI",Micro,,
27001,Aitkin County,MN,Minnesota,,,,,
27003,Anoka County,MN,Minnesota,C3346,"Minneapolis-St. Paul-Bloomington, MN-WI",Metro,CS378,"Minneapolis-St. Paul, MN-WI"
27005,Becker County,MN,Minnesota,,,,,
27007,Beltrami County,MN,Minnesota,C1342,"Bemidji, MN",Micro,,
27009,Benton County,MN,Minnesota,C4106,"St. Cloud, MN",Metro,CS378,"Minneapolis-St. Paul, MN-WI"
27011,Big Stone County,MN,Minnesota,,,,,
27013,Blue Earth County,MN,Minnesota,C3186,"Mankato-North Mankato, MN",Metro,CS359,"Mankato-New Ulm-North Mankato, MN"
27015,Brown County,MN,Minnesota,C3558,"New Ulm, MN",Micro,CS359,"Mankato-New Ulm-North Mankato, MN"
27017,Carlton County,MN,Minnesota,C2026,"Duluth, MN-WI",Metro,,
27019,Carver County,MN,Minnesota,C3346,"Minneapolis-St. Paul-Bloomington, MN-WI",Metro,CS378,"Minneapolis-St. Paul, MN-WI"
27021,Cass County,MN,Minnesota,C1466,"Brainerd, MN",Micro,,
27023,Chippewa County,MN,Minnesota,,,,,
27025,Chisago County,MN,Minnesota,C3346,"Minneapolis-St. Paul-Bloomington, MN-WI",Metro,CS378,"Minneapolis-St. Paul, MN-WI"
27027,Clay County,MN,Minnesota,C2202,"Fargo, ND-MN",Metro,CS244,"Fargo-Wahpeton, ND-MN"
27029,Clearwater County,MN,Minnesota,,,,,
27031,Cook County,MN,Minnesota,,,,,
27033,Cottonwood County,MN,Minnesota,,,,,
27035,Crow Wing County,MN,Minnesota,C1466,"Brainerd, MN",Micro,,
27037,Dakota County,MN,Minnesota,C3346,"Minneapolis-St. Paul-Bloomington, MN-WI",Metro,CS378,"Minneapolis-St. Paul, MN-WI"
27039,Dodge County,MN,Minnesota,C4034,"Rochester, MN",Metro,CS462,"Rochester-Austin, MN"
27041,Douglas County,MN,Minnesota,C1082,"Alexandria, MN",Micro,,
27043,Faribault County,MN,Minnesota,,,,,
27045,Fillmore County,MN,Minnesota,C4034,"Rochester, MN",Metro,CS462,"Rochester-Austin, MN"
27047,Freeborn County,MN,Minnesota,C1066,"Albert Lea, MN",Micro,,
27049,Goodhue County,MN,Minnesota,C3986,"Red Wing, MN",Micro,CS378,"Minneapolis-St. Paul, MN-WI"
27051,Grant County,MN,Minnesota,,,,,
27053,Hennepin County,MN,Minnesota,C3346,"Minneapolis-St. Paul-Bloomington, MN-WI",Metro,CS378,"Minneapolis-St. Paul, MN-WI"
27055,Houston County,MN,Minnesota,C2910,"La Crosse-Onalaska, WI-MN",Metro,,
27057,Hubbard County,MN,Minnesota,,,,,
27059,Isanti County,MN,Minnesota,C3346,"Minneapolis-St. Paul-Bloomington, MN-WI",Metro,CS378,"Minneapolis-St. Paul, MN-WI"
27061,Itasca County,MN,Minnesota,,,,,
27063,Jackson County,MN,Minnesota,,,,,
27065,Kanabec County,MN,Minnesota,,,,,
27067,Kandiyohi County,MN,Minnesota,C4882,"Willmar, MN",Micro,,
27069,Kittson County,MN,Minnesota,,,,,
27071,Koochiching County,MN,Minnesota,,,,,
27073,Lac qui Parle County,MN,Minnesota,,,,,
27075,Lake County,MN,Minnesota,,,,,
27077,Lake of the Woods County,MN,Minnesota,,,,,
27079,Le Sueur County,MN,Minnesota,C3346,"Minneapolis-St. Paul-Bloomington, MN-WI",Metro,CS378,"Minneapolis-St. Paul, MN-WI"
27081,Lincoln County,MN,Minnesota,,,,,
27083,Lyon County,MN,Minnesota,C3214,"Marshall, MN",Micro,,
27085,McLeod County,MN,Minnesota,C2678,"Hutchinson, MN",Micro,CS378,"Minneapolis-St. Paul, MN-WI"
27087,Mahnomen County,MN,Minnesota,,,,,
27089,Marshall County,MN,Minnesota,,,,,
27091,Martin County,MN,Minnesota,,,,,
27093,Meeker County,MN,Minnesota,,,,,
27095,Mille Lacs County,MN,Minnesota,C3346,"Minneapolis-St. Paul-Bloomington, MN-WI",Metro,CS378,"Minneapolis-St. Paul, MN-WI"
27097,Morrison County,MN,Minnesota,,,,,
27099,Mower County,MN,Minnesota,C1238,"Austin, MN",Micro,CS462,"Rochester-Austin, MN"
27101,Murray County,MN,Minnesota,,,,,
27103,Nicollet County,MN,Minnesota,C3186,"Mankato-North Mankato, MN",Metro,CS359,"Mankato-New Ulm-North Mankato, MN"
27105,Nobles County,MN,Minnesota,C4938,"Worthington, MN",Micro,,
27107,Norman County,MN,Minnesota,,,,,
27109,Olmsted County,MN,Minnesota,C4034,"Rochester, MN",Metro,CS462,"Rochester-Austin, MN"
27111,Otter Tail County,MN,Minnesota,C2226,"Fergus Falls, MN",Micro,,
27113,Pennington County,MN,Minnesota,,,,,
27115,Pine County,MN,Minnesota,,,,,
27117,Pipestone County,MN,Minnesota,,,,,
27119,Polk County,MN,Minnesota,C2422,"Grand Forks, ND-MN",Metro,,
27121,Pope County,MN,Minnesota,,,,,
27123,Ramsey County,MN,Minnesota,C3346,"Minneapolis-St. Paul-Bloomington, MN-WI",Metro,CS378,"Minneapolis-St. Paul, MN-WI"
27125,Red Lake County,MN,Minnesota,,,,,
27127,Redwood County,MN,Minnesota,,,,,
27129,Renville County,MN,Minnesota,,,,,
27131,Rice County,MN,Minnesota,C2206,"Faribault-Northfield, MN",Micro,CS378,"Minneapolis-St. Paul, MN-WI"
27133,Rock County,MN,Minnesota,,,,,
27135,Roseau County,MN,Minnesota,,,,,
27137,St. Louis County,MN,Minnesota,C2026,"Duluth, MN-WI",Metro,,
27139,Scott County,MN,Minnesota,C3346,"Minneapolis-St. Paul-Bloomington, MN-WI",Metro,CS378,"Minneapolis-St. Paul, MN-WI"
27141,Sherburne County,MN,Minnesota,C3346,"Minneapolis-St. Paul-Bloomington, MN-WI",Metro,CS378,"Minneapolis-St. Paul, MN-WI"
27143,Sibley County,MN,Minnesota,C3346,"Minneapolis-St. Paul-Bloomington, MN-WI",Metro,CS378,"Minneapolis-St. Paul, MN-WI"
27145,Stearns County,MN,Minnesota,C4106,"St. Cloud, MN",Metro,CS378,"Minneapolis-St. Paul, MN-WI"
27147,Steele County,MN,Minnesota,C3694,"Owatonna, MN",Micro,,
27149,Stevens County,MN,Minnesota,,,,,
27151,Swift County,MN,Minnesota,,,,,
27153,Todd County,MN,Minnesota,,,,,
27155,Traverse County,MN,Minnesota,,,,,
27157,Wabasha County,MN,Minnesota,C4034,"Rochester, MN",Metro,CS462,"Rochester-Austin, MN"
27159,Wadena County,MN,Minnesota,,,,,
27161,Waseca County,MN,Minnesota,,,,,
27163,Washington County,MN,Minnesota,C3346,"Minneapolis-St. Paul-Bloomington, MN-WI",Metro,CS378,"Minneapolis-St. Paul, MN-WI"
27165,Watonwan County,MN,Minnesota,,,,,
27167,Wilkin County,MN,Minnesota,C4742,"Wahpeton, ND-MN",Micro,CS244,"Fargo-Wahpeton, ND-MN"
27169,Winona County,MN,Minnesota,C4910,"Winona, MN",Micro,,
27171,Wright County,MN,Minnesota,C3346,"Minneapolis-St. Paul-Bloomington, MN-WI",Metro,CS378,"Minneapolis-St. Paul, MN-WI"
27173,Yellow Medicine County,MN,Minnesota,,,,,
28001,Adams County,MS,Mississippi,C3502,"Natchez, MS-LA",Micro,,
28003,Alcorn County,MS,Mississippi,C1842,"Corinth, MS",Micro,,
28005,Amite County,MS,Mississippi,C3262,"McComb, MS",Micro,,
28007,Attala County,MS,Mississippi,,,,,
28009,Benton County,MS,Mississippi,C3282,"Memphis, TN-MS-AR",Metro,CS368,"Memphis-Forrest City, TN-MS-AR"
28011,Bolivar County,MS,Mississippi,C1738,"Cleveland, MS",Micro,CS185,"Cleveland-Indianola, MS"
28013,Calhoun County,MS,Mississippi,,,,,
28015,Carroll County,MS,Mississippi,C2490,"Greenwood, MS",Micro,,
28017,Chickasaw County,MS,Mississippi,,,,,
28019,Choctaw County,MS,Mississippi,,,,,
28021,Claiborne County,MS,Mississippi,C4698,"Vicksburg, MS",Micro,CS298,"Jackson-Vicksburg-Brookhaven, MS"
28023,Clarke County,MS,Mississippi,C3294,"Meridian, MS",Micro,,
28025,Clay County,MS,Mississippi,,,,,
28027,Coahoma County,MS,Mississippi,C1726,"Clarksdale, MS",Micro,,
28029,Copiah County,MS,Mississippi,C2714,"Jackson, MS",Metro,CS298,"Jackson-Vicksburg-Brookhaven, MS"
28031,Covington County,MS,Mississippi,,,,,
28033,DeSoto County,MS,Mississippi,C3282,"Memphis, TN-MS-AR",Metro,CS368,"Memphis-Forrest City, TN-MS-AR"
28035,Forrest County,MS,Mississippi,C2562,"Hattiesburg, MS",Metro,,
28037,Franklin County,MS,Mississippi,,,,,
28039,George County,MS,Mississippi,,,,,
28041,Greene County,MS,Mississippi,,,,,
28043,Grenada County,MS,Mississippi,C2498,"Grenada, MS",Micro,,
28045,Hancock County,MS,Mississippi,C2506,"Gulfport-Biloxi-Pascagoula, MS",Metro,,
28047,Harrison County,MS,Mississippi,C2506,"Gulfport-Biloxi-Pascagoula, MS",Metro,,
28049,Hinds County,MS,Mississippi,C2714,"Jackson, MS",Metro,CS298,"Jackson-Vicksburg-Brookhaven, MS"
28051,Holmes County,MS,Mississippi,,,,,
28053,Humphreys County,MS,Mississippi,,,,,
28055,Issaquena County,MS,Mississippi,,,,,
28057,Itawamba County,MS,Mississippi,C4618,"Tupelo, MS",Micro,,
28059,Jackson County,MS,Mississippi,C2506,"Gulfport-Biloxi-Pascagoula, MS",Metro,,
28061,Jasper County,MS,Mississippi,C2986,"Laurel, MS",Micro,,
28063,Jefferson County,MS,Mississippi,,,,,
28065,Jefferson Davis County,MS,Mississippi,,,,,
28067,Jones County,MS,Mississippi,C2986,"Laurel, MS",Micro,,
28069,Kemper County,MS,Mississippi,C3294,"Meridian, MS",Micro,,
28071,Lafayette County,MS,Mississippi,C3706,"Oxford, MS",Micro,,
28073,Lamar County,MS,Mississippi,C2562,"Hattiesburg, MS",Metro,,
28075,Lauderdale County,MS,Mississippi,C3294,"Meridian, MS",Micro,,
28077,Lawrence County,MS,Mississippi,,,,,
28079,Leake County,MS,Mississippi,,,,,
28081,Lee County,MS,Mississippi,C4618,"Tupelo, MS",Micro,,
28083,Leflore County,MS,Mississippi,C2490,"Greenwood, MS",Micro,,
28085,Lincoln County,MS,Mississippi,C1502,"Brookhaven, MS",Micro,CS298,"Jackson-Vicksburg-Brookhaven, MS"
28087,Lowndes County,MS,Mississippi,C1806,"Columbus, MS",Micro,,
28089,Madison County,MS,Mississippi,C2714,"Jackson, MS",Metro,CS298,"Jackson-Vicksburg-Brookhaven, MS"
28091,Marion County,MS,Mississippi,,,,,
28093,Marshall County,MS,Mississippi,C3282,"Memphis, TN-MS-AR",Metro,CS368,"Memphis-Forrest City, TN-MS-AR"
28095,Monroe County,MS,Mississippi,,,,,
28097,Montgomery County,MS,Mississippi,,,,,
28099,Neshoba County,MS,Mississippi,,,,,
28101,Newton County,MS,Mississippi,,,,,
28103,Noxubee County,MS,Mississippi,,,,,
28105,Oktibbeha County,MS,Mississippi,C4426,"Starkville, MS",Micro,,
28107,Panola County,MS,Mississippi,,,,,
28109,Pearl River County,MS,Mississippi,C3810,"Picayune, MS",Micro,CS406,"New Orleans-Metairie-Hammond, LA-MS"
28111,Perry County,MS,Mississippi,C2562,"Hattiesburg, MS",Metro,,
28113,Pike County,MS,Mississippi,C3262,"McComb, MS",Micro,,
28115,Pontotoc County,MS,Mississippi,C4618,"Tupelo, MS",Micro,,
28117,Prentiss County,MS,Mississippi,,,,,
28119,Quitman County,MS,Mississippi,,,,,
28121,Rankin County,MS,Mississippi,C2714,"Jackson, MS",Metro,CS298,"Jackson-Vicksburg-Brookhaven, MS"
28123,Scott County,MS,Mississippi,,,,,
28125,Sharkey County,MS,Mississippi,,,,,
28127,Simpson County,MS,Mississippi,C2714,"Jackson, MS",Metro,CS298,"Jackson-Vicksburg-Brookhaven, MS"
28129,Smith County,MS,Mississippi,,,,,
28131,Stone County,MS,Mississippi,,,,,
28133,Sunflower County,MS,Mississippi,C2694,"Indianola, MS",Micro,CS185,"Cleveland-Indianola, MS"
28135,Tallahatchie County,MS,Mississippi,,,,,
28137,Tate County,MS,Mississippi,C3282,"Memphis, TN-MS-AR",Metro,CS368,"Memphis-Forrest City, TN-MS-AR"
28139,Tippah County,MS,Mississippi,,,,,
28141,Tishomingo County,MS,Mississippi,,,,,
28143,Tunica County,MS,Mississippi,C3282,"Memphis, TN-MS-AR",Metro,CS368,"Memphis-Forrest City, TN-MS-AR"
28145,Union County,MS,Mississippi,,,,,
28147,Walthall County,MS,Mississippi,,,,,
28149,Warren County,MS,Mississippi,C4698,"Vicksburg, MS",Micro,CS298,"Jackson-Vicksburg-Brookhaven, MS"
28151,Washington County,MS,Mississippi,C2474,"Greenville, MS",Micro,,
28153,Wayne County,MS,Mississippi,,,,,
28155,Webster County,MS,Mississippi,,,,,
28157,Wilkinson County,MS,Mississippi,,,,,
28159,Winston County,MS,Mississippi,,,,,
28161,Yalobusha County,MS,Mississippi,,,,,
28163,Yazoo County,MS,Mississippi,C2714,"Jackson, MS",Metro,CS298,"Jackson-Vicksburg-Brookhaven, MS"
29001,Adair County,MO,Missouri,C2886,"Kirksville, MO",Micro,,
29003,Andrew County,MO,Missouri,C4114,"St. Joseph, MO-KS",Metro,CS312,"Kansas City-Overland Park-Kansas City, MO-KS"
29005,Atchison County,MO,Missouri,,,,,
29007,Audrain County,MO,Missouri,C3302,"Mexico, MO",Micro,CS190,"Columbia-Moberly-Mexico, MO"
29009,Barry County,MO,Missouri,,,,,
29011,Barton County,MO,Missouri,,,,,
29013,Bates County,MO,Missouri,C2814,"Kansas City, MO-KS",Metro,CS312,"Kansas City-Overland Park-Kansas City, MO-KS"
29015,Benton County,MO,Missouri,,,,,
29017,Bollinger County,MO,Missouri,C1602,"Cape Girardeau, MO-IL",Metro,CS164,"Cape Girardeau-Sikeston, MO-IL"
29019,Boone County,MO,Missouri,C1786,"Columbia, MO",Metro,CS190,"Columbia-Moberly-Mexico, MO"
29021,Buchanan County,MO,Missouri,C4114,"St. Joseph, MO-KS",Metro,CS312,"Kansas City-Overland Park-Kansas City, MO-KS"
29023,Butler County,MO,Missouri,C3874,"Poplar Bluff, MO",Micro,,
29025,Caldwell County,MO,Missouri,C2814,"Kansas City, MO-KS",Metro,CS312,"Kansas City-Overland Park-Kansas City, MO-KS"
29027,Callaway County,MO,Missouri,C2762,"Jefferson City, MO",Metro,,
29029,Camden County,MO,Missouri,,,,,
29031,Cape Girardeau County,MO,Missouri,C1602,"Cape Girardeau, MO-IL",Metro,CS164,"Cape Girardeau-Sikeston, MO-IL"
29033,Carroll County,MO,Missouri,,,,,
29035,Carter County,MO,Missouri,,,,,
29037,Cass County,MO,Missouri,C2814,"Kansas City, MO-KS",Metro,CS312,"Kansas City-Overland Park-Kansas City, MO-KS"
29039,Cedar County,MO,Missouri,,,,,
29041,Chariton County,MO,Missouri,,,,,
29043,Christian County,MO,Missouri,C4418,"Springfield, MO",Metro,CS520,"Springfield-Branson, MO"
29045,Clark County,MO,Missouri,C2280,"Fort Madison-Keokuk, IA-IL-MO",Micro,,
29047,Clay County,MO,Missouri,C2814,"Kansas City, MO-KS",Metro,CS312,"Kansas City-Overland Park-Kansas City, MO-KS"
29049,Clinton County,MO,Missouri,C2814,"Kansas City, MO-KS",Metro,CS312,"Kansas City-Overland Park-Kansas City, MO-KS"
29051,Cole County,MO,Missouri,C2762,"Jefferson City, MO",Metro,,
29053,Cooper County,MO,Missouri,,,,,
29055,Crawford County,MO,Missouri,,,,,
29057,Dade County,MO,Missouri,,,,,
29059,Dallas County,MO,Missouri,C4418,"Springfield, MO",Metro,CS520,"Springfield-Branson, MO"
29061,Daviess County,MO,Missouri,,,,,
29063,DeKalb County,MO,Missouri,C4114,"St. Joseph, MO-KS",Metro,CS312,"Kansas City-Overland Park-Kansas City, MO-KS"
29065,Dent County,MO,Missouri,,,,,
29067,Douglas County,MO,Missouri,,,,,
29069,Dunklin County,MO,Missouri,C2838,"Kennett, MO",Micro,,
29071,Franklin County,MO,Missouri,C4118,"St. Louis, MO-IL",Metro,CS476,"St. Louis-St. Charles-Farmington, MO-IL"
29073,Gasconade County,MO,Missouri,,,,,
29075,Gentry County,MO,Missouri,,,,,
29077,Greene County,MO,Missouri,C4418,"Springfield, MO",Metro,CS520,"Springfield-Branson, MO"
29079,Grundy County,MO,Missouri,,,,,
29081,Harrison County,MO,Missouri,,,,,
29083,Henry County,MO,Missouri,,,,,
29085,Hickory County,MO,Missouri,,,,,
29087,Holt County,MO,Missouri,,,,,
29089,Howard County,MO,Missouri,,,,,
29091,Howell County,MO,Missouri,C4846,"West Plains, MO",Micro,,
29093,Iron County,MO,Missouri,,,,,
29095,Jackson County,MO,Missouri,C2814,"Kansas City, MO-KS",Metro,CS312,"Kansas City-Overland Park-Kansas City, MO-KS"
29097,Jasper County,MO,Missouri,C2790,"Joplin, MO",Metro,CS309,"Joplin-Miami, MO-OK"
29099,Jefferson County,MO,Missouri,C4118,"St. Louis, MO-IL",Metro,CS476,"St. Louis-St. Charles-Farmington, MO-IL"
29101,Johnson County,MO,Missouri,C4766,"Warrensburg, MO",Micro,CS312,"Kansas City-Overland Park-Kansas City, MO-KS"
29103,Knox County,MO,Missouri,,,,,
29105,Laclede County,MO,Missouri,C3006,"Lebanon, MO",Micro,,
29107,Lafayette County,MO,Missouri,C2814,"Kansas City, MO-KS",Metro,CS312,"Kansas City-Overland Park-Kansas City, MO-KS"
29109,Lawrence County,MO,Missouri,,,,,
29111,Lewis County,MO,Missouri,C3950,"Quincy, IL-MO",Micro,CS448,"Quincy-Hannibal, IL-MO"
29113,Lincoln County,MO,Missouri,C4118,"St. Louis, MO-IL",Metro,CS476,"St. Louis-St. Charles-Farmington, MO-IL"
29115,Linn County,MO,Missouri,,,,,
29117,Livingston County,MO,Missouri,,,,,
29119,McDonald County,MO,Missouri,C2222,"Fayetteville-Springdale-Rogers, AR-MO",Metro,,
29121,Macon County,MO,Missouri,,,,,
29123,Madison County,MO,Missouri,,,,,
29125,Maries County,MO,Missouri,,,,,
29127,Marion County,MO,Missouri,C2530,"Hannibal, MO",Micro,CS448,"Quincy-Hannibal, IL-MO"
29129,Mercer County,MO,Missouri,,,,,
29131,Miller County,MO,Missouri,,,,,
29133,Mississippi County,MO,Missouri,,,,,
29135,Moniteau County,MO,Missouri,C2762,"Jefferson City, MO",Metro,,
29137,Monroe County,MO,Missouri,,,,,
29139,Montgomery County,MO,Missouri,,,,,
29141,Morgan County,MO,Missouri,,,,,
29143,New Madrid County,MO,Missouri,,,,,
29145,Newton County,MO,Missouri,C2790,"Joplin, MO",Metro,CS309,"Joplin-Miami, MO-OK"
29147,Nodaway County,MO,Missouri,C3234,"Maryville, MO",Micro,,
29149,Oregon County,MO,Missouri,,,,,
29151,Osage County,MO,Missouri,C2762,"Jefferson City, MO",Metro,,
29153,Ozark County,MO,Missouri,,,,,
29155,Pemiscot County,MO,Missouri,,,,,
29157,Perry County,MO,Missouri,,,,,
29159,Pettis County,MO,Missouri,C4274,"Sedalia, MO",Micro,,
29161,Phelps County,MO,Missouri,C4062,"Rolla, MO",Micro,,
29163,Pike County,MO,Missouri,,,,,
29165,Platte County,MO,Missouri,C2814,"Kansas City, MO-KS",Metro,CS312,"Kansas City-Overland Park-Kansas City, MO-KS"
29167,Polk County,MO,Missouri,C4418,"Springfield, MO",Metro,CS520,"Springfield-Branson, MO"
29169,Pulaski County,MO,Missouri,C2278,"Fort Leonard Wood, MO",Micro,,
29171,Putnam County,MO,Missouri,,,,,
29173,Ralls County,MO,Missouri,C2530,"Hannibal, MO",Micro,CS448,"Quincy-Hannibal, IL-MO"
29175,Randolph County,MO,Missouri,C3362,"Moberly, MO",Micro,CS190,"Columbia-Moberly-Mexico, MO"
29177,Ray County,MO,Missouri,C2814,"Kansas City, MO-KS",Metro,CS312,"Kansas City-Overland Park-Kansas City, MO-KS"
29179,Reynolds County,MO,Missouri,,,,,
29181,Ripley County,MO,Missouri,,,,,
29183,St. Charles County,MO,Missouri,C4118,"St. Louis, MO-IL",Metro,CS476,"St. Louis-St. Charles-Farmington, MO-IL"
29185,St. Clair County,MO,Missouri,,,,,
29186,Ste. Genevieve County,MO,Missouri,,,,,
29187,St. Francois County,MO,Missouri,C2210,"Farmington, MO",Micro,CS476,"St. Louis-St. Charles-Farmington, MO-IL"
29189,St. Louis County,MO,Missouri,C4118,"St. Louis, MO-IL",Metro,CS476,"St. Louis-St. Charles-Farmington, MO-IL"
29195,Saline County,MO,Missouri,C3218,"Marshall, MO",Micro,,
29197,Schuyler County,MO,Missouri,C2886,"Kirksville, MO",Micro,,
29199,Scotland County,MO,Missouri,,,,,
29201,Scott County,MO,Missouri,C4346,"Sikeston, MO",Micro,CS164,"Cape Girardeau-Sikeston, MO-IL"
29203,Shannon County,MO,Missouri,,,,,
29205,Shelby County,MO,Missouri,,,,,
29207,Stoddard County,MO,Missouri,,,,,
29209,Stone County,MO,Missouri,C1470,"Branson, MO",Micro,CS520,"Springfield-Branson, MO"
29211,Sullivan County,MO,Missouri,,,,,
29213,Taney County,MO,Missouri,C1470,"Branson, MO",Micro,CS520,"Springfield-Branson, MO"
29215,Texas County,MO,Missouri,,,,,
29217,Vernon County,MO,Missouri,,,,,
29219,Warren County,MO,Missouri,C4118,"St. Louis, MO-IL",Metro,CS476,"St. Louis-St. Charles-Farmington, MO-IL"
29221,Washington County,MO,Missouri,,,,,
29223,Wayne County,MO,Missouri,,,,,
29225,Webster County,MO,Missouri,C4418,"Springfield, MO",Metro,CS520,"Springfield-Branson, MO"
29227,Worth County,MO,Missouri,,,,,
29229,Wright County,MO,Missouri,,,,,
29510,St. Louis City,MO,Missouri,C4118,"St. Louis, MO-IL",Metro,CS476,"St. Louis-St. Charles-Farmington, MO-IL"
30001,Beaverhead County,MT,Montana,,,,,
30003,Big Horn County,MT,Montana,,,,,
30005,Blaine County,MT,Montana,,,,,
30007,Broadwater County,MT,Montana,,,,,
30009,Carbon County,MT,Montana,C1374,"Billings, MT",Metro,,
30011,Carter County,MT,Montana,,,,,
30013,Cascade County,MT,Montana,C2450,"Great Falls, MT",Metro,,
30015,Chouteau County,MT,Montana,,,,,
30017,Custer County,MT,Montana,,,,,
30019,Daniels County,MT,Montana,,,,,
30021,Dawson County,MT,Montana,,,,,
30023,Deer Lodge County,MT,Montana,,,,,
30025,Fallon County,MT,Montana,,,,,
30027,Fergus County,MT,Montana,,,,,
30029,Flathead County,MT,Montana,C2806,"Kalispell, MT",Micro,,
30031,Gallatin County,MT,Montana,C1458,"Bozeman, MT",Micro,,
30033,Garfield County,MT,Montana,,,,,
30035,Glacier County,MT,Montana,,,,,
30037,Golden Valley County,MT,Montana,C1374,"Billings, MT",Metro,,
30039,Granite County,MT,Montana,,,,,
30041,Hill County,MT,Montana,,,,,
30043,Jefferson County,MT,Montana,C2574,"Helena, MT",Micro,,
30045,Judith Basin County,MT,Montana,,,,,
30047,Lake County,MT,Montana,,,,,
30049,Lewis and Clark County,MT,Montana,C2574,"Helena, MT",Micro,,
30051,Liberty County,MT,Montana,,,,,
30053,Lincoln County,MT,Montana,,,,,
30055,McCone County,MT,Montana,,,,,
30057,Madison County,MT,Montana,,,,,
30059,Meagher County,MT,Montana,,,,,
30061,Mineral County,MT,Montana,,,,,
30063,Missoula County,MT,Montana,C3354,"Missoula, MT",Metro,,
30065,Musselshell County,MT,Montana,,,,,
30067,Park County,MT,Montana,,,,,
30069,Petroleum County,MT,Montana,,,,,
30071,Phillips County,MT,Montana,,,,,
30073,Pondera County,MT,Montana,,,,,
30075,Powder River County,MT,Montana,,,,,
30077,Powell County,MT,Montana,,,,,
30079,Prairie County,MT,Montana,,,,,
30081,Ravalli County,MT,Montana,,,,,
30083,Richland County,MT,Montana,,,,,
30085,Roosevelt County,MT,Montana,,,,,
30087,Rosebud County,MT,Montana,,,,,
30089,Sanders County,MT,Montana,,,,,
30091,Sheridan County,MT,Montana,,,,,
30093,Silver Bow County,MT,Montana,C1558,"Butte-Silver Bow, MT",Micro,,
30095,Stillwater County,MT,Montana,,,,,
30097,Sweet Grass County,MT,Montana,,,,,
30099,Teton County,MT,Montana,,,,,
30101,Toole County,MT,Montana,,,,,
30103,Treasure County,MT,Montana,,,,,
30105,Valley County,MT,Montana,,,,,
30107,Wheatland County,MT,Montana,,,,,
30109,Wibaux County,MT,Montana,,,,,
30111,Yellowstone County,MT,Montana,C1374,"Billings, MT",Metro,,
31001,Adams County,NE,Nebraska,C2558,"Hastings, NE",Micro,,
31003,Antelope County,NE,Nebraska,,,,,
31005,Arthur County,NE,Nebraska,,,,,
31007,Banner County,NE,Nebraska,C4242,"Scottsbluff, NE",Micro,,
31009,Blaine County,NE,Nebraska,,,,,
31011,Boone County,NE,Nebraska,,,,,
31013,Box Butte County,NE,Nebraska,,,,,
31015,Boyd County,NE,Nebraska,,,,,
31017,Brown County,NE,Nebraska,,,,,
31019,Buffalo County,NE,Nebraska,C2826,"Kearney, NE",Micro,,
31021,Burt County,NE,Nebraska,,,,,
31023,Butler County,NE,Nebraska,,,,,
31025,Cass County,NE,Nebraska,C3654,"Omaha-Council Bluffs, NE-IA",Metro,CS420,"Omaha-Council Bluffs-Fremont, NE-IA"
31027,Cedar County,NE,Nebraska,,,,,
31029,Chase County,NE,Nebraska,,,,,
31031,Cherry County,NE,Nebraska,,,,,
31033,Cheyenne County,NE,Nebraska,,,,,
31035,Clay County,NE,Nebraska,,,,,
31037,Colfax County,NE,Nebraska,,,,,
31039,Cuming County,NE,Nebraska,,,,,
31041,Custer County,NE,Nebraska,,,,,
31043,Dakota County,NE,Nebraska,C4358,"Sioux City, IA-NE-SD",Metro,CS512,"Sioux City-Vermillion, IA-SD-NE"
31045,Dawes County,NE,Nebraska,,,,,
31047,Dawson County,NE,Nebraska,C3042,"Lexington, NE",Micro,,
31049,Deuel County,NE,Nebraska,,,,,
31051,Dixon County,NE,Nebraska,C4358,"Sioux City, IA-NE-SD",Metro,CS512,"Sioux City-Vermillion, IA-SD-NE"
31053,Dodge County,NE,Nebraska,C2334,"Fremont, NE",Micro,CS420,"Omaha-Council Bluffs-Fremont, NE-IA"
31055,Douglas County,NE,Nebraska,C3654,"Omaha-Council Bluffs, NE-IA",Metro,CS420,"Omaha-Council Bluffs-Fremont, NE-IA"
31057,Dundy County,NE,Nebraska,,,,,
31059,Fillmore County,NE,Nebraska,,,,,
31061,Franklin County,NE,Nebraska,,,,,
31063,Frontier County,NE,Nebraska,,,,,
31065,Furnas County,NE,Nebraska,,,,,
31067,Gage County,NE,Nebraska,C1310,"Beatrice, NE",Micro,CS339,"Lincoln-Beatrice, NE"
31069,Garden County,NE,Nebraska,,,,,
31071,Garfield County,NE,Nebraska,,,,,
31073,Gosper County,NE,Nebraska,C3042,"Lexington, NE",Micro,,
31075,Grant County,NE,Nebraska,,,,,
31077,Greeley County,NE,Nebraska,,,,,
31079,Hall County,NE,Nebraska,C2426,"Grand Island, NE",Metro,,
31081,Hamilton County,NE,Nebraska,C2426,"Grand Island, NE",Metro,,
31083,Harlan County,NE,Nebraska,,,,,
31085,Hayes County,NE,Nebraska,,,,,
31087,Hitchcock County,NE,Nebraska,,,,,
31089,Holt County,NE,Nebraska,,,,,
31091,Hooker County,NE,Nebraska,,,,,
31093,Howard County,NE,Nebraska,C2426,"Grand Island, NE",Metro,,
31095,Jefferson County,NE,Nebraska,,,,,
31097,Johnson County,NE,Nebraska,,,,,
31099,Kearney County,NE,Nebraska,C2826,"Kearney, NE",Micro,,
31101,Keith County,NE,Nebraska,,,,,
31103,Keya Paha County,NE,Nebraska,,,,,
31105,Kimball County,NE,Nebraska,,,,,
31107,Knox County,NE,Nebraska,,,,,
31109,Lancaster County,NE,Nebraska,C3070,"Lincoln, NE",Metro,CS339,"Lincoln-Beatrice, NE"
31111,Lincoln County,NE,Nebraska,C3582,"North Platte, NE",Micro,,
31113,Logan County,NE,Nebraska,C3582,"North Platte, NE",Micro,,
31115,Loup County,NE,Nebraska,,,,,
31117,McPherson County,NE,Nebraska,C3582,"North Platte, NE",Micro,,
31119,Madison County,NE,Nebraska,C3574,"Norfolk, NE",Micro,,
31121,Merrick County,NE,Nebraska,C2426,"Grand Island, NE",Metro,,
31123,Morrill County,NE,Nebraska,,,,,
31125,Nance County,NE,Nebraska,,,,,
31127,Nemaha County,NE,Nebraska,,,,,
31129,Nuckolls County,NE,Nebraska,,,,,
31131,Otoe County,NE,Nebraska,,,,,
31133,Pawnee County,NE,Nebraska,,,,,
31135,Perkins County,NE,Nebraska,,,,,
31137,Phelps County,NE,Nebraska,,,,,
31139,Pierce County,NE,Nebraska,C3574,"Norfolk, NE",Micro,,
31141,Platte County,NE,Nebraska,C1810,"Columbus, NE",Micro,,
31143,Polk County,NE,Nebraska,,,,,
31145,Red Willow County,NE,Nebraska,,,,,
31147,Richardson County,NE,Nebraska,,,,,
31149,Rock County,NE,Nebraska,,,,,
31151,Saline County,NE,Nebraska,,,,,
31153,Sarpy County,NE,Nebraska,C3654,"Omaha-Council Bluffs, NE-IA",Metro,CS420,"Omaha-Council Bluffs-Fremont, NE-IA"
31155,Saunders County,NE,Nebraska,C3654,"Omaha-Council Bluffs, NE-IA",Metro,CS420,"Omaha-Council Bluffs-Fremont, NE-IA"
31157,Scotts Bluff County,NE,Nebraska,C4242,"Scottsbluff, NE",Micro,,
31159,Seward County,NE,Nebraska,C3070,"Lincoln, NE",Metro,CS339,"Lincoln-Beatrice, NE"
31161,Sheridan County,NE,Nebraska,,,,,
31163,Sherman County,NE,Nebraska,,,,,
31165,Sioux County,NE,Nebraska,C4242,"Scottsbluff, NE",Micro,,
31167,Stanton County,NE,Nebraska,C3574,"Norfolk, NE",Micro,,
31169,Thayer County,NE,Nebraska,,,,,
31171,Thomas County,NE,Nebraska,,,,,
31173,Thurston County,NE,Nebraska,,,,,
31175,Valley County,NE,Nebraska,,,,,
31177,Washington County,NE,Nebraska,C3654,"Omaha-Council Bluffs, NE-IA",Metro,CS420,"Omaha-Council Bluffs-Fremont, NE-IA"
31179,Wayne County,NE,Nebraska,,,,,
31181,Webster County,NE,Nebraska,,,,,
31183,Wheeler County,NE,Nebraska,,,,,
31185,York County,NE,Nebraska,,,,,
32001,Churchill County,NV,Nevada,C2198,"Fallon, NV",Micro,,
32003,Clark County,NV,Nevada,C2982,"Las Vegas-Henderson-Paradise, NV",Metro,CS332,"Las Vegas-Henderson, NV-AZ"
32005,Douglas County,NV,Nevada,C2382,"Gardnerville Ranchos, NV",Micro,CS456,"Reno-Carson City-Fernley, NV"
32007,Elko County,NV,Nevada,C2122,"Elko, NV",Micro,,
32009,Esmeralda County,NV,Nevada,,,,,
32011,Eureka County,NV,Nevada,C2122,"Elko, NV",Micro,,
32013,Humboldt County,NV,Nevada,C4908,"Winnemucca, NV",Micro,,
32015,Lander County,NV,Nevada,,,,,
32017,Lincoln County,NV,Nevada,,,,,
32019,Lyon County,NV,Nevada,C2228,"Fernley, NV",Micro,CS456,"Reno-Carson City-Fernley, NV"
32021,Mineral County,NV,Nevada,,,,,
32023,Nye County,NV,Nevada,C3722,"Pahrump, NV",Micro,CS332,"Las Vegas-Henderson, NV-AZ"
32027,Pershing County,NV,Nevada,,,,,
32029,Storey County,NV,Nevada,C3990,"Reno, NV",Metro,CS456,"Reno-Carson City-Fernley, NV"
32031,Washoe County,NV,Nevada,C3990,"Reno, NV",Metro,CS456,"Reno-Carson City-Fernley, NV"
32033,White Pine County,NV,Nevada,,,,,
32510,Carson City,NV,Nevada,C1618,"Carson City, NV",Metro,CS456,"Reno-Carson City-Fernley, NV"
33001,Belknap County,NH,New Hampshire,C2906,"Laconia, NH",Micro,CS148,"Boston-Worcester-Providence, MA-RI-NH-CT"
33003,Carroll County,NH,New Hampshire,,,,,
33005,Cheshire County,NH,New Hampshire,C2830,"Keene, NH",Micro,,
33007,Coos County,NH,New Hampshire,C1362,"Berlin, NH-VT",Micro,,
33009,Grafton County,NH,New Hampshire,C1720,"Claremont-Lebanon, NH-VT",Micro,,
33011,Hillsborough County,NH,New Hampshire,C3170,"Manchester-Nashua, NH",Metro,CS148,"Boston-Worcester-Providence, MA-RI-NH-CT"
33013,Merrimack County,NH,New Hampshire,C1818,"Concord, NH",Micro,CS148,"Boston-Worcester-Providence, MA-RI-NH-CT"
33015,Rockingham County,NH,New Hampshire,C1446,"Boston-Cambridge-Newton, MA-NH",Metro,CS148,"Boston-Worcester-Providence, MA-RI-NH-CT"
33017,Strafford County,NH,New Hampshire,C1446,"Boston-Cambridge-Newton, MA-NH",Metro,CS148,"Boston-Worcester-Providence, MA-RI-NH-CT"
33019,Sullivan County,NH,New Hampshire,C1720,"Claremont-Lebanon, NH-VT",Micro,,
34001,Atlantic County,NJ,New Jersey,C1210,"Atlantic City-Hammonton, NJ",Metro,CS428,"Philadelphia-Reading-Camden, PA-NJ-DE-MD"
34003,Bergen County,NJ,New Jersey,C3562,"New York-Newark-Jersey City, NY-NJ-PA",Metro,CS408,"New York-Newark, NY-NJ-CT-PA"
34005,Burlington County,NJ,New Jersey,C3798,"Philadelphia-Camden-Wilmington, PA-NJ-DE-MD",Metro,CS428,"Philadelphia-Reading-Camden, PA-NJ-DE-MD"
34007,Camden County,NJ,New Jersey,C3798,"Philadelphia-Camden-Wilmington, PA-NJ-DE-MD",Metro,CS428,"Philadelphia-Reading-Camden, PA-NJ-DE-MD"
34009,Cape May County,NJ,New Jersey,C3614,"Ocean City, NJ",Metro,CS428,"Philadelphia-Reading-Camden, PA-NJ-DE-MD"
34011,Cumberland County,NJ,New Jersey,C4722,"Vineland-Bridgeton, NJ",Metro,CS428,"Philadelphia-Reading-Camden, PA-NJ-DE-MD"
34013,Essex County,NJ,New Jersey,C3562,"New York-Newark-Jersey City, NY-NJ-PA",Metro,CS408,"New York-Newark, NY-NJ-CT-PA"
34015,Gloucester County,NJ,New Jersey,C3798,"Philadelphia-Camden-Wilmington, PA-NJ-DE-MD",Metro,CS428,"Philadelphia-Reading-Camden, PA-NJ-DE-MD"
34017,Hudson County,NJ,New Jersey,C3562,"New York-Newark-Jersey City, NY-NJ-PA",Metro,CS408,"New York-Newark, NY-NJ-CT-PA"
34019,Hunterdon County,NJ,New Jersey,C3562,"New York-Newark-Jersey City, NY-NJ-PA",Metro,CS408,"New York-Newark, NY-NJ-CT-PA"
34021,Mercer County,NJ,New Jersey,C4594,"Trenton, NJ",Metro,CS408,"New York-Newark, NY-NJ-CT-PA"
34023,Middlesex County,NJ,New Jersey,C3562,"New York-Newark-Jersey City, NY-NJ-PA",Metro,CS408,"New York-Newark, NY-NJ-CT-PA"
34025,Monmouth County,NJ,New Jersey,C3562,"New York-Newark-Jersey City, NY-NJ-PA",Metro,CS408,"New York-Newark, NY-NJ-CT-PA"
34027,Morris County,NJ,New Jersey,C3562,"New York-Newark-Jersey City, NY-NJ-PA",Metro,CS408,"New York-Newark, NY-NJ-CT-PA"
34029,Ocean County,NJ,New Jersey,C3562,"New York-Newark-Jersey City, NY-NJ-PA",Metro,CS408,"New York-Newark, NY-NJ-CT-PA"
34031,Passaic County,NJ,New Jersey,C3562,"New York-Newark-Jersey City, NY-NJ-PA",Metro,CS408,"New York-Newark, NY-NJ-CT-PA"
34033,Salem County,NJ,New Jersey,C3798,"Philadelphia-Camden-Wilmington, PA-NJ-DE-MD",Metro,CS428,"Philadelphia-Reading-Camden, PA-NJ-DE-MD"
34035,Somerset County,NJ,New Jersey,C3562,"New York-Newark-Jersey City, NY-NJ-PA",Metro,CS408,"New York-Newark, NY-NJ-CT-PA"
34037,Sussex County,NJ,New Jersey,C3562,"New York-Newark-Jersey City, NY-NJ-PA",Metro,CS408,"New York-Newark, NY-NJ-CT-PA"
34039,Union County,NJ,New Jersey,C3562,"New York-Newark-Jersey City, NY-NJ-PA",Metro,CS408,"New York-Newark, NY-NJ-CT-PA"
34041,Warren County,NJ,New Jersey,C1090,"Allentown-Bethlehem-Easton, PA-NJ",Metro,CS408,"New York-Newark, NY-NJ-CT-PA"
35001,Bernalillo County,NM,New Mexico,C1074,"Albuquerque, NM",Metro,CS106,"Albuquerque-Santa Fe-Las Vegas, NM"
35003,Catron County,NM,New Mexico,,,,,
35005,Chaves County,NM,New Mexico,C4074,"Roswell, NM",Micro,,
35006,Cibola County,NM,New Mexico,C2438,"Grants, NM",Micro,CS106,"Albuquerque-Santa Fe-Las Vegas, NM"
35007,Colfax County,NM,New Mexico,,,,,
35009,Curry County,NM,New Mexico,C1758,"Clovis, NM",Micro,CS188,"Clovis-Portales, NM"
35011,De Baca County,NM,New Mexico,,,,,
35013,Doña Ana County,NM,New Mexico,C2974,"Las Cruces, NM",Metro,CS238,"El Paso-Las Cruces, TX-NM"
35015,Eddy County,NM,New Mexico,C1610,"Carlsbad-Artesia, NM",Micro,,
35017,Grant County,NM,New Mexico,C4350,"Silver City, NM",Micro,,
35019,Guadalupe County,NM,New Mexico,,,,,
35021,Harding County,NM,New Mexico,,,,,
35023,Hidalgo County,NM,New Mexico,,,,,
35025,Lea County,NM,New Mexico,C2602,"Hobbs, NM",Micro,,
35027,Lincoln County,NM,New Mexico,,,,,
35028,Los Alamos County,NM,New Mexico,C3106,"Los Alamos, NM",Micro,CS106,"Albuquerque-Santa Fe-Las Vegas, NM"
35029,Luna County,NM,New Mexico,C1970,"Deming, NM",Micro,,
35031,McKinley County,NM,New Mexico,C2370,"Gallup, NM",Micro,,
35033,Mora County,NM,New Mexico,,,,,
35035,Otero County,NM,New Mexico,C1046,"Alamogordo, NM",Micro,,
35037,Quay County,NM,New Mexico,,,,,
35039,Rio Arriba County,NM,New Mexico,C2158,"Española, NM",Micro,CS106,"Albuquerque-Santa Fe-Las Vegas, NM"
35041,Roosevelt County,NM,New Mexico,C3878,"Portales, NM",Micro,CS188,"Clovis-Portales, NM"
35043,Sandoval County,NM,New Mexico,C1074,"Albuquerque, NM",Metro,CS106,"Albuquerque-Santa Fe-Las Vegas, NM"
35045,San Juan County,NM,New Mexico,C2214,"Farmington, NM",Metro,,
35047,San Miguel County,NM,New Mexico,C2978,"Las Vegas, NM",Micro,CS106,"Albuquerque-Santa Fe-Las Vegas, NM"
35049,Santa Fe County,NM,New Mexico,C4214,"Santa Fe, NM",Metro,CS106,"Albuquerque-Santa Fe-Las Vegas, NM"
35051,Sierra County,NM,New Mexico,,,,,
35053,Socorro County,NM,New Mexico,,,,,
35055,Taos County,NM,New Mexico,C4534,"Taos, NM",Micro,,
35057,Torrance County,NM,New Mexico,C1074,"Albuquerque, NM",Metro,CS106,"Albuquerque-Santa Fe-Las Vegas, NM"
35059,Union County,NM,New Mexico,,,,,
35061,Valencia County,NM,New Mexico,C1074,"Albuquerque, NM",Metro,CS106,"Albuquerque-Santa Fe-Las Vegas, NM"
36001,Albany County,NY,New York,C1058,"Albany-Schenectady-Troy, NY",Metro,CS104,"Albany-Schenectady, NY"
36003,Allegany County,NY,New York,,,,,
36005,Bronx County,NY,New York,C3562,"New York-Newark-Jersey City, NY-NJ-PA",Metro,CS408,"New York-Newark, NY-NJ-CT-PA"
36007,Broome County,NY,New York,C1378,"Binghamton, NY",Metro,,
36009,Cattaraugus County,NY,New York,C3646,"Olean, NY",Micro,CS160,"Buffalo-Cheektowaga, NY"
36011,Cayuga County,NY,New York,C1218,"Auburn, NY",Micro,CS532,"Syracuse-Auburn, NY"
36013,Chautauqua County,NY,New York,C2746,"Jamestown-Dunkirk-Fredonia, NY",Micro,,
36015,Chemung County,NY,New York,C2130,"Elmira, NY",Metro,CS236,"Elmira-Corning, NY"
36017,Chenango County,NY,New York,,,,,
36019,Clinton County,NY,New York,C3846,"Plattsburgh, NY",Micro,,
36021,Columbia County,NY,New York,C2646,"Hudson, NY",Micro,CS104,"Albany-Schenectady, NY"
36023,Cortland County,NY,New York,C1866,"Cortland, NY",Micro,CS296,"Ithaca-Cortland, NY"
36025,Delaware County,NY,New York,,,,,
36027,Dutchess County,NY,New York,C3562,"New York-Newark-Jersey City, NY-NJ-PA",Metro,CS408,"New York-Newark, NY-NJ-CT-PA"
36029,Erie County,NY,New York,C1538,"Buffalo-Cheektowaga-Niagara Falls, NY",Metro,CS160,"Buffalo-Cheektowaga, NY"
36031,Essex County,NY,New York,,,,,
36033,Franklin County,NY,New York,C3166,"Malone, NY",Micro,,
36035,Fulton County,NY,New York,C2410,"Gloversville, NY",Micro,CS104,"Albany-Schenectady, NY"
36037,Genesee County,NY,New York,C1286,"Batavia, NY",Micro,CS464,"Rochester-Batavia-Seneca Falls, NY"
36039,Greene County,NY,New York,,,,,
36041,Hamilton County,NY,New York,,,,,
36043,Herkimer County,NY,New York,C4654,"Utica-Rome, NY",Metro,,
36045,Jefferson County,NY,New York,C4806,"Watertown-Fort Drum, NY",Metro,,
36047,Kings County,NY,New York,C3562,"New York-Newark-Jersey City, NY-NJ-PA",Metro,CS408,"New York-Newark, NY-NJ-CT-PA"
36049,Lewis County,NY,New York,,,,,
36051,Livingston County,NY,New York,C4038,"Rochester, NY",Metro,CS464,"Rochester-Batavia-Seneca Falls, NY"
36053,Madison County,NY,New York,C4506,"Syracuse, NY",Metro,CS532,"Syracuse-Auburn, NY"
36055,Monroe County,NY,New York,C4038,"Rochester, NY",Metro,CS464,"Rochester-Batavia-Seneca Falls, NY"
36057,Montgomery County,NY,New York,C1122,"Amsterdam, NY",Micro,CS104,"Albany-Schenectady, NY"
36059,Nassau County,NY,New York,C3562,"New York-Newark-Jersey City, NY-NJ-PA",Metro,CS408,"New York-Newark, NY-NJ-CT-PA"
36061,New York County,NY,New York,C3562,"New York-Newark-Jersey City, NY-NJ-PA",Metro,CS408,"New York-Newark, NY-NJ-CT-PA"
36063,Niagara County,NY,New York,C1538,"Buffalo-Cheektowaga-Niagara Falls, NY",Metro,CS160,"Buffalo-Cheektowaga, NY"
36065,Oneida County,NY,New York,C4654,"Utica-Rome, NY",Metro,,
36067,Onondaga County,NY,New York,C4506,"Syracuse, NY",Metro,CS532,"Syracuse-Auburn, NY"
36069,Ontario County,NY,New York,C4038,"Rochester, NY",Metro,CS464,"Rochester-Batavia-Seneca Falls, NY"
36071,Orange County,NY,New York,C3562,"New York-Newark-Jersey City, NY-NJ-PA",Metro,CS408,"New York-Newark, NY-NJ-CT-PA"
36073,Orleans County,NY,New York,C4038,"Rochester, NY",Metro,CS464,"Rochester-Batavia-Seneca Falls, NY"
36075,Oswego County,NY,New York,C4506,"Syracuse, NY",Metro,CS532,"Syracuse-Auburn, NY"
36077,Otsego County,NY,New York,C3658,"Oneonta, NY",Micro,,
36079,Putnam County,NY,New York,C3562,"New York-Newark-Jersey City, NY-NJ-PA",Metro,CS408,"New York-Newark, NY-NJ-CT-PA"
36081,Queens County,NY,New York,C3562,"New York-Newark-Jersey City, NY-NJ-PA",Metro,CS408,"New York-Newark, NY-NJ-CT-PA"
36083,Rensselaer County,NY,New York,C1058,"Albany-Schenectady-Troy, NY",Metro,CS104,"Albany-Schenectady, NY"
36085,Richmond County,NY,New York,C3562,"New York-Newark-Jersey City, NY-NJ-PA",Metro,CS408,"New York-Newark, NY-NJ-CT-PA"
36087,Rockland County,NY,New York,C3562,"New York-Newark-Jersey City, NY-NJ-PA",Metro,CS408,"New York-Newark, NY-NJ-CT-PA"
36089,St. Lawrence County,NY,New York,C3630,"Ogdensburg-Massena, NY",Micro,,
36091,Saratoga County,NY,New York,C1058,"Albany-Schenectady-Troy, NY",Metro,CS104,"Albany-Schenectady, NY"
36093,Schenectady County,NY,New York,C1058,"Albany-Schenectady-Troy, NY",Metro,CS104,"Albany-Schenectady, NY"
36095,Schoharie County,NY,New York,C1058,"Albany-Schenectady-Troy, NY",Metro,CS104,"Albany-Schenectady, NY"
36097,Schuyler County,NY,New York,,,,,
36099,Seneca County,NY,New York,C4290,"Seneca Falls, NY",Micro,CS464,"Rochester-Batavia-Seneca Falls, NY"
36101,Steuben County,NY,New York,C1850,"Corning, NY",Micro,CS236,"Elmira-Corning, NY"
36103,Suffolk County,NY,New York,C3562,"New York-Newark-Jersey City, NY-NJ-PA",Metro,CS408,"New York-Newark, NY-NJ-CT-PA"
36105,Sullivan County,NY,New York,,,,,
36107,Tioga County,NY,New York,C1378,"Binghamton, NY",Metro,,
36109,Tompkins County,NY,New York,C2706,"Ithaca, NY",Metro,CS296,"Ithaca-Cortland, NY"
36111,Ulster County,NY,New York,C2874,"Kingston, NY",Metro,CS408,"New York-Newark, NY-NJ-CT-PA"
36113,Warren County,NY,New York,C2402,"Glens Falls, NY",Metro,CS104,"Albany-Schenectady, NY"
36115,Washington County,NY,New York,C2402,"Glens Falls, NY",Metro,CS104,"Albany-Schenectady, NY"
36117,Wayne County,NY,New York,C4038,"Rochester, NY",Metro,CS464,"Rochester-Batavia-Seneca Falls, NY"
36119,Westchester County,NY,New York,C3562,"New York-Newark-Jersey City, NY-NJ-PA",Metro,CS408,"New York-Newark, NY-NJ-CT-PA"
36121,Wyoming County,NY,New York,,,,,
36123,Yates County,NY,New York,C4038,"Rochester, NY",Metro,CS464,"Rochester-Batavia-Seneca Falls, NY"
37001,Alamance County,NC,North Carolina,C1550,"Burlington, NC",Metro,CS268,"Greensboro--Winston-Salem--High Point, NC"
37003,Alexander County,NC,North Carolina,C2586,"Hickory-Lenoir-Morganton, NC",Metro,CS280,"Hickory-Lenoir, NC"
37005,Alleghany County,NC,North Carolina,,,,,
37007,Anson County,NC,North Carolina,,,,,
37009,Ashe County,NC,North Carolina,,,,,
37011,Avery County,NC,North Carolina,,,,,
37013,Beaufort County,NC,North Carolina,C4782,"Washington, NC",Micro,CS274,"Greenville-Washington, NC"
37015,Bertie County,NC,North Carolina,,,,,
37017,Bladen County,NC,North Carolina,,,,,
37019,Brunswick County,NC,North Carolina,C3482,"Myrtle Beach-Conway-North Myrtle Beach, SC-NC",Metro,CS396,"Myrtle Beach-Conway, SC-NC"
37021,Buncombe County,NC,North Carolina,C1170,"Asheville, NC",Metro,CS120,"Asheville-Brevard, NC"
37023,Burke County,NC,North Carolina,C2586,"Hickory-Lenoir-Morganton, NC",Metro,CS280,"Hickory-Lenoir, NC"
37025,Cabarrus County,NC,North Carolina,C1674,"Charlotte-Concord-Gastonia, NC-SC",Metro,CS172,"Charlotte-Concord, NC-SC"
37027,Caldwell County,NC,North Carolina,C2586,"Hickory-Lenoir-Morganton, NC",Metro,CS280,"Hickory-Lenoir, NC"
37029,Camden County,NC,North Carolina,C2102,"Elizabeth City, NC",Micro,CS545,"Virginia Beach-Norfolk, VA-NC"
37031,Carteret County,NC,North Carolina,C3398,"Morehead City, NC",Micro,CS404,"New Bern-Morehead City, NC"
37033,Caswell County,NC,North Carolina,,,,,
37035,Catawba County,NC,North Carolina,C2586,"Hickory-Lenoir-Morganton, NC",Metro,CS280,"Hickory-Lenoir, NC"
37037,Chatham County,NC,North Carolina,C2050,"Durham-Chapel Hill, NC",Metro,CS450,"Raleigh-Durham-Chapel Hill, NC"
37039,Cherokee County,NC,North Carolina,,,,,
37041,Chowan County,NC,North Carolina,,,,,
37043,Clay County,NC,North Carolina,,,,,
37045,Cleveland County,NC,North Carolina,C4314,"Shelby, NC",Micro,CS172,"Charlotte-Concord, NC-SC"
37047,Columbus County,NC,North Carolina,,,,,
37049,Craven County,NC,North Carolina,C3510,"New Bern, NC",Metro,CS404,"New Bern-Morehead City, NC"
37051,Cumberland County,NC,North Carolina,C2218,"Fayetteville, NC",Metro,CS246,"Fayetteville-Lumberton-Laurinburg, NC"
37053,Currituck County,NC,North Carolina,C4726,"Virginia Beach-Norfolk-Newport News, VA-NC",Metro,CS545,"Virginia Beach-Norfolk, VA-NC"
37055,Dare County,NC,North Carolina,C2862,"Kill Devil Hills, NC",Micro,CS545,"Virginia Beach-Norfolk, VA-NC"
37057,Davidson County,NC,North Carolina,C4918,"Winston-Salem, NC",Metro,CS268,"Greensboro--Winston-Salem--High Point, NC"
37059,Davie County,NC,North Carolina,C4918,"Winston-Salem, NC",Metro,CS268,"Greensboro--Winston-Salem--High Point, NC"
37061,Duplin County,NC,North Carolina,,,,,
37063,Durham County,NC,North Carolina,C2050,"Durham-Chapel Hill, NC",Metro,CS450,"Raleigh-Durham-Chapel Hill, NC"
37065,Edgecombe County,NC,North Carolina,C4058,"Rocky Mount, NC",Metro,CS468,"Rocky Mount-Wilson-Roanoke Rapids, NC"
37067,Forsyth County,NC,North Carolina,C4918,"Winston-Salem, NC",Metro,CS268,"Greensboro--Winston-Salem--High Point, NC"
37069,Franklin County,NC,North Carolina,C3958,"Raleigh, NC",Metro,CS450,"Raleigh-Durham-Chapel Hill, NC"
37071,Gaston County,NC,North Carolina,C1674,"Charlotte-Concord-Gastonia, NC-SC",Metro,CS172,"Charlotte-Concord, NC-SC"
37073,Gates County,NC,North Carolina,C4726,"Virginia Beach-Norfolk-Newport News, VA-NC",Metro,CS545,"Virginia Beach-Norfolk, VA-NC"
37075,Graham County,NC,North Carolina,,,,,
37077,Granville County,NC,North Carolina,C3708,"Oxford, NC",Micro,CS450,"Raleigh-Durham-Chapel Hill, NC"
37079,Greene County,NC,North Carolina,,,,,
37081,Guilford County,NC,North Carolina,C2466,"Greensboro-High Point, NC",Metro,CS268,"Greensboro--Winston-Salem--High Point, NC"
37083,Halifax County,NC,North Carolina,C4026,"Roanoke Rapids, NC",Micro,CS468,"Rocky Mount-Wilson-Roanoke Rapids, NC"
37085,Harnett County,NC,North Carolina,C2038,"Dunn, NC",Micro,CS450,"Raleigh-Durham-Chapel Hill, NC"
37087,Haywood County,NC,North Carolina,C1170,"Asheville, NC",Metro,CS120,"Asheville-Brevard, NC"
37089,Henderson County,NC,North Carolina,C1170,"Asheville, NC",Metro,CS120,"Asheville-Brevard, NC"
37091,Hertford County,NC,North Carolina,,,,,
37093,Hoke County,NC,North Carolina,C2218,"Fayetteville, NC",Metro,CS246,"Fayetteville-Lumberton-Laurinburg, NC"
37095,Hyde County,NC,North Carolina,,,,,
37097,Iredell County,NC,North Carolina,C1674,"Charlotte-Concord-Gastonia, NC-SC",Metro,CS172,"Charlotte-Concord, NC-SC"
37099,Jackson County,NC,North Carolina,C1900,"Cullowhee, NC",Micro,,
37101,Johnston County,NC,North Carolina,C3958,"Raleigh, NC",Metro,CS450,"Raleigh-Durham-Chapel Hill, NC"
37103,Jones County,NC,North Carolina,C3510,"New Bern, NC",Metro,CS404,"New Bern-Morehead City, NC"
37105,Lee County,NC,North Carolina,C4182,"Sanford, NC",Micro,CS450,"Raleigh-Durham-Chapel Hill, NC"
37107,Lenoir County,NC,North Carolina,C2882,"Kinston, NC",Micro,,
37109,Lincoln County,NC,North Carolina,C1674,"Charlotte-Concord-Gastonia, NC-SC",Metro,CS172,"Charlotte-Concord, NC-SC"
37111,McDowell County,NC,North Carolina,C3200,"Marion, NC",Micro,CS280,"Hickory-Lenoir, NC"
37113,Macon County,NC,North Carolina,,,,,
37115,Madison County,NC,North Carolina,C1170,"Asheville, NC",Metro,CS120,"Asheville-Brevard, NC"
37117,Martin County,NC,North Carolina,,,,,
37119,Mecklenburg County,NC,North Carolina,C1674,"Charlotte-Concord-Gastonia, NC-SC",Metro,CS172,"Charlotte-Concord, NC-SC"
37121,Mitchell County,NC,North Carolina,,,,,
37123,Montgomery County,NC,North Carolina,,,,,
37125,Moore County,NC,North Carolina,C3824,"Pinehurst-Southern Pines, NC",Micro,,
37127,Nash County,NC,North Carolina,C4058,"Rocky Mount, NC",Metro,CS468,"Rocky Mount-Wilson-Roanoke Rapids, NC"
37129,New Hanover County,NC,North Carolina,C4890,"Wilmington, NC",Metro,,
37131,Northampton County,NC,North Carolina,C4026,"Roanoke Rapids, NC",Micro,CS468,"Rocky Mount-Wilson-Roanoke Rapids, NC"
37133,Onslow County,NC,North Carolina,C2734,"Jacksonville, NC",Metro,,
37135,Orange County,NC,North Carolina,C2050,"Durham-Chapel Hill, NC",Metro,CS450,"Raleigh-Durham-Chapel Hill, NC"
37137,Pamlico County,NC,North Carolina,C3510,"New Bern, NC",Metro,CS404,"New Bern-Morehead City, NC"
37139,Pasquotank County,NC,North Carolina,C2102,"Elizabeth City, NC",Micro,CS545,"Virginia Beach-Norfolk, VA-NC"
37141,Pender County,NC,North Carolina,C4890,"Wilmington, NC",Metro,,
37143,Perquimans County,NC,North Carolina,C2102,"Elizabeth City, NC",Micro,CS545,"Virginia Beach-Norfolk, VA-NC"
37145,Person County,NC,North Carolina,C2050,"Durham-Chapel Hill, NC",Metro,CS450,"Raleigh-Durham-Chapel Hill, NC"
37147,Pitt County,NC,North Carolina,C2478,"Greenville, NC",Metro,CS274,"Greenville-Washington, NC"
37149,Polk County,NC,North Carolina,,,,,
37151,Randolph County,NC,North Carolina,C2466,"Greensboro-High Point, NC",Metro,CS268,"Greensboro--Winston-Salem--High Point, NC"
37153,Richmond County,NC,North Carolina,C4046,"Rockingham, NC",Micro,,
37155,Robeson County,NC,North Carolina,C3130,"Lumberton, NC",Micro,CS246,"Fayetteville-Lumberton-Laurinburg, NC"
37157,Rockingham County,NC,North Carolina,C2466,"Greensboro-High Point, NC",Metro,CS268,"Greensboro--Winston-Salem--High Point, NC"
37159,Rowan County,NC,North Carolina,C1674,"Charlotte-Concord-Gastonia, NC-SC",Metro,CS172,"Charlotte-Concord, NC-SC"
37161,Rutherford County,NC,North Carolina,C2258,"Forest City, NC",Micro,,
37163,Sampson County,NC,North Carolina,,,,,
37165,Scotland County,NC,North Carolina,C2990,"Laurinburg, NC",Micro,CS246,"Fayetteville-Lumberton-Laurinburg, NC"
37167,Stanly County,NC,North Carolina,C1062,"Albemarle, NC",Micro,CS172,"Charlotte-Concord, NC-SC"
37169,Stokes County,NC,North Carolina,C4918,"Winston-Salem, NC",Metro,CS268,"Greensboro--Winston-Salem--High Point, NC"
37171,Surry County,NC,North Carolina,C3434,"Mount Airy, NC",Micro,CS268,"Greensboro--Winston-Salem--High Point, NC"
37173,Swain County,NC,North Carolina,,,,,
37175,Transylvania County,NC,North Carolina,C1482,"Brevard, NC",Micro,CS120,"Asheville-Brevard, NC"
37177,Tyrrell County,NC,North Carolina,C2862,"Kill Devil Hills, NC",Micro,CS545,"Virginia Beach-Norfolk, VA-NC"
37179,Union County,NC,North Carolina,C1674,"Charlotte-Concord-Gastonia, NC-SC",Metro,CS172,"Charlotte-Concord, NC-SC"
37181,Vance County,NC,North Carolina,C2578,"Henderson, NC",Micro,CS450,"Raleigh-Durham-Chapel Hill, NC"
37183,Wake County,NC,North Carolina,C3958,"Raleigh, NC",Metro,CS450,"Raleigh-Durham-Chapel Hill, NC"
37185,Warren County,NC,North Carolina,,,,,
37187,Washington County,NC,North Carolina,,,,,
37189,Watauga County,NC,North Carolina,C1438,"Boone, NC",Micro,,
37191,Wayne County,NC,North Carolina,C2414,"Goldsboro, NC",Metro,,
37193,Wilkes County,NC,North Carolina,C3590,"North Wilkesboro, NC",Micro,,
37195,Wilson County,NC,North Carolina,C4898,"Wilson, NC",Micro,CS468,"Rocky Mount-Wilson-Roanoke Rapids, NC"
37197,Yadkin County,NC,North Carolina,C4918,"Winston-Salem, NC",Metro,CS268,"Greensboro--Winston-Salem--High Point, NC"
37199,Yancey County,NC,North Carolina,,,,,
38001,Adams County,ND,North Dakota,,,,,
38003,Barnes County,ND,North Dakota,,,,,
38005,Benson County,ND,North Dakota,,,,,
38007,Billings County,ND,North Dakota,,,,,
38009,Bottineau County,ND,North Dakota,,,,,
38011,Bowman County,ND,North Dakota,,,,,
38013,Burke County,ND,North Dakota,,,,,
38015,Burleigh County,ND,North Dakota,C1390,"Bismarck, ND",Metro,,
38017,Cass County,ND,North Dakota,C2202,"Fargo, ND-MN",Metro,CS244,"Fargo-Wahpeton, ND-MN"
38019,Cavalier County,ND,North Dakota,,,,,
38021,Dickey County,ND,North Dakota,,,,,
38023,Divide County,ND,North Dakota,,,,,
38025,Dunn County,ND,North Dakota,,,,,
38027,Eddy County,ND,North Dakota,,,,,
38029,Emmons County,ND,North Dakota,,,,,
38031,Foster County,ND,North Dakota,,,,,
38033,Golden Valley County,ND,North Dakota,,,,,
38035,Grand Forks County,ND,North Dakota,C2422,"Grand Forks, ND-MN",Metro,,
38037,Grant County,ND,North Dakota,,,,,
38039,Griggs County,ND,North Dakota,,,,,
38041,Hettinger County,ND,North Dakota,,,,,
38043,Kidder County,ND,North Dakota,,,,,
38045,LaMoure County,ND,North Dakota,,,,,
38047,Logan County,ND,North Dakota,,,,,
38049,McHenry County,ND,North Dakota,C3350,"Minot, ND",Micro,,
38051,McIntosh County,ND,North Dakota,,,,,
38053,McKenzie County,ND,North Dakota,,,,,
38055,McLean County,ND,North Dakota,,,,,
38057,Mercer County,ND,North Dakota,,,,,
38059,Morton County,ND,North Dakota,C1390,"Bismarck, ND",Metro,,
38061,Mountrail County,ND,North Dakota,,,,,
38063,Nelson County,ND,North Dakota,,,,,
38065,Oliver County,ND,North Dakota,C1390,"Bismarck, ND",Metro,,
38067,Pembina County,ND,North Dakota,,,,,
38069,Pierce County,ND,North Dakota,,,,,
38071,Ramsey County,ND,North Dakota,,,,,
38073,Ransom County,ND,North Dakota,,,,,
38075,Renville County,ND,North Dakota,C3350,"Minot, ND",Micro,,
38077,Richland County,ND,North Dakota,C4742,"Wahpeton, ND-MN",Micro,CS244,"Fargo-Wahpeton, ND-MN"
38079,Rolette County,ND,North Dakota,,,,,
38081,Sargent County,ND,North Dakota,,,,,
38083,Sheridan County,ND,North Dakota,,,,,
38085,Sioux County,ND,North Dakota,C1390,"Bismarck, ND",Metro,,
38087,Slope County,ND,North Dakota,,,,,
38089,Stark County,ND,North Dakota,C1986,"Dickinson, ND",Micro,,
38091,Steele County,ND,North Dakota,,,,,
38093,Stutsman County,ND,North Dakota,C2742,"Jamestown, ND",Micro,,
38095,Towner County,ND,North Dakota,,,,,
38097,Traill County,ND,North Dakota,,,,,
38099,Walsh County,ND,North Dakota,,,,,
38101,Ward County,ND,North Dakota,C3350,"Minot, ND",Micro,,
38103,Wells County,ND,North Dakota,,,,,
38105,Williams County,ND,North Dakota,C4878,"Williston, ND",Micro,,
39001,Adams County,OH,Ohio,,,,,
39003,Allen County,OH,Ohio,C3062,"Lima, OH",Metro,CS338,"Lima-Van Wert-Celina, OH"
39005,Ashland County,OH,Ohio,C1174,"Ashland, OH",Micro,CS360,"Mansfield-Ashland-Bucyrus, OH"
39007,Ashtabula County,OH,Ohio,C1178,"Ashtabula, OH",Micro,CS184,"Cleveland-Akron-Canton, OH"
39009,Athens County,OH,Ohio,C1190,"Athens, OH",Micro,,
39011,Auglaize County,OH,Ohio,C4754,"Wapakoneta, OH",Micro,CS338,"Lima-Van Wert-Celina, OH"
39013,Belmont County,OH,Ohio,C4854,"Wheeling, WV-OH",Metro,,
39015,Brown County,OH,Ohio,C1714,"Cincinnati, OH-KY-IN",Metro,CS178,"Cincinnati-Wilmington-Maysville, OH-KY-IN"
39017,Butler County,OH,Ohio,C1714,"Cincinnati, OH-KY-IN",Metro,CS178,"Cincinnati-Wilmington-Maysville, OH-KY-IN"
39019,Carroll County,OH,Ohio,C1594,"Canton-Massillon, OH",Metro,CS184,"Cleveland-Akron-Canton, OH"
39021,Champaign County,OH,Ohio,C4650,"Urbana, OH",Micro,CS212,"Dayton-Springfield-Sidney, OH"
39023,Clark County,OH,Ohio,C4422,"Springfield, OH",Metro,CS212,"Dayton-Springfield-Sidney, OH"
39025,Clermont County,OH,Ohio,C1714,"Cincinnati, OH-KY-IN",Metro,CS178,"Cincinnati-Wilmington-Maysville, OH-KY-IN"
39027,Clinton County,OH,Ohio,C4894,"Wilmington, OH",Micro,CS178,"Cincinnati-Wilmington-Maysville, OH-KY-IN"
39029,Columbiana County,OH,Ohio,C4140,"Salem, OH",Micro,CS566,"Youngstown-Warren, OH-PA"
39031,Coshocton County,OH,Ohio,C1874,"Coshocton, OH",Micro,,
39033,Crawford County,OH,Ohio,C1534,"Bucyrus, OH",Micro,CS360,"Mansfield-Ashland-Bucyrus, OH"
39035,Cuyahoga County,OH,Ohio,C1746,"Cleveland-Elyria, OH",Metro,CS184,"Cleveland-Akron-Canton, OH"
39037,Darke County,OH,Ohio,C2482,"Greenville, OH",Micro,CS212,"Dayton-Springfield-Sidney, OH"
39039,Defiance County,OH,Ohio,C1958,"Defiance, OH",Micro,,
39041,Delaware County,OH,Ohio,C1814,"Columbus, OH",Metro,CS198,"Columbus-Marion-Zanesville, OH"
39043,Erie County,OH,Ohio,C4178,"Sandusky, OH",Micro,CS184,"Cleveland-Akron-Canton, OH"
39045,Fairfield County,OH,Ohio,C1814,"Columbus, OH",Metro,CS198,"Columbus-Marion-Zanesville, OH"
39047,Fayette County,OH,Ohio,C4792,"Washington Court House, OH",Micro,CS198,"Columbus-Marion-Zanesville, OH"
39049,Franklin County,OH,Ohio,C1814,"Columbus, OH",Metro,CS198,"Columbus-Marion-Zanesville, OH"
39051,Fulton County,OH,Ohio,C4578,"Toledo, OH",Metro,CS534,"Toledo-Port Clinton, OH"
39053,Gallia County,OH,Ohio,C3858,"Point Pleasant, WV-OH",Micro,,
39055,Geauga County,OH,Ohio,C1746,"Cleveland-Elyria, OH",Metro,CS184,"Cleveland-Akron-Canton, OH"
39057,Greene County,OH,Ohio,C1938,"Dayton, OH",Metro,CS212,"Dayton-Springfield-Sidney, OH"
39059,Guernsey County,OH,Ohio,C1574,"Cambridge, OH",Micro,CS198,"Columbus-Marion-Zanesville, OH"
39061,Hamilton County,OH,Ohio,C1714,"Cincinnati, OH-KY-IN",Metro,CS178,"Cincinnati-Wilmington-Maysville, OH-KY-IN"
39063,Hancock County,OH,Ohio,C2230,"Findlay, OH",Micro,CS248,"Findlay-Tiffin, OH"
39065,Hardin County,OH,Ohio,,,,,
39067,Harrison County,OH,Ohio,,,,,
39069,Henry County,OH,Ohio,,,,,
39071,Highland County,OH,Ohio,,,,,
39073,Hocking County,OH,Ohio,C1814,"Columbus, OH",Metro,CS198,"Columbus-Marion-Zanesville, OH"
39075,Holmes County,OH,Ohio,,,,,
39077,Huron County,OH,Ohio,C3594,"Norwalk, OH",Micro,CS184,"Cleveland-Akron-Canton, OH"
39079,Jackson County,OH,Ohio,C2716,"Jackson, OH",Micro,,
39081,Jefferson County,OH,Ohio,C4826,"Weirton-Steubenville, WV-OH",Metro,CS430,"Pittsburgh-New Castle-Weirton, PA-OH-WV"
39083,Knox County,OH,Ohio,C3454,"Mount Vernon, OH",Micro,CS198,"Columbus-Marion-Zanesville, OH"
39085,Lake County,OH,Ohio,C1746,"Cleveland-Elyria, OH",Metro,CS184,"Cleveland-Akron-Canton, OH"
39087,Lawrence County,OH,Ohio,C2658,"Huntington-Ashland, WV-KY-OH",Metro,CS170,"Charleston-Huntington-Ashland, WV-OH-KY"
39089,Licking County,OH,Ohio,C1814,"Columbus, OH",Metro,CS198,"Columbus-Marion-Zanesville, OH"
39091,Logan County,OH,Ohio,C1334,"Bellefontaine, OH",Micro,CS198,"Columbus-Marion-Zanesville, OH"
39093,Lorain County,OH,Ohio,C1746,"Cleveland-Elyria, OH",Metro,CS184,"Cleveland-Akron-Canton, OH"
39095,Lucas County,OH,Ohio,C4578,"Toledo, OH",Metro,CS534,"Toledo-Port Clinton, OH"
39097,Madison County,OH,Ohio,C1814,"Columbus, OH",Metro,CS198,"Columbus-Marion-Zanesville, OH"
39099,Mahoning County,OH,Ohio,C4966,"Youngstown-Warren-Boardman, OH-PA",Metro,CS566,"Youngstown-Warren, OH-PA"
39101,Marion County,OH,Ohio,C3202,"Marion, OH",Micro,CS198,"Columbus-Marion-Zanesville, OH"
39103,Medina County,OH,Ohio,C1746,"Cleveland-Elyria, OH",Metro,CS184,"Cleveland-Akron-Canton, OH"
39105,Meigs County,OH,Ohio,,,,,
39107,Mercer County,OH,Ohio,C1638,"Celina, OH",Micro,CS338,"Lima-Van Wert-Celina, OH"
39109,Miami County,OH,Ohio,C1938,"Dayton, OH",Metro,CS212,"Dayton-Springfield-Sidney, OH"
39111,Monroe County,OH,Ohio,,,,,
39113,Montgomery County,OH,Ohio,C1938,"Dayton, OH",Metro,CS212,"Dayton-Springfield-Sidney, OH"
39115,Morgan County,OH,Ohio,,,,,
39117,Morrow County,OH,Ohio,C1814,"Columbus, OH",Metro,CS198,"Columbus-Marion-Zanesville, OH"
39119,Muskingum County,OH,Ohio,C4978,"Zanesville, OH",Micro,CS198,"Columbus-Marion-Zanesville, OH"
39121,Noble County,OH,Ohio,,,,,
39123,Ottawa County,OH,Ohio,C3884,"Port Clinton, OH",Micro,CS534,"Toledo-Port Clinton, OH"
39125,Paulding County,OH,Ohio,,,,,
39127,Perry County,OH,Ohio,C1814,"Columbus, OH",Metro,CS198,"Columbus-Marion-Zanesville, OH"
39129,Pickaway County,OH,Ohio,C1814,"Columbus, OH",Metro,CS198,"Columbus-Marion-Zanesville, OH"
39131,Pike County,OH,Ohio,,,,,
39133,Portage County,OH,Ohio,C1042,"Akron, OH",Metro,CS184,"Cleveland-Akron-Canton, OH"
39135,Preble County,OH,Ohio,,,,,
39137,Putnam County,OH,Ohio,,,,,
39139,Richland County,OH,Ohio,C3190,"Mansfield, OH",Metro,CS360,"Mansfield-Ashland-Bucyrus, OH"
39141,Ross County,OH,Ohio,C1706,"Chillicothe, OH",Micro,CS198,"Columbus-Marion-Zanesville, OH"
39143,Sandusky County,OH,Ohio,C2338,"Fremont, OH",Micro,,
39145,Scioto County,OH,Ohio,C3902,"Portsmouth, OH",Micro,CS170,"Charleston-Huntington-Ashland, WV-OH-KY"
39147,Seneca County,OH,Ohio,C4566,"Tiffin, OH",Micro,CS248,"Findlay-Tiffin, OH"
39149,Shelby County,OH,Ohio,C4338,"Sidney, OH",Micro,CS212,"Dayton-Springfield-Sidney, OH"
39151,Stark County,OH,Ohio,C1594,"Canton-Massillon, OH",Metro,CS184,"Cleveland-Akron-Canton, OH"
39153,Summit County,OH,Ohio,C1042,"Akron, OH",Metro,CS184,"Cleveland-Akron-Canton, OH"
39155,Trumbull County,OH,Ohio,C4966,"Youngstown-Warren-Boardman, OH-PA",Metro,CS566,"Youngstown-Warren, OH-PA"
39157,Tuscarawas County,OH,Ohio,C3542,"New Philadelphia-Dover, OH",Micro,CS184,"Cleveland-Akron-Canton, OH"
39159,Union County,OH,Ohio,C1814,"Columbus, OH",Metro,CS198,"Columbus-Marion-Zanesville, OH"
39161,Van Wert County,OH,Ohio,C4678,"Van Wert, OH",Micro,CS338,"Lima-Van Wert-Celina, OH"
39163,Vinton County,OH,Ohio,,,,,
39165,Warren County,OH,Ohio,C1714,"Cincinnati, OH-KY-IN",Metro,CS178,"Cincinnati-Wilmington-Maysville, OH-KY-IN"
39167,Washington County,OH,Ohio,C3193,"Marietta, OH",Micro,CS425,"Parkersburg-Marietta-Vienna, WV-OH"
39169,Wayne County,OH,Ohio,C4930,"Wooster, OH",Micro,,
39171,Williams County,OH,Ohio,,,,,
39173,Wood County,OH,Ohio,C4578,"Toledo, OH",Metro,CS534,"Toledo-Port Clinton, OH"
39175,Wyandot County,OH,Ohio,,,,,
40001,Adair County,OK,Oklahoma,,,,,
40003,Alfalfa County,OK,Oklahoma,,,,,
40005,Atoka County,OK,Oklahoma,,,,,
40007,Beaver County,OK,Oklahoma,,,,,
40009,Beckham County,OK,Oklahoma,C2112,"Elk City, OK",Micro,,
40011,Blaine County,OK,Oklahoma,,,,,
40013,Bryan County,OK,Oklahoma,C2046,"Durant, OK",Micro,CS206,"Dallas-Fort Worth, TX-OK"
40015,Caddo County,OK,Oklahoma,,,,,
40017,Canadian County,OK,Oklahoma,C3642,"Oklahoma City, OK",Metro,CS416,"Oklahoma City-Shawnee, OK"
40019,Carter County,OK,Oklahoma,C1162,"Ardmore, OK",Micro,,
40021,Cherokee County,OK,Oklahoma,C4514,"Tahlequah, OK",Micro,CS538,"Tulsa-Muskogee-Bartlesville, OK"
40023,Choctaw County,OK,Oklahoma,,,,,
40025,Cimarron County,OK,Oklahoma,,,,,
40027,Cleveland County,OK,Oklahoma,C3642,"Oklahoma City, OK",Metro,CS416,"Oklahoma City-Shawnee, OK"
40029,Coal County,OK,Oklahoma,,,,,
40031,Comanche County,OK,Oklahoma,C3002,"Lawton, OK",Metro,,
40033,Cotton County,OK,Oklahoma,C3002,"Lawton, OK",Metro,,
40035,Craig County,OK,Oklahoma,,,,,
40037,Creek County,OK,Oklahoma,C4614,"Tulsa, OK",Metro,CS538,"Tulsa-Muskogee-Bartlesville, OK"
40039,Custer County,OK,Oklahoma,C4822,"Weatherford, OK",Micro,,
40041,Delaware County,OK,Oklahoma,,,,,
40043,Dewey County,OK,Oklahoma,,,,,
40045,Ellis County,OK,Oklahoma,,,,,
40047,Garfield County,OK,Oklahoma,C2142,"Enid, OK",Micro,,
40049,Garvin County,OK,Oklahoma,,,,,
40051,Grady County,OK,Oklahoma,C3642,"Oklahoma City, OK",Metro,CS416,"Oklahoma City-Shawnee, OK"
40053,Grant County,OK,Oklahoma,,,,,
40055,Greer County,OK,Oklahoma,,,,,
40057,Harmon County,OK,Oklahoma,,,,,
40059,Harper County,OK,Oklahoma,,,,,
40061,Haskell County,OK,Oklahoma,,,,,
40063,Hughes County,OK,Oklahoma,,,,,
40065,Jackson County,OK,Oklahoma,C1106,"Altus, OK",Micro,,
40067,Jefferson County,OK,Oklahoma,,,,,
40069,Johnston County,OK,Oklahoma,,,,,
40071,Kay County,OK,Oklahoma,C3862,"Ponca City, OK",Micro,,
40073,Kingfisher County,OK,Oklahoma,,,,,
40075,Kiowa County,OK,Oklahoma,,,,,
40077,Latimer County,OK,Oklahoma,,,,,
40079,Le Flore County,OK,Oklahoma,C2290,"Fort Smith, AR-OK",Metro,,
40081,Lincoln County,OK,Oklahoma,C3642,"Oklahoma City, OK",Metro,CS416,"Oklahoma City-Shawnee, OK"
40083,Logan County,OK,Oklahoma,C3642,"Oklahoma City, OK",Metro,CS416,"Oklahoma City-Shawnee, OK"
40085,Love County,OK,Oklahoma,,,,,
40087,McClain County,OK,Oklahoma,C3642,"Oklahoma City, OK",Metro,CS416,"Oklahoma City-Shawnee, OK"
40089,McCurtain County,OK,Oklahoma,,,,,
40091,McIntosh County,OK,Oklahoma,,,,,
40093,Major County,OK,Oklahoma,,,,,
40095,Marshall County,OK,Oklahoma,,,,,
40097,Mayes County,OK,Oklahoma,,,,,
40099,Murray County,OK,Oklahoma,,,,,
40101,Muskogee County,OK,Oklahoma,C3478,"Muskogee, OK",Micro,CS538,"Tulsa-Muskogee-Bartlesville, OK"
40103,Noble County,OK,Oklahoma,,,,,
40105,Nowata County,OK,Oklahoma,,,,,
40107,Okfuskee County,OK,Oklahoma,,,,,
40109,Oklahoma County,OK,Oklahoma,C3642,"Oklahoma City, OK",Metro,CS416,"Oklahoma City-Shawnee, OK"
40111,Okmulgee County,OK,Oklahoma,C4614,"Tulsa, OK",Metro,CS538,"Tulsa-Muskogee-Bartlesville, OK"
40113,Osage County,OK,Oklahoma,C4614,"Tulsa, OK",Metro,CS538,"Tulsa-Muskogee-Bartlesville, OK"
40115,Ottawa County,OK,Oklahoma,C3306,"Miami, OK",Micro,CS309,"Joplin-Miami, MO-OK"
40117,Pawnee County,OK,Oklahoma,C4614,"Tulsa, OK",Metro,CS538,"Tulsa-Muskogee-Bartlesville, OK"
40119,Payne County,OK,Oklahoma,C4466,"Stillwater, OK",Micro,,
40121,Pittsburg County,OK,Oklahoma,C3254,"McAlester, OK",Micro,,
40123,Pontotoc County,OK,Oklahoma,C1022,"Ada, OK",Micro,,
40125,Pottawatomie County,OK,Oklahoma,C4306,"Shawnee, OK",Micro,CS416,"Oklahoma City-Shawnee, OK"
40127,Pushmataha County,OK,Oklahoma,,,,,
40129,Roger Mills County,OK,Oklahoma,,,,,
40131,Rogers County,OK,Oklahoma,C4614,"Tulsa, OK",Metro,CS538,"Tulsa-Muskogee-Bartlesville, OK"
40133,Seminole County,OK,Oklahoma,,,,,
40135,Sequoyah County,OK,Oklahoma,C2290,"Fort Smith, AR-OK",Metro,,
40137,Stephens County,OK,Oklahoma,C2034,"Duncan, OK",Micro,,
40139,Texas County,OK,Oklahoma,C2510,"Guymon, OK",Micro,,
40141,Tillman County,OK,Oklahoma,,,,,
40143,Tulsa County,OK,Oklahoma,C4614,"Tulsa, OK",Metro,CS538,"Tulsa-Muskogee-Bartlesville, OK"
40145,Wagoner County,OK,Oklahoma,C4614,"Tulsa, OK",Metro,CS538,"Tulsa-Muskogee-Bartlesville, OK"
40147,Washington County,OK,Oklahoma,C1278,"Bartlesville, OK",Micro,CS538,"Tulsa-Muskogee-Bartlesville, OK"
40149,Washita County,OK,Oklahoma,,,,,
40151,Woods County,OK,Oklahoma,,,,,
40153,Woodward County,OK,Oklahoma,C4926,"Woodward, OK",Micro,,
41001,Baker County,OR,Oregon,,,,,
41003,Benton County,OR,Oregon,C1870,"Corvallis, OR",Metro,CS440,"Portland-Vancouver-Salem, OR-WA"
41005,Clackamas County,OR,Oregon,C3890,"Portland-Vancouver-Hillsboro, OR-WA",Metro,CS440,"Portland-Vancouver-Salem, OR-WA"
41007,Clatsop County,OR,Oregon,C1182,"Astoria, OR",Micro,,
41009,Columbia County,OR,Oregon,C3890,"Portland-Vancouver-Hillsboro, OR-WA",Metro,CS440,"Portland-Vancouver-Salem, OR-WA"
41011,Coos County,OR,Oregon,C1830,"Coos Bay, OR",Micro,,
41013,Crook County,OR,Oregon,C3926,"Prineville, OR",Micro,CS140,"Bend-Redmond-Prineville, OR"
41015,Curry County,OR,Oregon,C1506,"Brookings, OR",Micro,,
41017,Deschutes County,OR,Oregon,C1346,"Bend-Redmond, OR",Metro,CS140,"Bend-Redmond-Prineville, OR"
41019,Douglas County,OR,Oregon,C4070,"Roseburg, OR",Micro,,
41021,Gilliam County,OR,Oregon,,,,,
41023,Grant County,OR,Oregon,,,,,
41025,Harney County,OR,Oregon,,,,,
41027,Hood River County,OR,Oregon,C2622,"Hood River, OR",Micro,,
41029,Jackson County,OR,Oregon,C3278,"Medford, OR",Metro,CS366,"Medford-Grants Pass, OR"
41031,Jefferson County,OR,Oregon,,,,,
41033,Josephine County,OR,Oregon,C2442,"Grants Pass, OR",Metro,CS366,"Medford-Grants Pass, OR"
41035,Klamath County,OR,Oregon,C2890,"Klamath Falls, OR",Micro,,
41037,Lake County,OR,Oregon,,,,,
41039,Lane County,OR,Oregon,C2166,"Eugene, OR",Metro,,
41041,Lincoln County,OR,Oregon,C3544,"Newport, OR",Micro,,
41043,Linn County,OR,Oregon,C1054,"Albany, OR",Metro,CS440,"Portland-Vancouver-Salem, OR-WA"
41045,Malheur County,OR,Oregon,C3662,"Ontario, OR-ID",Micro,CS147,"Boise City-Mountain Home-Ontario, ID-OR"
41047,Marion County,OR,Oregon,C4142,"Salem, OR",Metro,CS440,"Portland-Vancouver-Salem, OR-WA"
41049,Morrow County,OR,Oregon,C2584,"Hermiston-Pendleton, OR",Micro,,
41051,Multnomah County,OR,Oregon,C3890,"Portland-Vancouver-Hillsboro, OR-WA",Metro,CS440,"Portland-Vancouver-Salem, OR-WA"
41053,Polk County,OR,Oregon,C4142,"Salem, OR",Metro,CS440,"Portland-Vancouver-Salem, OR-WA"
41055,Sherman County,OR,Oregon,,,,,
41057,Tillamook County,OR,Oregon,,,,,
41059,Umatilla County,OR,Oregon,C2584,"Hermiston-Pendleton, OR",Micro,,
41061,Union County,OR,Oregon,C2926,"La Grande, OR",Micro,,
41063,Wallowa County,OR,Oregon,,,,,
41065,Wasco County,OR,Oregon,C4552,"The Dalles, OR",Micro,,
41067,Washington County,OR,Oregon,C3890,"Portland-Vancouver-Hillsboro, OR-WA",Metro,CS440,"Portland-Vancouver-Salem, OR-WA"
41069,Wheeler County,OR,Oregon,,,,,
41071,Yamhill County,OR,Oregon,C3890,"Portland-Vancouver-Hillsboro, OR-WA",Metro,CS440,"Portland-Vancouver-Salem, OR-WA"
42001,Adams County,PA,Pennsylvania,C2390,"Gettysburg, PA",Metro,CS276,"Harrisburg-York-Lebanon, PA"
42003,Allegheny County,PA,Pennsylvania,C3830,"Pittsburgh, PA",Metro,CS430,"Pittsburgh-New Castle-Weirton, PA-OH-WV"
42005,Armstrong County,PA,Pennsylvania,C3830,"Pittsburgh, PA",Metro,CS430,"Pittsburgh-New Castle-Weirton, PA-OH-WV"
42007,Beaver County,PA,Pennsylvania,C3830,"Pittsburgh, PA",Metro,CS430,"Pittsburgh-New Castle-Weirton, PA-OH-WV"
42009,Bedford County,PA,Pennsylvania,,,,,
42011,Berks County,PA,Pennsylvania,C3974,"Reading, PA",Metro,CS428,"Philadelphia-Reading-Camden, PA-NJ-DE-MD"
42013,Blair County,PA,Pennsylvania,C1102,"Altoona, PA",Metro,,
42015,Bradford County,PA,Pennsylvania,C4238,"Sayre, PA",Micro,,
42017,Bucks County,PA,Pennsylvania,C3798,"Philadelphia-Camden-Wilmington, PA-NJ-DE-MD",Metro,CS428,"Philadelphia-Reading-Camden, PA-NJ-DE-MD"
42019,Butler County,PA,Pennsylvania,C3830,"Pittsburgh, PA",Metro,CS430,"Pittsburgh-New Castle-Weirton, PA-OH-WV"
42021,Cambria County,PA,Pennsylvania,C2778,"Johnstown, PA",Metro,CS306,"Johnstown-Somerset, PA"
42023,Cameron County,PA,Pennsylvania,,,,,
42025,Carbon County,PA,Pennsylvania,C1090,"Allentown-Bethlehem-Easton, PA-NJ",Metro,CS408,"New York-Newark, NY-NJ-CT-PA"
42027,Centre County,PA,Pennsylvania,C4430,"State College, PA",Metro,CS524,"State College-DuBois, PA"
42029,Chester County,PA,Pennsylvania,C3798,"Philadelphia-Camden-Wilmington, PA-NJ-DE-MD",Metro,CS428,"Philadelphia-Reading-Camden, PA-NJ-DE-MD"
42031,Clarion County,PA,Pennsylvania,,,,,
42033,Clearfield County,PA,Pennsylvania,C2018,"DuBois, PA",Micro,CS524,"State College-DuBois, PA"
42035,Clinton County,PA,Pennsylvania,C3082,"Lock Haven, PA",Micro,CS558,"Williamsport-Lock Haven, PA"
42037,Columbia County,PA,Pennsylvania,C1410,"Bloomsburg-Berwick, PA",Metro,CS146,"Bloomsburg-Berwick-Sunbury, PA"
42039,Crawford County,PA,Pennsylvania,C3274,"Meadville, PA",Micro,CS240,"Erie-Meadville, PA"
42041,Cumberland County,PA,Pennsylvania,C2542,"Harrisburg-Carlisle, PA",Metro,CS276,"Harrisburg-York-Lebanon, PA"
42043,Dauphin County,PA,Pennsylvania,C2542,"Harrisburg-Carlisle, PA",Metro,CS276,"Harrisburg-York-Lebanon, PA"
42045,Delaware County,PA,Pennsylvania,C3798,"Philadelphia-Camden-Wilmington, PA-NJ-DE-MD",Metro,CS428,"Philadelphia-Reading-Camden, PA-NJ-DE-MD"
42047,Elk County,PA,Pennsylvania,,,,,
42049,Erie County,PA,Pennsylvania,C2150,"Erie, PA",Metro,CS240,"Erie-Meadville, PA"
42051,Fayette County,PA,Pennsylvania,C3830,"Pittsburgh, PA",Metro,CS430,"Pittsburgh-New Castle-Weirton, PA-OH-WV"
42053,Forest County,PA,Pennsylvania,,,,,
42055,Franklin County,PA,Pennsylvania,C1654,"Chambersburg-Waynesboro, PA",Metro,CS548,"Washington-Baltimore-Arlington, DC-MD-VA-WV-PA"
42057,Fulton County,PA,Pennsylvania,,,,,
42059,Greene County,PA,Pennsylvania,,,,,
42061,Huntingdon County,PA,Pennsylvania,C2650,"Huntingdon, PA",Micro,,
42063,Indiana County,PA,Pennsylvania,C2686,"Indiana, PA",Micro,CS430,"Pittsburgh-New Castle-Weirton, PA-OH-WV"
42065,Jefferson County,PA,Pennsylvania,,,,,
42067,Juniata County,PA,Pennsylvania,,,,,
42069,Lackawanna County,PA,Pennsylvania,C4254,"Scranton--Wilkes-Barre--Hazleton, PA",Metro,,
42071,Lancaster County,PA,Pennsylvania,C2954,"Lancaster, PA",Metro,,
42073,Lawrence County,PA,Pennsylvania,C3526,"New Castle, PA",Micro,CS430,"Pittsburgh-New Castle-Weirton, PA-OH-WV"
42075,Lebanon County,PA,Pennsylvania,C3014,"Lebanon, PA",Metro,CS276,"Harrisburg-York-Lebanon, PA"
42077,Lehigh County,PA,Pennsylvania,C1090,"Allentown-Bethlehem-Easton, PA-NJ",Metro,CS408,"New York-Newark, NY-NJ-CT-PA"
42079,Luzerne County,PA,Pennsylvania,C4254,"Scranton--Wilkes-Barre--Hazleton, PA",Metro,,
42081,Lycoming County,PA,Pennsylvania,C4870,"Williamsport, PA",Metro,CS558,"Williamsport-Lock Haven, PA"
42083,McKean County,PA,Pennsylvania,C1462,"Bradford, PA",Micro,,
42085,Mercer County,PA,Pennsylvania,C4966,"Youngstown-Warren-Boardman, OH-PA",Metro,CS566,"Youngstown-Warren, OH-PA"
42087,Mifflin County,PA,Pennsylvania,C3038,"Lewistown, PA",Micro,,
42089,Monroe County,PA,Pennsylvania,C2070,"East Stroudsburg, PA",Metro,CS408,"New York-Newark, NY-NJ-CT-PA"
42091,Montgomery County,PA,Pennsylvania,C3798,"Philadelphia-Camden-Wilmington, PA-NJ-DE-MD",Metro,CS428,"Philadelphia-Reading-Camden, PA-NJ-DE-MD"
42093,Montour County,PA,Pennsylvania,C1410,"Bloomsburg-Berwick, PA",Metro,CS146,"Bloomsburg-Berwick-Sunbury, PA"
42095,Northampton County,PA,Pennsylvania,C1090,"Allentown-Bethlehem-Easton, PA-NJ",Metro,CS408,"New York-Newark, NY-NJ-CT-PA"
42097,Northumberland County,PA,Pennsylvania,C4498,"Sunbury, PA",Micro,CS146,"Bloomsburg-Berwick-Sunbury, PA"
42099,Perry County,PA,Pennsylvania,C2542,"Harrisburg-Carlisle, PA",Metro,CS276,"Harrisburg-York-Lebanon, PA"
42101,Philadelphia County,PA,Pennsylvania,C3798,"Philadelphia-Camden-Wilmington, PA-NJ-DE-MD",Metro,CS428,"Philadelphia-Reading-Camden, PA-NJ-DE-MD"
42103,Pike County,PA,Pennsylvania,C3562,"New York-Newark-Jersey City, NY-NJ-PA",Metro,CS408,"New York-Newark, NY-NJ-CT-PA"
42105,Potter County,PA,Pennsylvania,,,,,
42107,Schuylkill County,PA,Pennsylvania,C3906,"Pottsville, PA",Micro,,
42109,Snyder County,PA,Pennsylvania,C4278,"Selinsgrove, PA",Micro,CS146,"Bloomsburg-Berwick-Sunbury, PA"
42111,Somerset County,PA,Pennsylvania,C4374,"Somerset, PA",Micro,CS306,"Johnstown-Somerset, PA"
42113,Sullivan County,PA,Pennsylvania,,,,,
42115,Susquehanna County,PA,Pennsylvania,,,,,
42117,Tioga County,PA,Pennsylvania,,,,,
42119,Union County,PA,Pennsylvania,C3026,"Lewisburg, PA",Micro,CS146,"Bloomsburg-Berwick-Sunbury, PA"
42121,Venango County,PA,Pennsylvania,C3634,"Oil City, PA",Micro,,
42123,Warren County,PA,Pennsylvania,C4762,"Warren, PA",Micro,,
42125,Washington County,PA,Pennsylvania,C3830,"Pittsburgh, PA",Metro,CS430,"Pittsburgh-New Castle-Weirton, PA-OH-WV"
42127,Wayne County,PA,Pennsylvania,,,,,
42129,Westmoreland County,PA,Pennsylvania,C3830,"Pittsburgh, PA",Metro,CS430,"Pittsburgh-New Castle-Weirton, PA-OH-WV"
42131,Wyoming County,PA,Pennsylvania,C4254,"Scranton--Wilkes-Barre--Hazleton, PA",Metro,,
42133,York County,PA,Pennsylvania,C4962,"York-Hanover, PA",Metro,CS276,"Harrisburg-York-Lebanon, PA"
44001,Bristol County,RI,Rhode Island,C3930,"Providence-Warwick, RI-MA",Metro,CS148,"Boston-Worcester-Providence, MA-RI-NH-CT"
44003,Kent County,RI,Rhode Island,C3930,"Providence-Warwick, RI-MA",Metro,CS148,"Boston-Worcester-Providence, MA-RI-NH-CT"
44005,Newport County,RI,Rhode Island,C3930,"Providence-Warwick, RI-MA",Metro,CS148,"Boston-Worcester-Providence, MA-RI-NH-CT"
44007,Providence County,RI,Rhode Island,C3930,"Providence-Warwick, RI-MA",Metro,CS148,"Boston-Worcester-Providence, MA-RI-NH-CT"
44009,Washington County,RI,Rhode Island,C3930,"Providence-Warwick, RI-MA",Metro,CS148,"Boston-Worcester-Providence, MA-RI-NH-CT"
45001,Abbeville County,SC,South Carolina,C2494,"Greenwood, SC",Micro,CS273,"Greenville-Spartanburg-Anderson, SC"
45003,Aiken County,SC,South Carolina,C1226,"Augusta-Richmond County, GA-SC",Metro,,
45005,Allendale County,SC,South Carolina,,,,,
45007,Anderson County,SC,South Carolina,C2486,"Greenville-Anderson-Mauldin, SC",Metro,CS273,"Greenville-Spartanburg-Anderson, SC"
45009,Bamberg County,SC,South Carolina,,,,,
45011,Barnwell County,SC,South Carolina,,,,,
45013,Beaufort County,SC,South Carolina,C2594,"Hilton Head Island-Bluffton-Beaufort, SC",Metro,,
45015,Berkeley County,SC,South Carolina,C1670,"Charleston-North Charleston, SC",Metro,,
45017,Calhoun County,SC,South Carolina,C1790,"Columbia, SC",Metro,CS192,"Columbia-Orangeburg-Newberry, SC"
45019,Charleston County,SC,South Carolina,C1670,"Charleston-North Charleston, SC",Metro,,
45021,Cherokee County,SC,South Carolina,C2350,"Gaffney, SC",Micro,CS273,"Greenville-Spartanburg-Anderson, SC"
45023,Chester County,SC,South Carolina,C1674,"Charlotte-Concord-Gastonia, NC-SC",Metro,CS172,"Charlotte-Concord, NC-SC"
45025,Chesterfield County,SC,South Carolina,,,,,
45027,Clarendon County,SC,South Carolina,,,,,
45029,Colleton County,SC,South Carolina,,,,,
45031,Darlington County,SC,South Carolina,C2250,"Florence, SC",Metro,,
45033,Dillon County,SC,South Carolina,,,,,
45035,Dorchester County,SC,South Carolina,C1670,"Charleston-North Charleston, SC",Metro,,
45037,Edgefield County,SC,South Carolina,C1226,"Augusta-Richmond County, GA-SC",Metro,,
45039,Fairfield County,SC,South Carolina,C1790,"Columbia, SC",Metro,CS192,"Columbia-Orangeburg-Newberry, SC"
45041,Florence County,SC,South Carolina,C2250,"Florence, SC",Metro,,
45043,Georgetown County,SC,South Carolina,C2386,"Georgetown, SC",Micro,CS396,"Myrtle Beach-Conway, SC-NC"
45045,Greenville County,SC,South Carolina,C2486,"Greenville-Anderson-Mauldin, SC",Metro,CS273,"Greenville-Spartanburg-Anderson, SC"
45047,Greenwood County,SC,South Carolina,C2494,"Greenwood, SC",Micro,CS273,"Greenville-Spartanburg-Anderson, SC"
45049,Hampton County,SC,South Carolina,,,,,
45051,Horry County,SC,South Carolina,C3482,"Myrtle Beach-Conway-North Myrtle Beach, SC-NC",Metro,CS396,"Myrtle Beach-Conway, SC-NC"
45053,Jasper County,SC,South Carolina,C2594,"Hilton Head Island-Bluffton-Beaufort, SC",Metro,,
45055,Kershaw County,SC,South Carolina,C1790,"Columbia, SC",Metro,CS192,"Columbia-Orangeburg-Newberry, SC"
45057,Lancaster County,SC,South Carolina,C1674,"Charlotte-Concord-Gastonia, NC-SC",Metro,CS172,"Charlotte-Concord, NC-SC"
45059,Laurens County,SC,South Carolina,C2486,"Greenville-Anderson-Mauldin, SC",Metro,CS273,"Greenville-Spartanburg-Anderson, SC"
45061,Lee County,SC,South Carolina,,,,,
45063,Lexington County,SC,South Carolina,C1790,"Columbia, SC",Metro,CS192,"Columbia-Orangeburg-Newberry, SC"
45065,McCormick County,SC,South Carolina,,,,,
45067,Marion County,SC,South Carolina,,,,,
45069,Marlboro County,SC,South Carolina,C1350,"Bennettsville, SC",Micro,,
45071,Newberry County,SC,South Carolina,C3514,"Newberry, SC",Micro,CS192,"Columbia-Orangeburg-Newberry, SC"
45073,Oconee County,SC,South Carolina,C4286,"Seneca, SC",Micro,CS273,"Greenville-Spartanburg-Anderson, SC"
45075,Orangeburg County,SC,South Carolina,C3670,"Orangeburg, SC",Micro,CS192,"Columbia-Orangeburg-Newberry, SC"
45077,Pickens County,SC,South Carolina,C2486,"Greenville-Anderson-Mauldin, SC",Metro,CS273,"Greenville-Spartanburg-Anderson, SC"
45079,Richland County,SC,South Carolina,C1790,"Columbia, SC",Metro,CS192,"Columbia-Orangeburg-Newberry, SC"
45081,Saluda County,SC,South Carolina,C1790,"Columbia, SC",Metro,CS192,"Columbia-Orangeburg-Newberry, SC"
45083,Spartanburg County,SC,South Carolina,C4390,"Spartanburg, SC",Metro,CS273,"Greenville-Spartanburg-Anderson, SC"
45085,Sumter County,SC,South Carolina,C4494,"Sumter, SC",Metro,,
45087,Union County,SC,South Carolina,C4390,"Spartanburg, SC",Metro,CS273,"Greenville-Spartanburg-Anderson, SC"
45089,Williamsburg County,SC,South Carolina,,,,,
45091,York County,SC,South Carolina,C1674,"Charlotte-Concord-Gastonia, NC-SC",Metro,CS172,"Charlotte-Concord, NC-SC"
46003,Aurora County,SD,South Dakota,,,,,
46005,Beadle County,SD,South Dakota,C2670,"Huron, SD",Micro,,
46007,Bennett County,SD,South Dakota,,,,,
46009,Bon Homme County,SD,South Dakota,,,,,
46011,Brookings County,SD,South Dakota,C1510,"Brookings, SD",Micro,,
46013,Brown County,SD,South Dakota,C1010,"Aberdeen, SD",Micro,,
46015,Brule County,SD,South Dakota,,,,,
46017,Buffalo County,SD,South Dakota,,,,,
46019,Butte County,SD,South Dakota,,,,,
46021,Campbell County,SD,South Dakota,,,,,
46023,Charles Mix County,SD,South Dakota,,,,,
46025,Clark County,SD,South Dakota,,,,,
46027,Clay County,SD,South Dakota,C4682,"Vermillion, SD",Micro,CS512,"Sioux City-Vermillion, IA-SD-NE"
46029,Codington County,SD,South Dakota,C4798,"Watertown, SD",Micro,,
46031,Corson County,SD,South Dakota,,,,,
46033,Custer County,SD,South Dakota,C3966,"Rapid City, SD",Metro,CS452,"Rapid City-Spearfish, SD"
46035,Davison County,SD,South Dakota,C3358,"Mitchell, SD",Micro,,
46037,Day County,SD,South Dakota,,,,,
46039,Deuel County,SD,South Dakota,,,,,
46041,Dewey County,SD,South Dakota,,,,,
46043,Douglas County,SD,South Dakota,,,,,
46045,Edmunds County,SD,South Dakota,C1010,"Aberdeen, SD",Micro,,
46047,Fall River County,SD,South Dakota,,,,,
46049,Faulk County,SD,South Dakota,,,,,
46051,Grant County,SD,South Dakota,,,,,
46053,Gregory County,SD,South Dakota,,,,,
46055,Haakon County,SD,South Dakota,,,,,
46057,Hamlin County,SD,South Dakota,,,,,
46059,Hand County,SD,South Dakota,,,,,
46061,Hanson County,SD,South Dakota,C3358,"Mitchell, SD",Micro,,
46063,Harding County,SD,South Dakota,,,,,
46065,Hughes County,SD,South Dakota,C3818,"Pierre, SD",Micro,,
46067,Hutchinson County,SD,South Dakota,,,,,
46069,Hyde County,SD,South Dakota,,,,,
46071,Jackson County,SD,South Dakota,,,,,
46073,Jerauld County,SD,South Dakota,,,,,
46075,Jones County,SD,South Dakota,,,,,
46077,Kingsbury County,SD,South Dakota,,,,,
46079,Lake County,SD,South Dakota,,,,,
46081,Lawrence County,SD,South Dakota,C4394,"Spearfish, SD",Micro,CS452,"Rapid City-Spearfish, SD"
46083,Lincoln County,SD,South Dakota,C4362,"Sioux Falls, SD",Metro,,
46085,Lyman County,SD,South Dakota,,,,,
46087,McCook County,SD,South Dakota,C4362,"Sioux Falls, SD",Metro,,
46089,McPherson County,SD,South Dakota,,,,,
46091,Marshall County,SD,South Dakota,,,,,
46093,Meade County,SD,South Dakota,C3966,"Rapid City, SD",Metro,CS452,"Rapid City-Spearfish, SD"
46095,Mellette County,SD,South Dakota,,,,,
46097,Miner County,SD,South Dakota,,,,,
46099,Minnehaha County,SD,South Dakota,C4362,"Sioux Falls, SD",Metro,,
46101,Moody County,SD,South Dakota,,,,,
46102,Oglala Lakota County,SD,South Dakota,,,,,
46103,Pennington County,SD,South Dakota,C3966,"Rapid City, SD",Metro,CS452,"Rapid City-Spearfish, SD"
46105,Perkins County,SD,South Dakota,,,,,
46107,Potter County,SD,South Dakota,,,,,
46109,Roberts County,SD,South Dakota,,,,,
46111,Sanborn County,SD,South Dakota,,,,,
46113,Shannon County,SD,South Dakota,,,,,
46115,Spink County,SD,South Dakota,,,,,
46117,Stanley County,SD,South Dakota,C3818,"Pierre, SD",Micro,,
46119,Sully County,SD,South Dakota,C3818,"Pierre, SD",Micro,,
46121,Todd County,SD,South Dakota,,,,,
46123,Tripp County,SD,South Dakota,,,,,
46125,Turner County,SD,South Dakota,C4362,"Sioux Falls, SD",Metro,,
46127,Union County,SD,South Dakota,C4358,"Sioux City, IA-NE-SD",Metro,CS512,"Sioux City-Vermillion, IA-SD-NE"
46129,Walworth County,SD,South Dakota,,,,,
46131,Washabaugh County,SD,South Dakota,,,,,
46135,Yankton County,SD,South Dakota,C4946,"Yankton, SD",Micro,,
46137,Ziebach County,SD,South Dakota,,,,,
47001,Anderson County,TN,Tennessee,C2894,"Knoxville, TN",Metro,CS314,"Knoxville-Morristown-Sevierville, TN"
47003,Bedford County,TN,Tennessee,C4318,"Shelbyville, TN",Micro,CS400,"Nashville-Davidson--Murfreesboro, TN"
47005,Benton County,TN,Tennessee,,,,,
47007,Bledsoe County,TN,Tennessee,,,,,
47009,Blount County,TN,Tennessee,C2894,"Knoxville, TN",Metro,CS314,"Knoxville-Morristown-Sevierville, TN"
47011,Bradley County,TN,Tennessee,C1742,"Cleveland, TN",Metro,CS174,"Chattanooga-Cleveland-Dalton, TN-GA-AL"
47013,Campbell County,TN,Tennessee,C2894,"Knoxville, TN",Metro,CS314,"Knoxville-Morristown-Sevierville, TN"
47015,Cannon County,TN,Tennessee,C3498,"Nashville-Davidson--Murfreesboro--Franklin, TN",Metro,CS400,"Nashville-Davidson--Murfreesboro, TN"
47017,Carroll County,TN,Tennessee,,,,,
47019,Carter County,TN,Tennessee,C2774,"Johnson City, TN",Metro,CS304,"Johnson City-Kingsport-Bristol, TN-VA"
47021,Cheatham County,TN,Tennessee,C3498,"Nashville-Davidson--Murfreesboro--Franklin, TN",Metro,CS400,"Nashville-Davidson--Murfreesboro, TN"
47023,Chester County,TN,Tennessee,C2718,"Jackson, TN",Metro,,
47025,Claiborne County,TN,Tennessee,,,,,
47027,Clay County,TN,Tennessee,,,,,
47029,Cocke County,TN,Tennessee,C3546,"Newport, TN",Micro,CS314,"Knoxville-Morristown-Sevierville, TN"
47031,Coffee County,TN,Tennessee,C4610,"Tullahoma-Manchester, TN",Micro,,
47033,Crockett County,TN,Tennessee,C2718,"Jackson, TN",Metro,,
47035,Cumberland County,TN,Tennessee,C1890,"Crossville, TN",Micro,,
47037,Davidson County,TN,Tennessee,C3498,"Nashville-Davidson--Murfreesboro--Franklin, TN",Metro,CS400,"Nashville-Davidson--Murfreesboro, TN"
47039,Decatur County,TN,Tennessee,,,,,
47041,DeKalb County,TN,Tennessee,,,,,
47043,Dickson County,TN,Tennessee,C3498,"Nashville-Davidson--Murfreesboro--Franklin, TN",Metro,CS400,"Nashville-Davidson--Murfreesboro, TN"
47045,Dyer County,TN,Tennessee,C2054,"Dyersburg, TN",Micro,,
47047,Fayette County,TN,Tennessee,C3282,"Memphis, TN-MS-AR",Metro,CS368,"Memphis-Forrest City, TN-MS-AR"
47049,Fentress County,TN,Tennessee,,,,,
47051,Franklin County,TN,Tennessee,C4610,"Tullahoma-Manchester, TN",Micro,,
47053,Gibson County,TN,Tennessee,,,,,
47055,Giles County,TN,Tennessee,,,,,
47057,Grainger County,TN,Tennessee,C2894,"Knoxville, TN",Metro,CS314,"Knoxville-Morristown-Sevierville, TN"
47059,Greene County,TN,Tennessee,C2462,"Greeneville, TN",Micro,,
47061,Grundy County,TN,Tennessee,,,,,
47063,Hamblen County,TN,Tennessee,C3410,"Morristown, TN",Metro,CS314,"Knoxville-Morristown-Sevierville, TN"
47065,Hamilton County,TN,Tennessee,C1686,"Chattanooga, TN-GA",Metro,CS174,"Chattanooga-Cleveland-Dalton, TN-GA-AL"
47067,Hancock County,TN,Tennessee,,,,,
47069,Hardeman County,TN,Tennessee,,,,,
47071,Hardin County,TN,Tennessee,,,,,
47073,Hawkins County,TN,Tennessee,C2870,"Kingsport-Bristol-Bristol, TN-VA",Metro,CS304,"Johnson City-Kingsport-Bristol, TN-VA"
47075,Haywood County,TN,Tennessee,,,,,
47077,Henderson County,TN,Tennessee,,,,,
47079,Henry County,TN,Tennessee,C3754,"Paris, TN",Micro,,
47081,Hickman County,TN,Tennessee,C3498,"Nashville-Davidson--Murfreesboro--Franklin, TN",Metro,CS400,"Nashville-Davidson--Murfreesboro, TN"
47083,Houston County,TN,Tennessee,,,,,
47085,Humphreys County,TN,Tennessee,,,,,
47087,Jackson County,TN,Tennessee,C1826,"Cookeville, TN",Micro,,
47089,Jefferson County,TN,Tennessee,C3410,"Morristown, TN",Metro,CS314,"Knoxville-Morristown-Sevierville, TN"
47091,Johnson County,TN,Tennessee,,,,,
47093,Knox County,TN,Tennessee,C2894,"Knoxville, TN",Metro,CS314,"Knoxville-Morristown-Sevierville, TN"
47095,Lake County,TN,Tennessee,,,,,
47097,Lauderdale County,TN,Tennessee,,,,,
47099,Lawrence County,TN,Tennessee,C2998,"Lawrenceburg, TN",Micro,CS400,"Nashville-Davidson--Murfreesboro, TN"
47101,Lewis County,TN,Tennessee,,,,,
47103,Lincoln County,TN,Tennessee,,,,,
47105,Loudon County,TN,Tennessee,C2894,"Knoxville, TN",Metro,CS314,"Knoxville-Morristown-Sevierville, TN"
47107,McMinn County,TN,Tennessee,C1194,"Athens, TN",Micro,CS174,"Chattanooga-Cleveland-Dalton, TN-GA-AL"
47109,McNairy County,TN,Tennessee,,,,,
47111,Macon County,TN,Tennessee,C3498,"Nashville-Davidson--Murfreesboro--Franklin, TN",Metro,CS400,"Nashville-Davidson--Murfreesboro, TN"
47113,Madison County,TN,Tennessee,C2718,"Jackson, TN",Metro,,
47115,Marion County,TN,Tennessee,C1686,"Chattanooga, TN-GA",Metro,CS174,"Chattanooga-Cleveland-Dalton, TN-GA-AL"
47117,Marshall County,TN,Tennessee,C3028,"Lewisburg, TN",Micro,CS400,"Nashville-Davidson--Murfreesboro, TN"
47119,Maury County,TN,Tennessee,C3498,"Nashville-Davidson--Murfreesboro--Franklin, TN",Metro,CS400,"Nashville-Davidson--Murfreesboro, TN"
47121,Meigs County,TN,Tennessee,,,,,
47123,Monroe County,TN,Tennessee,,,,,
47125,Montgomery County,TN,Tennessee,C1730,"Clarksville, TN-KY",Metro,,
47127,Moore County,TN,Tennessee,C4610,"Tullahoma-Manchester, TN",Micro,,
47129,Morgan County,TN,Tennessee,C2894,"Knoxville, TN",Metro,CS314,"Knoxville-Morristown-Sevierville, TN"
47131,Obion County,TN,Tennessee,C4646,"Union City, TN-KY",Micro,CS362,"Martin-Union City, TN-KY"
47133,Overton County,TN,Tennessee,C1826,"Cookeville, TN",Micro,,
47135,Perry County,TN,Tennessee,,,,,
47137,Pickett County,TN,Tennessee,,,,,
47139,Polk County,TN,Tennessee,C1742,"Cleveland, TN",Metro,CS174,"Chattanooga-Cleveland-Dalton, TN-GA-AL"
47141,Putnam County,TN,Tennessee,C1826,"Cookeville, TN",Micro,,
47143,Rhea County,TN,Tennessee,C1942,"Dayton, TN",Micro,CS174,"Chattanooga-Cleveland-Dalton, TN-GA-AL"
47145,Roane County,TN,Tennessee,C2894,"Knoxville, TN",Metro,CS314,"Knoxville-Morristown-Sevierville, TN"
47147,Robertson County,TN,Tennessee,C3498,"Nashville-Davidson--Murfreesboro--Franklin, TN",Metro,CS400,"Nashville-Davidson--Murfreesboro, TN"
47149,Rutherford County,TN,Tennessee,C3498,"Nashville-Davidson--Murfreesboro--Franklin, TN",Metro,CS400,"Nashville-Davidson--Murfreesboro, TN"
47151,Scott County,TN,Tennessee,,,,,
47153,Sequatchie County,TN,Tennessee,C1686,"Chattanooga, TN-GA",Metro,CS174,"Chattanooga-Cleveland-Dalton, TN-GA-AL"
47155,Sevier County,TN,Tennessee,C4294,"Sevierville, TN",Micro,CS314,"Knoxville-Morristown-Sevierville, TN"
47157,Shelby County,TN,Tennessee,C3282,"Memphis, TN-MS-AR",Metro,CS368,"Memphis-Forrest City, TN-MS-AR"
47159,Smith County,TN,Tennessee,C3498,"Nashville-Davidson--Murfreesboro--Franklin, TN",Metro,CS400,"Nashville-Davidson--Murfreesboro, TN"
47161,Stewart County,TN,Tennessee,,,,,
47163,Sullivan County,TN,Tennessee,C2870,"Kingsport-Bristol-Bristol, TN-VA",Metro,CS304,"Johnson City-Kingsport-Bristol, TN-VA"
47165,Sumner County,TN,Tennessee,C3498,"Nashville-Davidson--Murfreesboro--Franklin, TN",Metro,CS400,"Nashville-Davidson--Murfreesboro, TN"
47167,Tipton County,TN,Tennessee,C3282,"Memphis, TN-MS-AR",Metro,CS368,"Memphis-Forrest City, TN-MS-AR"
47169,Trousdale County,TN,Tennessee,C3498,"Nashville-Davidson--Murfreesboro--Franklin, TN",Metro,CS400,"Nashville-Davidson--Murfreesboro, TN"
47171,Unicoi County,TN,Tennessee,C2774,"Johnson City, TN",Metro,CS304,"Johnson City-Kingsport-Bristol, TN-VA"
47173,Union County,TN,Tennessee,C2894,"Knoxville, TN",Metro,CS314,"Knoxville-Morristown-Sevierville, TN"
47175,Van Buren County,TN,Tennessee,,,,,
47177,Warren County,TN,Tennessee,C3266,"McMinnville, TN",Micro,,
47179,Washington County,TN,Tennessee,C2774,"Johnson City, TN",Metro,CS304,"Johnson City-Kingsport-Bristol, TN-VA"
47181,Wayne County,TN,Tennessee,,,,,
47183,Weakley County,TN,Tennessee,C3228,"Martin, TN",Micro,CS362,"Martin-Union City, TN-KY"
47185,White County,TN,Tennessee,,,,,
47187,Williamson County,TN,Tennessee,C3498,"Nashville-Davidson--Murfreesboro--Franklin, TN",Metro,CS400,"Nashville-Davidson--Murfreesboro, TN"
47189,Wilson County,TN,Tennessee,C3498,"Nashville-Davidson--Murfreesboro--Franklin, TN",Metro,CS400,"Nashville-Davidson--Murfreesboro, TN"
48001,Anderson County,TX,Texas,C3730,"Palestine, TX",Micro,,
48003,Andrews County,TX,Texas,C1138,"Andrews, TX",Micro,,
48005,Angelina County,TX,Texas,C3126,"Lufkin, TX",Micro,,
48007,Aransas County,TX,Texas,C1858,"Corpus Christi, TX",Metro,CS204,"Corpus Christi-Kingsville-Alice, TX"
48009,Archer County,TX,Texas,C4866,"Wichita Falls, TX",Metro,,
48011,Armstrong County,TX,Texas,C1110,"Amarillo, TX",Metro,CS108,"Amarillo-Borger, TX"
48013,Atascosa County,TX,Texas,C4170,"San Antonio-New Braunfels, TX",Metro,,
48015,Austin County,TX,Texas,C2642,"Houston-The Woodlands-Sugar Land, TX",Metro,CS288,"Houston-The Woodlands, TX"
48017,Bailey County,TX,Texas,,,,,
48019,Bandera County,TX,Texas,C4170,"San Antonio-New Braunfels, TX",Metro,,
48021,Bastrop County,TX,Texas,C1242,"Austin-Round Rock, TX",Metro,,
48023,Baylor County,TX,Texas,,,,,
48025,Bee County,TX,Texas,C1330,"Beeville, TX",Micro,,
48027,Bell County,TX,Texas,C2866,"Killeen-Temple, TX",Metro,,
48029,Bexar County,TX,Texas,C4170,"San Antonio-New Braunfels, TX",Metro,,
48031,Blanco County,TX,Texas,,,,,
48033,Borden County,TX,Texas,,,,,
48035,Bosque County,TX,Texas,,,,,
48037,Bowie County,TX,Texas,C4550,"Texarkana, TX-AR",Metro,,
48039,Brazoria County,TX,Texas,C2642,"Houston-The Woodlands-Sugar Land, TX",Metro,CS288,"Houston-The Woodlands, TX"
48041,Brazos County,TX,Texas,C1778,"College Station-Bryan, TX",Metro,,
48043,Brewster County,TX,Texas,,,,,
48045,Briscoe County,TX,Texas,,,,,
48047,Brooks County,TX,Texas,,,,,
48049,Brown County,TX,Texas,C1522,"Brownwood, TX",Micro,,
48051,Burleson County,TX,Texas,C1778,"College Station-Bryan, TX",Metro,,
48053,Burnet County,TX,Texas,,,,,
48055,Caldwell County,TX,Texas,C1242,"Austin-Round Rock, TX",Metro,,
48057,Calhoun County,TX,Texas,C3892,"Port Lavaca, TX",Micro,CS544,"Victoria-Port Lavaca, TX"
48059,Callahan County,TX,Texas,C1018,"Abilene, TX",Metro,,
48061,Cameron County,TX,Texas,C1518,"Brownsville-Harlingen, TX",Metro,CS154,"Brownsville-Harlingen-Raymondville, TX"
48063,Camp County,TX,Texas,,,,,
48065,Carson County,TX,Texas,C1110,"Amarillo, TX",Metro,CS108,"Amarillo-Borger, TX"
48067,Cass County,TX,Texas,,,,,
48069,Castro County,TX,Texas,,,,,
48071,Chambers County,TX,Texas,C2642,"Houston-The Woodlands-Sugar Land, TX",Metro,CS288,"Houston-The Woodlands, TX"
48073,Cherokee County,TX,Texas,C2738,"Jacksonville, TX",Micro,CS540,"Tyler-Jacksonville, TX"
48075,Childress County,TX,Texas,,,,,
48077,Clay County,TX,Texas,C4866,"Wichita Falls, TX",Metro,,
48079,Cochran County,TX,Texas,,,,,
48081,Coke County,TX,Texas,,,,,
48083,Coleman County,TX,Texas,,,,,
48085,Collin County,TX,Texas,C1910,"Dallas-Fort Worth-Arlington, TX",Metro,CS206,"Dallas-Fort Worth, TX-OK"
48087,Collingsworth County,TX,Texas,,,,,
48089,Colorado County,TX,Texas,,,,,
48091,Comal County,TX,Texas,C4170,"San Antonio-New Braunfels, TX",Metro,,
48093,Comanche County,TX,Texas,,,,,
48095,Concho County,TX,Texas,,,,,
48097,Cooke County,TX,Texas,C2362,"Gainesville, TX",Micro,CS206,"Dallas-Fort Worth, TX-OK"
48099,Coryell County,TX,Texas,C2866,"Killeen-Temple, TX",Metro,,
48101,Cottle County,TX,Texas,,,,,
48103,Crane County,TX,Texas,,,,,
48105,Crockett County,TX,Texas,,,,,
48107,Crosby County,TX,Texas,C3118,"Lubbock, TX",Metro,CS352,"Lubbock-Levelland, TX"
48109,Culberson County,TX,Texas,,,,,
48111,Dallam County,TX,Texas,,,,,
48113,Dallas County,TX,Texas,C1910,"Dallas-Fort Worth-Arlington, TX",Metro,CS206,"Dallas-Fort Worth, TX-OK"
48115,Dawson County,TX,Texas,C2950,"Lamesa, TX",Micro,,
48117,Deaf Smith County,TX,Texas,C2582,"Hereford, TX",Micro,,
48119,Delta County,TX,Texas,,,,,
48121,Denton County,TX,Texas,C1910,"Dallas-Fort Worth-Arlington, TX",Metro,CS206,"Dallas-Fort Worth, TX-OK"
48123,DeWitt County,TX,Texas,,,,,
48125,Dickens County,TX,Texas,,,,,
48127,Dimmit County,TX,Texas,,,,,
48129,Donley County,TX,Texas,,,,,
48131,Duval County,TX,Texas,,,,,
48133,Eastland County,TX,Texas,,,,,
48135,Ector County,TX,Texas,C3622,"Odessa, TX",Metro,CS372,"Midland-Odessa, TX"
48137,Edwards County,TX,Texas,,,,,
48139,Ellis County,TX,Texas,C1910,"Dallas-Fort Worth-Arlington, TX",Metro,CS206,"Dallas-Fort Worth, TX-OK"
48141,El Paso County,TX,Texas,C2134,"El Paso, TX",Metro,CS238,"El Paso-Las Cruces, TX-NM"
48143,Erath County,TX,Texas,C4450,"Stephenville, TX",Micro,,
48145,Falls County,TX,Texas,C4738,"Waco, TX",Metro,,
48147,Fannin County,TX,Texas,,,,,
48149,Fayette County,TX,Texas,,,,,
48151,Fisher County,TX,Texas,,,,,
48153,Floyd County,TX,Texas,,,,,
48155,Foard County,TX,Texas,,,,,
48157,Fort Bend County,TX,Texas,C2642,"Houston-The Woodlands-Sugar Land, TX",Metro,CS288,"Houston-The Woodlands, TX"
48159,Franklin County,TX,Texas,,,,,
48161,Freestone County,TX,Texas,,,,,
48163,Frio County,TX,Texas,,,,,
48165,Gaines County,TX,Texas,,,,,
48167,Galveston County,TX,Texas,C2642,"Houston-The Woodlands-Sugar Land, TX",Metro,CS288,"Houston-The Woodlands, TX"
48169,Garza County,TX,Texas,,,,,
48171,Gillespie County,TX,Texas,C2324,"Fredericksburg, TX",Micro,,
48173,Glasscock County,TX,Texas,C1370,"Big Spring, TX",Micro,,
48175,Goliad County,TX,Texas,C4702,"Victoria, TX",Metro,CS544,"Victoria-Port Lavaca, TX"
48177,Gonzales County,TX,Texas,,,,,
48179,Gray County,TX,Texas,C3742,"Pampa, TX",Micro,,
48181,Grayson County,TX,Texas,C4330,"Sherman-Denison, TX",Metro,CS206,"Dallas-Fort Worth, TX-OK"
48183,Gregg County,TX,Texas,C3098,"Longview, TX",Metro,CS346,"Longview-Marshall, TX"
48185,Grimes County,TX,Texas,,,,,
48187,Guadalupe County,TX,Texas,C4170,"San Antonio-New Braunfels, TX",Metro,,
48189,Hale County,TX,Texas,C3838,"Plainview, TX",Micro,,
48191,Hall County,TX,Texas,,,,,
48193,Hamilton County,TX,Texas,,,,,
48195,Hansford County,TX,Texas,,,,,
48197,Hardeman County,TX,Texas,,,,,
48199,Hardin County,TX,Texas,C1314,"Beaumont-Port Arthur, TX",Metro,,
48201,Harris County,TX,Texas,C2642,"Houston-The Woodlands-Sugar Land, TX",Metro,CS288,"Houston-The Woodlands, TX"
48203,Harrison County,TX,Texas,C3222,"Marshall, TX",Micro,CS346,"Longview-Marshall, TX"
48205,Hartley County,TX,Texas,,,,,
48207,Haskell County,TX,Texas,,,,,
48209,Hays County,TX,Texas,C1242,"Austin-Round Rock, TX",Metro,,
48211,Hemphill County,TX,Texas,,,,,
48213,Henderson County,TX,Texas,C1198,"Athens, TX",Micro,CS206,"Dallas-Fort Worth, TX-OK"
48215,Hidalgo County,TX,Texas,C3258,"McAllen-Edinburg-Mission, TX",Metro,CS365,"McAllen-Edinburg, TX"
48217,Hill County,TX,Texas,,,,,
48219,Hockley County,TX,Texas,C3022,"Levelland, TX",Micro,CS352,"Lubbock-Levelland, TX"
48221,Hood County,TX,Texas,C1910,"Dallas-Fort Worth-Arlington, TX",Metro,CS206,"Dallas-Fort Worth, TX-OK"
48223,Hopkins County,TX,Texas,C4486,"Sulphur Springs, TX",Micro,CS206,"Dallas-Fort Worth, TX-OK"
48225,Houston County,TX,Texas,,,,,
48227,Howard County,TX,Texas,C1370,"Big Spring, TX",Micro,,
48229,Hudspeth County,TX,Texas,C2134,"El Paso, TX",Metro,CS238,"El Paso-Las Cruces, TX-NM"
48231,Hunt County,TX,Texas,C1910,"Dallas-Fort Worth-Arlington, TX",Metro,CS206,"Dallas-Fort Worth, TX-OK"
48233,Hutchinson County,TX,Texas,C1442,"Borger, TX",Micro,CS108,"Amarillo-Borger, TX"
48235,Irion County,TX,Texas,C4166,"San Angelo, TX",Metro,,
48237,Jack County,TX,Texas,,,,,
48239,Jackson County,TX,Texas,,,,,
48241,Jasper County,TX,Texas,,,,,
48243,Jeff Davis County,TX,Texas,,,,,
48245,Jefferson County,TX,Texas,C1314,"Beaumont-Port Arthur, TX",Metro,,
48247,Jim Hogg County,TX,Texas,,,,,
48249,Jim Wells County,TX,Texas,C1086,"Alice, TX",Micro,CS204,"Corpus Christi-Kingsville-Alice, TX"
48251,Johnson County,TX,Texas,C1910,"Dallas-Fort Worth-Arlington, TX",Metro,CS206,"Dallas-Fort Worth, TX-OK"
48253,Jones County,TX,Texas,C1018,"Abilene, TX",Metro,,
48255,Karnes County,TX,Texas,,,,,
48257,Kaufman County,TX,Texas,C1910,"Dallas-Fort Worth-Arlington, TX",Metro,CS206,"Dallas-Fort Worth, TX-OK"
48259,Kendall County,TX,Texas,C4170,"San Antonio-New Braunfels, TX",Metro,,
48261,Kenedy County,TX,Texas,C2878,"Kingsville, TX",Micro,CS204,"Corpus Christi-Kingsville-Alice, TX"
48263,Kent County,TX,Texas,,,,,
48265,Kerr County,TX,Texas,C2850,"Kerrville, TX",Micro,,
48267,Kimble County,TX,Texas,,,,,
48269,King County,TX,Texas,,,,,
48271,Kinney County,TX,Texas,,,,,
48273,Kleberg County,TX,Texas,C2878,"Kingsville, TX",Micro,CS204,"Corpus Christi-Kingsville-Alice, TX"
48275,Knox County,TX,Texas,,,,,
48277,Lamar County,TX,Texas,C3758,"Paris, TX",Micro,,
48279,Lamb County,TX,Texas,,,,,
48281,Lampasas County,TX,Texas,C2866,"Killeen-Temple, TX",Metro,,
48283,La Salle County,TX,Texas,,,,,
48285,Lavaca County,TX,Texas,,,,,
48287,Lee County,TX,Texas,,,,,
48289,Leon County,TX,Texas,,,,,
48291,Liberty County,TX,Texas,C2642,"Houston-The Woodlands-Sugar Land, TX",Metro,CS288,"Houston-The Woodlands, TX"
48293,Limestone County,TX,Texas,,,,,
48295,Lipscomb County,TX,Texas,,,,,
48297,Live Oak County,TX,Texas,,,,,
48299,Llano County,TX,Texas,,,,,
48301,Loving County,TX,Texas,,,,,
48303,Lubbock County,TX,Texas,C3118,"Lubbock, TX",Metro,CS352,"Lubbock-Levelland, TX"
48305,Lynn County,TX,Texas,C3118,"Lubbock, TX",Metro,CS352,"Lubbock-Levelland, TX"
48307,McCulloch County,TX,Texas,,,,,
48309,McLennan County,TX,Texas,C4738,"Waco, TX",Metro,,
48311,McMullen County,TX,Texas,,,,,
48313,Madison County,TX,Texas,,,,,
48315,Marion County,TX,Texas,,,,,
48317,Martin County,TX,Texas,C3326,"Midland, TX",Metro,CS372,"Midland-Odessa, TX"
48319,Mason County,TX,Texas,,,,,
48321,Matagorda County,TX,Texas,C1306,"Bay City, TX",Micro,CS288,"Houston-The Woodlands, TX"
48323,Maverick County,TX,Texas,C2058,"Eagle Pass, TX",Micro,,
48325,Medina County,TX,Texas,C4170,"San Antonio-New Braunfels, TX",Metro,,
48327,Menard County,TX,Texas,,,,,
48329,Midland County,TX,Texas,C3326,"Midland, TX",Metro,CS372,"Midland-Odessa, TX"
48331,Milam County,TX,Texas,,,,,
48333,Mills County,TX,Texas,,,,,
48335,Mitchell County,TX,Texas,,,,,
48337,Montague County,TX,Texas,,,,,
48339,Montgomery County,TX,Texas,C2642,"Houston-The Woodlands-Sugar Land, TX",Metro,CS288,"Houston-The Woodlands, TX"
48341,Moore County,TX,Texas,C2030,"Dumas, TX",Micro,,
48343,Morris County,TX,Texas,,,,,
48345,Motley County,TX,Texas,,,,,
48347,Nacogdoches County,TX,Texas,C3486,"Nacogdoches, TX",Micro,,
48349,Navarro County,TX,Texas,C1862,"Corsicana, TX",Micro,CS206,"Dallas-Fort Worth, TX-OK"
48351,Newton County,TX,Texas,C1314,"Beaumont-Port Arthur, TX",Metro,,
48353,Nolan County,TX,Texas,C4502,"Sweetwater, TX",Micro,,
48355,Nueces County,TX,Texas,C1858,"Corpus Christi, TX",Metro,CS204,"Corpus Christi-Kingsville-Alice, TX"
48357,Ochiltree County,TX,Texas,,,,,
48359,Oldham County,TX,Texas,C1110,"Amarillo, TX",Metro,CS108,"Amarillo-Borger, TX"
48361,Orange County,TX,Texas,C1314,"Beaumont-Port Arthur, TX",Metro,,
48363,Palo Pinto County,TX,Texas,C3342,"Mineral Wells, TX",Micro,CS206,"Dallas-Fort Worth, TX-OK"
48365,Panola County,TX,Texas,,,,,
48367,Parker County,TX,Texas,C1910,"Dallas-Fort Worth-Arlington, TX",Metro,CS206,"Dallas-Fort Worth, TX-OK"
48369,Parmer County,TX,Texas,,,,,
48371,Pecos County,TX,Texas,,,,,
48373,Polk County,TX,Texas,,,,,
48375,Potter County,TX,Texas,C1110,"Amarillo, TX",Metro,CS108,"Amarillo-Borger, TX"
48377,Presidio County,TX,Texas,,,,,
48379,Rains County,TX,Texas,,,,,
48381,Randall County,TX,Texas,C1110,"Amarillo, TX",Metro,CS108,"Amarillo-Borger, TX"
48383,Reagan County,TX,Texas,,,,,
48385,Real County,TX,Texas,,,,,
48387,Red River County,TX,Texas,,,,,
48389,Reeves County,TX,Texas,C3778,"Pecos, TX",Micro,,
48391,Refugio County,TX,Texas,,,,,
48393,Roberts County,TX,Texas,,,,,
48395,Robertson County,TX,Texas,C1778,"College Station-Bryan, TX",Metro,,
48397,Rockwall County,TX,Texas,C1910,"Dallas-Fort Worth-Arlington, TX",Metro,CS206,"Dallas-Fort Worth, TX-OK"
48399,Runnels County,TX,Texas,,,,,
48401,Rusk County,TX,Texas,C3098,"Longview, TX",Metro,CS346,"Longview-Marshall, TX"
48403,Sabine County,TX,Texas,,,,,
48405,San Augustine County,TX,Texas,,,,,
48407,San Jacinto County,TX,Texas,,,,,
48409,San Patricio County,TX,Texas,C1858,"Corpus Christi, TX",Metro,CS204,"Corpus Christi-Kingsville-Alice, TX"
48411,San Saba County,TX,Texas,,,,,
48413,Schleicher County,TX,Texas,,,,,
48415,Scurry County,TX,Texas,C4366,"Snyder, TX",Micro,,
48417,Shackelford County,TX,Texas,,,,,
48419,Shelby County,TX,Texas,,,,,
48421,Sherman County,TX,Texas,,,,,
48423,Smith County,TX,Texas,C4634,"Tyler, TX",Metro,CS540,"Tyler-Jacksonville, TX"
48425,Somervell County,TX,Texas,C1910,"Dallas-Fort Worth-Arlington, TX",Metro,CS206,"Dallas-Fort Worth, TX-OK"
48427,Starr County,TX,Texas,C4010,"Rio Grande City, TX",Micro,CS365,"McAllen-Edinburg, TX"
48429,Stephens County,TX,Texas,,,,,
48431,Sterling County,TX,Texas,,,,,
48433,Stonewall County,TX,Texas,,,,,
48435,Sutton County,TX,Texas,,,,,
48437,Swisher County,TX,Texas,,,,,
48439,Tarrant County,TX,Texas,C1910,"Dallas-Fort Worth-Arlington, TX",Metro,CS206,"Dallas-Fort Worth, TX-OK"
48441,Taylor County,TX,Texas,C1018,"Abilene, TX",Metro,,
48443,Terrell County,TX,Texas,,,,,
48445,Terry County,TX,Texas,,,,,
48447,Throckmorton County,TX,Texas,,,,,
48449,Titus County,TX,Texas,C3442,"Mount Pleasant, TX",Micro,,
48451,Tom Green County,TX,Texas,C4166,"San Angelo, TX",Metro,,
48453,Travis County,TX,Texas,C1242,"Austin-Round Rock, TX",Metro,,
48455,Trinity County,TX,Texas,C2666,"Huntsville, TX",Micro,CS288,"Houston-The Woodlands, TX"
48457,Tyler County,TX,Texas,,,,,
48459,Upshur County,TX,Texas,C3098,"Longview, TX",Metro,CS346,"Longview-Marshall, TX"
48461,Upton County,TX,Texas,,,,,
48463,Uvalde County,TX,Texas,C4662,"Uvalde, TX",Micro,,
48465,Val Verde County,TX,Texas,C1962,"Del Rio, TX",Micro,,
48467,Van Zandt County,TX,Texas,,,,,
48469,Victoria County,TX,Texas,C4702,"Victoria, TX",Metro,CS544,"Victoria-Port Lavaca, TX"
48471,Walker County,TX,Texas,C2666,"Huntsville, TX",Micro,CS288,"Houston-The Woodlands, TX"
48473,Waller County,TX,Texas,C2642,"Houston-The Woodlands-Sugar Land, TX",Metro,CS288,"Houston-The Woodlands, TX"
48475,Ward County,TX,Texas,,,,,
48477,Washington County,TX,Texas,C1478,"Brenham, TX",Micro,CS288,"Houston-The Woodlands, TX"
48479,Webb County,TX,Texas,C2970,"Laredo, TX",Metro,,
48481,Wharton County,TX,Texas,C2090,"El Campo, TX",Micro,CS288,"Houston-The Woodlands, TX"
48483,Wheeler County,TX,Texas,,,,,
48485,Wichita County,TX,Texas,C4866,"Wichita Falls, TX",Metro,,
48487,Wilbarger County,TX,Texas,C4690,"Vernon, TX",Micro,,
48489,Willacy County,TX,Texas,C3970,"Raymondville, TX",Micro,CS154,"Brownsville-Harlingen-Raymondville, TX"
48491,Williamson County,TX,Texas,C1242,"Austin-Round Rock, TX",Metro,,
48493,Wilson County,TX,Texas,C4170,"San Antonio-New Braunfels, TX",Metro,,
48495,Winkler County,TX,Texas,,,,,
48497,Wise County,TX,Texas,C1910,"Dallas-Fort Worth-Arlington, TX",Metro,CS206,"Dallas-Fort Worth, TX-OK"
48499,Wood County,TX,Texas,,,,,
48501,Yoakum County,TX,Texas,,,,,
48503,Young County,TX,Texas,,,,,
48505,Zapata County,TX,Texas,C4982,"Zapata, TX",Micro,,
48507,Zavala County,TX,Texas,,,,,
49001,Beaver County,UT,Utah,,,,,
49003,Box Elder County,UT,Utah,C3626,"Ogden-Clearfield, UT",Metro,CS482,"Salt Lake City-Provo-Orem, UT"
49005,Cache County,UT,Utah,C3086,"Logan, UT-ID",Metro,,
49007,Carbon County,UT,Utah,C3922,"Price, UT",Micro,,
49009,Daggett County,UT,Utah,,,,,
49011,Davis County,UT,Utah,C3626,"Ogden-Clearfield, UT",Metro,CS482,"Salt Lake City-Provo-Orem, UT"
49013,Duchesne County,UT,Utah,,,,,
49015,Emery County,UT,Utah,,,,,
49017,Garfield County,UT,Utah,,,,,
49019,Grand County,UT,Utah,,,,,
49021,Iron County,UT,Utah,C1626,"Cedar City, UT",Micro,,
49023,Juab County,UT,Utah,C3934,"Provo-Orem, UT",Metro,CS482,"Salt Lake City-Provo-Orem, UT"
49025,Kane County,UT,Utah,,,,,
49027,Millard County,UT,Utah,,,,,
49029,Morgan County,UT,Utah,C3626,"Ogden-Clearfield, UT",Metro,CS482,"Salt Lake City-Provo-Orem, UT"
49031,Piute County,UT,Utah,,,,,
49033,Rich County,UT,Utah,,,,,
49035,Salt Lake County,UT,Utah,C4162,"Salt Lake City, UT",Metro,CS482,"Salt Lake City-Provo-Orem, UT"
49037,San Juan County,UT,Utah,,,,,
49039,Sanpete County,UT,Utah,,,,,
49041,Sevier County,UT,Utah,,,,,
49043,Summit County,UT,Utah,C4492,"Summit Park, UT",Micro,CS482,"Salt Lake City-Provo-Orem, UT"
49045,Tooele County,UT,Utah,C4162,"Salt Lake City, UT",Metro,CS482,"Salt Lake City-Provo-Orem, UT"
49047,Uintah County,UT,Utah,C4686,"Vernal, UT",Micro,,
49049,Utah County,UT,Utah,C3934,"Provo-Orem, UT",Metro,CS482,"Salt Lake City-Provo-Orem, UT"
49051,Wasatch County,UT,Utah,C2572,"Heber, UT",Micro,CS482,"Salt Lake City-Provo-Orem, UT"
49053,Washington County,UT,Utah,C4110,"St. George, UT",Metro,,
49055,Wayne County,UT,Utah,,,,,
49057,Weber County,UT,Utah,C3626,"Ogden-Clearfield, UT",Metro,CS482,"Salt Lake City-Provo-Orem, UT"
50001,Addison County,VT,Vermont,,,,,
50003,Bennington County,VT,Vermont,C1354,"Bennington, VT",Micro,,
50005,Caledonia County,VT,Vermont,,,,,
50007,Chittenden County,VT,Vermont,C1554,"Burlington-South Burlington, VT",Metro,,
50009,Essex County,VT,Vermont,C1362,"Berlin, NH-VT",Micro,,
50011,Franklin County,VT,Vermont,C1554,"Burlington-South Burlington, VT",Metro,,
50013,Grand Isle County,VT,Vermont,C1554,"Burlington-South Burlington, VT",Metro,,
50015,Lamoille County,VT,Vermont,,,,,
50017,Orange County,VT,Vermont,C1720,"Claremont-Lebanon, NH-VT",Micro,,
50019,Orleans County,VT,Vermont,,,,,
50021,Rutland County,VT,Vermont,C4086,"Rutland, VT",Micro,,
50023,Washington County,VT,Vermont,C1274,"Barre, VT",Micro,,
50025,Windham County,VT,Vermont,,,,,
50027,Windsor County,VT,Vermont,C1720,"Claremont-Lebanon, NH-VT",Micro,,
51001,Accomack County,VA,Virginia,,,,,
51003,Albemarle County,VA,Virginia,C1682,"Charlottesville, VA",Metro,,
51005,Alleghany County,VA,Virginia,,,,,
51007,Amelia County,VA,Virginia,C4006,"Richmond, VA",Metro,,
51009,Amherst County,VA,Virginia,C3134,"Lynchburg, VA",Metro,,
51011,Appomattox County,VA,Virginia,C3134,"Lynchburg, VA",Metro,,
51013,Arlington County,VA,Virginia,C4790,"Washington-Arlington-Alexandria, DC-VA-MD-WV",Metro,CS548,"Washington-Baltimore-Arlington, DC-MD-VA-WV-PA"
51015,Augusta County,VA,Virginia,C4442,"Staunton-Waynesboro, VA",Metro,CS277,"Harrisonburg-Staunton-Waynesboro, VA"
51017,Bath County,VA,Virginia,,,,,
51019,Bedford County,VA,Virginia,C3134,"Lynchburg, VA",Metro,,
51021,Bland County,VA,Virginia,,,,,
51023,Botetourt County,VA,Virginia,C4022,"Roanoke, VA",Metro,,
51025,Brunswick County,VA,Virginia,,,,,
51027,Buchanan County,VA,Virginia,,,,,
51029,Buckingham County,VA,Virginia,C1682,"Charlottesville, VA",Metro,,
51031,Campbell County,VA,Virginia,C3134,"Lynchburg, VA",Metro,,
51033,Caroline County,VA,Virginia,C4006,"Richmond, VA",Metro,,
51035,Carroll County,VA,Virginia,,,,,
51036,Charles City County,VA,Virginia,C4006,"Richmond, VA",Metro,,
51037,Charlotte County,VA,Virginia,,,,,
51041,Chesterfield County,VA,Virginia,C4006,"Richmond, VA",Metro,,
51043,Clarke County,VA,Virginia,C4790,"Washington-Arlington-Alexandria, DC-VA-MD-WV",Metro,CS548,"Washington-Baltimore-Arlington, DC-MD-VA-WV-PA"
51045,Craig County,VA,Virginia,C4022,"Roanoke, VA",Metro,,
51047,Culpeper County,VA,Virginia,C4790,"Washington-Arlington-Alexandria, DC-VA-MD-WV",Metro,CS548,"Washington-Baltimore-Arlington, DC-MD-VA-WV-PA"
51049,Cumberland County,VA,Virginia,,,,,
51051,Dickenson County,VA,Virginia,C1372,"Big Stone Gap, VA",Micro,,
51053,Dinwiddie County,VA,Virginia,C4006,"Richmond, VA",Metro,,
51057,Essex County,VA,Virginia,,,,,
51059,Fairfax County,VA,Virginia,C4790,"Washington-Arlington-Alexandria, DC-VA-MD-WV",Metro,CS548,"Washington-Baltimore-Arlington, DC-MD-VA-WV-PA"
51061,Fauquier County,VA,Virginia,C4790,"Washington-Arlington-Alexandria, DC-VA-MD-WV",Metro,CS548,"Washington-Baltimore-Arlington, DC-MD-VA-WV-PA"
51063,Floyd County,VA,Virginia,C1398,"Blacksburg-Christiansburg-Radford, VA",Metro,,
51065,Fluvanna County,VA,Virginia,C1682,"Charlottesville, VA",Metro,,
51067,Franklin County,VA,Virginia,C4022,"Roanoke, VA",Metro,,
51069,Frederick County,VA,Virginia,C4902,"Winchester, VA-WV",Metro,CS548,"Washington-Baltimore-Arlington, DC-MD-VA-WV-PA"
51071,Giles County,VA,Virginia,C1398,"Blacksburg-Christiansburg-Radford, VA",Metro,,
51073,Gloucester County,VA,Virginia,C4726,"Virginia Beach-Norfolk-Newport News, VA-NC",Metro,CS545,"Virginia Beach-Norfolk, VA-NC"
51075,Goochland County,VA,Virginia,C4006,"Richmond, VA",Metro,,
51077,Grayson County,VA,Virginia,,,,,
51079,Greene County,VA,Virginia,C1682,"Charlottesville, VA",Metro,,
51081,Greensville County,VA,Virginia,,,,,
51083,Halifax County,VA,Virginia,,,,,
51085,Hanover County,VA,Virginia,C4006,"Richmond, VA",Metro,,
51087,Henrico County,VA,Virginia,C4006,"Richmond, VA",Metro,,
51089,Henry County,VA,Virginia,C3230,"Martinsville, VA",Micro,,
51091,Highland County,VA,Virginia,,,,,
51093,Isle of Wight County,VA,Virginia,C4726,"Virginia Beach-Norfolk-Newport News, VA-NC",Metro,CS545,"Virginia Beach-Norfolk, VA-NC"
51095,James City County,VA,Virginia,C4726,"Virginia Beach-Norfolk-Newport News, VA-NC",Metro,CS545,"Virginia Beach-Norfolk, VA-NC"
51097,King and Queen County,VA,Virginia,,,,,
51099,King George County,VA,Virginia,,,,,
51101,King William County,VA,Virginia,C4006,"Richmond, VA",Metro,,
51103,Lancaster County,VA,Virginia,,,,,
51105,Lee County,VA,Virginia,,,,,
51107,Loudoun County,VA,Virginia,C4790,"Washington-Arlington-Alexandria, DC-VA-MD-WV",Metro,CS548,"Washington-Baltimore-Arlington, DC-MD-VA-WV-PA"
51109,Louisa County,VA,Virginia,,,,,
51111,Lunenburg County,VA,Virginia,,,,,
51113,Madison County,VA,Virginia,,,,,
51115,Mathews County,VA,Virginia,C4726,"Virginia Beach-Norfolk-Newport News, VA-NC",Metro,CS545,"Virginia Beach-Norfolk, VA-NC"
51117,Mecklenburg County,VA,Virginia,,,,,
51119,Middlesex County,VA,Virginia,,,,,
51121,Montgomery County,VA,Virginia,C1398,"Blacksburg-Christiansburg-Radford, VA",Metro,,
51125,Nelson County,VA,Virginia,C1682,"Charlottesville, VA",Metro,,
51127,New Kent County,VA,Virginia,C4006,"Richmond, VA",Metro,,
51131,Northampton County,VA,Virginia,,,,,
51133,Northumberland County,VA,Virginia,,,,,
51135,Nottoway County,VA,Virginia,,,,,
51137,Orange County,VA,Virginia,,,,,
51139,Page County,VA,Virginia,,,,,
51141,Patrick County,VA,Virginia,,,,,
51143,Pittsylvania County,VA,Virginia,C1926,"Danville, VA",Micro,,
51145,Powhatan County,VA,Virginia,C4006,"Richmond, VA",Metro,,
51147,Prince Edward County,VA,Virginia,,,,,
51149,Prince George County,VA,Virginia,C4006,"Richmond, VA",Metro,,
51153,Prince William County,VA,Virginia,C4790,"Washington-Arlington-Alexandria, DC-VA-MD-WV",Metro,CS548,"Washington-Baltimore-Arlington, DC-MD-VA-WV-PA"
51155,Pulaski County,VA,Virginia,C1398,"Blacksburg-Christiansburg-Radford, VA",Metro,,
51157,Rappahannock County,VA,Virginia,C4790,"Washington-Arlington-Alexandria, DC-VA-MD-WV",Metro,CS548,"Washington-Baltimore-Arlington, DC-MD-VA-WV-PA"
51159,Richmond County,VA,Virginia,,,,,
51161,Roanoke County,VA,Virginia,C4022,"Roanoke, VA",Metro,,
51163,Rockbridge County,VA,Virginia,,,,,
51165,Rockingham County,VA,Virginia,C2550,"Harrisonburg, VA",Metro,CS277,"Harrisonburg-Staunton-Waynesboro, VA"
51167,Russell County,VA,Virginia,,,,,
51169,Scott County,VA,Virginia,C2870,"Kingsport-Bristol-Bristol, TN-VA",Metro,CS304,"Johnson City-Kingsport-Bristol, TN-VA"
51171,Shenandoah County,VA,Virginia,,,,,
51173,Smyth County,VA,Virginia,,,,,
51175,Southampton County,VA,Virginia,,,,,
51177,Spotsylvania County,VA,Virginia,C4790,"Washington-Arlington-Alexandria, DC-VA-MD-WV",Metro,CS548,"Washington-Baltimore-Arlington, DC-MD-VA-WV-PA"
51179,Stafford County,VA,Virginia,C4790,"Washington-Arlington-Alexandria, DC-VA-MD-WV",Metro,CS548,"Washington-Baltimore-Arlington, DC-MD-VA-WV-PA"
51181,Surry County,VA,Virginia,,,,,
51183,Sussex County,VA,Virginia,C4006,"Richmond, VA",Metro,,
51185,Tazewell County,VA,Virginia,C1414,"Bluefield, WV-VA",Micro,,
51187,Warren County,VA,Virginia,C4790,"Washington-Arlington-Alexandria, DC-VA-MD-WV",Metro,CS548,"Washington-Baltimore-Arlington, DC-MD-VA-WV-PA"
51191,Washington County,VA,Virginia,C2870,"Kingsport-Bristol-Bristol, TN-VA",Metro,CS304,"Johnson City-Kingsport-Bristol, TN-VA"
51193,Westmoreland County,VA,Virginia,,,,,
51195,Wise County,VA,Virginia,C1372,"Big Stone Gap, VA",Micro,,
51197,Wythe County,VA,Virginia,,,,,
51199,York County,VA,Virginia,C4726,"Virginia Beach-Norfolk-Newport News, VA-NC",Metro,CS545,"Virginia Beach-Norfolk, VA-NC"
51510,Alexandria City,VA,Virginia,C4790,"Washington-Arlington-Alexandria, DC-VA-MD-WV",Metro,CS548,"Washington-Baltimore-Arlington, DC-MD-VA-WV-PA"
51515,Bedford City,VA,Virginia,C3134,"Lynchburg, VA",Metro,,
51520,Bristol City,VA,Virginia,C2870,"Kingsport-Bristol-Bristol, TN-VA",Metro,CS304,"Johnson City-Kingsport-Bristol, TN-VA"
51530,Buena Vista City,VA,Virginia,,,,,
51540,Charlottesville City,VA,Virginia,C1682,"Charlottesville, VA",Metro,,
51550,Chesapeake City,VA,Virginia,C4726,"Virginia Beach-Norfolk-Newport News, VA-NC",Metro,CS545,"Virginia Beach-Norfolk, VA-NC"
51560,Clifton Forge City,VA,Virginia,,,,,
51570,Colonial Heights City,VA,Virginia,C4006,"Richmond, VA",Metro,,
51580,Covington City,VA,Virginia,,,,,
51590,Danville City,VA,Virginia,C1926,"Danville, VA",Micro,,
51595,Emporia City,VA,Virginia,,,,,
51600,Fairfax City,VA,Virginia,C4790,"Washington-Arlington-Alexandria, DC-VA-MD-WV",Metro,CS548,"Washington-Baltimore-Arlington, DC-MD-VA-WV-PA"
51610,Falls Church City,VA,Virginia,C4790,"Washington-Arlington-Alexandria, DC-VA-MD-WV",Metro,CS548,"Washington-Baltimore-Arlington, DC-MD-VA-WV-PA"
51620,Franklin City,VA,Virginia,,,,,
51630,Fredericksburg City,VA,Virginia,C4790,"Washington-Arlington-Alexandria, DC-VA-MD-WV",Metro,CS548,"Washington-Baltimore-Arlington, DC-MD-VA-WV-PA"
51640,Galax City,VA,Virginia,,,,,
51650,Hampton City,VA,Virginia,C4726,"Virginia Beach-Norfolk-Newport News, VA-NC",Metro,CS545,"Virginia Beach-Norfolk, VA-NC"
51660,Harrisonburg City,VA,Virginia,C2550,"Harrisonburg, VA",Metro,CS277,"Harrisonburg-Staunton-Waynesboro, VA"
51670,Hopewell City,VA,Virginia,C4006,"Richmond, VA",Metro,,
51678,Lexington City,VA,Virginia,,,,,
51680,Lynchburg City,VA,Virginia,C3134,"Lynchburg, VA",Metro,,
51683,Manassas City,VA,Virginia,C4790,"Washington-Arlington-Alexandria, DC-VA-MD-WV",Metro,CS548,"Washington-Baltimore-Arlington, DC-MD-VA-WV-PA"
51685,Manassas Park City,VA,Virginia,C4790,"Washington-Arlington-Alexandria, DC-VA-MD-WV",Metro,CS548,"Washington-Baltimore-Arlington, DC-MD-VA-WV-PA"
51690,Martinsville City,VA,Virginia,C3230,"Martinsville, VA",Micro,,
51700,Newport News City,VA,Virginia,C4726,"Virginia Beach-Norfolk-Newport News, VA-NC",Metro,CS545,"Virginia Beach-Norfolk, VA-NC"
51710,Norfolk City,VA,Virginia,C4726,"Virginia Beach-Norfolk-Newport News, VA-NC",Metro,CS545,"Virginia Beach-Norfolk, VA-NC"
51720,Norton City,VA,Virginia,C1372,"Big Stone Gap, VA",Micro,,
51730,Petersburg City,VA,Virginia,C4006,"Richmond, VA",Metro,,
51735,Poquoson City,VA,Virginia,C4726,"Virginia Beach-Norfolk-Newport News, VA-NC",Metro,CS545,"Virginia Beach-Norfolk, VA-NC"
51740,Portsmouth City,VA,Virginia,C4726,"Virginia Beach-Norfolk-Newport News, VA-NC",Metro,CS545,"Virginia Beach-Norfolk, VA-NC"
51750,Radford City,VA,Virginia,C1398,"Blacksburg-Christiansburg-Radford, VA",Metro,,
51760,Richmond City,VA,Virginia,C4006,"Richmond, VA",Metro,,
51770,Roanoke City,VA,Virginia,C4022,"Roanoke, VA",Metro,,
51775,Salem City,VA,Virginia,C4022,"Roanoke, VA",Metro,,
51780,South Boston City,VA,Virginia,,,,,
51790,Staunton City,VA,Virginia,C4442,"Staunton-Waynesboro, VA",Metro,CS277,"Harrisonburg-Staunton-Waynesboro, VA"
51800,Suffolk City,VA,Virginia,C4726,"Virginia Beach-Norfolk-Newport News, VA-NC",Metro,CS545,"Virginia Beach-Norfolk, VA-NC"
51810,Virginia Beach City,VA,Virginia,C4726,"Virginia Beach-Norfolk-Newport News, VA-NC",Metro,CS545,"Virginia Beach-Norfolk, VA-NC"
51820,Waynesboro City,VA,Virginia,C4442,"Staunton-Waynesboro, VA",Metro,CS277,"Harrisonburg-Staunton-Waynesboro, VA"
51830,Williamsburg City,VA,Virginia,C4726,"Virginia Beach-Norfolk-Newport News, VA-NC",Metro,CS545,"Virginia Beach-Norfolk, VA-NC"
51840,Winchester City,VA,Virginia,C4902,"Winchester, VA-WV",Metro,CS548,"Washington-Baltimore-Arlington, DC-MD-VA-WV-PA"
53001,Adams County,WA,Washington,C3683,"Othello, WA",Micro,CS393,"Moses Lake-Othello, WA"
53003,Asotin County,WA,Washington,C3030,"Lewiston, ID-WA",Metro,,
53005,Benton County,WA,Washington,C2842,"Kennewick-Richland, WA",Metro,,
53007,Chelan County,WA,Washington,C4830,"Wenatchee, WA",Metro,,
53009,Clallam County,WA,Washington,C3882,"Port Angeles, WA",Micro,,
53011,Clark County,WA,Washington,C3890,"Portland-Vancouver-Hillsboro, OR-WA",Metro,CS440,"Portland-Vancouver-Salem, OR-WA"
53013,Columbia County,WA,Washington,C4746,"Walla Walla, WA",Metro,,
53015,Cowlitz County,WA,Washington,C3102,"Longview, WA",Metro,CS440,"Portland-Vancouver-Salem, OR-WA"
53017,Douglas County,WA,Washington,C4830,"Wenatchee, WA",Metro,,
53019,Ferry County,WA,Washington,,,,,
53021,Franklin County,WA,Washington,C2842,"Kennewick-Richland, WA",Metro,,
53023,Garfield County,WA,Washington,,,,,
53025,Grant County,WA,Washington,C3418,"Moses Lake, WA",Micro,CS393,"Moses Lake-Othello, WA"
53027,Grays Harbor County,WA,Washington,C1014,"Aberdeen, WA",Micro,,
53029,Island County,WA,Washington,C3602,"Oak Harbor, WA",Micro,CS500,"Seattle-Tacoma, WA"
53031,Jefferson County,WA,Washington,,,,,
53033,King County,WA,Washington,C4266,"Seattle-Tacoma-Bellevue, WA",Metro,CS500,"Seattle-Tacoma, WA"
53035,Kitsap County,WA,Washington,C1474,"Bremerton-Silverdale, WA",Metro,CS500,"Seattle-Tacoma, WA"
53037,Kittitas County,WA,Washington,C2126,"Ellensburg, WA",Micro,,
53039,Klickitat County,WA,Washington,,,,,
53041,Lewis County,WA,Washington,C1650,"Centralia, WA",Micro,CS500,"Seattle-Tacoma, WA"
53043,Lincoln County,WA,Washington,,,,,
53045,Mason County,WA,Washington,C4322,"Shelton, WA",Micro,CS500,"Seattle-Tacoma, WA"
53047,Okanogan County,WA,Washington,,,,,
53049,Pacific County,WA,Washington,,,,,
53051,Pend Oreille County,WA,Washington,C4406,"Spokane-Spokane Valley, WA",Metro,CS518,"Spokane-Spokane Valley-Coeur d'Alene, WA-ID"
53053,Pierce County,WA,Washington,C4266,"Seattle-Tacoma-Bellevue, WA",Metro,CS500,"Seattle-Tacoma, WA"
53055,San Juan County,WA,Washington,,,,,
53057,Skagit County,WA,Washington,C3458,"Mount Vernon-Anacortes, WA",Metro,CS500,"Seattle-Tacoma, WA"
53059,Skamania County,WA,Washington,C3890,"Portland-Vancouver-Hillsboro, OR-WA",Metro,CS440,"Portland-Vancouver-Salem, OR-WA"
53061,Snohomish County,WA,Washington,C4266,"Seattle-Tacoma-Bellevue, WA",Metro,CS500,"Seattle-Tacoma, WA"
53063,Spokane County,WA,Washington,C4406,"Spokane-Spokane Valley, WA",Metro,CS518,"Spokane-Spokane Valley-Coeur d'Alene, WA-ID"
53065,Stevens County,WA,Washington,C4406,"Spokane-Spokane Valley, WA",Metro,CS518,"Spokane-Spokane Valley-Coeur d'Alene, WA-ID"
53067,Thurston County,WA,Washington,C3650,"Olympia-Tumwater, WA",Metro,CS500,"Seattle-Tacoma, WA"
53069,Wahkiakum County,WA,Washington,,,,,
53071,Walla Walla County,WA,Washington,C4746,"Walla Walla, WA",Metro,,
53073,Whatcom County,WA,Washington,C1338,"Bellingham, WA",Metro,,
53075,Whitman County,WA,Washington,C3942,"Pullman, WA",Micro,CS446,"Pullman-Moscow, WA-ID"
53077,Yakima County,WA,Washington,C4942,"Yakima, WA",Metro,,
54001,Barbour County,WV,West Virginia,,,,,
54003,Berkeley County,WV,West Virginia,C2518,"Hagerstown-Martinsburg, MD-WV",Metro,CS548,"Washington-Baltimore-Arlington, DC-MD-VA-WV-PA"
54005,Boone County,WV,West Virginia,C1662,"Charleston, WV",Metro,CS170,"Charleston-Huntington-Ashland, WV-OH-KY"
54007,Braxton County,WV,West Virginia,,,,,
54009,Brooke County,WV,West Virginia,C4826,"Weirton-Steubenville, WV-OH",Metro,CS430,"Pittsburgh-New Castle-Weirton, PA-OH-WV"
54011,Cabell County,WV,West Virginia,C2658,"Huntington-Ashland, WV-KY-OH",Metro,CS170,"Charleston-Huntington-Ashland, WV-OH-KY"
54013,Calhoun County,WV,West Virginia,,,,,
54015,Clay County,WV,West Virginia,C1662,"Charleston, WV",Metro,CS170,"Charleston-Huntington-Ashland, WV-OH-KY"
54017,Doddridge County,WV,West Virginia,C1722,"Clarksburg, WV",Micro,,
54019,Fayette County,WV,West Virginia,C1322,"Beckley, WV",Metro,,
54021,Gilmer County,WV,West Virginia,,,,,
54023,Grant County,WV,West Virginia,,,,,
54025,Greenbrier County,WV,West Virginia,,,,,
54027,Hampshire County,WV,West Virginia,C4902,"Winchester, VA-WV",Metro,CS548,"Washington-Baltimore-Arlington, DC-MD-VA-WV-PA"
54029,Hancock County,WV,West Virginia,C4826,"Weirton-Steubenville, WV-OH",Metro,CS430,"Pittsburgh-New Castle-Weirton, PA-OH-WV"
54031,Hardy County,WV,West Virginia,,,,,
54033,Harrison County,WV,West Virginia,C1722,"Clarksburg, WV",Micro,,
54035,Jackson County,WV,West Virginia,,,,,
54037,Jefferson County,WV,West Virginia,C4790,"Washington-Arlington-Alexandria, DC-VA-MD-WV",Metro,CS548,"Washington-Baltimore-Arlington, DC-MD-VA-WV-PA"
54039,Kanawha County,WV,West Virginia,C1662,"Charleston, WV",Metro,CS170,"Charleston-Huntington-Ashland, WV-OH-KY"
54041,Lewis County,WV,West Virginia,,,,,
54043,Lincoln County,WV,West Virginia,C2658,"Huntington-Ashland, WV-KY-OH",Metro,CS170,"Charleston-Huntington-Ashland, WV-OH-KY"
54045,Logan County,WV,West Virginia,C3088,"Logan, WV",Micro,CS170,"Charleston-Huntington-Ashland, WV-OH-KY"
54047,McDowell County,WV,West Virginia,,,,,
54049,Marion County,WV,West Virginia,C2190,"Fairmont, WV",Micro,CS390,"Morgantown-Fairmont, WV"
54051,Marshall County,WV,West Virginia,C4854,"Wheeling, WV-OH",Metro,,
54053,Mason County,WV,West Virginia,C3858,"Point Pleasant, WV-OH",Micro,,
54055,Mercer County,WV,West Virginia,C1414,"Bluefield, WV-VA",Micro,,
54057,Mineral County,WV,West Virginia,C1906,"Cumberland, MD-WV",Metro,,
54059,Mingo County,WV,West Virginia,,,,,
54061,Monongalia County,WV,West Virginia,C3406,"Morgantown, WV",Metro,CS390,"Morgantown-Fairmont, WV"
54063,Monroe County,WV,West Virginia,,,,,
54065,Morgan County,WV,West Virginia,,,,,
54067,Nicholas County,WV,West Virginia,,,,,
54069,Ohio County,WV,West Virginia,C4854,"Wheeling, WV-OH",Metro,,
54071,Pendleton County,WV,West Virginia,,,,,
54073,Pleasants County,WV,West Virginia,,,,,
54075,Pocahontas County,WV,West Virginia,,,,,
54077,Preston County,WV,West Virginia,C3406,"Morgantown, WV",Metro,CS390,"Morgantown-Fairmont, WV"
54079,Putnam County,WV,West Virginia,C2658,"Huntington-Ashland, WV-KY-OH",Metro,CS170,"Charleston-Huntington-Ashland, WV-OH-KY"
54081,Raleigh County,WV,West Virginia,C1322,"Beckley, WV",Metro,,
54083,Randolph County,WV,West Virginia,C2118,"Elkins, WV",Micro,,
54085,Ritchie County,WV,West Virginia,,,,,
54087,Roane County,WV,West Virginia,,,,,
54089,Summers County,WV,West Virginia,,,,,
54091,Taylor County,WV,West Virginia,C1722,"Clarksburg, WV",Micro,,
54093,Tucker County,WV,West Virginia,,,,,
54095,Tyler County,WV,West Virginia,,,,,
54097,Upshur County,WV,West Virginia,,,,,
54099,Wayne County,WV,West Virginia,C2658,"Huntington-Ashland, WV-KY-OH",Metro,CS170,"Charleston-Huntington-Ashland, WV-OH-KY"
54101,Webster County,WV,West Virginia,,,,,
54103,Wetzel County,WV,West Virginia,,,,,
54105,Wirt County,WV,West Virginia,C3762,"Parkersburg-Vienna, WV",Metro,CS425,"Parkersburg-Marietta-Vienna, WV-OH"
54107,Wood County,WV,West Virginia,C3762,"Parkersburg-Vienna, WV",Metro,CS425,"Parkersburg-Marietta-Vienna, WV-OH"
54109,Wyoming County,WV,West Virginia,,,,,
55001,Adams County,WI,Wisconsin,,,,,
55003,Ashland County,WI,Wisconsin,,,,,
55005,Barron County,WI,Wisconsin,,,,,
55007,Bayfield County,WI,Wisconsin,,,,,
55009,Brown County,WI,Wisconsin,C2458,"Green Bay, WI",Metro,CS267,"Green Bay-Shawano, WI"
55011,Buffalo County,WI,Wisconsin,,,,,
55013,Burnett County,WI,Wisconsin,,,,,
55015,Calumet County,WI,Wisconsin,C1154,"Appleton, WI",Metro,CS118,"Appleton-Oshkosh-Neenah, WI"
55017,Chippewa County,WI,Wisconsin,C2074,"Eau Claire, WI",Metro,CS232,"Eau Claire-Menomonie, WI"
55019,Clark County,WI,Wisconsin,,,,,
55021,Columbia County,WI,Wisconsin,C3154,"Madison, WI",Metro,CS357,"Madison-Janesville-Beloit, WI"
55023,Crawford County,WI,Wisconsin,,,,,
55025,Dane County,WI,Wisconsin,C3154,"Madison, WI",Metro,CS357,"Madison-Janesville-Beloit, WI"
55027,Dodge County,WI,Wisconsin,C1318,"Beaver Dam, WI",Micro,CS376,"Milwaukee-Racine-Waukesha, WI"
55029,Door County,WI,Wisconsin,,,,,
55031,Douglas County,WI,Wisconsin,C2026,"Duluth, MN-WI",Metro,,
55033,Dunn County,WI,Wisconsin,C3286,"Menomonie, WI",Micro,CS232,"Eau Claire-Menomonie, WI"
55035,Eau Claire County,WI,Wisconsin,C2074,"Eau Claire, WI",Metro,CS232,"Eau Claire-Menomonie, WI"
55037,Florence County,WI,Wisconsin,C2702,"Iron Mountain, MI-WI",Micro,,
55039,Fond du Lac County,WI,Wisconsin,C2254,"Fond du Lac, WI",Metro,,
55041,Forest County,WI,Wisconsin,,,,,
55043,Grant County,WI,Wisconsin,C3842,"Platteville, WI",Micro,,
55045,Green County,WI,Wisconsin,C3154,"Madison, WI",Metro,CS357,"Madison-Janesville-Beloit, WI"
55047,Green Lake County,WI,Wisconsin,,,,,
55049,Iowa County,WI,Wisconsin,C3154,"Madison, WI",Metro,CS357,"Madison-Janesville-Beloit, WI"
55051,Iron County,WI,Wisconsin,,,,,
55053,Jackson County,WI,Wisconsin,,,,,
55055,Jefferson County,WI,Wisconsin,C4802,"Watertown-Fort Atkinson, WI",Micro,CS376,"Milwaukee-Racine-Waukesha, WI"
55057,Juneau County,WI,Wisconsin,,,,,
55059,Kenosha County,WI,Wisconsin,C1698,"Chicago-Naperville-Elgin, IL-IN-WI",Metro,CS176,"Chicago-Naperville, IL-IN-WI"
55061,Kewaunee County,WI,Wisconsin,C2458,"Green Bay, WI",Metro,CS267,"Green Bay-Shawano, WI"
55063,La Crosse County,WI,Wisconsin,C2910,"La Crosse-Onalaska, WI-MN",Metro,,
55065,Lafayette County,WI,Wisconsin,,,,,
55067,Langlade County,WI,Wisconsin,,,,,
55069,Lincoln County,WI,Wisconsin,C3298,"Merrill, WI",Micro,CS554,"Wausau-Stevens Point-Wisconsin Rapids, WI"
55071,Manitowoc County,WI,Wisconsin,C3182,"Manitowoc, WI",Micro,,
55073,Marathon County,WI,Wisconsin,C4814,"Wausau, WI",Metro,CS554,"Wausau-Stevens Point-Wisconsin Rapids, WI"
55075,Marinette County,WI,Wisconsin,C3194,"Marinette, WI-MI",Micro,,
55077,Marquette County,WI,Wisconsin,,,,,
55078,Menominee County,WI,Wisconsin,C4302,"Shawano, WI",Micro,CS267,"Green Bay-Shawano, WI"
55079,Milwaukee County,WI,Wisconsin,C3334,"Milwaukee-Waukesha-West Allis, WI",Metro,CS376,"Milwaukee-Racine-Waukesha, WI"
55081,Monroe County,WI,Wisconsin,,,,,
55083,Oconto County,WI,Wisconsin,C2458,"Green Bay, WI",Metro,CS267,"Green Bay-Shawano, WI"
55085,Oneida County,WI,Wisconsin,,,,,
55087,Outagamie County,WI,Wisconsin,C1154,"Appleton, WI",Metro,CS118,"Appleton-Oshkosh-Neenah, WI"
55089,Ozaukee County,WI,Wisconsin,C3334,"Milwaukee-Waukesha-West Allis, WI",Metro,CS376,"Milwaukee-Racine-Waukesha, WI"
55091,Pepin County,WI,Wisconsin,,,,,
55093,Pierce County,WI,Wisconsin,C3346,"Minneapolis-St. Paul-Bloomington, MN-WI",Metro,CS378,"Minneapolis-St. Paul, MN-WI"
55095,Polk County,WI,Wisconsin,,,,,
55097,Portage County,WI,Wisconsin,C4462,"Stevens Point, WI",Micro,CS554,"Wausau-Stevens Point-Wisconsin Rapids, WI"
55099,Price County,WI,Wisconsin,,,,,
55101,Racine County,WI,Wisconsin,C3954,"Racine, WI",Metro,CS376,"Milwaukee-Racine-Waukesha, WI"
55103,Richland County,WI,Wisconsin,,,,,
55105,Rock County,WI,Wisconsin,C2750,"Janesville-Beloit, WI",Metro,CS357,"Madison-Janesville-Beloit, WI"
55107,Rusk County,WI,Wisconsin,,,,,
55109,St. Croix County,WI,Wisconsin,C3346,"Minneapolis-St. Paul-Bloomington, MN-WI",Metro,CS378,"Minneapolis-St. Paul, MN-WI"
55111,Sauk County,WI,Wisconsin,C1266,"Baraboo, WI",Micro,CS357,"Madison-Janesville-Beloit, WI"
55113,Sawyer County,WI,Wisconsin,,,,,
55115,Shawano County,WI,Wisconsin,C4302,"Shawano, WI",Micro,CS267,"Green Bay-Shawano, WI"
55117,Sheboygan County,WI,Wisconsin,C4310,"Sheboygan, WI",Metro,,
55119,Taylor County,WI,Wisconsin,,,,,
55121,Trempealeau County,WI,Wisconsin,,,,,
55123,Vernon County,WI,Wisconsin,,,,,
55125,Vilas County,WI,Wisconsin,,,,,
55127,Walworth County,WI,Wisconsin,C4858,"Whitewater-Elkhorn, WI",Micro,CS376,"Milwaukee-Racine-Waukesha, WI"
55129,Washburn County,WI,Wisconsin,,,,,
55131,Washington County,WI,Wisconsin,C3334,"Milwaukee-Waukesha-West Allis, WI",Metro,CS376,"Milwaukee-Racine-Waukesha, WI"
55133,Waukesha County,WI,Wisconsin,C3334,"Milwaukee-Waukesha-West Allis, WI",Metro,CS376,"Milwaukee-Racine-Waukesha, WI"
55135,Waupaca County,WI,Wisconsin,,,,,
55137,Waushara County,WI,Wisconsin,,,,,
55139,Winnebago County,WI,Wisconsin,C3678,"Oshkosh-Neenah, WI",Metro,CS118,"Appleton-Oshkosh-Neenah, WI"
55141,Wood County,WI,Wisconsin,C4922,"Wisconsin Rapids-Marshfield, WI",Micro,CS554,"Wausau-Stevens Point-Wisconsin Rapids, WI"
56001,Albany County,WY,Wyoming,C2966,"Laramie, WY",Micro,,
56003,Big Horn County,WY,Wyoming,,,,,
56005,Campbell County,WY,Wyoming,C2394,"Gillette, WY",Micro,,
56007,Carbon County,WY,Wyoming,,,,,
56009,Converse County,WY,Wyoming,,,,,
56011,Crook County,WY,Wyoming,,,,,
56013,Fremont County,WY,Wyoming,C4018,"Riverton, WY",Micro,,
56015,Goshen County,WY,Wyoming,,,,,
56017,Hot Springs County,WY,Wyoming,,,,,
56019,Johnson County,WY,Wyoming,,,,,
56021,Laramie County,WY,Wyoming,C1694,"Cheyenne, WY",Metro,,
56023,Lincoln County,WY,Wyoming,,,,,
56025,Natrona County,WY,Wyoming,C1622,"Casper, WY",Metro,,
56027,Niobrara County,WY,Wyoming,,,,,
56029,Park County,WY,Wyoming,,,,,
56031,Platte County,WY,Wyoming,,,,,
56033,Sheridan County,WY,Wyoming,C4326,"Sheridan, WY",Micro,,
56035,Sublette County,WY,Wyoming,,,,,
56037,Sweetwater County,WY,Wyoming,C4054,"Rock Springs, WY",Micro,,
56039,Teton County,WY,Wyoming,C2722,"Jackson, WY-ID",Micro,,
56041,Uinta County,WY,Wyoming,C2174,"Evanston, WY",Micro,,
56043,Washakie County,WY,Wyoming,,,,,
56045,Weston County,WY,Wyoming,,,,,
01000,,AL,Alabama,,,,,
02000,,AK,Alaska,,,,,
04000,,AZ,Arizona,,,,,
05000,,AR,Arkansas,,,,,
06000,,CA,California,,,,,
08000,,CO,Colorado,,,,,
09000,,CT,Connecticut,,,,,
10000,,DE,Delaware,,,,,
11000,,DC,District of Columbia,,,,,
12000,,FL,Florida,,,,,
13000,,GA,Georgia,,,,,
15000,,HI,Hawaii,,,,,
16000,,ID,Idaho,,,,,
17000,,IL,Illinois,,,,,
18000,,IN,Indiana,,,,,
19000,,IA,Iowa,,,,,
20000,,KS,Kansas,,,,,
21000,,KY,Kentucky,,,,,
22000,,LA,Louisiana,,,,,
23000,,ME,Maine,,,,,
24000,,MD,Maryland,,,,,
25000,,MA,Massachusetts,,,,,
26000,,MI,Michigan,,,,,
27000,,MN,Minnesota,,,,,
28000,,MS,Mississippi,,,,,
29000,,MO,Missouri,,,,,
30000,,MT,Montana,,,,,
31000,,NE,Nebraska,,,,,
32000,,NV,Nevada,,,,,
33000,,NH,New Hampshire,,,,,
34000,,NJ,New Jersey,,,,,
35000,,NM,New Mexico,,,,,
36000,,NY,New York,,,,,
37000,,NC,North Carolina,,,,,
38000,,ND,North Dakota,,,,,
39000,,OH,Ohio,,,,,
40000,,OK,Oklahoma,,,,,
41000,,OR,Oregon,,,,,
42000,,PA,Pennsylvania,,,,,
44000,,RI,Rhode Island,,,,,
45000,,SC,South Carolina,,,,,
46000,,SD,South Dakota,,,,,
47000,,TN,Tennessee,,,,,
48000,,TX,Texas,,,,,
49000,,UT,Utah,,,,,
50000,,VT,Vermont,,,,,
51000,,VA,Virginia,,,,,
53000,,WA,Washington,,,,,
54000,,WV,West Virginia,,,,,
55000,,WI,Wisconsin,,,,,
56000,,WY,Wyoming,,,,,
