fips,county_name,state,state_long,msa_type,msa_name,nri_risk_rating,insurance_profile,insurance_profile_label,assignment_confidence,assignment_margin,second_best_profile,second_best_profile_label
01001,Autauga County,AL,Alabama,Metro,"Montgomery, AL",Low,2,Typical lower-premium counties,0.9980087316186722,0.9963817697353687,3,High-premium slower-growth counties
01003,Baldwin County,AL,Alabama,Metro,"Daphne-Fairhope-Foley, AL",High,3,High-premium slower-growth counties,0.9999999955153349,0.9999999927050149,0,Fast-rising lower-premium counties
01005,Barbour County,AL,Alabama,,,Low,2,Typical lower-premium counties,0.9992086057668721,0.9984454467999757,3,High-premium slower-growth counties
01007,Bibb County,AL,Alabama,Metro,"Birmingham-Hoover, AL",Very Low,2,Typical lower-premium counties,0.9996971963514228,0.9994175673940912,3,High-premium slower-growth counties
01009,Blount County,AL,Alabama,Metro,"Birmingham-Hoover, AL",Low,2,Typical lower-premium counties,0.999737414002165,0.999498528074915,3,High-premium slower-growth counties
01011,Bullock County,AL,Alabama,,,Very Low,2,Typical lower-premium counties,0.5662548895850898,0.13250980827698539,3,High-premium slower-growth counties
01013,Butler County,AL,Alabama,,,Low,2,Typical lower-premium counties,0.972811127994401,0.9458723737812489,3,High-premium slower-growth counties
01015,Calhoun County,AL,Alabama,Metro,"Anniston-Oxford-Jacksonville, AL",Moderate,1,Stable low-volatility insurance counties,0.9999498902461954,0.9998997828706284,3,High-premium slower-growth counties
01017,Chambers County,AL,Alabama,Micro,"Valley, AL",Low,3,High-premium slower-growth counties,0.9999999988808561,0.9999999980491641,2,Typical lower-premium counties
01019,Cherokee County,AL,Alabama,,,Low,2,Typical lower-premium counties,0.9997033883971281,0.9994288275280874,3,High-premium slower-growth counties
01021,Chilton County,AL,Alabama,Metro,"Birmingham-Hoover, AL",Low,2,Typical lower-premium counties,0.9993821076497383,0.9988720749459623,3,High-premium slower-growth counties
01023,Choctaw County,AL,Alabama,,,Low,1,Stable low-volatility insurance counties,0.9991632716336276,0.9983265433309402,3,High-premium slower-growth counties
01025,Clarke County,AL,Alabama,,,Low,2,Typical lower-premium counties,0.9971168656259728,0.99430963458016,3,High-premium slower-growth counties
01027,Clay County,AL,Alabama,,,Very Low,2,Typical lower-premium counties,0.998948794680509,0.9979604179869442,3,High-premium slower-growth counties
01029,Cleburne County,AL,Alabama,,,Very Low,2,Typical lower-premium counties,0.6998252755190282,0.399659298336061,3,High-premium slower-growth counties
01031,Coffee County,AL,Alabama,Micro,"Enterprise, AL",Moderate,2,Typical lower-premium counties,0.9995273479964186,0.9991571130130442,3,High-premium slower-growth counties
01033,Colbert County,AL,Alabama,Metro,"Florence-Muscle Shoals, AL",Low,2,Typical lower-premium counties,0.999517656877392,0.9990667140530791,3,High-premium slower-growth counties
01035,Conecuh County,AL,Alabama,,,Very Low,1,Stable low-volatility insurance counties,0.9999107515206598,0.999821504136927,3,High-premium slower-growth counties
01037,Coosa County,AL,Alabama,Micro,"Talladega-Sylacauga, AL",Very Low,2,Typical lower-premium counties,0.9986179120387263,0.9974052326488411,3,High-premium slower-growth counties
01039,Covington County,AL,Alabama,,,Moderate,2,Typical lower-premium counties,0.9995063286416237,0.9990656088801456,3,High-premium slower-growth counties
01041,Crenshaw County,AL,Alabama,,,Very Low,2,Typical lower-premium counties,0.9995327722595589,0.9991866385950584,3,High-premium slower-growth counties
01043,Cullman County,AL,Alabama,Micro,"Cullman, AL",Moderate,2,Typical lower-premium counties,0.9998001283225697,0.9996211906407159,3,High-premium slower-growth counties
01045,Dale County,AL,Alabama,Micro,"Ozark, AL",Low,2,Typical lower-premium counties,0.9996078826203093,0.9992387495890396,3,High-premium slower-growth counties
01047,Dallas County,AL,Alabama,Micro,"Selma, AL",Low,4,High-premium high-nonrenewal counties,0.9986767491772003,0.9978042870748204,3,High-premium slower-growth counties
01049,DeKalb County,AL,Alabama,,,Low,2,Typical lower-premium counties,0.9996728403214445,0.9993656938438165,3,High-premium slower-growth counties
01051,Elmore County,AL,Alabama,Metro,"Montgomery, AL",Low,2,Typical lower-premium counties,0.9990255956990809,0.9980930225750253,3,High-premium slower-growth counties
01053,Escambia County,AL,Alabama,,,Moderate,2,Typical lower-premium counties,0.9994975649875567,0.9990222795490895,3,High-premium slower-growth counties
01055,Etowah County,AL,Alabama,Metro,"Gadsden, AL",Moderate,0,Fast-rising lower-premium counties,0.9351428189127606,0.8702856728915703,3,High-premium slower-growth counties
01057,Fayette County,AL,Alabama,,,Very Low,2,Typical lower-premium counties,0.9991401889596231,0.9984643411719998,3,High-premium slower-growth counties
01059,Franklin County,AL,Alabama,,,Low,2,Typical lower-premium counties,0.9995035647758526,0.9990295893777031,3,High-premium slower-growth counties
01061,Geneva County,AL,Alabama,Metro,"Dothan, AL",Low,2,Typical lower-premium counties,0.9994495392680276,0.9989638313839793,3,High-premium slower-growth counties
01063,Greene County,AL,Alabama,,,Very Low,1,Stable low-volatility insurance counties,0.9999879229101388,0.9999758629186719,3,High-premium slower-growth counties
01065,Hale County,AL,Alabama,Metro,"Tuscaloosa, AL",Very Low,1,Stable low-volatility insurance counties,0.9999780413635834,0.9999560839533367,3,High-premium slower-growth counties
01067,Henry County,AL,Alabama,Metro,"Dothan, AL",Very Low,2,Typical lower-premium counties,0.9992922817790605,0.9986021156563062,3,High-premium slower-growth counties
01069,Houston County,AL,Alabama,Metro,"Dothan, AL",Moderate,2,Typical lower-premium counties,0.9998174367219621,0.99965909436912,3,High-premium slower-growth counties
01071,Jackson County,AL,Alabama,Micro,"Scottsboro, AL",Low,2,Typical lower-premium counties,0.9995727471072662,0.9991782286692081,3,High-premium slower-growth counties
01073,Jefferson County,AL,Alabama,Metro,"Birmingham-Hoover, AL",High,1,Stable low-volatility insurance counties,0.999937966802656,0.9998759915333555,3,High-premium slower-growth counties
01075,Lamar County,AL,Alabama,,,Very Low,2,Typical lower-premium counties,0.9910158040691297,0.9821286948111018,3,High-premium slower-growth counties
01077,Lauderdale County,AL,Alabama,Metro,"Florence-Muscle Shoals, AL",Moderate,2,Typical lower-premium counties,0.9988040143980298,0.9979743783217536,3,High-premium slower-growth counties
01079,Lawrence County,AL,Alabama,Metro,"Decatur, AL",Low,0,Fast-rising lower-premium counties,0.9789990426293624,0.9579980977929166,3,High-premium slower-growth counties
01081,Lee County,AL,Alabama,Metro,"Auburn-Opelika, AL",Low,2,Typical lower-premium counties,0.9991317324958593,0.9982848928345837,3,High-premium slower-growth counties
01083,Limestone County,AL,Alabama,Metro,"Huntsville, AL",Low,2,Typical lower-premium counties,0.9938649203521677,0.9886116304842893,3,High-premium slower-growth counties
01085,Lowndes County,AL,Alabama,Metro,"Montgomery, AL",Very Low,4,High-premium high-nonrenewal counties,0.9096200069352423,0.8230454995814337,3,High-premium slower-growth counties
01087,Macon County,AL,Alabama,,,Very Low,1,Stable low-volatility insurance counties,0.9999823701810947,0.9999647432820492,3,High-premium slower-growth counties
01089,Madison County,AL,Alabama,Metro,"Huntsville, AL",High,3,High-premium slower-growth counties,0.9765462910495655,0.9533373543486447,2,Typical lower-premium counties
01091,Marengo County,AL,Alabama,,,Low,2,Typical lower-premium counties,0.9988805660266411,0.9977700539808839,3,High-premium slower-growth counties
01093,Marion County,AL,Alabama,,,Low,1,Stable low-volatility insurance counties,0.9999802834936954,0.9999605840338485,3,High-premium slower-growth counties
01095,Marshall County,AL,Alabama,Micro,"Albertville, AL",Moderate,2,Typical lower-premium counties,0.999787103342672,0.9995931095020185,3,High-premium slower-growth counties
01097,Mobile County,AL,Alabama,Metro,"Mobile, AL",High,2,Typical lower-premium counties,0.993223144373727,0.9864578565322614,3,High-premium slower-growth counties
01099,Monroe County,AL,Alabama,,,Low,4,High-premium high-nonrenewal counties,0.9973551064431609,0.9948009920064141,3,High-premium slower-growth counties
01101,Montgomery County,AL,Alabama,Metro,"Montgomery, AL",Moderate,2,Typical lower-premium counties,0.9978384381603034,0.9959632972253606,3,High-premium slower-growth counties
01103,Morgan County,AL,Alabama,Metro,"Decatur, AL",Moderate,2,Typical lower-premium counties,0.9996922754733396,0.999422157393724,3,High-premium slower-growth counties
01105,Perry County,AL,Alabama,,,Very Low,2,Typical lower-premium counties,0.9970232867982263,0.9950215599312671,4,High-premium high-nonrenewal counties
01107,Pickens County,AL,Alabama,Metro,"Tuscaloosa, AL",Low,2,Typical lower-premium counties,0.9967763389130015,0.9935685469564153,3,High-premium slower-growth counties
01109,Pike County,AL,Alabama,Micro,"Troy, AL",Low,2,Typical lower-premium counties,0.9784340995396343,0.956895130040242,3,High-premium slower-growth counties
01111,Randolph County,AL,Alabama,,,Very Low,0,Fast-rising lower-premium counties,0.974768805515354,0.9495376110311583,3,High-premium slower-growth counties
01113,Russell County,AL,Alabama,Metro,"Columbus, GA-AL",Low,0,Fast-rising lower-premium counties,0.813528287269297,0.6270743185901201,3,High-premium slower-growth counties
01115,St. Clair County,AL,Alabama,Metro,"Birmingham-Hoover, AL",Low,2,Typical lower-premium counties,0.999078502872284,0.9985151220944577,3,High-premium slower-growth counties
01117,Shelby County,AL,Alabama,Metro,"Birmingham-Hoover, AL",Moderate,3,High-premium slower-growth counties,0.999999999936172,0.9999999998723431,0,Fast-rising lower-premium counties
01119,Sumter County,AL,Alabama,,,Low,4,High-premium high-nonrenewal counties,0.9941873496971545,0.9886631904446758,3,High-premium slower-growth counties
01121,Talladega County,AL,Alabama,Micro,"Talladega-Sylacauga, AL",Moderate,1,Stable low-volatility insurance counties,0.9999718364450578,0.9999436747889701,3,High-premium slower-growth counties
01123,Tallapoosa County,AL,Alabama,,,Low,2,Typical lower-premium counties,0.9995933735085342,0.9992060532503415,3,High-premium slower-growth counties
01125,Tuscaloosa County,AL,Alabama,Metro,"Tuscaloosa, AL",Moderate,2,Typical lower-premium counties,0.9996726792157036,0.9993735163482032,3,High-premium slower-growth counties
01127,Walker County,AL,Alabama,Metro,"Birmingham-Hoover, AL",Moderate,1,Stable low-volatility insurance counties,0.9999801276480438,0.999960263509555,3,High-premium slower-growth counties
01129,Washington County,AL,Alabama,,,Low,2,Typical lower-premium counties,0.9274021782926685,0.8580580519973977,3,High-premium slower-growth counties
01131,Wilcox County,AL,Alabama,,,Very Low,1,Stable low-volatility insurance counties,0.9999336136759917,0.9998672421370477,3,High-premium slower-growth counties
01133,Winston County,AL,Alabama,,,Low,2,Typical lower-premium counties,0.9661577903307309,0.9347852153279813,3,High-premium slower-growth counties
02013,Aleutians East Borough,AK,Alaska,,,Very Low,2,Typical lower-premium counties,0.9998170780168654,0.999732772180549,0,Fast-rising lower-premium counties
02016,Aleutians West Census Area,AK,Alaska,,,Low,1,Stable low-volatility insurance counties,0.9999727334968483,0.9999456091641227,3,High-premium slower-growth counties
02020,Anchorage Municipality,AK,Alaska,Metro,"Anchorage, AK",High,3,High-premium slower-growth counties,0.9999999991976978,0.9999999983953952,0,Fast-rising lower-premium counties
02050,Bethel Census Area,AK,Alaska,,,Low,2,Typical lower-premium counties,0.9998170780168654,0.999732772180549,0,Fast-rising lower-premium counties
02060,Bristol Bay Borough,AK,Alaska,,,Very Low,2,Typical lower-premium counties,0.9998170780168654,0.999732772180549,0,Fast-rising lower-premium counties
02063,Chugach Census Area,AK,Alaska,,,Very Low,3,High-premium slower-growth counties,0.9999889403778804,0.9999778807585479,0,Fast-rising lower-premium counties
02066,Copper River Census Area,AK,Alaska,,,Very Low,1,Stable low-volatility insurance counties,0.9999727334968483,0.9999456091641227,3,High-premium slower-growth counties
02068,Denali Borough,AK,Alaska,,,Very Low,3,High-premium slower-growth counties,0.9999889403778804,0.9999778807585479,0,Fast-rising lower-premium counties
02070,Dillingham Census Area,AK,Alaska,,,Very Low,1,Stable low-volatility insurance counties,0.9999727334968483,0.9999456091641227,3,High-premium slower-growth counties
02090,Fairbanks North Star Borough,AK,Alaska,Metro,"Fairbanks, AK",Moderate,3,High-premium slower-growth counties,0.9999124085525924,0.9998248171051879,0,Fast-rising lower-premium counties
02100,Haines Borough,AK,Alaska,,,Very Low,2,Typical lower-premium counties,0.9998170780168654,0.999732772180549,0,Fast-rising lower-premium counties
02105,Hoonah-Angoon Census Area,AK,Alaska,,,Very Low,2,Typical lower-premium counties,0.9998170780168654,0.999732772180549,0,Fast-rising lower-premium counties
02110,Juneau City and Borough,AK,Alaska,Micro,"Juneau, AK",Very Low,3,High-premium slower-growth counties,0.9999995577976489,0.9999991156248693,0,Fast-rising lower-premium counties
02122,Kenai Peninsula Borough,AK,Alaska,,,Moderate,3,High-premium slower-growth counties,1.0,1.0,0,Fast-rising lower-premium counties
02130,Ketchikan Gateway Borough,AK,Alaska,Micro,"Ketchikan, AK",Very Low,3,High-premium slower-growth counties,0.9999948497996307,0.999989699600825,0,Fast-rising lower-premium counties
02150,Kodiak Island Borough,AK,Alaska,,,Low,3,High-premium slower-growth counties,0.9999999869701242,0.9999999740023796,2,Typical lower-premium counties
02158,Kusilvak Census Area,AK,Alaska,,,Low,2,Typical lower-premium counties,0.9998170780168654,0.999732772180549,0,Fast-rising lower-premium counties
02164,Lake and Peninsula Borough,AK,Alaska,,,Very Low,2,Typical lower-premium counties,0.9998170780168654,0.999732772180549,0,Fast-rising lower-premium counties
02170,Matanuska-Susitna Borough,AK,Alaska,Metro,"Anchorage, AK",Moderate,3,High-premium slower-growth counties,0.9999882073011725,0.9999764146023502,0,Fast-rising lower-premium counties
02180,Nome Census Area,AK,Alaska,,,Very Low,3,High-premium slower-growth counties,0.9999889403778804,0.9999778807585479,0,Fast-rising lower-premium counties
02185,North Slope Borough,AK,Alaska,,,Very Low,2,Typical lower-premium counties,0.9998170780168654,0.999732772180549,0,Fast-rising lower-premium counties
02188,Northwest Arctic Borough,AK,Alaska,,,Low,2,Typical lower-premium counties,0.9998170780168654,0.999732772180549,0,Fast-rising lower-premium counties
02195,Petersburg Borough,AK,Alaska,,,Very Low,3,High-premium slower-growth counties,0.9999889403778804,0.9999778807585479,0,Fast-rising lower-premium counties
02198,Prince of Wales-Hyder Census Area,AK,Alaska,,,Very Low,3,High-premium slower-growth counties,0.9999889403778804,0.9999778807585479,0,Fast-rising lower-premium counties
02220,Sitka City and Borough,AK,Alaska,,,Very Low,3,High-premium slower-growth counties,0.9999889403778804,0.9999778807585479,0,Fast-rising lower-premium counties
02230,Skagway Municipality,AK,Alaska,,,Very Low,2,Typical lower-premium counties,0.9998170780168654,0.999732772180549,0,Fast-rising lower-premium counties
02240,Southeast Fairbanks Census Area,AK,Alaska,,,Low,1,Stable low-volatility insurance counties,0.9999727334968483,0.9999456091641227,3,High-premium slower-growth counties
02275,Wrangell City and Borough,AK,Alaska,,,Very Low,3,High-premium slower-growth counties,0.9999889403778804,0.9999778807585479,0,Fast-rising lower-premium counties
02282,Yakutat City and Borough,AK,Alaska,,,Very Low,2,Typical lower-premium counties,0.9998170780168654,0.999732772180549,0,Fast-rising lower-premium counties
02290,Yukon-Koyukuk Census Area,AK,Alaska,,,Low,2,Typical lower-premium counties,0.9998170780168654,0.999732772180549,0,Fast-rising lower-premium counties
04001,Apache County,AZ,Arizona,,,Low,1,Stable low-volatility insurance counties,0.7497278635479789,0.49948927400023735,3,High-premium slower-growth counties
04003,Cochise County,AZ,Arizona,Metro,"Sierra Vista-Douglas, AZ",Moderate,1,Stable low-volatility insurance counties,0.9923081690476909,0.9846169441748922,3,High-premium slower-growth counties
04005,Coconino County,AZ,Arizona,Metro,"Flagstaff, AZ",Moderate,3,High-premium slower-growth counties,0.9999750109942732,0.9999500219885485,0,Fast-rising lower-premium counties
04007,Gila County,AZ,Arizona,Micro,"Payson, AZ",Moderate,2,Typical lower-premium counties,0.6996450150019076,0.5149103516809383,4,High-premium high-nonrenewal counties
04009,Graham County,AZ,Arizona,Micro,"Safford, AZ",Low,1,Stable low-volatility insurance counties,0.9965721639703213,0.9931443523589358,3,High-premium slower-growth counties
04011,Greenlee County,AZ,Arizona,,,Very Low,2,Typical lower-premium counties,0.9935022308220116,0.9876530551283408,4,High-premium high-nonrenewal counties
04012,La Paz County,AZ,Arizona,,,Moderate,3,High-premium slower-growth counties,0.9999998704834296,0.9999997409801477,0,Fast-rising lower-premium counties
04013,Maricopa County,AZ,Arizona,Metro,"Phoenix-Mesa-Scottsdale, AZ",Very High,1,Stable low-volatility insurance counties,0.996897922494241,0.9937959350207082,3,High-premium slower-growth counties
04015,Mohave County,AZ,Arizona,Metro,"Lake Havasu City-Kingman, AZ",High,2,Typical lower-premium counties,0.8637031585663292,0.7365578872015409,3,High-premium slower-growth counties
04017,Navajo County,AZ,Arizona,Micro,"Show Low, AZ",Moderate,3,High-premium slower-growth counties,0.839148645701625,0.7506216994298994,4,High-premium high-nonrenewal counties
04019,Pima County,AZ,Arizona,Metro,"Tucson, AZ",High,1,Stable low-volatility insurance counties,0.9731242636987493,0.9462488887224904,3,High-premium slower-growth counties
04021,Pinal County,AZ,Arizona,Metro,"Phoenix-Mesa-Scottsdale, AZ",Moderate,1,Stable low-volatility insurance counties,0.9826666425395388,0.9653338333329978,3,High-premium slower-growth counties
04023,Santa Cruz County,AZ,Arizona,Micro,"Nogales, AZ",Moderate,1,Stable low-volatility insurance counties,0.9926125596055118,0.9852253329838612,3,High-premium slower-growth counties
04025,Yavapai County,AZ,Arizona,Metro,"Prescott, AZ",Moderate,1,Stable low-volatility insurance counties,0.9907566711929142,0.9815144191549926,3,High-premium slower-growth counties
04027,Yuma County,AZ,Arizona,Metro,"Yuma, AZ",Moderate,3,High-premium slower-growth counties,0.5058924495051994,0.017386305263009993,2,Typical lower-premium counties
05001,Arkansas County,AR,Arkansas,,,Low,2,Typical lower-premium counties,0.9983298115415907,0.9971608093210775,3,High-premium slower-growth counties
05003,Ashley County,AR,Arkansas,,,Low,2,Typical lower-premium counties,0.9881414095771337,0.9775531193513147,4,High-premium high-nonrenewal counties
05005,Baxter County,AR,Arkansas,Micro,"Mountain Home, AR",Low,3,High-premium slower-growth counties,0.9999999999949729,0.9999999999899457,0,Fast-rising lower-premium counties
05007,Benton County,AR,Arkansas,Metro,"Fayetteville-Springdale-Rogers, AR-MO",Moderate,3,High-premium slower-growth counties,0.9999999994483986,0.9999999988968152,0,Fast-rising lower-premium counties
05009,Boone County,AR,Arkansas,Micro,"Harrison, AR",Low,3,High-premium slower-growth counties,0.99999999995417,0.9999999999083414,0,Fast-rising lower-premium counties
05011,Bradley County,AR,Arkansas,,,Very Low,3,High-premium slower-growth counties,0.6693857139971642,0.3387930755944217,2,Typical lower-premium counties
05013,Calhoun County,AR,Arkansas,Micro,"Camden, AR",Very Low,0,Fast-rising lower-premium counties,0.9523629704263677,0.9047259408528996,3,High-premium slower-growth counties
05015,Carroll County,AR,Arkansas,,,Low,2,Typical lower-premium counties,0.9966823027586208,0.9942272492743766,4,High-premium high-nonrenewal counties
05017,Chicot County,AR,Arkansas,,,Low,3,High-premium slower-growth counties,0.9999999997012452,0.9999999994024917,2,Typical lower-premium counties
05019,Clark County,AR,Arkansas,Micro,"Arkadelphia, AR",Very Low,2,Typical lower-premium counties,0.999208591379222,0.9984677795733687,3,High-premium slower-growth counties
05021,Clay County,AR,Arkansas,,,Low,3,High-premium slower-growth counties,0.9999999829351759,0.9999999659567658,0,Fast-rising lower-premium counties
05023,Cleburne County,AR,Arkansas,,,Low,2,Typical lower-premium counties,0.9995674638889194,0.9992281077450762,3,High-premium slower-growth counties
05025,Cleveland County,AR,Arkansas,Metro,"Pine Bluff, AR",Very Low,3,High-premium slower-growth counties,0.9999999998980371,0.9999999997960765,0,Fast-rising lower-premium counties
05027,Columbia County,AR,Arkansas,Micro,"Magnolia, AR",Very Low,1,Stable low-volatility insurance counties,0.989213445870352,0.9784301170191958,3,High-premium slower-growth counties
05029,Conway County,AR,Arkansas,,,Low,2,Typical lower-premium counties,0.9952521026750824,0.9921767632857408,4,High-premium high-nonrenewal counties
05031,Craighead County,AR,Arkansas,Metro,"Jonesboro, AR",Moderate,1,Stable low-volatility insurance counties,0.9999298852310908,0.9998597750431034,3,High-premium slower-growth counties
05033,Crawford County,AR,Arkansas,Metro,"Fort Smith, AR-OK",Low,3,High-premium slower-growth counties,0.9999999997610125,0.9999999995220249,0,Fast-rising lower-premium counties
05035,Crittenden County,AR,Arkansas,Metro,"Memphis, TN-MS-AR",Moderate,2,Typical lower-premium counties,0.9995571984576737,0.9992362889377907,3,High-premium slower-growth counties
05037,Cross County,AR,Arkansas,,,Low,1,Stable low-volatility insurance counties,0.9999813442552588,0.9999626945366235,3,High-premium slower-growth counties
05039,Dallas County,AR,Arkansas,,,Very Low,2,Typical lower-premium counties,0.969405514395931,0.950933684975766,3,High-premium slower-growth counties
05041,Desha County,AR,Arkansas,,,Very Low,2,Typical lower-premium counties,0.9961857336650751,0.9926933978817242,3,High-premium slower-growth counties
05043,Drew County,AR,Arkansas,,,Very Low,3,High-premium slower-growth counties,0.9999999998724398,0.9999999997448825,0,Fast-rising lower-premium counties
05045,Faulkner County,AR,Arkansas,Metro,"Little Rock-North Little Rock-Conway, AR",Moderate,3,High-premium slower-growth counties,0.9999999998591989,0.9999999997183988,0,Fast-rising lower-premium counties
05047,Franklin County,AR,Arkansas,,,Low,2,Typical lower-premium counties,0.9991840482335512,0.9984538898774918,3,High-premium slower-growth counties
05049,Fulton County,AR,Arkansas,,,Low,1,Stable low-volatility insurance counties,0.9998588270372483,0.999717755230895,3,High-premium slower-growth counties
05051,Garland County,AR,Arkansas,Metro,"Hot Springs, AR",Moderate,2,Typical lower-premium counties,0.9970923882902175,0.9943078431505764,3,High-premium slower-growth counties
05053,Grant County,AR,Arkansas,Metro,"Little Rock-North Little Rock-Conway, AR",Very Low,1,Stable low-volatility insurance counties,0.9999750501860095,0.9999501103939477,3,High-premium slower-growth counties
05055,Greene County,AR,Arkansas,Micro,"Paragould, AR",Low,2,Typical lower-premium counties,0.9983424587595114,0.9971969975789015,3,High-premium slower-growth counties
05057,Hempstead County,AR,Arkansas,,,Low,2,Typical lower-premium counties,0.9985168098584883,0.9977779761096507,4,High-premium high-nonrenewal counties
05059,Hot Spring County,AR,Arkansas,Micro,"Malvern, AR",Low,2,Typical lower-premium counties,0.9982125838541918,0.9971931385011282,4,High-premium high-nonrenewal counties
05061,Howard County,AR,Arkansas,,,Low,3,High-premium slower-growth counties,0.9999882711556503,0.9999765465038446,2,Typical lower-premium counties
05063,Independence County,AR,Arkansas,Micro,"Batesville, AR",Low,2,Typical lower-premium counties,0.9974327777957191,0.9956427160024099,3,High-premium slower-growth counties
05065,Izard County,AR,Arkansas,,,Low,1,Stable low-volatility insurance counties,0.9999584015598538,0.9999168208190106,3,High-premium slower-growth counties
05067,Jackson County,AR,Arkansas,,,Low,2,Typical lower-premium counties,0.9860212819235953,0.973411500048924,3,High-premium slower-growth counties
05069,Jefferson County,AR,Arkansas,Metro,"Pine Bluff, AR",Moderate,1,Stable low-volatility insurance counties,0.9999744739341285,0.999948957912463,3,High-premium slower-growth counties
05071,Johnson County,AR,Arkansas,,,Low,2,Typical lower-premium counties,0.9981352284709206,0.9970607396853537,3,High-premium slower-growth counties
05073,Lafayette County,AR,Arkansas,,,Very Low,2,Typical lower-premium counties,0.9888451968014131,0.9785098859151472,4,High-premium high-nonrenewal counties
05075,Lawrence County,AR,Arkansas,,,Low,1,Stable low-volatility insurance counties,0.9981947779425473,0.9963895640240915,3,High-premium slower-growth counties
05077,Lee County,AR,Arkansas,,,Very Low,4,High-premium high-nonrenewal counties,0.9993782016371865,0.9987576912842697,3,High-premium slower-growth counties
05079,Lincoln County,AR,Arkansas,Metro,"Pine Bluff, AR",Very Low,2,Typical lower-premium counties,0.9782531214256706,0.961350335002838,4,High-premium high-nonrenewal counties
05081,Little River County,AR,Arkansas,Metro,"Texarkana, TX-AR",Low,2,Typical lower-premium counties,0.9855383056643403,0.9737903809294712,4,High-premium high-nonrenewal counties
05083,Logan County,AR,Arkansas,,,Low,2,Typical lower-premium counties,0.9713363198014593,0.9453476931828739,4,High-premium high-nonrenewal counties
05085,Lonoke County,AR,Arkansas,Metro,"Little Rock-North Little Rock-Conway, AR",Low,2,Typical lower-premium counties,0.9995556867946934,0.9992881570393485,3,High-premium slower-growth counties
05087,Madison County,AR,Arkansas,Metro,"Fayetteville-Springdale-Rogers, AR-MO",Low,1,Stable low-volatility insurance counties,0.9997465034176701,0.999493243462315,3,High-premium slower-growth counties
05089,Marion County,AR,Arkansas,,,Low,2,Typical lower-premium counties,0.9968179174739098,0.9950729120912811,3,High-premium slower-growth counties
05091,Miller County,AR,Arkansas,Metro,"Texarkana, TX-AR",Low,1,Stable low-volatility insurance counties,0.9999784950848539,0.999956995460622,3,High-premium slower-growth counties
05093,Mississippi County,AR,Arkansas,Micro,"Blytheville, AR",Moderate,0,Fast-rising lower-premium counties,0.9772018856151715,0.9544063810532959,3,High-premium slower-growth counties
05095,Monroe County,AR,Arkansas,,,Very Low,2,Typical lower-premium counties,0.9988976367347627,0.9980925584424344,4,High-premium high-nonrenewal counties
05097,Montgomery County,AR,Arkansas,,,Very Low,0,Fast-rising lower-premium counties,0.9899930790094221,0.979986158018892,3,High-premium slower-growth counties
05099,Nevada County,AR,Arkansas,,,Very Low,4,High-premium high-nonrenewal counties,0.9967216577534616,0.9938023198573208,3,High-premium slower-growth counties
05101,Newton County,AR,Arkansas,Micro,"Harrison, AR",Very Low,2,Typical lower-premium counties,0.9988976367347627,0.9980925584424344,4,High-premium high-nonrenewal counties
05103,Ouachita County,AR,Arkansas,Micro,"Camden, AR",Low,2,Typical lower-premium counties,0.9989080619738835,0.9982876929916443,3,High-premium slower-growth counties
05105,Perry County,AR,Arkansas,Metro,"Little Rock-North Little Rock-Conway, AR",Very Low,2,Typical lower-premium counties,0.9947168643445271,0.989819140704418,3,High-premium slower-growth counties
05107,Phillips County,AR,Arkansas,Micro,"Helena-West Helena, AR",Low,0,Fast-rising lower-premium counties,0.9538386096800148,0.9076801077256591,3,High-premium slower-growth counties
05109,Pike County,AR,Arkansas,,,Very Low,2,Typical lower-premium counties,0.9682194962114122,0.9384368365285772,4,High-premium high-nonrenewal counties
05111,Poinsett County,AR,Arkansas,Metro,"Jonesboro, AR",Low,0,Fast-rising lower-premium counties,0.9825708702703984,0.9651480465954219,3,High-premium slower-growth counties
05113,Polk County,AR,Arkansas,,,Low,1,Stable low-volatility insurance counties,0.9999085240528784,0.9998171203323418,3,High-premium slower-growth counties
05115,Pope County,AR,Arkansas,Micro,"Russellville, AR",Low,2,Typical lower-premium counties,0.9984662927449646,0.9977559456239031,3,High-premium slower-growth counties
05117,Prairie County,AR,Arkansas,,,Very Low,3,High-premium slower-growth counties,0.9999999996734878,0.9999999993469755,0,Fast-rising lower-premium counties
05119,Pulaski County,AR,Arkansas,Metro,"Little Rock-North Little Rock-Conway, AR",High,1,Stable low-volatility insurance counties,0.9999007596329578,0.9998016567846738,3,High-premium slower-growth counties
05121,Randolph County,AR,Arkansas,,,Low,2,Typical lower-premium counties,0.9935450942020507,0.9884471481996737,4,High-premium high-nonrenewal counties
05123,St. Francis County,AR,Arkansas,Micro,"Forrest City, AR",Low,2,Typical lower-premium counties,0.9727411816808228,0.9456221469564371,3,High-premium slower-growth counties
05125,Saline County,AR,Arkansas,Metro,"Little Rock-North Little Rock-Conway, AR",Low,3,High-premium slower-growth counties,0.9999999998999876,0.9999999997999752,0,Fast-rising lower-premium counties
05127,Scott County,AR,Arkansas,,,Very Low,0,Fast-rising lower-premium counties,0.9706474625787638,0.9413502358348049,3,High-premium slower-growth counties
05129,Searcy County,AR,Arkansas,,,Very Low,4,High-premium high-nonrenewal counties,0.9372730399919674,0.8750267088339319,3,High-premium slower-growth counties
05131,Sebastian County,AR,Arkansas,Metro,"Fort Smith, AR-OK",Moderate,2,Typical lower-premium counties,0.9963346241993286,0.9934282688678933,3,High-premium slower-growth counties
05133,Sevier County,AR,Arkansas,,,Low,4,High-premium high-nonrenewal counties,0.9752396159267767,0.9506759983197757,3,High-premium slower-growth counties
05135,Sharp County,AR,Arkansas,,,Low,2,Typical lower-premium counties,0.9822909956839665,0.966202609646675,3,High-premium slower-growth counties
05137,Stone County,AR,Arkansas,,,Low,2,Typical lower-premium counties,0.9953146354137796,0.9915309361612298,3,High-premium slower-growth counties
05139,Union County,AR,Arkansas,Micro,"El Dorado, AR",Low,1,Stable low-volatility insurance counties,0.9999799541369797,0.9999599115481529,3,High-premium slower-growth counties
05141,Van Buren County,AR,Arkansas,,,Low,1,Stable low-volatility insurance counties,0.9999730768966334,0.9999461598864801,3,High-premium slower-growth counties
05143,Washington County,AR,Arkansas,Metro,"Fayetteville-Springdale-Rogers, AR-MO",Moderate,2,Typical lower-premium counties,0.9930456022399945,0.9876045641714167,3,High-premium slower-growth counties
05145,White County,AR,Arkansas,Micro,"Searcy, AR",Moderate,2,Typical lower-premium counties,0.9993470680663128,0.9987553992430429,3,High-premium slower-growth counties
05147,Woodruff County,AR,Arkansas,,,Very Low,0,Fast-rising lower-premium counties,0.9936248492384987,0.987265572591758,3,High-premium slower-growth counties
05149,Yell County,AR,Arkansas,Micro,"Russellville, AR",Low,1,Stable low-volatility insurance counties,0.999940607208425,0.9998812573841668,3,High-premium slower-growth counties
06001,Alameda County,CA,California,Metro,"San Francisco-Oakland-Hayward, CA",Very High,2,Typical lower-premium counties,0.9981023278095476,0.9971021120048792,3,High-premium slower-growth counties
06003,Alpine County,CA,California,,,Very Low,0,Fast-rising lower-premium counties,0.9921402128601626,0.9842804257203237,3,High-premium slower-growth counties
06005,Amador County,CA,California,,,Low,3,High-premium slower-growth counties,0.9999999530939772,0.999999906200055,4,High-premium high-nonrenewal counties
06007,Butte County,CA,California,Metro,"Chico, CA",Moderate,4,High-premium high-nonrenewal counties,0.8958826780411749,0.8078159686954826,2,Typical lower-premium counties
06009,Calaveras County,CA,California,,,Moderate,3,High-premium slower-growth counties,1.0,1.0,4,High-premium high-nonrenewal counties
06011,Colusa County,CA,California,,,Moderate,2,Typical lower-premium counties,0.9680259635506642,0.938077738744846,3,High-premium slower-growth counties
06013,Contra Costa County,CA,California,Metro,"San Francisco-Oakland-Hayward, CA",Very High,2,Typical lower-premium counties,0.9970737482155381,0.9953149083125119,3,High-premium slower-growth counties
06015,Del Norte County,CA,California,Micro,"Crescent City, CA",High,2,Typical lower-premium counties,0.997214000438293,0.9950965846090288,3,High-premium slower-growth counties
06017,El Dorado County,CA,California,Metro,"Sacramento--Roseville--Arden-Arcade, CA",Moderate,3,High-premium slower-growth counties,0.9999999992361346,0.9999999984735692,4,High-premium high-nonrenewal counties
06019,Fresno County,CA,California,Metro,"Fresno, CA",High,4,High-premium high-nonrenewal counties,0.9844123927640591,0.9703877497371646,3,High-premium slower-growth counties
06021,Glenn County,CA,California,,,Low,2,Typical lower-premium counties,0.9944083801954509,0.9905374963510363,3,High-premium slower-growth counties
06023,Humboldt County,CA,California,Micro,"Eureka-Arcata-Fortuna, CA",High,4,High-premium high-nonrenewal counties,0.9840862384222997,0.9686591786678548,3,High-premium slower-growth counties
06025,Imperial County,CA,California,Metro,"El Centro, CA",High,2,Typical lower-premium counties,0.9987886963793511,0.9981807739273906,3,High-premium slower-growth counties
06027,Inyo County,CA,California,,,Low,4,High-premium high-nonrenewal counties,0.9988659133009969,0.9977392259069616,3,High-premium slower-growth counties
06029,Kern County,CA,California,Metro,"Bakersfield, CA",High,4,High-premium high-nonrenewal counties,0.9818410457603641,0.9691815486961248,3,High-premium slower-growth counties
06031,Kings County,CA,California,Metro,"Hanford-Corcoran, CA",Moderate,3,High-premium slower-growth counties,0.9997272163751769,0.9995673179310754,0,Fast-rising lower-premium counties
06033,Lake County,CA,California,Micro,"Clearlake, CA",Moderate,3,High-premium slower-growth counties,0.9999999994515889,0.999999998903237,0,Fast-rising lower-premium counties
06035,Lassen County,CA,California,Micro,"Susanville, CA",Low,4,High-premium high-nonrenewal counties,0.994978525869005,0.9899572676131508,3,High-premium slower-growth counties
06037,Los Angeles County,CA,California,Metro,"Los Angeles-Long Beach-Anaheim, CA",Very High,1,Stable low-volatility insurance counties,0.99997377022878,0.9999477230146436,3,High-premium slower-growth counties
06039,Madera County,CA,California,Metro,"Madera, CA",High,4,High-premium high-nonrenewal counties,0.9973905512591978,0.9947915945254946,3,High-premium slower-growth counties
06041,Marin County,CA,California,Metro,"San Francisco-Oakland-Hayward, CA",High,2,Typical lower-premium counties,0.849057638382499,0.7040046091529211,3,High-premium slower-growth counties
06043,Mariposa County,CA,California,,,Moderate,3,High-premium slower-growth counties,0.9999999999999787,0.9999999999999559,4,High-premium high-nonrenewal counties
06045,Mendocino County,CA,California,Micro,"Ukiah, CA",High,4,High-premium high-nonrenewal counties,0.9974081793620222,0.9948166688984404,3,High-premium slower-growth counties
06047,Merced County,CA,California,Metro,"Merced, CA",High,2,Typical lower-premium counties,0.9391835583074586,0.8836511444541896,3,High-premium slower-growth counties
06049,Modoc County,CA,California,,,Very Low,4,High-premium high-nonrenewal counties,0.9972671116185868,0.9945415267553928,3,High-premium slower-growth counties
06051,Mono County,CA,California,,,Low,4,High-premium high-nonrenewal counties,0.9762906780790706,0.9526143051138118,3,High-premium slower-growth counties
06053,Monterey County,CA,California,Metro,"Salinas, CA",High,2,Typical lower-premium counties,0.9891309538658046,0.9832592913662089,3,High-premium slower-growth counties
06055,Napa County,CA,California,Metro,"Napa, CA",High,2,Typical lower-premium counties,0.9963424948091393,0.9936869288135728,0,Fast-rising lower-premium counties
06057,Nevada County,CA,California,Micro,"Truckee-Grass Valley, CA",Moderate,3,High-premium slower-growth counties,1.0,1.0,4,High-premium high-nonrenewal counties
06059,Orange County,CA,California,Metro,"Los Angeles-Long Beach-Anaheim, CA",Very High,1,Stable low-volatility insurance counties,0.9999566803020399,0.9999137370658944,3,High-premium slower-growth counties
06061,Placer County,CA,California,Metro,"Sacramento--Roseville--Arden-Arcade, CA",Moderate,4,High-premium high-nonrenewal counties,0.9492271929491831,0.9001104677462355,2,Typical lower-premium counties
06063,Plumas County,CA,California,,,Moderate,4,High-premium high-nonrenewal counties,0.9963516176593495,0.9927038201976758,3,High-premium slower-growth counties
06065,Riverside County,CA,California,Metro,"Riverside-San Bernardino-Ontario, CA",Very High,4,High-premium high-nonrenewal counties,0.9914209398351619,0.987021847062131,2,Typical lower-premium counties
06067,Sacramento County,CA,California,Metro,"Sacramento--Roseville--Arden-Arcade, CA",High,2,Typical lower-premium counties,0.9948084714493381,0.990940805134248,3,High-premium slower-growth counties
06069,San Benito County,CA,California,Metro,"San Jose-Sunnyvale-Santa Clara, CA",Moderate,2,Typical lower-premium counties,0.9973027616840003,0.9954531310096603,0,Fast-rising lower-premium counties
06071,San Bernardino County,CA,California,Metro,"Riverside-San Bernardino-Ontario, CA",Very High,4,High-premium high-nonrenewal counties,0.9750303077918012,0.957947137849331,3,High-premium slower-growth counties
06073,San Diego County,CA,California,Metro,"San Diego-Carlsbad, CA",Very High,4,High-premium high-nonrenewal counties,0.9873645477080997,0.9767494302948563,2,Typical lower-premium counties
06075,San Francisco County,CA,California,Metro,"San Francisco-Oakland-Hayward, CA",Very High,2,Typical lower-premium counties,0.9846361322283042,0.9695464781687274,3,High-premium slower-growth counties
06077,San Joaquin County,CA,California,Metro,"Stockton-Lodi, CA",High,4,High-premium high-nonrenewal counties,0.9771825580236014,0.9579905270399555,3,High-premium slower-growth counties
06079,San Luis Obispo County,CA,California,Metro,"San Luis Obispo-Paso Robles-Arroyo Grande, CA",High,1,Stable low-volatility insurance counties,0.9999299335293009,0.9998601156740465,3,High-premium slower-growth counties
06081,San Mateo County,CA,California,Metro,"San Francisco-Oakland-Hayward, CA",High,2,Typical lower-premium counties,0.9971048044457781,0.994866363847518,3,High-premium slower-growth counties
06083,Santa Barbara County,CA,California,Metro,"Santa Maria-Santa Barbara, CA",High,2,Typical lower-premium counties,0.9960026641772877,0.993254810486318,3,High-premium slower-growth counties
06085,Santa Clara County,CA,California,Metro,"San Jose-Sunnyvale-Santa Clara, CA",Very High,2,Typical lower-premium counties,0.9893105970208729,0.9793165349458839,3,High-premium slower-growth counties
06087,Santa Cruz County,CA,California,Metro,"Santa Cruz-Watsonville, CA",High,4,High-premium high-nonrenewal counties,0.9992263700597062,0.9985106156332889,3,High-premium slower-growth counties
06089,Shasta County,CA,California,Metro,"Redding, CA",Moderate,4,High-premium high-nonrenewal counties,0.9842913864202097,0.9685828036367188,3,High-premium slower-growth counties
06091,Sierra County,CA,California,,,Very Low,3,High-premium slower-growth counties,0.9999980929844334,0.9999962156545252,4,High-premium high-nonrenewal counties
06093,Siskiyou County,CA,California,,,Moderate,4,High-premium high-nonrenewal counties,0.995617757122988,0.9912596975590954,3,High-premium slower-growth counties
06095,Solano County,CA,California,Metro,"Vallejo-Fairfield, CA",High,2,Typical lower-premium counties,0.9983537876875436,0.9972967689019051,0,Fast-rising lower-premium counties
06097,Sonoma County,CA,California,Metro,"Santa Rosa, CA",High,2,Typical lower-premium counties,0.9971343244512424,0.9949821629798655,0,Fast-rising lower-premium counties
06099,Stanislaus County,CA,California,Metro,"Modesto, CA",High,2,Typical lower-premium counties,0.9866990246766396,0.9750158276446077,3,High-premium slower-growth counties
06101,Sutter County,CA,California,Metro,"Yuba City, CA",Moderate,2,Typical lower-premium counties,0.9988155564429864,0.9982093275119671,3,High-premium slower-growth counties
06103,Tehama County,CA,California,Micro,"Red Bluff, CA",Moderate,4,High-premium high-nonrenewal counties,0.9911824386440022,0.9823649255475814,3,High-premium slower-growth counties
06105,Trinity County,CA,California,,,Low,3,High-premium slower-growth counties,0.9999998678182197,0.9999997442924066,4,High-premium high-nonrenewal counties
06107,Tulare County,CA,California,Metro,"Visalia-Porterville, CA",High,1,Stable low-volatility insurance counties,0.9627718730660789,0.9255454113170705,3,High-premium slower-growth counties
06109,Tuolumne County,CA,California,Micro,"Sonora, CA",Moderate,3,High-premium slower-growth counties,1.0,0.9999999999999999,0,Fast-rising lower-premium counties
06111,Ventura County,CA,California,Metro,"Oxnard-Thousand Oaks-Ventura, CA",High,4,High-premium high-nonrenewal counties,0.992363073610546,0.9856284932676572,2,Typical lower-premium counties
06113,Yolo County,CA,California,Metro,"Sacramento--Roseville--Arden-Arcade, CA",Moderate,0,Fast-rising lower-premium counties,0.9923584168052653,0.9847168336346633,3,High-premium slower-growth counties
06115,Yuba County,CA,California,Metro,"Yuba City, CA",Low,4,High-premium high-nonrenewal counties,0.9970029459641813,0.9952500469355022,3,High-premium slower-growth counties
08001,Adams County,CO,Colorado,Metro,"Denver-Aurora-Lakewood, CO",Moderate,1,Stable low-volatility insurance counties,0.896199581487544,0.7924005040357578,3,High-premium slower-growth counties
08003,Alamosa County,CO,Colorado,,,Very Low,2,Typical lower-premium counties,0.8070736711706941,0.6241884768380256,3,High-premium slower-growth counties
08005,Arapahoe County,CO,Colorado,Metro,"Denver-Aurora-Lakewood, CO",Moderate,3,High-premium slower-growth counties,0.9999998908364656,0.9999997817164205,1,Stable low-volatility insurance counties
08007,Archuleta County,CO,Colorado,,,Very Low,1,Stable low-volatility insurance counties,0.9965208195907678,0.9930417856855132,3,High-premium slower-growth counties
08009,Baca County,CO,Colorado,,,Very Low,2,Typical lower-premium counties,0.9682559974681038,0.9392059457618205,0,Fast-rising lower-premium counties
08011,Bent County,CO,Colorado,,,Very Low,2,Typical lower-premium counties,0.999039761355611,0.9984045149748875,0,Fast-rising lower-premium counties
08013,Boulder County,CO,Colorado,Metro,"Boulder, CO",Moderate,3,High-premium slower-growth counties,0.9999999999998259,0.9999999999996536,0,Fast-rising lower-premium counties
08014,Broomfield County,CO,Colorado,Metro,"Denver-Aurora-Lakewood, CO",Very Low,3,High-premium slower-growth counties,0.9824395255795978,0.9657208166243334,2,Typical lower-premium counties
08015,Chaffee County,CO,Colorado,,,Low,1,Stable low-volatility insurance counties,0.9970948559009358,0.9941898034747687,3,High-premium slower-growth counties
08017,Cheyenne County,CO,Colorado,,,Very Low,4,High-premium high-nonrenewal counties,0.9965261928936644,0.9937548744792563,3,High-premium slower-growth counties
08019,Clear Creek County,CO,Colorado,Metro,"Denver-Aurora-Lakewood, CO",Low,3,High-premium slower-growth counties,0.9924606455566573,0.9849266179025342,4,High-premium high-nonrenewal counties
08021,Conejos County,CO,Colorado,,,Very Low,4,High-premium high-nonrenewal counties,0.6321132493116148,0.2642680576331226,3,High-premium slower-growth counties
08023,Costilla County,CO,Colorado,,,Very Low,4,High-premium high-nonrenewal counties,0.9985214517114275,0.9973541669845021,2,Typical lower-premium counties
08025,Crowley County,CO,Colorado,,,Very Low,2,Typical lower-premium counties,0.9517284052750928,0.90791882642281,0,Fast-rising lower-premium counties
08027,Custer County,CO,Colorado,,,Very Low,3,High-premium slower-growth counties,0.843712547540235,0.7057963174148132,2,Typical lower-premium counties
08029,Delta County,CO,Colorado,,,Low,2,Typical lower-premium counties,0.9316583835548046,0.8645174912787438,3,High-premium slower-growth counties
08031,Denver County,CO,Colorado,Metro,"Denver-Aurora-Lakewood, CO",High,3,High-premium slower-growth counties,0.5077032652298074,0.01540887994434037,1,Stable low-volatility insurance counties
08033,Dolores County,CO,Colorado,,,Very Low,2,Typical lower-premium counties,0.9989303374329777,0.9980641761792997,0,Fast-rising lower-premium counties
08035,Douglas County,CO,Colorado,Metro,"Denver-Aurora-Lakewood, CO",Moderate,3,High-premium slower-growth counties,1.0,0.9999999999999998,0,Fast-rising lower-premium counties
08037,Eagle County,CO,Colorado,Micro,"Edwards, CO",Low,3,High-premium slower-growth counties,0.5811441739716539,0.16232617841724506,4,High-premium high-nonrenewal counties
08039,Elbert County,CO,Colorado,Metro,"Denver-Aurora-Lakewood, CO",Very Low,3,High-premium slower-growth counties,1.0,1.0,0,Fast-rising lower-premium counties
08041,El Paso County,CO,Colorado,Metro,"Colorado Springs, CO",Moderate,1,Stable low-volatility insurance counties,0.5616210223004734,0.12324359822404918,3,High-premium slower-growth counties
08043,Fremont County,CO,Colorado,Micro,"Cañon City, CO",Low,1,Stable low-volatility insurance counties,0.9941115158619758,0.9882232917378981,3,High-premium slower-growth counties
08045,Garfield County,CO,Colorado,Micro,"Glenwood Springs, CO",Low,1,Stable low-volatility insurance counties,0.9919589018056492,0.9839184124376824,3,High-premium slower-growth counties
08047,Gilpin County,CO,Colorado,Metro,"Denver-Aurora-Lakewood, CO",Very Low,3,High-premium slower-growth counties,0.9999954133725905,0.9999908273625273,4,High-premium high-nonrenewal counties
08049,Grand County,CO,Colorado,,,Low,3,High-premium slower-growth counties,0.9999999905568302,0.9999999811137553,4,High-premium high-nonrenewal counties
08051,Gunnison County,CO,Colorado,,,Low,4,High-premium high-nonrenewal counties,0.9586389145370208,0.9173137513483116,3,High-premium slower-growth counties
08053,Hinsdale County,CO,Colorado,,,Very Low,4,High-premium high-nonrenewal counties,0.9996032419625412,0.9992124499069843,3,High-premium slower-growth counties
08055,Huerfano County,CO,Colorado,,,Very Low,3,High-premium slower-growth counties,0.612274245450677,0.22546947008505458,4,High-premium high-nonrenewal counties
08057,Jackson County,CO,Colorado,,,Very Low,2,Typical lower-premium counties,0.9985943771935147,0.9975628909644351,0,Fast-rising lower-premium counties
08059,Jefferson County,CO,Colorado,Metro,"Denver-Aurora-Lakewood, CO",High,3,High-premium slower-growth counties,0.9997526101274917,0.9995483026078091,2,Typical lower-premium counties
08061,Kiowa County,CO,Colorado,,,Very Low,4,High-premium high-nonrenewal counties,0.9926565435252974,0.9853653288671249,3,High-premium slower-growth counties
08063,Kit Carson County,CO,Colorado,,,Very Low,3,High-premium slower-growth counties,0.9467383067826753,0.8965856758096652,2,Typical lower-premium counties
08065,Lake County,CO,Colorado,,,Very Low,3,High-premium slower-growth counties,0.9990328484194877,0.9980657322311881,2,Typical lower-premium counties
08067,La Plata County,CO,Colorado,Micro,"Durango, CO",Low,4,High-premium high-nonrenewal counties,0.9274509908537026,0.8550611324668282,3,High-premium slower-growth counties
08069,Larimer County,CO,Colorado,Metro,"Fort Collins, CO",Moderate,3,High-premium slower-growth counties,0.9933137917356208,0.9866616894558079,2,Typical lower-premium counties
08071,Las Animas County,CO,Colorado,,,Very Low,4,High-premium high-nonrenewal counties,0.8883080634933213,0.7770003181576118,3,High-premium slower-growth counties
08073,Lincoln County,CO,Colorado,,,Very Low,3,High-premium slower-growth counties,0.9213974360501135,0.8439049212512468,4,High-premium high-nonrenewal counties
08075,Logan County,CO,Colorado,Micro,"Sterling, CO",Low,3,High-premium slower-growth counties,0.8138472459653942,0.6276962465866833,1,Stable low-volatility insurance counties
08077,Mesa County,CO,Colorado,Metro,"Grand Junction, CO",Low,1,Stable low-volatility insurance counties,0.8342644079547207,0.6685301797969472,3,High-premium slower-growth counties
08079,Mineral County,CO,Colorado,,,Very Low,2,Typical lower-premium counties,0.999275046011073,0.9987019663185142,0,Fast-rising lower-premium counties
08081,Moffat County,CO,Colorado,Micro,"Craig, CO",Very Low,2,Typical lower-premium counties,0.8780689013800093,0.7585313150535248,3,High-premium slower-growth counties
08083,Montezuma County,CO,Colorado,,,Low,2,Typical lower-premium counties,0.8152584896547892,0.6330163138328453,3,High-premium slower-growth counties
08085,Montrose County,CO,Colorado,Micro,"Montrose, CO",Low,2,Typical lower-premium counties,0.9175950255612442,0.8361348081770612,3,High-premium slower-growth counties
08087,Morgan County,CO,Colorado,Micro,"Fort Morgan, CO",Low,3,High-premium slower-growth counties,0.9955279100075745,0.9910558552460902,1,Stable low-volatility insurance counties
08089,Otero County,CO,Colorado,,,Low,0,Fast-rising lower-premium counties,0.8341385677959068,0.6682771355918145,3,High-premium slower-growth counties
08091,Ouray County,CO,Colorado,,,Very Low,2,Typical lower-premium counties,0.8307947858058725,0.6768646510009582,3,High-premium slower-growth counties
08093,Park County,CO,Colorado,Metro,"Denver-Aurora-Lakewood, CO",Very Low,4,High-premium high-nonrenewal counties,0.8039199976779748,0.608170458052461,3,High-premium slower-growth counties
08095,Phillips County,CO,Colorado,,,Very Low,3,High-premium slower-growth counties,0.9999998300426614,0.9999996602207294,1,Stable low-volatility insurance counties
08097,Pitkin County,CO,Colorado,Micro,"Glenwood Springs, CO",Low,3,High-premium slower-growth counties,1.0,1.0,0,Fast-rising lower-premium counties
08099,Prowers County,CO,Colorado,,,Low,1,Stable low-volatility insurance counties,0.698424838191204,0.3968544608152086,3,High-premium slower-growth counties
08101,Pueblo County,CO,Colorado,Metro,"Pueblo, CO",Moderate,1,Stable low-volatility insurance counties,0.8066766605680281,0.6133571226362862,3,High-premium slower-growth counties
08103,Rio Blanco County,CO,Colorado,,,Very Low,1,Stable low-volatility insurance counties,0.9046140040607705,0.8092301360252754,3,High-premium slower-growth counties
08105,Rio Grande County,CO,Colorado,,,Low,2,Typical lower-premium counties,0.8703502542761556,0.7446966120438762,3,High-premium slower-growth counties
08107,Routt County,CO,Colorado,Micro,"Steamboat Springs, CO",Very Low,1,Stable low-volatility insurance counties,0.9542349303392927,0.9084704163097884,3,High-premium slower-growth counties
08109,Saguache County,CO,Colorado,,,Very Low,2,Typical lower-premium counties,0.7854320561913235,0.5734005227816455,3,High-premium slower-growth counties
08111,San Juan County,CO,Colorado,,,Very Low,3,High-premium slower-growth counties,0.7093066122251958,0.41861540794974644,4,High-premium high-nonrenewal counties
08113,San Miguel County,CO,Colorado,,,Very Low,4,High-premium high-nonrenewal counties,0.9458933219065403,0.8917866689700359,3,High-premium slower-growth counties
08115,Sedgwick County,CO,Colorado,,,Very Low,2,Typical lower-premium counties,0.9897156716179323,0.982520644492565,0,Fast-rising lower-premium counties
08117,Summit County,CO,Colorado,Micro,"Breckenridge, CO",Low,3,High-premium slower-growth counties,1.0,1.0,4,High-premium high-nonrenewal counties
08119,Teller County,CO,Colorado,Metro,"Colorado Springs, CO",Very Low,4,High-premium high-nonrenewal counties,0.7621891960574797,0.5249554819715616,3,High-premium slower-growth counties
08121,Washington County,CO,Colorado,,,Very Low,2,Typical lower-premium counties,0.999039761355611,0.9984045149748875,0,Fast-rising lower-premium counties
08123,Weld County,CO,Colorado,Metro,"Greeley, CO",Moderate,1,Stable low-volatility insurance counties,0.9332947435752932,0.8665903887648834,3,High-premium slower-growth counties
08125,Yuma County,CO,Colorado,,,Very Low,3,High-premium slower-growth counties,0.9842376184840668,0.9690160066211717,2,Typical lower-premium counties
10001,Kent County,DE,Delaware,Metro,"Dover, DE",Moderate,3,High-premium slower-growth counties,0.9999932122961227,0.999986424592246,0,Fast-rising lower-premium counties
10003,New Castle County,DE,Delaware,Metro,"Philadelphia-Camden-Wilmington, PA-NJ-DE-MD",High,0,Fast-rising lower-premium counties,0.963777662096206,0.9275553242179114,3,High-premium slower-growth counties
10005,Sussex County,DE,Delaware,Metro,"Salisbury, MD-DE",Moderate,2,Typical lower-premium counties,0.8498619302226689,0.7484289335157762,4,High-premium high-nonrenewal counties
11001,District of Columbia,DC,istrict of Columbia,Metro,"Washington-Arlington-Alexandria, DC-VA-MD-WV",High,3,High-premium slower-growth counties,0.9999999928146082,0.9999999856292198,0,Fast-rising lower-premium counties
12001,Alachua County,FL,Florida,Metro,"Gainesville, FL",Moderate,2,Typical lower-premium counties,0.883821633646044,0.7709586505201649,3,High-premium slower-growth counties
12003,Baker County,FL,Florida,Metro,"Jacksonville, FL",Very Low,3,High-premium slower-growth counties,0.9999999221888801,0.999999844377762,0,Fast-rising lower-premium counties
12005,Bay County,FL,Florida,Metro,"Panama City, FL",Moderate,3,High-premium slower-growth counties,0.5025062887774305,0.00564094973938245,4,High-premium high-nonrenewal counties
12007,Bradford County,FL,Florida,,,Very Low,2,Typical lower-premium counties,0.9643391820345153,0.9296367063617883,3,High-premium slower-growth counties
12009,Brevard County,FL,Florida,Metro,"Palm Bay-Melbourne-Titusville, FL",High,4,High-premium high-nonrenewal counties,0.9568586510535644,0.9137334468183942,3,High-premium slower-growth counties
12011,Broward County,FL,Florida,Metro,"Miami-Fort Lauderdale-West Palm Beach, FL",High,3,High-premium slower-growth counties,1.0,0.9999999999999992,0,Fast-rising lower-premium counties
12013,Calhoun County,FL,Florida,,,Low,3,High-premium slower-growth counties,0.7522346013561202,0.5044692127553405,0,Fast-rising lower-premium counties
12015,Charlotte County,FL,Florida,Metro,"Punta Gorda, FL",High,4,High-premium high-nonrenewal counties,0.6853276060346659,0.37065521696027537,3,High-premium slower-growth counties
12017,Citrus County,FL,Florida,Metro,"Homosassa Springs, FL",High,4,High-premium high-nonrenewal counties,0.7027271640438396,0.4060111010236964,3,High-premium slower-growth counties
12019,Clay County,FL,Florida,Metro,"Jacksonville, FL",Moderate,2,Typical lower-premium counties,0.6752891404172212,0.3518867487402911,3,High-premium slower-growth counties
12021,Collier County,FL,Florida,Metro,"Naples-Immokalee-Marco Island, FL",High,3,High-premium slower-growth counties,0.9999999999484643,0.9999999998973795,4,High-premium high-nonrenewal counties
12023,Columbia County,FL,Florida,Micro,"Lake City, FL",Low,2,Typical lower-premium counties,0.6389808855555238,0.2884893528200493,3,High-premium slower-growth counties
12027,DeSoto County,FL,Florida,Micro,"Arcadia, FL",Moderate,4,High-premium high-nonrenewal counties,0.950554362949017,0.9011167031612272,3,High-premium slower-growth counties
12029,Dixie County,FL,Florida,,,Very Low,3,High-premium slower-growth counties,0.9999592421030398,0.9999185445211475,4,High-premium high-nonrenewal counties
12031,Duval County,FL,Florida,Metro,"Jacksonville, FL",High,2,Typical lower-premium counties,0.8843235666701869,0.7712515004477478,3,High-premium slower-growth counties
12033,Escambia County,FL,Florida,Metro,"Pensacola-Ferry Pass-Brent, FL",High,2,Typical lower-premium counties,0.616196698587312,0.2325908446737372,3,High-premium slower-growth counties
12035,Flagler County,FL,Florida,Metro,"Deltona-Daytona Beach-Ormond Beach, FL",Moderate,4,High-premium high-nonrenewal counties,0.6611694616097757,0.32233991394451683,3,High-premium slower-growth counties
12037,Franklin County,FL,Florida,,,Low,3,High-premium slower-growth counties,1.0,1.0,4,High-premium high-nonrenewal counties
12039,Gadsden County,FL,Florida,Metro,"Tallahassee, FL",Low,1,Stable low-volatility insurance counties,0.5123810181542674,0.024790728706012177,3,High-premium slower-growth counties
12041,Gilchrist County,FL,Florida,Metro,"Gainesville, FL",Very Low,3,High-premium slower-growth counties,0.5136945284653456,0.028995805394350815,4,High-premium high-nonrenewal counties
12043,Glades County,FL,Florida,,,Low,3,High-premium slower-growth counties,0.9999987430490277,0.999997486098055,0,Fast-rising lower-premium counties
12045,Gulf County,FL,Florida,Metro,"Panama City, FL",Low,3,High-premium slower-growth counties,1.0,0.9999999999999994,0,Fast-rising lower-premium counties
12047,Hamilton County,FL,Florida,,,Low,3,High-premium slower-growth counties,0.999999999936108,0.9999999998722148,0,Fast-rising lower-premium counties
12049,Hardee County,FL,Florida,Micro,"Wauchula, FL",Low,4,High-premium high-nonrenewal counties,0.9451273622939019,0.89025474601321,3,High-premium slower-growth counties
12051,Hendry County,FL,Florida,Micro,"Clewiston, FL",Low,3,High-premium slower-growth counties,1.0,1.0,0,Fast-rising lower-premium counties
12053,Hernando County,FL,Florida,Metro,"Tampa-St. Petersburg-Clearwater, FL",Moderate,3,High-premium slower-growth counties,0.5890277220958007,0.17807131260197806,4,High-premium high-nonrenewal counties
12055,Highlands County,FL,Florida,Metro,"Sebring, FL",Moderate,3,High-premium slower-growth counties,0.9988535851084263,0.9977071702168521,0,Fast-rising lower-premium counties
12057,Hillsborough County,FL,Florida,Metro,"Tampa-St. Petersburg-Clearwater, FL",High,4,High-premium high-nonrenewal counties,0.9556019633741707,0.9117068693392255,3,High-premium slower-growth counties
12059,Holmes County,FL,Florida,,,Low,3,High-premium slower-growth counties,0.9999994734719203,0.9999989469444929,0,Fast-rising lower-premium counties
12061,Indian River County,FL,Florida,Metro,"Sebastian-Vero Beach, FL",High,4,High-premium high-nonrenewal counties,0.6887371888361762,0.3774743864864182,3,High-premium slower-growth counties
12063,Jackson County,FL,Florida,,,Low,1,Stable low-volatility insurance counties,0.9712042543683449,0.9424113739976242,3,High-premium slower-growth counties
12065,Jefferson County,FL,Florida,Metro,"Tallahassee, FL",Very Low,2,Typical lower-premium counties,0.8629016355460172,0.7361161319968199,3,High-premium slower-growth counties
12067,Lafayette County,FL,Florida,,,Very Low,2,Typical lower-premium counties,0.9971101623049807,0.9943250236324347,3,High-premium slower-growth counties
12069,Lake County,FL,Florida,Metro,"Orlando-Kissimmee-Sanford, FL",Moderate,4,High-premium high-nonrenewal counties,0.682680331700208,0.365362226172582,3,High-premium slower-growth counties
12071,Lee County,FL,Florida,Metro,"Cape Coral-Fort Myers, FL",High,4,High-premium high-nonrenewal counties,0.7768358698347592,0.5537312749437588,3,High-premium slower-growth counties
12073,Leon County,FL,Florida,Metro,"Tallahassee, FL",Moderate,2,Typical lower-premium counties,0.5252671747437939,0.052889502573947145,3,High-premium slower-growth counties
12075,Levy County,FL,Florida,,,Low,4,High-premium high-nonrenewal counties,0.9524912040212301,0.9049824812274989,3,High-premium slower-growth counties
12077,Liberty County,FL,Florida,,,Very Low,3,High-premium slower-growth counties,0.9514571970586614,0.9057492104209608,4,High-premium high-nonrenewal counties
12079,Madison County,FL,Florida,,,Low,0,Fast-rising lower-premium counties,0.9951970770637061,0.990394154127411,3,High-premium slower-growth counties
12081,Manatee County,FL,Florida,Metro,"North Port-Sarasota-Bradenton, FL",High,4,High-premium high-nonrenewal counties,0.8249841236598214,0.6499685071837772,3,High-premium slower-growth counties
12083,Marion County,FL,Florida,Metro,"Ocala, FL",High,4,High-premium high-nonrenewal counties,0.5358515331203546,0.07213630339651911,3,High-premium slower-growth counties
12085,Martin County,FL,Florida,Metro,"Port St. Lucie, FL",Moderate,3,High-premium slower-growth counties,0.999999999999936,0.9999999999998733,4,High-premium high-nonrenewal counties
12086,Miami-Dade County,FL,Florida,Metro,"Miami-Fort Lauderdale-West Palm Beach, FL",Very High,3,High-premium slower-growth counties,1.0,1.0,2,Typical lower-premium counties
12087,Monroe County,FL,Florida,Micro,"Key West, FL",Moderate,3,High-premium slower-growth counties,1.0,1.0,4,High-premium high-nonrenewal counties
12089,Nassau County,FL,Florida,Metro,"Jacksonville, FL",Low,4,High-premium high-nonrenewal counties,0.952094188999232,0.9041972772354052,3,High-premium slower-growth counties
12091,Okaloosa County,FL,Florida,Metro,"Crestview-Fort Walton Beach-Destin, FL",Moderate,3,High-premium slower-growth counties,0.6057984054342997,0.21181710856178038,2,Typical lower-premium counties
12093,Okeechobee County,FL,Florida,Micro,"Okeechobee, FL",Low,3,High-premium slower-growth counties,0.9999999999965752,0.9999999999931488,4,High-premium high-nonrenewal counties
12095,Orange County,FL,Florida,Metro,"Orlando-Kissimmee-Sanford, FL",High,2,Typical lower-premium counties,0.772641776058907,0.5459681257525447,3,High-premium slower-growth counties
12097,Osceola County,FL,Florida,Metro,"Orlando-Kissimmee-Sanford, FL",Moderate,4,High-premium high-nonrenewal counties,0.942192473216906,0.8843913153464792,3,High-premium slower-growth counties
12099,Palm Beach County,FL,Florida,Metro,"Miami-Fort Lauderdale-West Palm Beach, FL",High,3,High-premium slower-growth counties,0.9999999999999964,0.9999999999999919,4,High-premium high-nonrenewal counties
12101,Pasco County,FL,Florida,Metro,"Tampa-St. Petersburg-Clearwater, FL",High,4,High-premium high-nonrenewal counties,0.992060075244134,0.9842093012382591,3,High-premium slower-growth counties
12103,Pinellas County,FL,Florida,Metro,"Tampa-St. Petersburg-Clearwater, FL",High,3,High-premium slower-growth counties,0.9990818542482,0.9981639071633664,4,High-premium high-nonrenewal counties
12105,Polk County,FL,Florida,Metro,"Lakeland-Winter Haven, FL",High,4,High-premium high-nonrenewal counties,0.7889629730409485,0.5779296726667805,3,High-premium slower-growth counties
12107,Putnam County,FL,Florida,Micro,"Palatka, FL",Low,2,Typical lower-premium counties,0.635413029524988,0.28639222003999304,3,High-premium slower-growth counties
12109,St. Johns County,FL,Florida,Metro,"Jacksonville, FL",Moderate,4,High-premium high-nonrenewal counties,0.955495079995847,0.9110882065550178,3,High-premium slower-growth counties
12111,St. Lucie County,FL,Florida,Metro,"Port St. Lucie, FL",High,3,High-premium slower-growth counties,0.728359230622625,0.45698268803418063,2,Typical lower-premium counties
12113,Santa Rosa County,FL,Florida,Metro,"Pensacola-Ferry Pass-Brent, FL",Moderate,3,High-premium slower-growth counties,0.5521067629652203,0.10446160659293019,2,Typical lower-premium counties
12115,Sarasota County,FL,Florida,Metro,"North Port-Sarasota-Bradenton, FL",High,4,High-premium high-nonrenewal counties,0.8815143170283585,0.7630297648618699,3,High-premium slower-growth counties
12117,Seminole County,FL,Florida,Metro,"Orlando-Kissimmee-Sanford, FL",Moderate,2,Typical lower-premium counties,0.8982090660498371,0.7972220167025207,3,High-premium slower-growth counties
12119,Sumter County,FL,Florida,Metro,"The Villages, FL",Moderate,3,High-premium slower-growth counties,0.9943341004000977,0.9886682543817433,2,Typical lower-premium counties
12121,Suwannee County,FL,Florida,,,Low,2,Typical lower-premium counties,0.5152094768297834,0.08301652334178894,3,High-premium slower-growth counties
12123,Taylor County,FL,Florida,,,Low,4,High-premium high-nonrenewal counties,0.9754057934133321,0.95085267765366,3,High-premium slower-growth counties
12125,Union County,FL,Florida,,,Very Low,0,Fast-rising lower-premium counties,0.9940819407647365,0.9881638815294724,3,High-premium slower-growth counties
12127,Volusia County,FL,Florida,Metro,"Deltona-Daytona Beach-Ormond Beach, FL",High,2,Typical lower-premium counties,0.767141257462802,0.538803091036435,3,High-premium slower-growth counties
12129,Wakulla County,FL,Florida,Metro,"Tallahassee, FL",Low,4,High-premium high-nonrenewal counties,0.6214519785576418,0.24351990187388917,3,High-premium slower-growth counties
12131,Walton County,FL,Florida,Metro,"Crestview-Fort Walton Beach-Destin, FL",Moderate,3,High-premium slower-growth counties,0.9996619373962337,0.9993240192285874,4,High-premium high-nonrenewal counties
12133,Washington County,FL,Florida,,,Low,4,High-premium high-nonrenewal counties,0.974274093521351,0.9485752652903903,3,High-premium slower-growth counties
13001,Appling County,GA,Georgia,,,Low,2,Typical lower-premium counties,0.9993417642533152,0.9988652251451697,3,High-premium slower-growth counties
13003,Atkinson County,GA,Georgia,,,Very Low,2,Typical lower-premium counties,0.9998122008672952,0.9997195684794696,0,Fast-rising lower-premium counties
13005,Bacon County,GA,Georgia,,,Very Low,2,Typical lower-premium counties,0.9991715405962706,0.9987729964640107,4,High-premium high-nonrenewal counties
13007,Baker County,GA,Georgia,Metro,"Albany, GA",Very Low,2,Typical lower-premium counties,0.9924909121410403,0.988045897259468,4,High-premium high-nonrenewal counties
13009,Baldwin County,GA,Georgia,Micro,"Milledgeville, GA",Low,2,Typical lower-premium counties,0.9996572441163735,0.9993657316393677,3,High-premium slower-growth counties
13011,Banks County,GA,Georgia,,,Very Low,3,High-premium slower-growth counties,0.999999999163375,0.9999999983267504,0,Fast-rising lower-premium counties
13013,Barrow County,GA,Georgia,Metro,"Atlanta-Sandy Springs-Roswell, GA",Low,3,High-premium slower-growth counties,0.9999999998702762,0.9999999997405531,0,Fast-rising lower-premium counties
13015,Bartow County,GA,Georgia,Metro,"Atlanta-Sandy Springs-Roswell, GA",Low,2,Typical lower-premium counties,0.9994345880038739,0.9991462649909573,3,High-premium slower-growth counties
13017,Ben Hill County,GA,Georgia,Micro,"Fitzgerald, GA",Very Low,4,High-premium high-nonrenewal counties,0.9992159305119326,0.9984980790537807,3,High-premium slower-growth counties
13019,Berrien County,GA,Georgia,,,Very Low,2,Typical lower-premium counties,0.9964493135897602,0.9929318485318266,3,High-premium slower-growth counties
13021,Bibb County,GA,Georgia,Metro,"Macon, GA",Low,1,Stable low-volatility insurance counties,0.9990162400441736,0.9980324844419112,3,High-premium slower-growth counties
13023,Bleckley County,GA,Georgia,,,Very Low,1,Stable low-volatility insurance counties,0.9999809628091788,0.9999619393159509,3,High-premium slower-growth counties
13025,Brantley County,GA,Georgia,Metro,"Brunswick, GA",Very Low,3,High-premium slower-growth counties,0.9999705195522065,0.9999411006683923,0,Fast-rising lower-premium counties
13027,Brooks County,GA,Georgia,Metro,"Valdosta, GA",Very Low,2,Typical lower-premium counties,0.9989514491808847,0.997950402262754,3,High-premium slower-growth counties
13029,Bryan County,GA,Georgia,Metro,"Savannah, GA",Low,3,High-premium slower-growth counties,0.9840586347793757,0.9681172695655577,0,Fast-rising lower-premium counties
13031,Bulloch County,GA,Georgia,Micro,"Statesboro, GA",Low,3,High-premium slower-growth counties,0.9999999994452793,0.9999999988906348,0,Fast-rising lower-premium counties
13033,Burke County,GA,Georgia,Metro,"Augusta-Richmond County, GA-SC",Very Low,4,High-premium high-nonrenewal counties,0.9995311763191629,0.999189597366981,3,High-premium slower-growth counties
13035,Butts County,GA,Georgia,Metro,"Atlanta-Sandy Springs-Roswell, GA",Very Low,2,Typical lower-premium counties,0.9995317177837497,0.9993102671676977,3,High-premium slower-growth counties
13037,Calhoun County,GA,Georgia,,,Very Low,4,High-premium high-nonrenewal counties,0.9997092261147945,0.9994628779530728,3,High-premium slower-growth counties
13039,Camden County,GA,Georgia,Micro,"St. Marys, GA",Low,3,High-premium slower-growth counties,0.999977413735649,0.9999549183484322,0,Fast-rising lower-premium counties
13043,Candler County,GA,Georgia,,,Very Low,2,Typical lower-premium counties,0.994211231022868,0.9898542122462507,3,High-premium slower-growth counties
13045,Carroll County,GA,Georgia,Metro,"Atlanta-Sandy Springs-Roswell, GA",Low,2,Typical lower-premium counties,0.9995781868108771,0.9993782102444903,3,High-premium slower-growth counties
13047,Catoosa County,GA,Georgia,Metro,"Chattanooga, TN-GA",Low,2,Typical lower-premium counties,0.9977762999008,0.9956253002296676,3,High-premium slower-growth counties
13049,Charlton County,GA,Georgia,,,Very Low,2,Typical lower-premium counties,0.9991862916806672,0.9987636691936664,3,High-premium slower-growth counties
13051,Chatham County,GA,Georgia,Metro,"Savannah, GA",High,2,Typical lower-premium counties,0.8910182129126817,0.7821392018794713,3,High-premium slower-growth counties
13053,Chattahoochee County,GA,Georgia,Metro,"Columbus, GA-AL",Very Low,0,Fast-rising lower-premium counties,0.9185223084583387,0.837086092538245,3,High-premium slower-growth counties
13055,Chattooga County,GA,Georgia,Micro,"Summerville, GA",Low,2,Typical lower-premium counties,0.9997505949116299,0.9995680787203415,3,High-premium slower-growth counties
13057,Cherokee County,GA,Georgia,Metro,"Atlanta-Sandy Springs-Roswell, GA",Moderate,3,High-premium slower-growth counties,0.9999770965794579,0.9999544857587515,0,Fast-rising lower-premium counties
13059,Clarke County,GA,Georgia,Metro,"Athens-Clarke County, GA",Low,2,Typical lower-premium counties,0.9995744375020416,0.999238971254244,3,High-premium slower-growth counties
13061,Clay County,GA,Georgia,,,Very Low,0,Fast-rising lower-premium counties,0.9918244968207851,0.9836489936415718,3,High-premium slower-growth counties
13063,Clayton County,GA,Georgia,Metro,"Atlanta-Sandy Springs-Roswell, GA",Moderate,1,Stable low-volatility insurance counties,0.9999604311998617,0.9999209269792346,3,High-premium slower-growth counties
13065,Clinch County,GA,Georgia,,,Very Low,4,High-premium high-nonrenewal counties,0.9926362245689587,0.9855848809378739,3,High-premium slower-growth counties
13067,Cobb County,GA,Georgia,Metro,"Atlanta-Sandy Springs-Roswell, GA",High,2,Typical lower-premium counties,0.8181926683273428,0.6547744664078353,3,High-premium slower-growth counties
13069,Coffee County,GA,Georgia,Micro,"Douglas, GA",Low,2,Typical lower-premium counties,0.9996571459931777,0.9993731641438015,3,High-premium slower-growth counties
13071,Colquitt County,GA,Georgia,Micro,"Moultrie, GA",Low,2,Typical lower-premium counties,0.9995464254039421,0.9991679784860183,3,High-premium slower-growth counties
13073,Columbia County,GA,Georgia,Metro,"Augusta-Richmond County, GA-SC",Low,2,Typical lower-premium counties,0.9996876276099848,0.9995290986214944,3,High-premium slower-growth counties
13075,Cook County,GA,Georgia,,,Very Low,1,Stable low-volatility insurance counties,0.9993314199344282,0.9986628672051466,3,High-premium slower-growth counties
13077,Coweta County,GA,Georgia,Metro,"Atlanta-Sandy Springs-Roswell, GA",Low,2,Typical lower-premium counties,0.9982481707656453,0.9974269829925513,4,High-premium high-nonrenewal counties
13079,Crawford County,GA,Georgia,Metro,"Macon, GA",Very Low,4,High-premium high-nonrenewal counties,0.9972053941575515,0.995384583378401,3,High-premium slower-growth counties
13081,Crisp County,GA,Georgia,Micro,"Cordele, GA",Low,1,Stable low-volatility insurance counties,0.9999545114458891,0.9999090317178967,3,High-premium slower-growth counties
13083,Dade County,GA,Georgia,Metro,"Chattanooga, TN-GA",Very Low,2,Typical lower-premium counties,0.9997424237232662,0.9995448286973987,3,High-premium slower-growth counties
13085,Dawson County,GA,Georgia,Metro,"Atlanta-Sandy Springs-Roswell, GA",Very Low,0,Fast-rising lower-premium counties,0.9927105606769396,0.9854211213798282,3,High-premium slower-growth counties
13087,Decatur County,GA,Georgia,Micro,"Bainbridge, GA",Low,3,High-premium slower-growth counties,0.5936142676245,0.18723630828914406,2,Typical lower-premium counties
13089,DeKalb County,GA,Georgia,Metro,"Atlanta-Sandy Springs-Roswell, GA",Moderate,1,Stable low-volatility insurance counties,0.9993725213834986,0.9987452283744248,3,High-premium slower-growth counties
13091,Dodge County,GA,Georgia,,,Low,1,Stable low-volatility insurance counties,0.9999895519242171,0.9999791115080986,3,High-premium slower-growth counties
13093,Dooly County,GA,Georgia,,,Very Low,2,Typical lower-premium counties,0.4655204355982889,0.19059012957011884,3,High-premium slower-growth counties
13095,Dougherty County,GA,Georgia,Metro,"Albany, GA",Moderate,0,Fast-rising lower-premium counties,0.9620235259063168,0.9240500004891213,3,High-premium slower-growth counties
13097,Douglas County,GA,Georgia,Metro,"Atlanta-Sandy Springs-Roswell, GA",Low,2,Typical lower-premium counties,0.9992825973969145,0.9988630298491176,3,High-premium slower-growth counties
13099,Early County,GA,Georgia,,,Low,2,Typical lower-premium counties,0.9976121535023971,0.995551184168376,3,High-premium slower-growth counties
13101,Echols County,GA,Georgia,Metro,"Valdosta, GA",Very Low,2,Typical lower-premium counties,0.9994415707067099,0.9991150540769245,3,High-premium slower-growth counties
13103,Effingham County,GA,Georgia,Metro,"Savannah, GA",Low,2,Typical lower-premium counties,0.9996066286587704,0.9994160992032014,3,High-premium slower-growth counties
13105,Elbert County,GA,Georgia,,,Very Low,1,Stable low-volatility insurance counties,0.9999571814173199,0.9999144794676937,3,High-premium slower-growth counties
13107,Emanuel County,GA,Georgia,,,Very Low,1,Stable low-volatility insurance counties,0.9999675779192846,0.9999352182575887,3,High-premium slower-growth counties
13109,Evans County,GA,Georgia,,,Very Low,2,Typical lower-premium counties,0.9997230410459923,0.9995157361525313,3,High-premium slower-growth counties
13111,Fannin County,GA,Georgia,,,Low,2,Typical lower-premium counties,0.9984640509859262,0.9977068472265753,0,Fast-rising lower-premium counties
13113,Fayette County,GA,Georgia,Metro,"Atlanta-Sandy Springs-Roswell, GA",Low,2,Typical lower-premium counties,0.9642466881588795,0.9393603646446119,3,High-premium slower-growth counties
13115,Floyd County,GA,Georgia,Metro,"Rome, GA",Moderate,1,Stable low-volatility insurance counties,0.9999766482412227,0.99995331455833,3,High-premium slower-growth counties
13117,Forsyth County,GA,Georgia,Metro,"Atlanta-Sandy Springs-Roswell, GA",Moderate,0,Fast-rising lower-premium counties,0.9339595180213622,0.8679190360427284,3,High-premium slower-growth counties
13119,Franklin County,GA,Georgia,,,Very Low,2,Typical lower-premium counties,0.9987727002207665,0.9982805115576587,3,High-premium slower-growth counties
13121,Fulton County,GA,Georgia,Metro,"Atlanta-Sandy Springs-Roswell, GA",High,3,High-premium slower-growth counties,0.9999998218365941,0.9999996520477624,0,Fast-rising lower-premium counties
13123,Gilmer County,GA,Georgia,,,Low,2,Typical lower-premium counties,0.993327925771457,0.9885168586074193,4,High-premium high-nonrenewal counties
13125,Glascock County,GA,Georgia,,,Very Low,2,Typical lower-premium counties,0.9994961693352635,0.9992336525002214,3,High-premium slower-growth counties
13127,Glynn County,GA,Georgia,Metro,"Brunswick, GA",Moderate,2,Typical lower-premium counties,0.9712396455453726,0.942480110451728,3,High-premium slower-growth counties
13129,Gordon County,GA,Georgia,Micro,"Calhoun, GA",Low,2,Typical lower-premium counties,0.9766172376530884,0.953313922924717,3,High-premium slower-growth counties
13131,Grady County,GA,Georgia,,,Low,1,Stable low-volatility insurance counties,0.9999775171005597,0.9999550421239419,3,High-premium slower-growth counties
13133,Greene County,GA,Georgia,,,Very Low,3,High-premium slower-growth counties,0.9999972155159582,0.9999944310787227,0,Fast-rising lower-premium counties
13135,Gwinnett County,GA,Georgia,Metro,"Atlanta-Sandy Springs-Roswell, GA",High,2,Typical lower-premium counties,0.9707946373563935,0.9487163714567887,3,High-premium slower-growth counties
13137,Habersham County,GA,Georgia,Micro,"Cornelia, GA",Very Low,2,Typical lower-premium counties,0.9995185818047315,0.9992923959261939,3,High-premium slower-growth counties
13139,Hall County,GA,Georgia,Metro,"Gainesville, GA",Moderate,3,High-premium slower-growth counties,0.9902700283984065,0.981023899909541,2,Typical lower-premium counties
13141,Hancock County,GA,Georgia,Micro,"Milledgeville, GA",Very Low,3,High-premium slower-growth counties,0.9999999984346601,0.9999999968693238,0,Fast-rising lower-premium counties
13143,Haralson County,GA,Georgia,Metro,"Atlanta-Sandy Springs-Roswell, GA",Very Low,2,Typical lower-premium counties,0.9846259024005702,0.972086411173586,3,High-premium slower-growth counties
13145,Harris County,GA,Georgia,Metro,"Columbus, GA-AL",Very Low,2,Typical lower-premium counties,0.9996112418433242,0.9993657988745549,3,High-premium slower-growth counties
13147,Hart County,GA,Georgia,,,Very Low,1,Stable low-volatility insurance counties,0.9999749012336948,0.9999498190137646,3,High-premium slower-growth counties
13149,Heard County,GA,Georgia,Metro,"Atlanta-Sandy Springs-Roswell, GA",Very Low,2,Typical lower-premium counties,0.9901042433231307,0.9814517168720726,4,High-premium high-nonrenewal counties
13151,Henry County,GA,Georgia,Metro,"Atlanta-Sandy Springs-Roswell, GA",Low,3,High-premium slower-growth counties,0.8488276124876977,0.6979755876110131,2,Typical lower-premium counties
13153,Houston County,GA,Georgia,Metro,"Warner Robins, GA",Low,2,Typical lower-premium counties,0.9904387902821237,0.9828112693508795,3,High-premium slower-growth counties
13155,Irwin County,GA,Georgia,,,Very Low,1,Stable low-volatility insurance counties,0.9999864350999109,0.9999728832071052,3,High-premium slower-growth counties
13157,Jackson County,GA,Georgia,Micro,"Jefferson, GA",Very Low,3,High-premium slower-growth counties,0.999964564697044,0.9999291413552197,0,Fast-rising lower-premium counties
13159,Jasper County,GA,Georgia,Metro,"Atlanta-Sandy Springs-Roswell, GA",Very Low,2,Typical lower-premium counties,0.999560606653445,0.9993371030414122,4,High-premium high-nonrenewal counties
13161,Jeff Davis County,GA,Georgia,,,Very Low,2,Typical lower-premium counties,0.9990737721278908,0.9981750955073456,3,High-premium slower-growth counties
13163,Jefferson County,GA,Georgia,,,Very Low,1,Stable low-volatility insurance counties,0.9999836084235564,0.9999672509362213,3,High-premium slower-growth counties
13165,Jenkins County,GA,Georgia,,,Very Low,2,Typical lower-premium counties,0.5746731487677533,0.1880369278926376,3,High-premium slower-growth counties
13167,Johnson County,GA,Georgia,Micro,"Dublin, GA",Very Low,3,High-premium slower-growth counties,0.5966845736215597,0.19336923248925808,1,Stable low-volatility insurance counties
13169,Jones County,GA,Georgia,Metro,"Macon, GA",Very Low,2,Typical lower-premium counties,0.9991525423894724,0.9983305028198804,3,High-premium slower-growth counties
13171,Lamar County,GA,Georgia,Metro,"Atlanta-Sandy Springs-Roswell, GA",Very Low,2,Typical lower-premium counties,0.9996965486562753,0.9994679205936693,3,High-premium slower-growth counties
13173,Lanier County,GA,Georgia,Metro,"Valdosta, GA",Very Low,0,Fast-rising lower-premium counties,0.5660712733508815,0.1321425529392209,3,High-premium slower-growth counties
13175,Laurens County,GA,Georgia,Micro,"Dublin, GA",Low,1,Stable low-volatility insurance counties,0.9999839962382411,0.999967996626195,3,High-premium slower-growth counties
13177,Lee County,GA,Georgia,Metro,"Albany, GA",Very Low,0,Fast-rising lower-premium counties,0.6489856613912495,0.2979716340957606,3,High-premium slower-growth counties
13179,Liberty County,GA,Georgia,Metro,"Hinesville, GA",Moderate,2,Typical lower-premium counties,0.8773373773876694,0.7717168471752479,3,High-premium slower-growth counties
13181,Lincoln County,GA,Georgia,Metro,"Augusta-Richmond County, GA-SC",Very Low,2,Typical lower-premium counties,0.9982983541847458,0.9970679516188756,3,High-premium slower-growth counties
13183,Long County,GA,Georgia,Metro,"Hinesville, GA",Very Low,0,Fast-rising lower-premium counties,0.9918070386882695,0.9836142854570011,3,High-premium slower-growth counties
13185,Lowndes County,GA,Georgia,Metro,"Valdosta, GA",Low,1,Stable low-volatility insurance counties,0.9998636343423788,0.9997272897974028,3,High-premium slower-growth counties
13187,Lumpkin County,GA,Georgia,,,Low,0,Fast-rising lower-premium counties,0.9930850777851594,0.9861701555892262,3,High-premium slower-growth counties
13189,McDuffie County,GA,Georgia,Metro,"Augusta-Richmond County, GA-SC",Very Low,1,Stable low-volatility insurance counties,0.9999655380286561,0.999931092456907,3,High-premium slower-growth counties
13191,McIntosh County,GA,Georgia,Metro,"Brunswick, GA",Low,2,Typical lower-premium counties,0.9992302247705179,0.9985186946995477,3,High-premium slower-growth counties
13193,Macon County,GA,Georgia,,,Very Low,4,High-premium high-nonrenewal counties,0.9891520986923894,0.9783042653904999,3,High-premium slower-growth counties
13195,Madison County,GA,Georgia,Metro,"Athens-Clarke County, GA",Very Low,3,High-premium slower-growth counties,0.9999999992197282,0.9999999984394556,0,Fast-rising lower-premium counties
13197,Marion County,GA,Georgia,Metro,"Columbus, GA-AL",Very Low,3,High-premium slower-growth counties,0.9999999993606004,0.9999999987212028,0,Fast-rising lower-premium counties
13199,Meriwether County,GA,Georgia,Metro,"Atlanta-Sandy Springs-Roswell, GA",Very Low,1,Stable low-volatility insurance counties,0.999987132886764,0.9999742754601211,3,High-premium slower-growth counties
13201,Miller County,GA,Georgia,,,Very Low,3,High-premium slower-growth counties,0.8043446578496433,0.6086893156992856,0,Fast-rising lower-premium counties
13205,Mitchell County,GA,Georgia,,,Low,1,Stable low-volatility insurance counties,0.9999674305226981,0.9999348814372996,3,High-premium slower-growth counties
13207,Monroe County,GA,Georgia,Metro,"Macon, GA",Very Low,2,Typical lower-premium counties,0.9997230426493088,0.9995041064211617,3,High-premium slower-growth counties
13209,Montgomery County,GA,Georgia,Micro,"Vidalia, GA",Very Low,4,High-premium high-nonrenewal counties,0.9944150081700964,0.9890194023616911,3,High-premium slower-growth counties
13211,Morgan County,GA,Georgia,Metro,"Atlanta-Sandy Springs-Roswell, GA",Very Low,2,Typical lower-premium counties,0.9984523124049247,0.9976219322874129,3,High-premium slower-growth counties
13213,Murray County,GA,Georgia,Metro,"Dalton, GA",Low,2,Typical lower-premium counties,0.9954808274709445,0.9911018444666881,3,High-premium slower-growth counties
13215,Muscogee County,GA,Georgia,Metro,"Columbus, GA-AL",Moderate,2,Typical lower-premium counties,0.9989684894026934,0.9981404304670595,3,High-premium slower-growth counties
13217,Newton County,GA,Georgia,Metro,"Atlanta-Sandy Springs-Roswell, GA",Low,1,Stable low-volatility insurance counties,0.9999578011035194,0.9999156165680199,3,High-premium slower-growth counties
13219,Oconee County,GA,Georgia,Metro,"Athens-Clarke County, GA",Very Low,3,High-premium slower-growth counties,0.9999999983877323,0.9999999967757369,0,Fast-rising lower-premium counties
13221,Oglethorpe County,GA,Georgia,Metro,"Athens-Clarke County, GA",Very Low,3,High-premium slower-growth counties,0.9999999998307736,0.9999999996615493,0,Fast-rising lower-premium counties
13223,Paulding County,GA,Georgia,Metro,"Atlanta-Sandy Springs-Roswell, GA",Low,2,Typical lower-premium counties,0.998409450857113,0.9974721850070177,4,High-premium high-nonrenewal counties
13225,Peach County,GA,Georgia,Metro,"Warner Robins, GA",Very Low,1,Stable low-volatility insurance counties,0.9999764998692231,0.9999530658833877,3,High-premium slower-growth counties
13227,Pickens County,GA,Georgia,Metro,"Atlanta-Sandy Springs-Roswell, GA",Very Low,0,Fast-rising lower-premium counties,0.9905363786746384,0.9810727573603588,3,High-premium slower-growth counties
13229,Pierce County,GA,Georgia,Micro,"Waycross, GA",Very Low,2,Typical lower-premium counties,0.9985644383152198,0.9973118796082294,3,High-premium slower-growth counties
13231,Pike County,GA,Georgia,Metro,"Atlanta-Sandy Springs-Roswell, GA",Very Low,1,Stable low-volatility insurance counties,0.9998999078725206,0.9997999662010307,3,High-premium slower-growth counties
13233,Polk County,GA,Georgia,Micro,"Cedartown, GA",Low,1,Stable low-volatility insurance counties,0.9999771806282495,0.9999543790850834,3,High-premium slower-growth counties
13235,Pulaski County,GA,Georgia,Metro,"Warner Robins, GA",Very Low,2,Typical lower-premium counties,0.9994949215910295,0.9991671547925463,3,High-premium slower-growth counties
13237,Putnam County,GA,Georgia,,,Low,2,Typical lower-premium counties,0.9993335499672003,0.9986768637807345,3,High-premium slower-growth counties
13239,Quitman County,GA,Georgia,,,Very Low,4,High-premium high-nonrenewal counties,0.9989017137327257,0.9980247803928533,3,High-premium slower-growth counties
13241,Rabun County,GA,Georgia,,,Low,2,Typical lower-premium counties,0.9997561915267079,0.9996389194354929,3,High-premium slower-growth counties
13243,Randolph County,GA,Georgia,,,Very Low,2,Typical lower-premium counties,0.9997737769211728,0.9996613853815697,3,High-premium slower-growth counties
13245,Richmond County,GA,Georgia,Metro,"Augusta-Richmond County, GA-SC",Moderate,4,High-premium high-nonrenewal counties,0.996808855860888,0.9937242427835862,3,High-premium slower-growth counties
13247,Rockdale County,GA,Georgia,Metro,"Atlanta-Sandy Springs-Roswell, GA",Low,2,Typical lower-premium counties,0.9964660977802775,0.9937439995157238,3,High-premium slower-growth counties
13249,Schley County,GA,Georgia,Micro,"Americus, GA",Very Low,2,Typical lower-premium counties,0.9988034669043874,0.9976259378371114,3,High-premium slower-growth counties
13251,Screven County,GA,Georgia,,,Low,1,Stable low-volatility insurance counties,0.9999728127457905,0.9999456811680244,3,High-premium slower-growth counties
13253,Seminole County,GA,Georgia,,,Very Low,2,Typical lower-premium counties,0.9534804091137047,0.9081173829285106,3,High-premium slower-growth counties
13255,Spalding County,GA,Georgia,Metro,"Atlanta-Sandy Springs-Roswell, GA",Very Low,1,Stable low-volatility insurance counties,0.9999619633163755,0.9999239494567604,3,High-premium slower-growth counties
13257,Stephens County,GA,Georgia,Micro,"Toccoa, GA",Very Low,1,Stable low-volatility insurance counties,0.9999641862968528,0.9999283881410808,3,High-premium slower-growth counties
13259,Stewart County,GA,Georgia,,,Very Low,4,High-premium high-nonrenewal counties,0.9997014832873286,0.9994451852776116,3,High-premium slower-growth counties
13261,Sumter County,GA,Georgia,Micro,"Americus, GA",Low,3,High-premium slower-growth counties,0.9564955985428282,0.9129950035944084,2,Typical lower-premium counties
13263,Talbot County,GA,Georgia,,,Very Low,4,High-premium high-nonrenewal counties,0.9931439061971821,0.9893781173734234,3,High-premium slower-growth counties
13265,Taliaferro County,GA,Georgia,,,Very Low,3,High-premium slower-growth counties,1.0,1.0,0,Fast-rising lower-premium counties
13267,Tattnall County,GA,Georgia,,,Low,1,Stable low-volatility insurance counties,0.9999810600444947,0.9999621318503263,3,High-premium slower-growth counties
13269,Taylor County,GA,Georgia,,,Very Low,2,Typical lower-premium counties,0.998946909663946,0.9984386728521675,3,High-premium slower-growth counties
13271,Telfair County,GA,Georgia,,,Very Low,2,Typical lower-premium counties,0.9968755673122661,0.9944483867172123,3,High-premium slower-growth counties
13273,Terrell County,GA,Georgia,Metro,"Albany, GA",Very Low,2,Typical lower-premium counties,0.6295779642200803,0.25930713248117376,3,High-premium slower-growth counties
13275,Thomas County,GA,Georgia,Micro,"Thomasville, GA",Low,0,Fast-rising lower-premium counties,0.8449526544693922,0.6899053163005306,3,High-premium slower-growth counties
13277,Tift County,GA,Georgia,Micro,"Tifton, GA",Low,2,Typical lower-premium counties,0.9985918616909659,0.997240698475688,3,High-premium slower-growth counties
13279,Toombs County,GA,Georgia,Micro,"Vidalia, GA",Very Low,1,Stable low-volatility insurance counties,0.9998754927518685,0.9997511462559642,3,High-premium slower-growth counties
13281,Towns County,GA,Georgia,,,Very Low,2,Typical lower-premium counties,0.9996527457540528,0.9993926083214798,3,High-premium slower-growth counties
13283,Treutlen County,GA,Georgia,,,Very Low,2,Typical lower-premium counties,0.9985463301542249,0.997385516645589,4,High-premium high-nonrenewal counties
13285,Troup County,GA,Georgia,Micro,"LaGrange, GA",Low,2,Typical lower-premium counties,0.9992767497322537,0.9988462498960645,3,High-premium slower-growth counties
13287,Turner County,GA,Georgia,,,Very Low,0,Fast-rising lower-premium counties,0.7504978776743532,0.5009957553763882,3,High-premium slower-growth counties
13289,Twiggs County,GA,Georgia,Metro,"Macon, GA",Very Low,1,Stable low-volatility insurance counties,0.9998796640530205,0.9997593320289002,3,High-premium slower-growth counties
13291,Union County,GA,Georgia,,,Low,0,Fast-rising lower-premium counties,0.9905993541021029,0.9811987083129596,3,High-premium slower-growth counties
13293,Upson County,GA,Georgia,Micro,"Thomaston, GA",Very Low,2,Typical lower-premium counties,0.9988052224174698,0.997750354693938,3,High-premium slower-growth counties
13295,Walker County,GA,Georgia,Metro,"Chattanooga, TN-GA",Low,2,Typical lower-premium counties,0.9996623710685724,0.9993985294367433,3,High-premium slower-growth counties
13297,Walton County,GA,Georgia,Metro,"Atlanta-Sandy Springs-Roswell, GA",Low,2,Typical lower-premium counties,0.998551482749546,0.9979261013948372,3,High-premium slower-growth counties
13299,Ware County,GA,Georgia,Micro,"Waycross, GA",Low,2,Typical lower-premium counties,0.9971102870751372,0.9945483652567765,3,High-premium slower-growth counties
13301,Warren County,GA,Georgia,,,Very Low,3,High-premium slower-growth counties,0.6950541111489118,0.3901160318485335,2,Typical lower-premium counties
13303,Washington County,GA,Georgia,,,Very Low,1,Stable low-volatility insurance counties,0.9999889596538729,0.9999779268206291,3,High-premium slower-growth counties
13305,Wayne County,GA,Georgia,Micro,"Jesup, GA",Low,2,Typical lower-premium counties,0.9997605041021916,0.9996371648754728,3,High-premium slower-growth counties
13307,Webster County,GA,Georgia,,,Very Low,2,Typical lower-premium counties,0.9914838622640672,0.9851279026220096,3,High-premium slower-growth counties
13309,Wheeler County,GA,Georgia,,,Very Low,4,High-premium high-nonrenewal counties,0.9996112417383716,0.999247316898939,3,High-premium slower-growth counties
13311,White County,GA,Georgia,,,Low,2,Typical lower-premium counties,0.9994133236322652,0.9990610652864966,4,High-premium high-nonrenewal counties
13313,Whitfield County,GA,Georgia,Metro,"Dalton, GA",Moderate,3,High-premium slower-growth counties,0.9999999909916362,0.9999999844076444,2,Typical lower-premium counties
13315,Wilcox County,GA,Georgia,,,Very Low,2,Typical lower-premium counties,0.9997654277791423,0.99962311957982,3,High-premium slower-growth counties
13317,Wilkes County,GA,Georgia,,,Very Low,2,Typical lower-premium counties,0.9995834773642319,0.9992165311079912,3,High-premium slower-growth counties
13319,Wilkinson County,GA,Georgia,,,Very Low,2,Typical lower-premium counties,0.99946767243901,0.9989723019870471,3,High-premium slower-growth counties
13321,Worth County,GA,Georgia,Metro,"Albany, GA",Very Low,1,Stable low-volatility insurance counties,0.9993582467478052,0.9987165114925664,3,High-premium slower-growth counties
15001,Hawaii County,HI,Hawaii,Micro,"Hilo, HI",High,2,Typical lower-premium counties,0.9959940812040412,0.9926398051791216,3,High-premium slower-growth counties
15003,Honolulu County,HI,Hawaii,Metro,"Urban Honolulu, HI",High,3,High-premium slower-growth counties,0.9999999999960529,0.9999999999921063,0,Fast-rising lower-premium counties
15007,Kauai County,HI,Hawaii,Micro,"Kapaa, HI",Moderate,2,Typical lower-premium counties,0.9986540875394574,0.9973267027849876,3,High-premium slower-growth counties
15009,Maui + Kalawao County,HI,Hawaii,Metro,"Kahului-Wailuku-Lahaina, HI",Moderate,3,High-premium slower-growth counties,0.9999997601289227,0.9999995202579413,2,Typical lower-premium counties
16001,Ada County,ID,Idaho,Metro,"Boise City, ID",Moderate,3,High-premium slower-growth counties,0.9999888269212941,0.9999787148383572,2,Typical lower-premium counties
16003,Adams County,ID,Idaho,,,Very Low,4,High-premium high-nonrenewal counties,0.8957922011817101,0.7927252822402456,3,High-premium slower-growth counties
16005,Bannock County,ID,Idaho,Metro,"Pocatello, ID",Low,0,Fast-rising lower-premium counties,0.8146037524584957,0.6292081258607714,3,High-premium slower-growth counties
16007,Bear Lake County,ID,Idaho,,,Very Low,4,High-premium high-nonrenewal counties,0.9890297867156541,0.9781060846489467,3,High-premium slower-growth counties
16009,Benewah County,ID,Idaho,,,Very Low,4,High-premium high-nonrenewal counties,0.9377871602841474,0.8783743050378756,3,High-premium slower-growth counties
16011,Bingham County,ID,Idaho,Micro,"Blackfoot, ID",Low,1,Stable low-volatility insurance counties,0.9992900736931627,0.9985802458623145,3,High-premium slower-growth counties
16013,Blaine County,ID,Idaho,Micro,"Hailey, ID",Low,4,High-premium high-nonrenewal counties,0.9665806766943479,0.9332896233268004,3,High-premium slower-growth counties
16015,Boise County,ID,Idaho,Metro,"Boise City, ID",Low,4,High-premium high-nonrenewal counties,0.911338024863137,0.8226764685574426,3,High-premium slower-growth counties
16017,Bonner County,ID,Idaho,Micro,"Sandpoint, ID",Low,1,Stable low-volatility insurance counties,0.9999154389266572,0.9998312656836434,3,High-premium slower-growth counties
16019,Bonneville County,ID,Idaho,Metro,"Idaho Falls, ID",Moderate,1,Stable low-volatility insurance counties,0.9998522853766972,0.9997046408207727,3,High-premium slower-growth counties
16021,Boundary County,ID,Idaho,,,Very Low,4,High-premium high-nonrenewal counties,0.9870104484066988,0.974600532898922,3,High-premium slower-growth counties
16023,Butte County,ID,Idaho,Metro,"Idaho Falls, ID",Very Low,3,High-premium slower-growth counties,0.9987030925739854,0.9974078491672482,4,High-premium high-nonrenewal counties
16025,Camas County,ID,Idaho,Micro,"Hailey, ID",Very Low,4,High-premium high-nonrenewal counties,0.999550203504138,0.9991058760113274,3,High-premium slower-growth counties
16027,Canyon County,ID,Idaho,Metro,"Boise City, ID",Low,1,Stable low-volatility insurance counties,0.9961455330990686,0.9922913662825804,3,High-premium slower-growth counties
16029,Caribou County,ID,Idaho,,,Very Low,2,Typical lower-premium counties,0.9978378686598977,0.9959151226051004,3,High-premium slower-growth counties
16031,Cassia County,ID,Idaho,Micro,"Burley, ID",Low,1,Stable low-volatility insurance counties,0.9998712823951675,0.9997426340600718,3,High-premium slower-growth counties
16033,Clark County,ID,Idaho,,,Very Low,2,Typical lower-premium counties,0.996093482023929,0.9934284150033401,0,Fast-rising lower-premium counties
16035,Clearwater County,ID,Idaho,,,Low,1,Stable low-volatility insurance counties,0.999962223201234,0.9999245199588459,3,High-premium slower-growth counties
16037,Custer County,ID,Idaho,,,Low,1,Stable low-volatility insurance counties,0.9998524023491672,0.9997051300732078,3,High-premium slower-growth counties
16039,Elmore County,ID,Idaho,Micro,"Mountain Home, ID",Low,2,Typical lower-premium counties,0.9957522817834056,0.9916929620253707,3,High-premium slower-growth counties
16041,Franklin County,ID,Idaho,Metro,"Logan, UT-ID",Very Low,1,Stable low-volatility insurance counties,0.9999437484100063,0.9998875375903867,3,High-premium slower-growth counties
16043,Fremont County,ID,Idaho,Micro,"Rexburg, ID",Very Low,2,Typical lower-premium counties,0.950575275212829,0.9249602123694952,0,Fast-rising lower-premium counties
16045,Gem County,ID,Idaho,Metro,"Boise City, ID",Very Low,2,Typical lower-premium counties,0.9982445979355179,0.9968995998985225,3,High-premium slower-growth counties
16047,Gooding County,ID,Idaho,,,Very Low,2,Typical lower-premium counties,0.9962742590226301,0.9927474001149923,3,High-premium slower-growth counties
16049,Idaho County,ID,Idaho,,,Low,4,High-premium high-nonrenewal counties,0.8813520010615337,0.7661208237119579,3,High-premium slower-growth counties
16051,Jefferson County,ID,Idaho,Metro,"Idaho Falls, ID",Very Low,2,Typical lower-premium counties,0.999552768036907,0.9992243191018967,3,High-premium slower-growth counties
16053,Jerome County,ID,Idaho,Micro,"Twin Falls, ID",Very Low,1,Stable low-volatility insurance counties,0.9997962082001685,0.9995924567056849,3,High-premium slower-growth counties
16055,Kootenai County,ID,Idaho,Metro,"Coeur d'Alene, ID",Low,2,Typical lower-premium counties,0.9901810033188467,0.9809779153587939,3,High-premium slower-growth counties
16057,Latah County,ID,Idaho,Micro,"Moscow, ID",Very Low,2,Typical lower-premium counties,0.9737490341953741,0.948345455187505,3,High-premium slower-growth counties
16059,Lemhi County,ID,Idaho,,,Very Low,2,Typical lower-premium counties,0.9995574740923427,0.9992468903774846,3,High-premium slower-growth counties
16061,Lewis County,ID,Idaho,,,Very Low,2,Typical lower-premium counties,0.8954490263418862,0.7920553442638855,3,High-premium slower-growth counties
16063,Lincoln County,ID,Idaho,Micro,"Hailey, ID",Very Low,2,Typical lower-premium counties,0.9689048169919826,0.9390647277314388,3,High-premium slower-growth counties
16065,Madison County,ID,Idaho,Micro,"Rexburg, ID",Low,2,Typical lower-premium counties,0.9992412735688809,0.9987558655552198,3,High-premium slower-growth counties
16067,Minidoka County,ID,Idaho,Micro,"Burley, ID",Very Low,2,Typical lower-premium counties,0.9879195067767284,0.9771119314303528,3,High-premium slower-growth counties
16069,Nez Perce County,ID,Idaho,Metro,"Lewiston, ID-WA",Very Low,2,Typical lower-premium counties,0.9943228877011376,0.9896913426079054,3,High-premium slower-growth counties
16071,Oneida County,ID,Idaho,,,Very Low,2,Typical lower-premium counties,0.9601068646517164,0.9209059709358922,3,High-premium slower-growth counties
16073,Owyhee County,ID,Idaho,Metro,"Boise City, ID",Low,1,Stable low-volatility insurance counties,0.9999340244419467,0.9998681380633402,3,High-premium slower-growth counties
16075,Payette County,ID,Idaho,Micro,"Ontario, OR-ID",Very Low,1,Stable low-volatility insurance counties,0.9998498360277979,0.999699715486712,3,High-premium slower-growth counties
16077,Power County,ID,Idaho,,,Very Low,2,Typical lower-premium counties,0.995378407391895,0.9910296489591455,3,High-premium slower-growth counties
16079,Shoshone County,ID,Idaho,,,Low,2,Typical lower-premium counties,0.999379051456011,0.99892476883355,3,High-premium slower-growth counties
16081,Teton County,ID,Idaho,Micro,"Jackson, WY-ID",Very Low,1,Stable low-volatility insurance counties,0.9977680259595171,0.9955374822707271,3,High-premium slower-growth counties
16083,Twin Falls County,ID,Idaho,Micro,"Twin Falls, ID",Low,2,Typical lower-premium counties,0.9954702390431875,0.9911799101241577,3,High-premium slower-growth counties
16085,Valley County,ID,Idaho,,,Low,3,High-premium slower-growth counties,0.9999805224920477,0.9999610449840968,0,Fast-rising lower-premium counties
16087,Washington County,ID,Idaho,,,Very Low,1,Stable low-volatility insurance counties,0.9999301240630467,0.9998603638455863,3,High-premium slower-growth counties
17001,Adams County,IL,Illinois,Micro,"Quincy, IL-MO",Low,2,Typical lower-premium counties,0.6920727835956765,0.4837789908515297,3,High-premium slower-growth counties
17003,Alexander County,IL,Illinois,Metro,"Cape Girardeau, MO-IL",Low,4,High-premium high-nonrenewal counties,0.9995098452073072,0.9990443173490451,3,High-premium slower-growth counties
17005,Bond County,IL,Illinois,Metro,"St. Louis, MO-IL",Very Low,1,Stable low-volatility insurance counties,0.9998607730249592,0.9997215517071073,3,High-premium slower-growth counties
17007,Boone County,IL,Illinois,Metro,"Rockford, IL",Low,2,Typical lower-premium counties,0.9960370472161514,0.9930098704048146,3,High-premium slower-growth counties
17009,Brown County,IL,Illinois,,,Very Low,2,Typical lower-premium counties,0.9977568401942507,0.9963897975086404,4,High-premium high-nonrenewal counties
17011,Bureau County,IL,Illinois,Micro,"Ottawa-Peru, IL",Low,2,Typical lower-premium counties,0.9889076577075144,0.9797596774686607,4,High-premium high-nonrenewal counties
17013,Calhoun County,IL,Illinois,Metro,"St. Louis, MO-IL",Very Low,2,Typical lower-premium counties,0.9993398022226915,0.9990453362131305,4,High-premium high-nonrenewal counties
17015,Carroll County,IL,Illinois,,,Very Low,2,Typical lower-premium counties,0.9669613049552606,0.9364935375202589,4,High-premium high-nonrenewal counties
17017,Cass County,IL,Illinois,,,Very Low,2,Typical lower-premium counties,0.9898561029199804,0.9824544243477686,4,High-premium high-nonrenewal counties
17019,Champaign County,IL,Illinois,Metro,"Champaign-Urbana, IL",Moderate,2,Typical lower-premium counties,0.981282673458482,0.9649984797588806,4,High-premium high-nonrenewal counties
17021,Christian County,IL,Illinois,Micro,"Taylorville, IL",Low,2,Typical lower-premium counties,0.9947047268444409,0.9908674531125938,4,High-premium high-nonrenewal counties
17023,Clark County,IL,Illinois,,,Very Low,1,Stable low-volatility insurance counties,0.9998796713314293,0.9997593626290506,3,High-premium slower-growth counties
17025,Clay County,IL,Illinois,,,Very Low,2,Typical lower-premium counties,0.9265846083260869,0.8578548002926422,3,High-premium slower-growth counties
17027,Clinton County,IL,Illinois,Metro,"St. Louis, MO-IL",Low,0,Fast-rising lower-premium counties,0.8839998679978112,0.7679997360191826,3,High-premium slower-growth counties
17029,Coles County,IL,Illinois,Micro,"Charleston-Mattoon, IL",Low,1,Stable low-volatility insurance counties,0.9966234726039767,0.9932470502513746,3,High-premium slower-growth counties
17031,Cook County,IL,Illinois,Metro,"Chicago-Naperville-Elgin, IL-IN-WI",Very High,3,High-premium slower-growth counties,0.9999999185745094,0.9999998605820146,0,Fast-rising lower-premium counties
17033,Crawford County,IL,Illinois,,,Very Low,2,Typical lower-premium counties,0.9924775239135385,0.9886025160771014,3,High-premium slower-growth counties
17035,Cumberland County,IL,Illinois,Micro,"Charleston-Mattoon, IL",Very Low,2,Typical lower-premium counties,0.9936862015287882,0.9878195469748167,3,High-premium slower-growth counties
17037,DeKalb County,IL,Illinois,Metro,"Chicago-Naperville-Elgin, IL-IN-WI",Low,2,Typical lower-premium counties,0.9900824516391171,0.9831500719280022,4,High-premium high-nonrenewal counties
17039,De Witt County,IL,Illinois,Metro,"Bloomington, IL",Very Low,3,High-premium slower-growth counties,0.9999999973353901,0.9999999946707794,0,Fast-rising lower-premium counties
17041,Douglas County,IL,Illinois,,,Low,1,Stable low-volatility insurance counties,0.9998234200748441,0.999646859858771,3,High-premium slower-growth counties
17043,DuPage County,IL,Illinois,Metro,"Chicago-Naperville-Elgin, IL-IN-WI",High,0,Fast-rising lower-premium counties,0.7625143429949716,0.5250286860173844,3,High-premium slower-growth counties
17045,Edgar County,IL,Illinois,,,Very Low,2,Typical lower-premium counties,0.9825677552971042,0.9653522142974473,3,High-premium slower-growth counties
17047,Edwards County,IL,Illinois,,,Very Low,3,High-premium slower-growth counties,0.9999999995278159,0.999999999055631,0,Fast-rising lower-premium counties
17049,Effingham County,IL,Illinois,Micro,"Effingham, IL",Low,0,Fast-rising lower-premium counties,0.9437155393289482,0.8874310786601052,3,High-premium slower-growth counties
17051,Fayette County,IL,Illinois,,,Low,2,Typical lower-premium counties,0.9985017826211258,0.9977062431123918,3,High-premium slower-growth counties
17053,Ford County,IL,Illinois,Metro,"Champaign-Urbana, IL",Very Low,2,Typical lower-premium counties,0.9916453748697713,0.9857427118179318,4,High-premium high-nonrenewal counties
17055,Franklin County,IL,Illinois,,,Low,1,Stable low-volatility insurance counties,0.9998969630524873,0.9997939501860104,3,High-premium slower-growth counties
17057,Fulton County,IL,Illinois,Micro,"Canton, IL",Low,3,High-premium slower-growth counties,0.9999999999673932,0.999999999934787,0,Fast-rising lower-premium counties
17059,Gallatin County,IL,Illinois,,,Very Low,2,Typical lower-premium counties,0.9997526066988168,0.999599515774015,3,High-premium slower-growth counties
17061,Greene County,IL,Illinois,,,Very Low,3,High-premium slower-growth counties,0.9999999999919993,0.9999999999840001,0,Fast-rising lower-premium counties
17063,Grundy County,IL,Illinois,Metro,"Chicago-Naperville-Elgin, IL-IN-WI",Low,0,Fast-rising lower-premium counties,0.958930558098954,0.917861116198512,3,High-premium slower-growth counties
17065,Hamilton County,IL,Illinois,,,Very Low,1,Stable low-volatility insurance counties,0.9999873466914821,0.9999747209806222,3,High-premium slower-growth counties
17067,Hancock County,IL,Illinois,Micro,"Fort Madison-Keokuk, IA-IL-MO",Very Low,1,Stable low-volatility insurance counties,0.9999555436848793,0.9999111043147637,3,High-premium slower-growth counties
17069,Hardin County,IL,Illinois,,,Very Low,0,Fast-rising lower-premium counties,0.9961208629010483,0.9922417258020974,3,High-premium slower-growth counties
17071,Henderson County,IL,Illinois,Micro,"Burlington, IA-IL",Very Low,3,High-premium slower-growth counties,0.9999999997065494,0.9999999994130979,0,Fast-rising lower-premium counties
17073,Henry County,IL,Illinois,Metro,"Davenport-Moline-Rock Island, IA-IL",Low,2,Typical lower-premium counties,0.984126178023963,0.9698056907883188,4,High-premium high-nonrenewal counties
17075,Iroquois County,IL,Illinois,,,Low,2,Typical lower-premium counties,0.9740008791916489,0.9576817453660518,3,High-premium slower-growth counties
17077,Jackson County,IL,Illinois,Metro,"Carbondale-Marion, IL",Moderate,2,Typical lower-premium counties,0.9822354172439682,0.9646310450560134,3,High-premium slower-growth counties
17079,Jasper County,IL,Illinois,,,Very Low,2,Typical lower-premium counties,0.9998130025169581,0.9997223194823052,0,Fast-rising lower-premium counties
17081,Jefferson County,IL,Illinois,Micro,"Mount Vernon, IL",Low,1,Stable low-volatility insurance counties,0.9999548463103507,0.9999097098349997,3,High-premium slower-growth counties
17083,Jersey County,IL,Illinois,Metro,"St. Louis, MO-IL",Very Low,0,Fast-rising lower-premium counties,0.9838691522447292,0.9677383045802724,3,High-premium slower-growth counties
17085,Jo Daviess County,IL,Illinois,,,Low,0,Fast-rising lower-premium counties,0.9732709366426421,0.9465418736525327,3,High-premium slower-growth counties
17087,Johnson County,IL,Illinois,,,Low,2,Typical lower-premium counties,0.9929256006177518,0.9859906487814524,3,High-premium slower-growth counties
17089,Kane County,IL,Illinois,Metro,"Chicago-Naperville-Elgin, IL-IN-WI",High,2,Typical lower-premium counties,0.9976113222268514,0.9958429421297562,3,High-premium slower-growth counties
17091,Kankakee County,IL,Illinois,Metro,"Kankakee, IL",Moderate,2,Typical lower-premium counties,0.9948096207308942,0.99065334192343,3,High-premium slower-growth counties
17093,Kendall County,IL,Illinois,Metro,"Chicago-Naperville-Elgin, IL-IN-WI",Low,2,Typical lower-premium counties,0.9846147707131744,0.9696289011943316,3,High-premium slower-growth counties
17095,Knox County,IL,Illinois,Micro,"Galesburg, IL",Low,2,Typical lower-premium counties,0.7734676951343349,0.5495384584215184,3,High-premium slower-growth counties
17097,Lake County,IL,Illinois,Metro,"Chicago-Naperville-Elgin, IL-IN-WI",High,1,Stable low-volatility insurance counties,0.9968784845542795,0.9937570022530714,3,High-premium slower-growth counties
17099,LaSalle County,IL,Illinois,Micro,"Ottawa-Peru, IL",Moderate,2,Typical lower-premium counties,0.9959312048511318,0.9929020559869965,4,High-premium high-nonrenewal counties
17101,Lawrence County,IL,Illinois,,,Low,2,Typical lower-premium counties,0.9885792072029216,0.9773793295209283,3,High-premium slower-growth counties
17103,Lee County,IL,Illinois,Micro,"Dixon, IL",Low,2,Typical lower-premium counties,0.9785510973264355,0.960816227812169,4,High-premium high-nonrenewal counties
17105,Livingston County,IL,Illinois,Micro,"Pontiac, IL",Low,2,Typical lower-premium counties,0.9675084791640024,0.9411161474987987,4,High-premium high-nonrenewal counties
17107,Logan County,IL,Illinois,Micro,"Lincoln, IL",Low,2,Typical lower-premium counties,0.973079876422552,0.9495665578442201,4,High-premium high-nonrenewal counties
17109,McDonough County,IL,Illinois,Micro,"Macomb, IL",Very Low,2,Typical lower-premium counties,0.9833107448596008,0.9674558647621101,3,High-premium slower-growth counties
17111,McHenry County,IL,Illinois,Metro,"Chicago-Naperville-Elgin, IL-IN-WI",Moderate,0,Fast-rising lower-premium counties,0.63921893019495,0.2784378604184787,3,High-premium slower-growth counties
17113,McLean County,IL,Illinois,Metro,"Bloomington, IL",Moderate,3,High-premium slower-growth counties,0.9999999977687182,0.9999999955420493,0,Fast-rising lower-premium counties
17115,Macon County,IL,Illinois,Metro,"Decatur, IL",Moderate,2,Typical lower-premium counties,0.9964094962307105,0.9944649841737319,3,High-premium slower-growth counties
17117,Macoupin County,IL,Illinois,Metro,"St. Louis, MO-IL",Low,2,Typical lower-premium counties,0.9963055536440749,0.993818517519678,4,High-premium high-nonrenewal counties
17119,Madison County,IL,Illinois,Metro,"St. Louis, MO-IL",Moderate,2,Typical lower-premium counties,0.9995109105959471,0.9991462260960567,3,High-premium slower-growth counties
17121,Marion County,IL,Illinois,Micro,"Centralia, IL",Low,2,Typical lower-premium counties,0.9971060160882992,0.9942554476096406,3,High-premium slower-growth counties
17123,Marshall County,IL,Illinois,Metro,"Peoria, IL",Very Low,1,Stable low-volatility insurance counties,0.9998990486941081,0.9997981147171208,3,High-premium slower-growth counties
17125,Mason County,IL,Illinois,,,Low,2,Typical lower-premium counties,0.8696794982474053,0.7409392296417993,3,High-premium slower-growth counties
17127,Massac County,IL,Illinois,Micro,"Paducah, KY-IL",Low,1,Stable low-volatility insurance counties,0.9998850589056367,0.9997701187377891,3,High-premium slower-growth counties
17129,Menard County,IL,Illinois,Metro,"Springfield, IL",Very Low,3,High-premium slower-growth counties,0.9999988075618274,0.9999976174823704,0,Fast-rising lower-premium counties
17131,Mercer County,IL,Illinois,Metro,"Davenport-Moline-Rock Island, IA-IL",Very Low,2,Typical lower-premium counties,0.9902514159147487,0.9823896192994649,4,High-premium high-nonrenewal counties
17133,Monroe County,IL,Illinois,Metro,"St. Louis, MO-IL",Very Low,0,Fast-rising lower-premium counties,0.9052030215054309,0.8104060430108788,3,High-premium slower-growth counties
17135,Montgomery County,IL,Illinois,,,Low,2,Typical lower-premium counties,0.9869461697067443,0.9758975219374935,4,High-premium high-nonrenewal counties
17137,Morgan County,IL,Illinois,Micro,"Jacksonville, IL",Low,0,Fast-rising lower-premium counties,0.9448904620780041,0.8897809251875983,3,High-premium slower-growth counties
17139,Moultrie County,IL,Illinois,,,Low,2,Typical lower-premium counties,0.8520628845564073,0.7096059823765134,3,High-premium slower-growth counties
17141,Ogle County,IL,Illinois,Micro,"Rochelle, IL",Low,2,Typical lower-premium counties,0.9692719267666209,0.9534483520592011,4,High-premium high-nonrenewal counties
17143,Peoria County,IL,Illinois,Metro,"Peoria, IL",Moderate,2,Typical lower-premium counties,0.9971116540584769,0.9954824934250524,3,High-premium slower-growth counties
17145,Perry County,IL,Illinois,,,Low,2,Typical lower-premium counties,0.998154873187365,0.9964950180952723,3,High-premium slower-growth counties
17147,Piatt County,IL,Illinois,Metro,"Champaign-Urbana, IL",Very Low,2,Typical lower-premium counties,0.9053087195572381,0.8226405650042992,4,High-premium high-nonrenewal counties
17149,Pike County,IL,Illinois,,,Very Low,2,Typical lower-premium counties,0.9993398022226915,0.9990453362131305,4,High-premium high-nonrenewal counties
17151,Pope County,IL,Illinois,,,Very Low,1,Stable low-volatility insurance counties,0.9999873466914821,0.9999747209806222,3,High-premium slower-growth counties
17153,Pulaski County,IL,Illinois,,,Low,3,High-premium slower-growth counties,0.9650202690444074,0.9300406176395318,4,High-premium high-nonrenewal counties
17155,Putnam County,IL,Illinois,Micro,"Ottawa-Peru, IL",Very Low,0,Fast-rising lower-premium counties,0.9785274625242248,0.9570549251223166,3,High-premium slower-growth counties
17157,Randolph County,IL,Illinois,,,Low,2,Typical lower-premium counties,0.961394331320057,0.9271842281396239,4,High-premium high-nonrenewal counties
17159,Richland County,IL,Illinois,,,Low,2,Typical lower-premium counties,0.957753657235545,0.9231661302124325,4,High-premium high-nonrenewal counties
17161,Rock Island County,IL,Illinois,Metro,"Davenport-Moline-Rock Island, IA-IL",Moderate,1,Stable low-volatility insurance counties,0.9986257568571627,0.9972515526233354,3,High-premium slower-growth counties
17163,St. Clair County,IL,Illinois,Metro,"St. Louis, MO-IL",High,2,Typical lower-premium counties,0.9961012208522237,0.992712385168246,3,High-premium slower-growth counties
17165,Saline County,IL,Illinois,,,Low,1,Stable low-volatility insurance counties,0.9999575115237194,0.9999150264692584,3,High-premium slower-growth counties
17167,Sangamon County,IL,Illinois,Metro,"Springfield, IL",Moderate,2,Typical lower-premium counties,0.9914636437394715,0.9851026479515937,4,High-premium high-nonrenewal counties
17169,Schuyler County,IL,Illinois,,,Very Low,3,High-premium slower-growth counties,0.9999878443219345,0.9999757094168972,0,Fast-rising lower-premium counties
17171,Scott County,IL,Illinois,Micro,"Jacksonville, IL",Very Low,1,Stable low-volatility insurance counties,0.9999873466914821,0.9999747209806222,3,High-premium slower-growth counties
17173,Shelby County,IL,Illinois,,,Low,2,Typical lower-premium counties,0.9853551718851625,0.973512122639028,4,High-premium high-nonrenewal counties
17175,Stark County,IL,Illinois,Metro,"Peoria, IL",Very Low,4,High-premium high-nonrenewal counties,0.9996881181627532,0.9993891356392235,3,High-premium slower-growth counties
17177,Stephenson County,IL,Illinois,Micro,"Freeport, IL",Low,2,Typical lower-premium counties,0.9972879343889306,0.9957825185617082,3,High-premium slower-growth counties
17179,Tazewell County,IL,Illinois,Metro,"Peoria, IL",Moderate,2,Typical lower-premium counties,0.9949728974153234,0.9917427807959761,3,High-premium slower-growth counties
17181,Union County,IL,Illinois,,,Low,2,Typical lower-premium counties,0.9908237946134164,0.9820215634459809,3,High-premium slower-growth counties
17183,Vermilion County,IL,Illinois,Metro,"Danville, IL",Low,1,Stable low-volatility insurance counties,0.9945536613910054,0.9891074778246371,3,High-premium slower-growth counties
17185,Wabash County,IL,Illinois,,,Very Low,2,Typical lower-premium counties,0.9974741010557465,0.9952853479372321,4,High-premium high-nonrenewal counties
17187,Warren County,IL,Illinois,,,Very Low,2,Typical lower-premium counties,0.9638879520760577,0.9288347997572062,3,High-premium slower-growth counties
17189,Washington County,IL,Illinois,,,Low,1,Stable low-volatility insurance counties,0.9998741872870958,0.9997483977495513,3,High-premium slower-growth counties
17191,Wayne County,IL,Illinois,,,Very Low,2,Typical lower-premium counties,0.9974741010557465,0.9952853479372321,4,High-premium high-nonrenewal counties
17193,White County,IL,Illinois,,,Low,1,Stable low-volatility insurance counties,0.9999512156873779,0.9999024319660416,3,High-premium slower-growth counties
17195,Whiteside County,IL,Illinois,Micro,"Sterling, IL",Low,2,Typical lower-premium counties,0.9921634706557273,0.9859941498625698,3,High-premium slower-growth counties
17197,Will County,IL,Illinois,Metro,"Chicago-Naperville-Elgin, IL-IN-WI",High,2,Typical lower-premium counties,0.9882204908917583,0.9771080723096507,3,High-premium slower-growth counties
17199,Williamson County,IL,Illinois,Metro,"Carbondale-Marion, IL",Moderate,2,Typical lower-premium counties,0.9481903461726613,0.8963928254323392,3,High-premium slower-growth counties
17201,Winnebago County,IL,Illinois,Metro,"Rockford, IL",Moderate,1,Stable low-volatility insurance counties,0.999284359120553,0.9985687363841483,3,High-premium slower-growth counties
17203,Woodford County,IL,Illinois,Metro,"Peoria, IL",Very Low,0,Fast-rising lower-premium counties,0.978646460724147,0.9572929215006285,3,High-premium slower-growth counties
18001,Adams County,IN,Indiana,Micro,"Decatur, IN",Low,3,High-premium slower-growth counties,0.9877896685490043,0.9755954473291365,2,Typical lower-premium counties
18003,Allen County,IN,Indiana,Metro,"Fort Wayne, IN",Moderate,2,Typical lower-premium counties,0.9864074065749533,0.9731356739242187,3,High-premium slower-growth counties
18005,Bartholomew County,IN,Indiana,Metro,"Columbus, IN",Low,1,Stable low-volatility insurance counties,0.9999672686643298,0.9999345877354829,3,High-premium slower-growth counties
18007,Benton County,IN,Indiana,Metro,"Lafayette-West Lafayette, IN",Very Low,2,Typical lower-premium counties,0.9957570203224054,0.9924895480775371,3,High-premium slower-growth counties
18009,Blackford County,IN,Indiana,,,Very Low,1,Stable low-volatility insurance counties,0.9998901498618235,0.9997803434489416,3,High-premium slower-growth counties
18011,Boone County,IN,Indiana,Metro,"Indianapolis-Carmel-Anderson, IN",Low,2,Typical lower-premium counties,0.992812510610594,0.986033663143714,3,High-premium slower-growth counties
18013,Brown County,IN,Indiana,Metro,"Indianapolis-Carmel-Anderson, IN",Very Low,2,Typical lower-premium counties,0.9932243648802799,0.9868962539476879,3,High-premium slower-growth counties
18015,Carroll County,IN,Indiana,Metro,"Lafayette-West Lafayette, IN",Very Low,2,Typical lower-premium counties,0.9991315647764422,0.9987731003127006,4,High-premium high-nonrenewal counties
18017,Cass County,IN,Indiana,Micro,"Logansport, IN",Low,2,Typical lower-premium counties,0.9990350182410501,0.9982962408746032,3,High-premium slower-growth counties
18019,Clark County,IN,Indiana,Metro,"Louisville/Jefferson County, KY-IN",Moderate,2,Typical lower-premium counties,0.998709571769199,0.9979605047129616,3,High-premium slower-growth counties
18021,Clay County,IN,Indiana,Metro,"Terre Haute, IN",Very Low,1,Stable low-volatility insurance counties,0.9999015260935186,0.9998032645137923,3,High-premium slower-growth counties
18023,Clinton County,IN,Indiana,Micro,"Frankfort, IN",Very Low,2,Typical lower-premium counties,0.9995583554938083,0.9993580211476942,3,High-premium slower-growth counties
18025,Crawford County,IN,Indiana,,,Very Low,2,Typical lower-premium counties,0.9988149226929913,0.9980959742896672,3,High-premium slower-growth counties
18027,Daviess County,IN,Indiana,Micro,"Washington, IN",Low,4,High-premium high-nonrenewal counties,0.9914474360269857,0.9829663803312627,3,High-premium slower-growth counties
18029,Dearborn County,IN,Indiana,Metro,"Cincinnati, OH-KY-IN",Low,2,Typical lower-premium counties,0.9976252608576275,0.9963840315360767,0,Fast-rising lower-premium counties
18031,Decatur County,IN,Indiana,Micro,"Greensburg, IN",Very Low,2,Typical lower-premium counties,0.9993265605156378,0.9987562233828412,3,High-premium slower-growth counties
18033,DeKalb County,IN,Indiana,Micro,"Auburn, IN",Very Low,3,High-premium slower-growth counties,0.9990084447596511,0.9981104466364278,2,Typical lower-premium counties
18035,Delaware County,IN,Indiana,Metro,"Muncie, IN",Low,1,Stable low-volatility insurance counties,0.9997230930311272,0.9994462031164043,3,High-premium slower-growth counties
18037,Dubois County,IN,Indiana,Micro,"Jasper, IN",Low,3,High-premium slower-growth counties,0.9999999991924646,0.9999999983849303,0,Fast-rising lower-premium counties
18039,Elkhart County,IN,Indiana,Metro,"Elkhart-Goshen, IN",Moderate,1,Stable low-volatility insurance counties,0.9965721693105041,0.9931444328387722,3,High-premium slower-growth counties
18041,Fayette County,IN,Indiana,Micro,"Connersville, IN",Very Low,4,High-premium high-nonrenewal counties,0.9980015573912463,0.9960059444113589,3,High-premium slower-growth counties
18043,Floyd County,IN,Indiana,Metro,"Louisville/Jefferson County, KY-IN",Low,2,Typical lower-premium counties,0.9995082466787896,0.9991979399771137,3,High-premium slower-growth counties
18045,Fountain County,IN,Indiana,,,Very Low,1,Stable low-volatility insurance counties,0.9999186262209244,0.9998372657079009,3,High-premium slower-growth counties
18047,Franklin County,IN,Indiana,,,Very Low,2,Typical lower-premium counties,0.9864660528284082,0.9763230492618225,3,High-premium slower-growth counties
18049,Fulton County,IN,Indiana,,,Very Low,2,Typical lower-premium counties,0.9995345186903424,0.9991448579371871,3,High-premium slower-growth counties
18051,Gibson County,IN,Indiana,,,Low,2,Typical lower-premium counties,0.9993313373693575,0.9989848716968762,0,Fast-rising lower-premium counties
18053,Grant County,IN,Indiana,Micro,"Marion, IN",Low,1,Stable low-volatility insurance counties,0.9994810497921234,0.9989621715649717,3,High-premium slower-growth counties
18055,Greene County,IN,Indiana,,,Very Low,1,Stable low-volatility insurance counties,0.9999755230538346,0.999951064992638,3,High-premium slower-growth counties
18057,Hamilton County,IN,Indiana,Metro,"Indianapolis-Carmel-Anderson, IN",Moderate,3,High-premium slower-growth counties,0.9999239939201132,0.9998479879799502,0,Fast-rising lower-premium counties
18059,Hancock County,IN,Indiana,Metro,"Indianapolis-Carmel-Anderson, IN",Low,1,Stable low-volatility insurance counties,0.9997954127490246,0.9995917204983621,3,High-premium slower-growth counties
18061,Harrison County,IN,Indiana,Metro,"Louisville/Jefferson County, KY-IN",Low,1,Stable low-volatility insurance counties,0.9999761558183944,0.9999523658334958,3,High-premium slower-growth counties
18063,Hendricks County,IN,Indiana,Metro,"Indianapolis-Carmel-Anderson, IN",Low,2,Typical lower-premium counties,0.9917976506965187,0.9865349576849187,3,High-premium slower-growth counties
18065,Henry County,IN,Indiana,Micro,"New Castle, IN",Low,1,Stable low-volatility insurance counties,0.9999089291929972,0.9998180253602944,3,High-premium slower-growth counties
18067,Howard County,IN,Indiana,Metro,"Kokomo, IN",Low,2,Typical lower-premium counties,0.996987713013725,0.9941341939355148,3,High-premium slower-growth counties
18069,Huntington County,IN,Indiana,Micro,"Huntington, IN",Very Low,1,Stable low-volatility insurance counties,0.9991175994013463,0.9982352063389369,3,High-premium slower-growth counties
18071,Jackson County,IN,Indiana,Micro,"Seymour, IN",Low,1,Stable low-volatility insurance counties,0.9999167404784854,0.9998335197913627,3,High-premium slower-growth counties
18073,Jasper County,IN,Indiana,Metro,"Chicago-Naperville-Elgin, IL-IN-WI",Very Low,2,Typical lower-premium counties,0.9994732701076375,0.999150111568444,3,High-premium slower-growth counties
18075,Jay County,IN,Indiana,,,Very Low,2,Typical lower-premium counties,0.9886462075447173,0.9821331004476905,3,High-premium slower-growth counties
18077,Jefferson County,IN,Indiana,Micro,"Madison, IN",Low,2,Typical lower-premium counties,0.9994543231182075,0.9991976162771348,3,High-premium slower-growth counties
18079,Jennings County,IN,Indiana,Micro,"North Vernon, IN",Very Low,2,Typical lower-premium counties,0.9993368390454461,0.9987508784283607,3,High-premium slower-growth counties
18081,Johnson County,IN,Indiana,Metro,"Indianapolis-Carmel-Anderson, IN",Low,1,Stable low-volatility insurance counties,0.9999450901173929,0.9998903537368038,3,High-premium slower-growth counties
18083,Knox County,IN,Indiana,Micro,"Vincennes, IN",Low,2,Typical lower-premium counties,0.999521428101025,0.9992391870879436,3,High-premium slower-growth counties
18085,Kosciusko County,IN,Indiana,Micro,"Warsaw, IN",Low,2,Typical lower-premium counties,0.9994197299750626,0.9989524516207364,3,High-premium slower-growth counties
18087,LaGrange County,IN,Indiana,,,Low,2,Typical lower-premium counties,0.9990614386620603,0.9982514212664413,3,High-premium slower-growth counties
18089,Lake County,IN,Indiana,Metro,"Chicago-Naperville-Elgin, IL-IN-WI",High,1,Stable low-volatility insurance counties,0.9999707809010544,0.999941585478681,3,High-premium slower-growth counties
18091,LaPorte County,IN,Indiana,Metro,"Michigan City-La Porte, IN",Low,3,High-premium slower-growth counties,0.9799531448730324,0.9599069587900423,2,Typical lower-premium counties
18093,Lawrence County,IN,Indiana,Micro,"Bedford, IN",Low,1,Stable low-volatility insurance counties,0.9999717795830503,0.9999436031657531,3,High-premium slower-growth counties
18095,Madison County,IN,Indiana,Metro,"Indianapolis-Carmel-Anderson, IN",Low,1,Stable low-volatility insurance counties,0.9998017175564687,0.9996034709404947,3,High-premium slower-growth counties
18097,Marion County,IN,Indiana,Metro,"Indianapolis-Carmel-Anderson, IN",High,1,Stable low-volatility insurance counties,0.9999378751797763,0.9998759082924008,3,High-premium slower-growth counties
18099,Marshall County,IN,Indiana,Micro,"Plymouth, IN",Very Low,1,Stable low-volatility insurance counties,0.9998318172325775,0.9996636390191376,3,High-premium slower-growth counties
18101,Martin County,IN,Indiana,,,Very Low,2,Typical lower-premium counties,0.9978366258434869,0.9963483274846459,3,High-premium slower-growth counties
18103,Miami County,IN,Indiana,Micro,"Peru, IN",Low,3,High-premium slower-growth counties,0.988965953038753,0.977931906078114,1,Stable low-volatility insurance counties
18105,Monroe County,IN,Indiana,Metro,"Bloomington, IN",Low,2,Typical lower-premium counties,0.9990057134097508,0.9984885485947316,3,High-premium slower-growth counties
18107,Montgomery County,IN,Indiana,Micro,"Crawfordsville, IN",Very Low,2,Typical lower-premium counties,0.9996465200595578,0.999451900475024,3,High-premium slower-growth counties
18109,Morgan County,IN,Indiana,Metro,"Indianapolis-Carmel-Anderson, IN",Low,2,Typical lower-premium counties,0.985406840092234,0.9758492286150309,3,High-premium slower-growth counties
18111,Newton County,IN,Indiana,Metro,"Chicago-Naperville-Elgin, IL-IN-WI",Very Low,2,Typical lower-premium counties,0.9990325550712099,0.9982270450978961,3,High-premium slower-growth counties
18113,Noble County,IN,Indiana,Micro,"Kendallville, IN",Low,2,Typical lower-premium counties,0.9981478211991246,0.9964526456991327,3,High-premium slower-growth counties
18115,Ohio County,IN,Indiana,Metro,"Cincinnati, OH-KY-IN",Very Low,2,Typical lower-premium counties,0.9996021728778806,0.9993900633854349,3,High-premium slower-growth counties
18117,Orange County,IN,Indiana,,,Very Low,1,Stable low-volatility insurance counties,0.9999396761211449,0.9998793543495812,3,High-premium slower-growth counties
18119,Owen County,IN,Indiana,Metro,"Bloomington, IN",Very Low,2,Typical lower-premium counties,0.9923861234752684,0.987688093770669,3,High-premium slower-growth counties
18121,Parke County,IN,Indiana,,,Very Low,1,Stable low-volatility insurance counties,0.9999712109453499,0.9999425111474874,3,High-premium slower-growth counties
18123,Perry County,IN,Indiana,,,Very Low,1,Stable low-volatility insurance counties,0.9999516081589732,0.9999032536318355,3,High-premium slower-growth counties
18125,Pike County,IN,Indiana,Micro,"Jasper, IN",Very Low,2,Typical lower-premium counties,0.9996049802921648,0.9993216929452666,3,High-premium slower-growth counties
18127,Porter County,IN,Indiana,Metro,"Chicago-Naperville-Elgin, IL-IN-WI",Moderate,2,Typical lower-premium counties,0.9988750478959068,0.9983420746469932,3,High-premium slower-growth counties
18129,Posey County,IN,Indiana,Metro,"Evansville, IN-KY",Low,1,Stable low-volatility insurance counties,0.9999410816259919,0.9998823892386883,3,High-premium slower-growth counties
18131,Pulaski County,IN,Indiana,,,Very Low,2,Typical lower-premium counties,0.9423996826992792,0.9066784805750436,3,High-premium slower-growth counties
18133,Putnam County,IN,Indiana,Metro,"Indianapolis-Carmel-Anderson, IN",Low,1,Stable low-volatility insurance counties,0.9999321906462608,0.9998647462357575,3,High-premium slower-growth counties
18135,Randolph County,IN,Indiana,,,Very Low,1,Stable low-volatility insurance counties,0.9999356302559148,0.9998712883282639,3,High-premium slower-growth counties
18137,Ripley County,IN,Indiana,,,Low,2,Typical lower-premium counties,0.9994861814924866,0.9992695826954812,4,High-premium high-nonrenewal counties
18139,Rush County,IN,Indiana,,,Very Low,2,Typical lower-premium counties,0.9995915306749116,0.9993488753559426,3,High-premium slower-growth counties
18141,St. Joseph County,IN,Indiana,Metro,"South Bend-Mishawaka, IN-MI",Moderate,2,Typical lower-premium counties,0.9988334200284753,0.9978227409812057,3,High-premium slower-growth counties
18143,Scott County,IN,Indiana,Metro,"Louisville/Jefferson County, KY-IN",Very Low,2,Typical lower-premium counties,0.9994221703809563,0.9988884667535339,3,High-premium slower-growth counties
18145,Shelby County,IN,Indiana,Metro,"Indianapolis-Carmel-Anderson, IN",Low,1,Stable low-volatility insurance counties,0.9999676548663061,0.9999353578529909,3,High-premium slower-growth counties
18147,Spencer County,IN,Indiana,,,Very Low,1,Stable low-volatility insurance counties,0.9999803686503945,0.9999607885402235,3,High-premium slower-growth counties
18149,Starke County,IN,Indiana,,,Very Low,2,Typical lower-premium counties,0.9996634805033817,0.9994182107596851,3,High-premium slower-growth counties
18151,Steuben County,IN,Indiana,Micro,"Angola, IN",Very Low,2,Typical lower-premium counties,0.9966468252791533,0.9947930742248265,3,High-premium slower-growth counties
18153,Sullivan County,IN,Indiana,Metro,"Terre Haute, IN",Very Low,4,High-premium high-nonrenewal counties,0.8854224508544489,0.7720517596290706,3,High-premium slower-growth counties
18155,Switzerland County,IN,Indiana,,,Very Low,2,Typical lower-premium counties,0.9976480654635668,0.9953644756300715,3,High-premium slower-growth counties
18157,Tippecanoe County,IN,Indiana,Metro,"Lafayette-West Lafayette, IN",Moderate,2,Typical lower-premium counties,0.9995190037161937,0.9992008319116439,3,High-premium slower-growth counties
18159,Tipton County,IN,Indiana,,,Very Low,2,Typical lower-premium counties,0.9988921713465329,0.9982316926149677,3,High-premium slower-growth counties
18161,Union County,IN,Indiana,Metro,"Cincinnati, OH-KY-IN",Very Low,0,Fast-rising lower-premium counties,0.995489040244413,0.9909780804908943,3,High-premium slower-growth counties
18163,Vanderburgh County,IN,Indiana,Metro,"Evansville, IN-KY",Moderate,2,Typical lower-premium counties,0.9995131104522982,0.9992249617375578,3,High-premium slower-growth counties
18165,Vermillion County,IN,Indiana,Metro,"Terre Haute, IN",Very Low,2,Typical lower-premium counties,0.9995155311983335,0.9991844619887253,3,High-premium slower-growth counties
18167,Vigo County,IN,Indiana,Metro,"Terre Haute, IN",Moderate,1,Stable low-volatility insurance counties,0.9999231607731138,0.9998464415104952,3,High-premium slower-growth counties
18169,Wabash County,IN,Indiana,Micro,"Wabash, IN",Very Low,2,Typical lower-premium counties,0.9948398154456378,0.989763743756723,3,High-premium slower-growth counties
18171,Warren County,IN,Indiana,,,Very Low,2,Typical lower-premium counties,0.9428111328991855,0.8856338311987826,3,High-premium slower-growth counties
18173,Warrick County,IN,Indiana,Metro,"Evansville, IN-KY",Low,2,Typical lower-premium counties,0.9982799228084338,0.9969280233794725,3,High-premium slower-growth counties
18175,Washington County,IN,Indiana,Metro,"Louisville/Jefferson County, KY-IN",Very Low,1,Stable low-volatility insurance counties,0.9999621762936295,0.9999244979292305,3,High-premium slower-growth counties
18177,Wayne County,IN,Indiana,Micro,"Richmond, IN",Low,2,Typical lower-premium counties,0.9945007435164316,0.9905472155713964,3,High-premium slower-growth counties
18179,Wells County,IN,Indiana,Metro,"Fort Wayne, IN",Very Low,2,Typical lower-premium counties,0.9971469231168338,0.9944147022043548,3,High-premium slower-growth counties
18181,White County,IN,Indiana,,,Very Low,1,Stable low-volatility insurance counties,0.9998175108658817,0.9996350433111719,3,High-premium slower-growth counties
18183,Whitley County,IN,Indiana,Metro,"Fort Wayne, IN",Very Low,2,Typical lower-premium counties,0.9995481953294604,0.9992877820866698,3,High-premium slower-growth counties
19001,Adair County,IA,Iowa,,,Low,3,High-premium slower-growth counties,0.9997589229971249,0.9995178969961904,4,High-premium high-nonrenewal counties
19003,Adams County,IA,Iowa,,,Very Low,2,Typical lower-premium counties,0.9963302737193159,0.9933515153800981,0,Fast-rising lower-premium counties
19005,Allamakee County,IA,Iowa,,,Very Low,2,Typical lower-premium counties,0.9250057783462525,0.8500125932612955,3,High-premium slower-growth counties
19007,Appanoose County,IA,Iowa,,,Very Low,1,Stable low-volatility insurance counties,0.999403183032593,0.9988063854062688,3,High-premium slower-growth counties
19009,Audubon County,IA,Iowa,,,Very Low,3,High-premium slower-growth counties,0.9960183963441822,0.9920371592035365,4,High-premium high-nonrenewal counties
19011,Benton County,IA,Iowa,Metro,"Cedar Rapids, IA",Very Low,2,Typical lower-premium counties,0.999167764909552,0.9985030194221645,3,High-premium slower-growth counties
19013,Black Hawk County,IA,Iowa,Metro,"Waterloo-Cedar Falls, IA",Low,2,Typical lower-premium counties,0.995259881337381,0.9907501085450616,3,High-premium slower-growth counties
19015,Boone County,IA,Iowa,Micro,"Boone, IA",Very Low,1,Stable low-volatility insurance counties,0.9999290902020985,0.9998582184091204,3,High-premium slower-growth counties
19017,Bremer County,IA,Iowa,Metro,"Waterloo-Cedar Falls, IA",Very Low,2,Typical lower-premium counties,0.9967013790415968,0.9936725804880797,3,High-premium slower-growth counties
19019,Buchanan County,IA,Iowa,,,Very Low,4,High-premium high-nonrenewal counties,0.9929447142239901,0.9859836121352076,3,High-premium slower-growth counties
19021,Buena Vista County,IA,Iowa,Micro,"Storm Lake, IA",Very Low,2,Typical lower-premium counties,0.998609485740956,0.9973112530223669,3,High-premium slower-growth counties
19023,Butler County,IA,Iowa,,,Very Low,2,Typical lower-premium counties,0.9983539158624659,0.9970526924506607,3,High-premium slower-growth counties
19025,Calhoun County,IA,Iowa,,,Low,2,Typical lower-premium counties,0.9771380187984601,0.9555343524515992,3,High-premium slower-growth counties
19027,Carroll County,IA,Iowa,,,Low,2,Typical lower-premium counties,0.9970806463298841,0.9944855865353038,3,High-premium slower-growth counties
19029,Cass County,IA,Iowa,,,Low,2,Typical lower-premium counties,0.9990748906892534,0.998225025271945,3,High-premium slower-growth counties
19031,Cedar County,IA,Iowa,,,Very Low,2,Typical lower-premium counties,0.9990521313601521,0.9982579132292526,3,High-premium slower-growth counties
19033,Cerro Gordo County,IA,Iowa,Micro,"Mason City, IA",Low,1,Stable low-volatility insurance counties,0.9925419020537086,0.9850841607837856,3,High-premium slower-growth counties
19035,Cherokee County,IA,Iowa,,,Very Low,1,Stable low-volatility insurance counties,0.999747243324697,0.9994945626033735,3,High-premium slower-growth counties
19037,Chickasaw County,IA,Iowa,,,Very Low,2,Typical lower-premium counties,0.997008948580447,0.9945333081202603,3,High-premium slower-growth counties
19039,Clarke County,IA,Iowa,,,Very Low,4,High-premium high-nonrenewal counties,0.9875326883859555,0.975113493518643,3,High-premium slower-growth counties
19041,Clay County,IA,Iowa,Micro,"Spencer, IA",Very Low,3,High-premium slower-growth counties,0.8641854073589447,0.7283708150722643,1,Stable low-volatility insurance counties
19043,Clayton County,IA,Iowa,,,Very Low,3,High-premium slower-growth counties,0.9999999999999858,0.999999999999972,0,Fast-rising lower-premium counties
19045,Clinton County,IA,Iowa,Micro,"Clinton, IA",Low,1,Stable low-volatility insurance counties,0.9997950823376885,0.9995902136602586,3,High-premium slower-growth counties
19047,Crawford County,IA,Iowa,,,Low,2,Typical lower-premium counties,0.9991440020407565,0.998340445767545,3,High-premium slower-growth counties
19049,Dallas County,IA,Iowa,Metro,"Des Moines-West Des Moines, IA",Low,2,Typical lower-premium counties,0.9968661527818194,0.9944760185595215,3,High-premium slower-growth counties
19051,Davis County,IA,Iowa,Micro,"Ottumwa, IA",Low,2,Typical lower-premium counties,0.9823411071872796,0.967091331333969,3,High-premium slower-growth counties
19053,Decatur County,IA,Iowa,,,Very Low,4,High-premium high-nonrenewal counties,0.963931889292352,0.9300401754896841,3,High-premium slower-growth counties
19055,Delaware County,IA,Iowa,,,Low,2,Typical lower-premium counties,0.9981182055454908,0.9964852487168069,3,High-premium slower-growth counties
19057,Des Moines County,IA,Iowa,Micro,"Burlington, IA-IL",Low,3,High-premium slower-growth counties,0.9999989297346773,0.9999978594698987,0,Fast-rising lower-premium counties
19059,Dickinson County,IA,Iowa,Micro,"Spirit Lake, IA",Very Low,2,Typical lower-premium counties,0.9976498297108363,0.996411227735193,3,High-premium slower-growth counties
19061,Dubuque County,IA,Iowa,Metro,"Dubuque, IA",Low,2,Typical lower-premium counties,0.9752694618591465,0.9540695122394303,3,High-premium slower-growth counties
19063,Emmet County,IA,Iowa,,,Very Low,1,Stable low-volatility insurance counties,0.9998991207850726,0.9997982537960187,3,High-premium slower-growth counties
19065,Fayette County,IA,Iowa,,,Low,2,Typical lower-premium counties,0.9968895544764973,0.9939213502943671,3,High-premium slower-growth counties
19067,Floyd County,IA,Iowa,,,Low,2,Typical lower-premium counties,0.5982899947414598,0.20474886206951404,3,High-premium slower-growth counties
19069,Franklin County,IA,Iowa,,,Very Low,2,Typical lower-premium counties,0.7793056845770315,0.5633893584373729,3,High-premium slower-growth counties
19071,Fremont County,IA,Iowa,,,Very Low,3,High-premium slower-growth counties,0.9999999208417694,0.9999998775813872,1,Stable low-volatility insurance counties
19073,Greene County,IA,Iowa,,,Very Low,4,High-premium high-nonrenewal counties,0.9991510060506064,0.9983221536768141,3,High-premium slower-growth counties
19075,Grundy County,IA,Iowa,Metro,"Waterloo-Cedar Falls, IA",Very Low,2,Typical lower-premium counties,0.9991007521512083,0.9983145020248907,3,High-premium slower-growth counties
19077,Guthrie County,IA,Iowa,Metro,"Des Moines-West Des Moines, IA",Very Low,2,Typical lower-premium counties,0.995314066228572,0.9912985949108473,3,High-premium slower-growth counties
19079,Hamilton County,IA,Iowa,,,Low,4,High-premium high-nonrenewal counties,0.9923228712364514,0.9850721452784298,3,High-premium slower-growth counties
19081,Hancock County,IA,Iowa,,,Very Low,4,High-premium high-nonrenewal counties,0.9610621657682307,0.922381831069221,3,High-premium slower-growth counties
19083,Hardin County,IA,Iowa,,,Low,2,Typical lower-premium counties,0.9939292005288852,0.988055503635585,3,High-premium slower-growth counties
19085,Harrison County,IA,Iowa,Metro,"Omaha-Council Bluffs, NE-IA",Very Low,2,Typical lower-premium counties,0.7831404814366016,0.5735110153777454,3,High-premium slower-growth counties
19087,Henry County,IA,Iowa,,,Very Low,1,Stable low-volatility insurance counties,0.9998811151190687,0.9997622689304325,3,High-premium slower-growth counties
19089,Howard County,IA,Iowa,,,Very Low,2,Typical lower-premium counties,0.9995849888064686,0.9992825866202526,0,Fast-rising lower-premium counties
19091,Humboldt County,IA,Iowa,,,Very Low,0,Fast-rising lower-premium counties,0.9718131265602682,0.9436262531205348,3,High-premium slower-growth counties
19093,Ida County,IA,Iowa,,,Very Low,4,High-premium high-nonrenewal counties,0.9993331535114467,0.9990076971301657,3,High-premium slower-growth counties
19095,Iowa County,IA,Iowa,,,Very Low,2,Typical lower-premium counties,0.997475723661064,0.9954859340047737,3,High-premium slower-growth counties
19097,Jackson County,IA,Iowa,,,Very Low,2,Typical lower-premium counties,0.959162841634812,0.9207146224481286,3,High-premium slower-growth counties
19099,Jasper County,IA,Iowa,Micro,"Newton, IA",Low,4,High-premium high-nonrenewal counties,0.995709821680342,0.9916559030851774,3,High-premium slower-growth counties
19101,Jefferson County,IA,Iowa,Micro,"Fairfield, IA",Very Low,2,Typical lower-premium counties,0.9985939930281978,0.9973815712678709,3,High-premium slower-growth counties
19103,Johnson County,IA,Iowa,Metro,"Iowa City, IA",Moderate,2,Typical lower-premium counties,0.9966357273334295,0.9934806404078115,3,High-premium slower-growth counties
19105,Jones County,IA,Iowa,Metro,"Cedar Rapids, IA",Very Low,2,Typical lower-premium counties,0.9946991163361406,0.9901457487186741,3,High-premium slower-growth counties
19107,Keokuk County,IA,Iowa,,,Very Low,2,Typical lower-premium counties,0.9359452079850589,0.8972292591277896,3,High-premium slower-growth counties
19109,Kossuth County,IA,Iowa,,,Very Low,2,Typical lower-premium counties,0.998911980129868,0.9979829490682072,3,High-premium slower-growth counties
19111,Lee County,IA,Iowa,Micro,"Fort Madison-Keokuk, IA-IL-MO",Low,4,High-premium high-nonrenewal counties,0.994409170686043,0.9889404025792404,3,High-premium slower-growth counties
19113,Linn County,IA,Iowa,Metro,"Cedar Rapids, IA",Moderate,1,Stable low-volatility insurance counties,0.9997164763545334,0.9994329983612948,3,High-premium slower-growth counties
19115,Louisa County,IA,Iowa,,,Very Low,2,Typical lower-premium counties,0.9826144308867654,0.96886082780181,3,High-premium slower-growth counties
19117,Lucas County,IA,Iowa,,,Very Low,1,Stable low-volatility insurance counties,0.9972508797186236,0.9945023861161676,3,High-premium slower-growth counties
19119,Lyon County,IA,Iowa,,,Very Low,3,High-premium slower-growth counties,0.9999969813685446,0.9999939630650009,0,Fast-rising lower-premium counties
19121,Madison County,IA,Iowa,Metro,"Des Moines-West Des Moines, IA",Very Low,2,Typical lower-premium counties,0.9862912587828266,0.9752243946314426,3,High-premium slower-growth counties
19123,Mahaska County,IA,Iowa,Micro,"Oskaloosa, IA",Very Low,1,Stable low-volatility insurance counties,0.9999538083643714,0.999907631039732,3,High-premium slower-growth counties
19125,Marion County,IA,Iowa,,,Very Low,2,Typical lower-premium counties,0.9992525113425982,0.9986867577702255,3,High-premium slower-growth counties
19127,Marshall County,IA,Iowa,Micro,"Marshalltown, IA",Low,3,High-premium slower-growth counties,0.7562149246350874,0.5336975809191455,2,Typical lower-premium counties
19129,Mills County,IA,Iowa,Metro,"Omaha-Council Bluffs, NE-IA",Very Low,1,Stable low-volatility insurance counties,0.998628310898663,0.997256803356019,3,High-premium slower-growth counties
19131,Mitchell County,IA,Iowa,,,Very Low,1,Stable low-volatility insurance counties,0.9153632281915725,0.8307284740842433,3,High-premium slower-growth counties
19133,Monona County,IA,Iowa,,,Very Low,1,Stable low-volatility insurance counties,0.999898092329504,0.9997962176784817,3,High-premium slower-growth counties
19135,Monroe County,IA,Iowa,,,Very Low,1,Stable low-volatility insurance counties,0.9998970824177509,0.9997941771983796,3,High-premium slower-growth counties
19137,Montgomery County,IA,Iowa,,,Very Low,2,Typical lower-premium counties,0.6491498817203936,0.30934766058477237,3,High-premium slower-growth counties
19139,Muscatine County,IA,Iowa,Micro,"Muscatine, IA",Low,1,Stable low-volatility insurance counties,0.9999107987089407,0.999821621001332,3,High-premium slower-growth counties
19141,Obrien County,IA,Iowa,,,Very Low,4,High-premium high-nonrenewal counties,0.9981807266618636,0.9964215806016857,3,High-premium slower-growth counties
19143,Osceola County,IA,Iowa,,,Very Low,4,High-premium high-nonrenewal counties,0.9994234873829386,0.9988796223190067,3,High-premium slower-growth counties
19145,Page County,IA,Iowa,,,Very Low,0,Fast-rising lower-premium counties,0.860414261324757,0.7208285226495151,3,High-premium slower-growth counties
19147,Palo Alto County,IA,Iowa,,,Very Low,2,Typical lower-premium counties,0.9965227157723513,0.9932300384126692,3,High-premium slower-growth counties
19149,Plymouth County,IA,Iowa,Metro,"Sioux City, IA-NE-SD",Low,2,Typical lower-premium counties,0.9991130898935563,0.9983282436582867,3,High-premium slower-growth counties
19151,Pocahontas County,IA,Iowa,,,Very Low,4,High-premium high-nonrenewal counties,0.9826483016409046,0.9660786590870677,3,High-premium slower-growth counties
19153,Polk County,IA,Iowa,Metro,"Des Moines-West Des Moines, IA",Moderate,2,Typical lower-premium counties,0.993264935566936,0.987066439708473,3,High-premium slower-growth counties
19155,Pottawattamie County,IA,Iowa,Metro,"Omaha-Council Bluffs, NE-IA",Low,2,Typical lower-premium counties,0.9910012097649384,0.9822177844349628,3,High-premium slower-growth counties
19157,Poweshiek County,IA,Iowa,,,Very Low,1,Stable low-volatility insurance counties,0.9999645007164623,0.9999290183729643,3,High-premium slower-growth counties
19159,Ringgold County,IA,Iowa,,,Very Low,1,Stable low-volatility insurance counties,0.9999906374541583,0.9999813267420627,3,High-premium slower-growth counties
19161,Sac County,IA,Iowa,,,Very Low,1,Stable low-volatility insurance counties,0.9999466098289564,0.9998932385082026,3,High-premium slower-growth counties
19163,Scott County,IA,Iowa,Metro,"Davenport-Moline-Rock Island, IA-IL",Moderate,1,Stable low-volatility insurance counties,0.9979210419510444,0.9958421871148762,3,High-premium slower-growth counties
19165,Shelby County,IA,Iowa,,,Very Low,3,High-premium slower-growth counties,0.9999989329259487,0.9999978658561394,0,Fast-rising lower-premium counties
19167,Sioux County,IA,Iowa,,,Low,0,Fast-rising lower-premium counties,0.9281587360177542,0.8563174720390749,3,High-premium slower-growth counties
19169,Story County,IA,Iowa,Metro,"Ames, IA",Low,2,Typical lower-premium counties,0.9989321666431322,0.998089766198468,3,High-premium slower-growth counties
19171,Tama County,IA,Iowa,,,Low,2,Typical lower-premium counties,0.9790770475459878,0.959595011270436,3,High-premium slower-growth counties
19173,Taylor County,IA,Iowa,,,Very Low,4,High-premium high-nonrenewal counties,0.9944561090133984,0.9890350030693205,3,High-premium slower-growth counties
19175,Union County,IA,Iowa,,,Low,4,High-premium high-nonrenewal counties,0.9984104724289986,0.9969307605485781,3,High-premium slower-growth counties
19177,Van Buren County,IA,Iowa,,,Very Low,4,High-premium high-nonrenewal counties,0.9996002967172131,0.9993496850474805,3,High-premium slower-growth counties
19179,Wapello County,IA,Iowa,Micro,"Ottumwa, IA",Low,2,Typical lower-premium counties,0.9445698832741394,0.8909968939914069,3,High-premium slower-growth counties
19181,Warren County,IA,Iowa,Metro,"Des Moines-West Des Moines, IA",Very Low,2,Typical lower-premium counties,0.9984008051010643,0.9972377996333647,3,High-premium slower-growth counties
19183,Washington County,IA,Iowa,Metro,"Iowa City, IA",Low,2,Typical lower-premium counties,0.9989546732609138,0.9980926654422692,3,High-premium slower-growth counties
19185,Wayne County,IA,Iowa,,,Very Low,2,Typical lower-premium counties,0.9846381278235674,0.9700816657474424,3,High-premium slower-growth counties
19187,Webster County,IA,Iowa,Micro,"Fort Dodge, IA",Low,1,Stable low-volatility insurance counties,0.9997409455866648,0.9994819330399217,3,High-premium slower-growth counties
19189,Winnebago County,IA,Iowa,,,Very Low,2,Typical lower-premium counties,0.997286685729976,0.9959221459287693,3,High-premium slower-growth counties
19191,Winneshiek County,IA,Iowa,,,Very Low,2,Typical lower-premium counties,0.9788964740477982,0.9593083816304198,3,High-premium slower-growth counties
19193,Woodbury County,IA,Iowa,Metro,"Sioux City, IA-NE-SD",Moderate,1,Stable low-volatility insurance counties,0.9999545355367042,0.9999090845526385,3,High-premium slower-growth counties
19195,Worth County,IA,Iowa,Micro,"Mason City, IA",Very Low,4,High-premium high-nonrenewal counties,0.9964778602592236,0.9930873725058867,3,High-premium slower-growth counties
19197,Wright County,IA,Iowa,,,Very Low,2,Typical lower-premium counties,0.9022412371744126,0.8049440360236911,3,High-premium slower-growth counties
20001,Allen County,KS,Kansas,,,Very Low,2,Typical lower-premium counties,0.9998394550483124,0.9997330674208734,3,High-premium slower-growth counties
20003,Anderson County,KS,Kansas,,,Very Low,2,Typical lower-premium counties,0.9997966369356249,0.9996801873291402,3,High-premium slower-growth counties
20005,Atchison County,KS,Kansas,Micro,"Atchison, KS",Very Low,1,Stable low-volatility insurance counties,0.9999924681304042,0.9999849556144693,3,High-premium slower-growth counties
20007,Barber County,KS,Kansas,,,Very Low,0,Fast-rising lower-premium counties,0.9909327083895588,0.9818917260966497,3,High-premium slower-growth counties
20009,Barton County,KS,Kansas,Micro,"Great Bend, KS",Low,1,Stable low-volatility insurance counties,0.9999042944545079,0.9998085937045325,3,High-premium slower-growth counties
20011,Bourbon County,KS,Kansas,,,Very Low,1,Stable low-volatility insurance counties,0.9999924681304042,0.9999849556144693,3,High-premium slower-growth counties
20013,Brown County,KS,Kansas,,,Very Low,2,Typical lower-premium counties,0.9998394550483124,0.9997330674208734,3,High-premium slower-growth counties
20015,Butler County,KS,Kansas,Metro,"Wichita, KS",Low,3,High-premium slower-growth counties,0.9999979435923875,0.9999959085310084,0,Fast-rising lower-premium counties
20017,Chase County,KS,Kansas,,,Very Low,4,High-premium high-nonrenewal counties,0.9984056221009414,0.9974395966177803,2,Typical lower-premium counties
20019,Chautauqua County,KS,Kansas,,,Very Low,4,High-premium high-nonrenewal counties,0.9993544255810347,0.9989903464560453,2,Typical lower-premium counties
20021,Cherokee County,KS,Kansas,,,Low,1,Stable low-volatility insurance counties,0.9999924681304042,0.9999849556144693,3,High-premium slower-growth counties
20023,Cheyenne County,KS,Kansas,,,Very Low,4,High-premium high-nonrenewal counties,0.9993446330497566,0.9989587533522423,2,Typical lower-premium counties
20025,Clark County,KS,Kansas,,,Very Low,0,Fast-rising lower-premium counties,0.9373502627005583,0.8747005536671393,3,High-premium slower-growth counties
20027,Clay County,KS,Kansas,,,Very Low,1,Stable low-volatility insurance counties,0.9999924681304042,0.9999849556144693,3,High-premium slower-growth counties
20029,Cloud County,KS,Kansas,,,Very Low,4,High-premium high-nonrenewal counties,0.8579715028265572,0.7696411055780314,2,Typical lower-premium counties
20031,Coffey County,KS,Kansas,,,Very Low,1,Stable low-volatility insurance counties,0.9999924681304042,0.9999849556144693,3,High-premium slower-growth counties
20033,Comanche County,KS,Kansas,,,Very Low,0,Fast-rising lower-premium counties,0.9045570297204006,0.8091140594408023,3,High-premium slower-growth counties
20035,Cowley County,KS,Kansas,Micro,"Arkansas City-Winfield, KS",Low,2,Typical lower-premium counties,0.9995398521823405,0.9992169389041524,3,High-premium slower-growth counties
20037,Crawford County,KS,Kansas,Micro,"Pittsburg, KS",Low,1,Stable low-volatility insurance counties,0.9999924681304042,0.9999849556144693,3,High-premium slower-growth counties
20039,Decatur County,KS,Kansas,,,Very Low,3,High-premium slower-growth counties,0.9999999999804388,0.9999999999608776,0,Fast-rising lower-premium counties
20041,Dickinson County,KS,Kansas,,,Low,2,Typical lower-premium counties,0.9983737666730612,0.9967811802782441,3,High-premium slower-growth counties
20043,Doniphan County,KS,Kansas,Metro,"St. Joseph, MO-KS",Very Low,2,Typical lower-premium counties,0.9997462304177303,0.9995634882923081,3,High-premium slower-growth counties
20045,Douglas County,KS,Kansas,Metro,"Lawrence, KS",Low,2,Typical lower-premium counties,0.9974667111703696,0.9954319248279095,3,High-premium slower-growth counties
20047,Edwards County,KS,Kansas,,,Very Low,2,Typical lower-premium counties,0.9992129582274842,0.998841825618764,0,Fast-rising lower-premium counties
20049,Elk County,KS,Kansas,,,Very Low,2,Typical lower-premium counties,0.9987462980308178,0.998230592238038,3,High-premium slower-growth counties
20051,Ellis County,KS,Kansas,Micro,"Hays, KS",Very Low,1,Stable low-volatility insurance counties,0.9983116810117633,0.9966235128575709,3,High-premium slower-growth counties
20053,Ellsworth County,KS,Kansas,,,Very Low,4,High-premium high-nonrenewal counties,0.9993907272932813,0.9990357714750391,2,Typical lower-premium counties
20055,Finney County,KS,Kansas,Micro,"Garden City, KS",Low,1,Stable low-volatility insurance counties,0.9989410501757194,0.9978823200774,3,High-premium slower-growth counties
20057,Ford County,KS,Kansas,Micro,"Dodge City, KS",Low,0,Fast-rising lower-premium counties,0.6759109790041978,0.35182202321374934,3,High-premium slower-growth counties
20059,Franklin County,KS,Kansas,Micro,"Ottawa, KS",Low,1,Stable low-volatility insurance counties,0.9865515590798011,0.9731031181937567,3,High-premium slower-growth counties
20061,Geary County,KS,Kansas,Micro,"Junction City, KS",Very Low,2,Typical lower-premium counties,0.9954664363537592,0.9909379596645835,3,High-premium slower-growth counties
20063,Gove County,KS,Kansas,,,Very Low,4,High-premium high-nonrenewal counties,0.9995226308631564,0.999266817134315,3,High-premium slower-growth counties
20065,Graham County,KS,Kansas,,,Very Low,0,Fast-rising lower-premium counties,0.9734583961299388,0.9469187240337624,3,High-premium slower-growth counties
20067,Grant County,KS,Kansas,,,Very Low,3,High-premium slower-growth counties,0.9983732573466898,0.9967465194996502,0,Fast-rising lower-premium counties
20069,Gray County,KS,Kansas,,,Very Low,4,High-premium high-nonrenewal counties,0.9792070973329354,0.9654418925605014,2,Typical lower-premium counties
20071,Greeley County,KS,Kansas,,,Very Low,0,Fast-rising lower-premium counties,0.9909327083895588,0.9818917260966497,3,High-premium slower-growth counties
20073,Greenwood County,KS,Kansas,,,Very Low,2,Typical lower-premium counties,0.9995754957841302,0.9993468652579724,3,High-premium slower-growth counties
20075,Hamilton County,KS,Kansas,,,Very Low,3,High-premium slower-growth counties,0.6825488232771246,0.3650976465542507,0,Fast-rising lower-premium counties
20077,Harper County,KS,Kansas,,,Very Low,4,High-premium high-nonrenewal counties,0.9973256984336893,0.994693656975634,3,High-premium slower-growth counties
20079,Harvey County,KS,Kansas,Metro,"Wichita, KS",Very Low,1,Stable low-volatility insurance counties,0.9999313375598561,0.9998626762136192,3,High-premium slower-growth counties
20081,Haskell County,KS,Kansas,,,Very Low,1,Stable low-volatility insurance counties,0.9999924681304042,0.9999849556144693,3,High-premium slower-growth counties
20083,Hodgeman County,KS,Kansas,,,Very Low,2,Typical lower-premium counties,0.9995562166728167,0.9993121445087318,0,Fast-rising lower-premium counties
20085,Jackson County,KS,Kansas,Metro,"Topeka, KS",Very Low,2,Typical lower-premium counties,0.9993488950176215,0.9987088485032588,3,High-premium slower-growth counties
20087,Jefferson County,KS,Kansas,Metro,"Topeka, KS",Very Low,1,Stable low-volatility insurance counties,0.9998262520215514,0.999652576487007,3,High-premium slower-growth counties
20089,Jewell County,KS,Kansas,,,Very Low,2,Typical lower-premium counties,0.9986204277468886,0.9976803058015928,3,High-premium slower-growth counties
20091,Johnson County,KS,Kansas,Metro,"Kansas City, MO-KS",High,3,High-premium slower-growth counties,0.9999999926527892,0.9999999854413186,2,Typical lower-premium counties
20093,Kearny County,KS,Kansas,Micro,"Garden City, KS",Very Low,2,Typical lower-premium counties,0.9998394550483124,0.9997330674208734,3,High-premium slower-growth counties
20095,Kingman County,KS,Kansas,Metro,"Wichita, KS",Very Low,2,Typical lower-premium counties,0.9962537367068544,0.9927062368642123,3,High-premium slower-growth counties
20097,Kiowa County,KS,Kansas,,,Very Low,0,Fast-rising lower-premium counties,0.9931692256085529,0.9863392732853471,3,High-premium slower-growth counties
20099,Labette County,KS,Kansas,Micro,"Parsons, KS",Low,0,Fast-rising lower-premium counties,0.9734583961299388,0.9469187240337624,3,High-premium slower-growth counties
20101,Lane County,KS,Kansas,,,Very Low,4,High-premium high-nonrenewal counties,0.9983518571629493,0.9967037766872533,3,High-premium slower-growth counties
20103,Leavenworth County,KS,Kansas,Metro,"Kansas City, MO-KS",Low,1,Stable low-volatility insurance counties,0.9996962597003125,0.9993926071279364,3,High-premium slower-growth counties
20105,Lincoln County,KS,Kansas,,,Very Low,2,Typical lower-premium counties,0.9971917167953224,0.9951525922419411,0,Fast-rising lower-premium counties
20107,Linn County,KS,Kansas,Metro,"Kansas City, MO-KS",Very Low,1,Stable low-volatility insurance counties,0.9999924681304042,0.9999849556144693,3,High-premium slower-growth counties
20109,Logan County,KS,Kansas,,,Very Low,2,Typical lower-premium counties,0.9926159364872019,0.9881245617894474,3,High-premium slower-growth counties
20111,Lyon County,KS,Kansas,Micro,"Emporia, KS",Low,1,Stable low-volatility insurance counties,0.9998425264271634,0.9996850531102246,3,High-premium slower-growth counties
20113,McPherson County,KS,Kansas,Micro,"McPherson, KS",Very Low,2,Typical lower-premium counties,0.9997966369356249,0.9996801873291402,3,High-premium slower-growth counties
20115,Marion County,KS,Kansas,,,Very Low,2,Typical lower-premium counties,0.9989459192741217,0.998494014793906,4,High-premium high-nonrenewal counties
20117,Marshall County,KS,Kansas,,,Very Low,4,High-premium high-nonrenewal counties,0.7880287750377579,0.6062116662239817,3,High-premium slower-growth counties
20119,Meade County,KS,Kansas,,,Very Low,2,Typical lower-premium counties,0.9997772329310743,0.9996774619042759,0,Fast-rising lower-premium counties
20121,Miami County,KS,Kansas,Metro,"Kansas City, MO-KS",Low,2,Typical lower-premium counties,0.9972490877090373,0.9946135645120067,3,High-premium slower-growth counties
20123,Mitchell County,KS,Kansas,,,Very Low,2,Typical lower-premium counties,0.9997966369356249,0.9996801873291402,3,High-premium slower-growth counties
20125,Montgomery County,KS,Kansas,Micro,"Coffeyville, KS",Low,1,Stable low-volatility insurance counties,0.9999924681304042,0.9999849556144693,3,High-premium slower-growth counties
20127,Morris County,KS,Kansas,,,Very Low,2,Typical lower-premium counties,0.9997849001114634,0.9996404977329041,3,High-premium slower-growth counties
20129,Morton County,KS,Kansas,,,Very Low,0,Fast-rising lower-premium counties,0.9980338716965265,0.9960677433930539,3,High-premium slower-growth counties
20131,Nemaha County,KS,Kansas,,,Very Low,2,Typical lower-premium counties,0.9997966369356249,0.9996801873291402,3,High-premium slower-growth counties
20133,Neosho County,KS,Kansas,,,Very Low,2,Typical lower-premium counties,0.9997462304177303,0.9995634882923081,3,High-premium slower-growth counties
20135,Ness County,KS,Kansas,,,Very Low,3,High-premium slower-growth counties,0.9999999975090823,0.9999999950181642,0,Fast-rising lower-premium counties
20137,Norton County,KS,Kansas,,,Very Low,4,High-premium high-nonrenewal counties,0.9994531034972389,0.9990844480434399,3,High-premium slower-growth counties
20139,Osage County,KS,Kansas,Metro,"Topeka, KS",Very Low,1,Stable low-volatility insurance counties,0.9999462028923195,0.9998924157948316,3,High-premium slower-growth counties
20141,Osborne County,KS,Kansas,,,Very Low,1,Stable low-volatility insurance counties,0.9999924681304042,0.9999849556144693,3,High-premium slower-growth counties
20143,Ottawa County,KS,Kansas,Micro,"Salina, KS",Very Low,4,High-premium high-nonrenewal counties,0.6884718978286912,0.4620429004149477,2,Typical lower-premium counties
20145,Pawnee County,KS,Kansas,,,Very Low,1,Stable low-volatility insurance counties,0.9999924681304042,0.9999849556144693,3,High-premium slower-growth counties
20147,Phillips County,KS,Kansas,,,Very Low,2,Typical lower-premium counties,0.998749197688592,0.9979342531114374,3,High-premium slower-growth counties
20149,Pottawatomie County,KS,Kansas,Metro,"Manhattan, KS",Very Low,2,Typical lower-premium counties,0.9997019216168468,0.999597077010952,3,High-premium slower-growth counties
20151,Pratt County,KS,Kansas,,,Low,4,High-premium high-nonrenewal counties,0.9970634408620987,0.9951185087317393,2,Typical lower-premium counties
20153,Rawlins County,KS,Kansas,,,Very Low,4,High-premium high-nonrenewal counties,0.9995417471207324,0.9990886509529933,3,High-premium slower-growth counties
20155,Reno County,KS,Kansas,Micro,"Hutchinson, KS",Low,2,Typical lower-premium counties,0.9926679155194238,0.9853514093184911,3,High-premium slower-growth counties
20157,Republic County,KS,Kansas,,,Very Low,2,Typical lower-premium counties,0.9995754957841302,0.9993468652579724,3,High-premium slower-growth counties
20159,Rice County,KS,Kansas,,,Very Low,1,Stable low-volatility insurance counties,0.9999924681304042,0.9999849556144693,3,High-premium slower-growth counties
20161,Riley County,KS,Kansas,Metro,"Manhattan, KS",Low,1,Stable low-volatility insurance counties,0.9999924681304042,0.9999849556144693,3,High-premium slower-growth counties
20163,Rooks County,KS,Kansas,,,Very Low,2,Typical lower-premium counties,0.9995754957841302,0.9993468652579724,3,High-premium slower-growth counties
20165,Rush County,KS,Kansas,,,Very Low,2,Typical lower-premium counties,0.9994335425532105,0.9991464643505846,0,Fast-rising lower-premium counties
20167,Russell County,KS,Kansas,,,Very Low,1,Stable low-volatility insurance counties,0.9999924681304042,0.9999849556144693,3,High-premium slower-growth counties
20169,Saline County,KS,Kansas,Micro,"Salina, KS",Low,1,Stable low-volatility insurance counties,0.9992228636352055,0.9984457278273087,3,High-premium slower-growth counties
20171,Scott County,KS,Kansas,,,Low,4,High-premium high-nonrenewal counties,0.9994531034972389,0.9990844480434399,3,High-premium slower-growth counties
20173,Sedgwick County,KS,Kansas,Metro,"Wichita, KS",High,1,Stable low-volatility insurance counties,0.99967580887458,0.9993517643421429,3,High-premium slower-growth counties
20175,Seward County,KS,Kansas,Micro,"Liberal, KS",Very Low,2,Typical lower-premium counties,0.9966572740513888,0.9933232763297629,3,High-premium slower-growth counties
20177,Shawnee County,KS,Kansas,Metro,"Topeka, KS",Moderate,1,Stable low-volatility insurance counties,0.9999305302709219,0.9998610661920839,3,High-premium slower-growth counties
20179,Sheridan County,KS,Kansas,,,Very Low,4,High-premium high-nonrenewal counties,0.9996269660583933,0.9992560294744437,3,High-premium slower-growth counties
20181,Sherman County,KS,Kansas,,,Very Low,0,Fast-rising lower-premium counties,0.9197669619505537,0.8395352730702177,3,High-premium slower-growth counties
20183,Smith County,KS,Kansas,,,Very Low,2,Typical lower-premium counties,0.9986204277468886,0.9976803058015928,3,High-premium slower-growth counties
20185,Stafford County,KS,Kansas,,,Very Low,2,Typical lower-premium counties,0.9995754957841302,0.9993468652579724,3,High-premium slower-growth counties
20187,Stanton County,KS,Kansas,,,Very Low,3,High-premium slower-growth counties,0.6746031690191923,0.34920633803838624,0,Fast-rising lower-premium counties
20189,Stevens County,KS,Kansas,,,Very Low,2,Typical lower-premium counties,0.9997019216168468,0.999597077010952,3,High-premium slower-growth counties
20191,Sumner County,KS,Kansas,Metro,"Wichita, KS",Low,1,Stable low-volatility insurance counties,0.9998988664175432,0.9997977375370432,3,High-premium slower-growth counties
20193,Thomas County,KS,Kansas,,,Very Low,1,Stable low-volatility insurance counties,0.9999924681304042,0.9999849556144693,3,High-premium slower-growth counties
20195,Trego County,KS,Kansas,,,Very Low,2,Typical lower-premium counties,0.9972135050577833,0.9949687220356579,0,Fast-rising lower-premium counties
20197,Wabaunsee County,KS,Kansas,Metro,"Topeka, KS",Very Low,2,Typical lower-premium counties,0.9995794386073779,0.9993390336267541,0,Fast-rising lower-premium counties
20199,Wallace County,KS,Kansas,,,Very Low,2,Typical lower-premium counties,0.9996778461369958,0.9994769240257084,3,High-premium slower-growth counties
20201,Washington County,KS,Kansas,,,Very Low,0,Fast-rising lower-premium counties,0.9903523812092363,0.980705465386355,3,High-premium slower-growth counties
20203,Wichita County,KS,Kansas,,,Very Low,4,High-premium high-nonrenewal counties,0.9995404549332932,0.9991631291934981,3,High-premium slower-growth counties
20205,Wilson County,KS,Kansas,,,Very Low,2,Typical lower-premium counties,0.9989155795827973,0.9982323484952609,3,High-premium slower-growth counties
20207,Woodson County,KS,Kansas,,,Very Low,4,High-premium high-nonrenewal counties,0.9953790989440336,0.9907637794781943,3,High-premium slower-growth counties
20209,Wyandotte County,KS,Kansas,Metro,"Kansas City, MO-KS",Moderate,1,Stable low-volatility insurance counties,0.9999644117646829,0.9999288262549229,3,High-premium slower-growth counties
21001,Adair County,KY,Kentucky,,,Very Low,0,Fast-rising lower-premium counties,0.9907317223784657,0.9814634447579896,3,High-premium slower-growth counties
21003,Allen County,KY,Kentucky,Metro,"Bowling Green, KY",Very Low,2,Typical lower-premium counties,0.9910365393604453,0.9854361303914089,3,High-premium slower-growth counties
21005,Anderson County,KY,Kentucky,Micro,"Frankfort, KY",Very Low,2,Typical lower-premium counties,0.9987841531879978,0.9980676141689461,3,High-premium slower-growth counties
21007,Ballard County,KY,Kentucky,Micro,"Paducah, KY-IL",Very Low,2,Typical lower-premium counties,0.8823548966875762,0.8058145938154332,3,High-premium slower-growth counties
21009,Barren County,KY,Kentucky,Micro,"Glasgow, KY",Low,2,Typical lower-premium counties,0.9997429074531272,0.9995959802908677,3,High-premium slower-growth counties
21011,Bath County,KY,Kentucky,Micro,"Mount Sterling, KY",Very Low,2,Typical lower-premium counties,0.9997225331246706,0.9995635416122667,0,Fast-rising lower-premium counties
21013,Bell County,KY,Kentucky,Micro,"Middlesborough, KY",Low,3,High-premium slower-growth counties,0.9999921484902891,0.9999842972287396,2,Typical lower-premium counties
21015,Boone County,KY,Kentucky,Metro,"Cincinnati, OH-KY-IN",Low,3,High-premium slower-growth counties,0.9999339029150374,0.999867832083347,0,Fast-rising lower-premium counties
21017,Bourbon County,KY,Kentucky,Metro,"Lexington-Fayette, KY",Very Low,3,High-premium slower-growth counties,0.9999999998473115,0.999999999694623,0,Fast-rising lower-premium counties
21019,Boyd County,KY,Kentucky,Metro,"Huntington-Ashland, WV-KY-OH",Low,2,Typical lower-premium counties,0.999521988734021,0.9991066987980021,3,High-premium slower-growth counties
21021,Boyle County,KY,Kentucky,Micro,"Danville, KY",Very Low,3,High-premium slower-growth counties,0.9829272468886159,0.9659113379292,0,Fast-rising lower-premium counties
21023,Bracken County,KY,Kentucky,Metro,"Cincinnati, OH-KY-IN",Very Low,2,Typical lower-premium counties,0.9997646667096305,0.9995628381633691,3,High-premium slower-growth counties
21025,Breathitt County,KY,Kentucky,,,Low,2,Typical lower-premium counties,0.9996701068281784,0.9994671948956443,0,Fast-rising lower-premium counties
21027,Breckinridge County,KY,Kentucky,,,Very Low,2,Typical lower-premium counties,0.9996992782561814,0.9995410539883914,3,High-premium slower-growth counties
21029,Bullitt County,KY,Kentucky,Metro,"Louisville/Jefferson County, KY-IN",Low,0,Fast-rising lower-premium counties,0.9876893348601197,0.9753786697202784,3,High-premium slower-growth counties
21031,Butler County,KY,Kentucky,Metro,"Bowling Green, KY",Very Low,3,High-premium slower-growth counties,0.9999999948621721,0.999999989724347,0,Fast-rising lower-premium counties
21033,Caldwell County,KY,Kentucky,,,Very Low,2,Typical lower-premium counties,0.9992799457792454,0.9988853525560013,0,Fast-rising lower-premium counties
21035,Calloway County,KY,Kentucky,Micro,"Murray, KY",Low,2,Typical lower-premium counties,0.9176925105006081,0.860802824201417,3,High-premium slower-growth counties
21037,Campbell County,KY,Kentucky,Metro,"Cincinnati, OH-KY-IN",Low,3,High-premium slower-growth counties,0.8953941289731844,0.7907882579463726,0,Fast-rising lower-premium counties
21039,Carlisle County,KY,Kentucky,,,Very Low,2,Typical lower-premium counties,0.9992710466781259,0.9987558949150788,0,Fast-rising lower-premium counties
21041,Carroll County,KY,Kentucky,,,Very Low,2,Typical lower-premium counties,0.9992840979060507,0.9987770993358119,3,High-premium slower-growth counties
21043,Carter County,KY,Kentucky,,,Low,2,Typical lower-premium counties,0.999345689355013,0.9987356052299607,3,High-premium slower-growth counties
21045,Casey County,KY,Kentucky,,,Very Low,3,High-premium slower-growth counties,0.9999999955224368,0.9999999910448718,0,Fast-rising lower-premium counties
21047,Christian County,KY,Kentucky,Metro,"Clarksville, TN-KY",Low,2,Typical lower-premium counties,0.9988768021582513,0.998083290203614,3,High-premium slower-growth counties
21049,Clark County,KY,Kentucky,Metro,"Lexington-Fayette, KY",Very Low,2,Typical lower-premium counties,0.998517249676269,0.9976099429868525,3,High-premium slower-growth counties
21051,Clay County,KY,Kentucky,,,Low,1,Stable low-volatility insurance counties,0.9999923311776333,0.999984704281723,3,High-premium slower-growth counties
21053,Clinton County,KY,Kentucky,,,Very Low,2,Typical lower-premium counties,0.9997225331246706,0.9995635416122667,0,Fast-rising lower-premium counties
21055,Crittenden County,KY,Kentucky,,,Very Low,1,Stable low-volatility insurance counties,0.999973990892085,0.9999479914217134,3,High-premium slower-growth counties
21057,Cumberland County,KY,Kentucky,,,Very Low,2,Typical lower-premium counties,0.9997225331246706,0.9995635416122667,0,Fast-rising lower-premium counties
21059,Daviess County,KY,Kentucky,Metro,"Owensboro, KY",Moderate,2,Typical lower-premium counties,0.9986362941687684,0.9979613511830825,3,High-premium slower-growth counties
21061,Edmonson County,KY,Kentucky,Metro,"Bowling Green, KY",Very Low,1,Stable low-volatility insurance counties,0.9999904293104396,0.9999808748524048,3,High-premium slower-growth counties
21063,Elliott County,KY,Kentucky,,,Very Low,0,Fast-rising lower-premium counties,0.8855316991619097,0.7710633983238206,3,High-premium slower-growth counties
21065,Estill County,KY,Kentucky,,,Very Low,0,Fast-rising lower-premium counties,0.983405295591187,0.9668105911823728,3,High-premium slower-growth counties
21067,Fayette County,KY,Kentucky,Metro,"Lexington-Fayette, KY",Moderate,3,High-premium slower-growth counties,0.9999972418472206,0.9999944836944427,0,Fast-rising lower-premium counties
21069,Fleming County,KY,Kentucky,,,Very Low,3,High-premium slower-growth counties,0.9999999988107007,0.9999999976214002,0,Fast-rising lower-premium counties
21071,Floyd County,KY,Kentucky,,,Moderate,2,Typical lower-premium counties,0.9997634765948779,0.9996285166804771,3,High-premium slower-growth counties
21073,Franklin County,KY,Kentucky,Micro,"Frankfort, KY",Low,2,Typical lower-premium counties,0.9997239948317402,0.9995571471694619,3,High-premium slower-growth counties
21075,Fulton County,KY,Kentucky,Micro,"Union City, TN-KY",Low,3,High-premium slower-growth counties,0.9999999913220243,0.9999999826440499,0,Fast-rising lower-premium counties
21077,Gallatin County,KY,Kentucky,Metro,"Cincinnati, OH-KY-IN",Very Low,2,Typical lower-premium counties,0.9986226584540894,0.998073615098325,3,High-premium slower-growth counties
21079,Garrard County,KY,Kentucky,,,Very Low,2,Typical lower-premium counties,0.9995670422653251,0.9992284789847593,3,High-premium slower-growth counties
21081,Grant County,KY,Kentucky,Metro,"Cincinnati, OH-KY-IN",Very Low,1,Stable low-volatility insurance counties,0.9999901664476977,0.99998035077185,3,High-premium slower-growth counties
21083,Graves County,KY,Kentucky,Micro,"Mayfield, KY",Moderate,2,Typical lower-premium counties,0.9957747017507778,0.9931760600674554,3,High-premium slower-growth counties
21085,Grayson County,KY,Kentucky,,,Low,2,Typical lower-premium counties,0.9995328668329759,0.9992325992459438,0,Fast-rising lower-premium counties
21087,Green County,KY,Kentucky,,,Very Low,4,High-premium high-nonrenewal counties,0.9986950308963335,0.9973981638362539,3,High-premium slower-growth counties
21089,Greenup County,KY,Kentucky,Metro,"Huntington-Ashland, WV-KY-OH",Low,2,Typical lower-premium counties,0.9994683964937745,0.9990051769511726,3,High-premium slower-growth counties
21091,Hancock County,KY,Kentucky,Metro,"Owensboro, KY",Very Low,0,Fast-rising lower-premium counties,0.9787682053474324,0.957536410695175,3,High-premium slower-growth counties
21093,Hardin County,KY,Kentucky,Metro,"Elizabethtown-Fort Knox, KY",Low,2,Typical lower-premium counties,0.9984940526925953,0.9976215011657406,0,Fast-rising lower-premium counties
21095,Harlan County,KY,Kentucky,,,Low,2,Typical lower-premium counties,0.989626609035309,0.982693531069264,3,High-premium slower-growth counties
21097,Harrison County,KY,Kentucky,,,Very Low,4,High-premium high-nonrenewal counties,0.9986080884052894,0.9972660788957705,3,High-premium slower-growth counties
21099,Hart County,KY,Kentucky,,,Very Low,2,Typical lower-premium counties,0.9996575179049001,0.999485847554014,0,Fast-rising lower-premium counties
21101,Henderson County,KY,Kentucky,Metro,"Evansville, IN-KY",Low,2,Typical lower-premium counties,0.9987345475416362,0.997546570280687,3,High-premium slower-growth counties
21103,Henry County,KY,Kentucky,Metro,"Louisville/Jefferson County, KY-IN",Very Low,2,Typical lower-premium counties,0.9991651491971064,0.9984491323424513,3,High-premium slower-growth counties
21105,Hickman County,KY,Kentucky,,,Very Low,4,High-premium high-nonrenewal counties,0.9955810229940891,0.9911696769494752,3,High-premium slower-growth counties
21107,Hopkins County,KY,Kentucky,Micro,"Madisonville, KY",Low,2,Typical lower-premium counties,0.9989691071836215,0.998290632926925,3,High-premium slower-growth counties
21109,Jackson County,KY,Kentucky,,,Very Low,2,Typical lower-premium counties,0.9994496288982122,0.9991112745637598,0,Fast-rising lower-premium counties
21111,Jefferson County,KY,Kentucky,Metro,"Louisville/Jefferson County, KY-IN",High,2,Typical lower-premium counties,0.999579242015461,0.9992562619911466,3,High-premium slower-growth counties
21113,Jessamine County,KY,Kentucky,Metro,"Lexington-Fayette, KY",Very Low,3,High-premium slower-growth counties,0.9654476230358333,0.9308952460716662,0,Fast-rising lower-premium counties
21115,Johnson County,KY,Kentucky,,,Low,2,Typical lower-premium counties,0.8920963824170056,0.8040403381351999,3,High-premium slower-growth counties
21117,Kenton County,KY,Kentucky,Metro,"Cincinnati, OH-KY-IN",Low,2,Typical lower-premium counties,0.9992483464028793,0.9987718388262069,3,High-premium slower-growth counties
21119,Knott County,KY,Kentucky,,,Low,2,Typical lower-premium counties,0.9984936696786654,0.9976891208313168,0,Fast-rising lower-premium counties
21121,Knox County,KY,Kentucky,Micro,"London, KY",Low,2,Typical lower-premium counties,0.9920157355089034,0.9881816378277991,0,Fast-rising lower-premium counties
21123,Larue County,KY,Kentucky,Metro,"Elizabethtown-Fort Knox, KY",Very Low,4,High-premium high-nonrenewal counties,0.9869551336550298,0.9788986117261763,3,High-premium slower-growth counties
21125,Laurel County,KY,Kentucky,Micro,"London, KY",Low,2,Typical lower-premium counties,0.9997423035226131,0.9996117795299849,3,High-premium slower-growth counties
21127,Lawrence County,KY,Kentucky,,,Low,2,Typical lower-premium counties,0.9994342772927904,0.9991228682414675,3,High-premium slower-growth counties
21129,Lee County,KY,Kentucky,,,Very Low,4,High-premium high-nonrenewal counties,0.9952322478980835,0.9917023694271431,3,High-premium slower-growth counties
21131,Leslie County,KY,Kentucky,,,Very Low,2,Typical lower-premium counties,0.9992770223334327,0.9987979278225277,0,Fast-rising lower-premium counties
21133,Letcher County,KY,Kentucky,,,Low,4,High-premium high-nonrenewal counties,0.9590456231930544,0.9299683051230372,2,Typical lower-premium counties
21135,Lewis County,KY,Kentucky,,,Very Low,2,Typical lower-premium counties,0.9991812738410156,0.9983970187681852,3,High-premium slower-growth counties
21137,Lincoln County,KY,Kentucky,Micro,"Danville, KY",Very Low,2,Typical lower-premium counties,0.8966807857321963,0.7941724288345023,3,High-premium slower-growth counties
21139,Livingston County,KY,Kentucky,Micro,"Paducah, KY-IL",Very Low,4,High-premium high-nonrenewal counties,0.9995442563083213,0.9991860005754544,3,High-premium slower-growth counties
21141,Logan County,KY,Kentucky,,,Low,2,Typical lower-premium counties,0.9997845469310471,0.9996318412029426,3,High-premium slower-growth counties
21143,Lyon County,KY,Kentucky,,,Very Low,3,High-premium slower-growth counties,0.9999755901100073,0.9999511805687358,0,Fast-rising lower-premium counties
21145,McCracken County,KY,Kentucky,Micro,"Paducah, KY-IL",Moderate,2,Typical lower-premium counties,0.9708024732121693,0.9470215980073402,3,High-premium slower-growth counties
21147,McCreary County,KY,Kentucky,,,Very Low,2,Typical lower-premium counties,0.9988908779487968,0.9983188413735062,3,High-premium slower-growth counties
21149,McLean County,KY,Kentucky,Metro,"Owensboro, KY",Very Low,2,Typical lower-premium counties,0.9988387316657009,0.9981247918720242,0,Fast-rising lower-premium counties
21151,Madison County,KY,Kentucky,Micro,"Richmond-Berea, KY",Low,2,Typical lower-premium counties,0.9991810384041666,0.9985444570025654,3,High-premium slower-growth counties
21153,Magoffin County,KY,Kentucky,,,Very Low,2,Typical lower-premium counties,0.9996904070676186,0.9994873396240515,0,Fast-rising lower-premium counties
21155,Marion County,KY,Kentucky,,,Very Low,2,Typical lower-premium counties,0.9990876073443261,0.9983765963800207,3,High-premium slower-growth counties
21157,Marshall County,KY,Kentucky,,,Low,2,Typical lower-premium counties,0.9962998346250231,0.9944301876679478,0,Fast-rising lower-premium counties
21159,Martin County,KY,Kentucky,,,Low,4,High-premium high-nonrenewal counties,0.9996657346441079,0.9994190580770664,3,High-premium slower-growth counties
21161,Mason County,KY,Kentucky,Micro,"Maysville, KY",Very Low,3,High-premium slower-growth counties,0.9999999956950312,0.9999999913922246,2,Typical lower-premium counties
21163,Meade County,KY,Kentucky,Metro,"Elizabethtown-Fort Knox, KY",Very Low,2,Typical lower-premium counties,0.9991780139749292,0.9987637666811442,0,Fast-rising lower-premium counties
21165,Menifee County,KY,Kentucky,Micro,"Mount Sterling, KY",Very Low,2,Typical lower-premium counties,0.9997225331246706,0.9995635416122667,0,Fast-rising lower-premium counties
21167,Mercer County,KY,Kentucky,,,Very Low,2,Typical lower-premium counties,0.9984584582973681,0.9975247504995087,0,Fast-rising lower-premium counties
21169,Metcalfe County,KY,Kentucky,Micro,"Glasgow, KY",Very Low,2,Typical lower-premium counties,0.9996472667084226,0.9993830546668128,3,High-premium slower-growth counties
21171,Monroe County,KY,Kentucky,,,Very Low,3,High-premium slower-growth counties,0.9999999863683549,0.9999999727367147,0,Fast-rising lower-premium counties
21173,Montgomery County,KY,Kentucky,Micro,"Mount Sterling, KY",Very Low,2,Typical lower-premium counties,0.9831181380518548,0.9691357611856778,3,High-premium slower-growth counties
21175,Morgan County,KY,Kentucky,,,Very Low,2,Typical lower-premium counties,0.9991719160674676,0.9986222078728951,0,Fast-rising lower-premium counties
21177,Muhlenberg County,KY,Kentucky,,,Low,2,Typical lower-premium counties,0.9973543006508516,0.9959913085812343,3,High-premium slower-growth counties
21179,Nelson County,KY,Kentucky,Micro,"Bardstown, KY",Low,3,High-premium slower-growth counties,0.9999999866549167,0.9999999733099165,0,Fast-rising lower-premium counties
21181,Nicholas County,KY,Kentucky,,,Very Low,4,High-premium high-nonrenewal counties,0.8524452017255316,0.704894622016473,3,High-premium slower-growth counties
21183,Ohio County,KY,Kentucky,,,Low,2,Typical lower-premium counties,0.9997697525524557,0.9996231577991235,3,High-premium slower-growth counties
21185,Oldham County,KY,Kentucky,Metro,"Louisville/Jefferson County, KY-IN",Low,3,High-premium slower-growth counties,0.6331500954936234,0.2663001909873282,0,Fast-rising lower-premium counties
21187,Owen County,KY,Kentucky,,,Very Low,3,High-premium slower-growth counties,0.9999999976615328,0.9999999953230667,0,Fast-rising lower-premium counties
21189,Owsley County,KY,Kentucky,,,Very Low,3,High-premium slower-growth counties,1.0,1.0,0,Fast-rising lower-premium counties
21191,Pendleton County,KY,Kentucky,Metro,"Cincinnati, OH-KY-IN",Very Low,2,Typical lower-premium counties,0.9997323425086652,0.9996083576854494,0,Fast-rising lower-premium counties
21193,Perry County,KY,Kentucky,,,Low,3,High-premium slower-growth counties,0.9999999885618571,0.9999999771237177,0,Fast-rising lower-premium counties
21195,Pike County,KY,Kentucky,,,Moderate,2,Typical lower-premium counties,0.9975236828960762,0.9956158203280304,3,High-premium slower-growth counties
21197,Powell County,KY,Kentucky,,,Very Low,1,Stable low-volatility insurance counties,0.9999923311776333,0.999984704281723,3,High-premium slower-growth counties
21199,Pulaski County,KY,Kentucky,Micro,"Somerset, KY",Low,2,Typical lower-premium counties,0.9991173264760473,0.9987003236505815,0,Fast-rising lower-premium counties
21201,Robertson County,KY,Kentucky,,,Very Low,0,Fast-rising lower-premium counties,0.9954830638213787,0.9909661276497478,3,High-premium slower-growth counties
21203,Rockcastle County,KY,Kentucky,Micro,"Richmond-Berea, KY",Very Low,2,Typical lower-premium counties,0.979393219020756,0.9590142110716454,3,High-premium slower-growth counties
21205,Rowan County,KY,Kentucky,,,Low,2,Typical lower-premium counties,0.9996779974133768,0.9994757523758854,0,Fast-rising lower-premium counties
21207,Russell County,KY,Kentucky,,,Very Low,3,High-premium slower-growth counties,0.9999999985362251,0.999999997072449,0,Fast-rising lower-premium counties
21209,Scott County,KY,Kentucky,Metro,"Lexington-Fayette, KY",Low,0,Fast-rising lower-premium counties,0.9958753538731544,0.991750707763951,3,High-premium slower-growth counties
21211,Shelby County,KY,Kentucky,Metro,"Louisville/Jefferson County, KY-IN",Low,2,Typical lower-premium counties,0.9990214359015622,0.9984839535541757,0,Fast-rising lower-premium counties
21213,Simpson County,KY,Kentucky,,,Very Low,2,Typical lower-premium counties,0.9995590772110123,0.9993352595024358,3,High-premium slower-growth counties
21215,Spencer County,KY,Kentucky,Metro,"Louisville/Jefferson County, KY-IN",Very Low,3,High-premium slower-growth counties,0.9999831023901824,0.9999662120307469,0,Fast-rising lower-premium counties
21217,Taylor County,KY,Kentucky,Micro,"Campbellsville, KY",Very Low,2,Typical lower-premium counties,0.9997153562864661,0.999573393404381,3,High-premium slower-growth counties
21219,Todd County,KY,Kentucky,,,Very Low,2,Typical lower-premium counties,0.994440301241076,0.9913335030354101,3,High-premium slower-growth counties
21221,Trigg County,KY,Kentucky,Metro,"Clarksville, TN-KY",Low,0,Fast-rising lower-premium counties,0.9600948659091427,0.9201897318182906,3,High-premium slower-growth counties
21223,Trimble County,KY,Kentucky,Metro,"Louisville/Jefferson County, KY-IN",Very Low,2,Typical lower-premium counties,0.9988967810897212,0.9982215539164142,0,Fast-rising lower-premium counties
21225,Union County,KY,Kentucky,,,Very Low,2,Typical lower-premium counties,0.9991528408299598,0.9985001195303013,3,High-premium slower-growth counties
21227,Warren County,KY,Kentucky,Metro,"Bowling Green, KY",Moderate,2,Typical lower-premium counties,0.9994982091529743,0.9991078740403861,3,High-premium slower-growth counties
21229,Washington County,KY,Kentucky,,,Very Low,2,Typical lower-premium counties,0.9996163286971284,0.9993110105115814,3,High-premium slower-growth counties
21231,Wayne County,KY,Kentucky,,,Low,0,Fast-rising lower-premium counties,0.989214794622675,0.9784295900009479,3,High-premium slower-growth counties
21233,Webster County,KY,Kentucky,,,Very Low,2,Typical lower-premium counties,0.9987055876358077,0.997538835995202,3,High-premium slower-growth counties
21235,Whitley County,KY,Kentucky,Micro,"London, KY",Low,2,Typical lower-premium counties,0.9975421440765073,0.9959795859736731,3,High-premium slower-growth counties
21237,Wolfe County,KY,Kentucky,,,Very Low,0,Fast-rising lower-premium counties,0.9798046361654139,0.959609660097042,3,High-premium slower-growth counties
21239,Woodford County,KY,Kentucky,Metro,"Lexington-Fayette, KY",Very Low,0,Fast-rising lower-premium counties,0.9579727526908329,0.9159455062881523,3,High-premium slower-growth counties
22001,Acadia Parish,LA,Louisiana,Metro,"Lafayette, LA",Moderate,2,Typical lower-premium counties,0.9942517711040288,0.9892862365085048,3,High-premium slower-growth counties
22003,Allen Parish,LA,Louisiana,,,Low,2,Typical lower-premium counties,0.9982392492147422,0.9965283294289007,3,High-premium slower-growth counties
22005,Ascension Parish,LA,Louisiana,Metro,"Baton Rouge, LA",Moderate,3,High-premium slower-growth counties,0.9999996906304974,0.999999387122151,4,High-premium high-nonrenewal counties
22007,Assumption Parish,LA,Louisiana,,,Low,3,High-premium slower-growth counties,0.9946338764002439,0.9892680206846007,4,High-premium high-nonrenewal counties
22009,Avoyelles Parish,LA,Louisiana,,,Low,2,Typical lower-premium counties,0.9994744066525068,0.9990727166255439,3,High-premium slower-growth counties
22011,Beauregard Parish,LA,Louisiana,Micro,"DeRidder, LA",Low,2,Typical lower-premium counties,0.9988753415477165,0.9978031732670949,3,High-premium slower-growth counties
22013,Bienville Parish,LA,Louisiana,,,Very Low,2,Typical lower-premium counties,0.9788721662505626,0.9596291836752671,3,High-premium slower-growth counties
22015,Bossier Parish,LA,Louisiana,Metro,"Shreveport-Bossier City, LA",Moderate,2,Typical lower-premium counties,0.991832426715336,0.9853675290610636,3,High-premium slower-growth counties
22017,Caddo Parish,LA,Louisiana,Metro,"Shreveport-Bossier City, LA",Moderate,3,High-premium slower-growth counties,0.9999999197886137,0.9999998395774956,2,Typical lower-premium counties
22019,Calcasieu Parish,LA,Louisiana,Metro,"Lake Charles, LA",High,2,Typical lower-premium counties,0.8694277044404773,0.7424014717955456,3,High-premium slower-growth counties
22021,Caldwell Parish,LA,Louisiana,,,Very Low,2,Typical lower-premium counties,0.997388614046444,0.9955599552765755,0,Fast-rising lower-premium counties
22023,Cameron Parish,LA,Louisiana,Metro,"Lake Charles, LA",Very Low,2,Typical lower-premium counties,0.7321864259166477,0.46921866488789793,3,High-premium slower-growth counties
22025,Catahoula Parish,LA,Louisiana,,,Very Low,2,Typical lower-premium counties,0.9981818446294679,0.9972516133704171,3,High-premium slower-growth counties
22027,Claiborne Parish,LA,Louisiana,,,Very Low,4,High-premium high-nonrenewal counties,0.9988857116329322,0.997780662754905,3,High-premium slower-growth counties
22029,Concordia Parish,LA,Louisiana,Micro,"Natchez, MS-LA",Very Low,2,Typical lower-premium counties,0.9985641105492383,0.9971452719464727,3,High-premium slower-growth counties
22031,De Soto Parish,LA,Louisiana,Metro,"Shreveport-Bossier City, LA",Very Low,2,Typical lower-premium counties,0.9979194414399314,0.996180340302954,3,High-premium slower-growth counties
22033,East Baton Rouge Parish,LA,Louisiana,Metro,"Baton Rouge, LA",High,4,High-premium high-nonrenewal counties,0.9364760232301202,0.8818403137883288,2,Typical lower-premium counties
22035,East Carroll Parish,LA,Louisiana,,,Very Low,2,Typical lower-premium counties,0.9994068454178608,0.9990497184171327,0,Fast-rising lower-premium counties
22037,East Feliciana Parish,LA,Louisiana,Metro,"Baton Rouge, LA",Low,2,Typical lower-premium counties,0.9927135913271783,0.9864300597526969,3,High-premium slower-growth counties
22039,Evangeline Parish,LA,Louisiana,,,Low,2,Typical lower-premium counties,0.9951567561405783,0.9916943966298372,3,High-premium slower-growth counties
22041,Franklin Parish,LA,Louisiana,,,Very Low,0,Fast-rising lower-premium counties,0.986864697526767,0.9737293951980169,3,High-premium slower-growth counties
22043,Grant Parish,LA,Louisiana,Metro,"Alexandria, LA",Very Low,3,High-premium slower-growth counties,0.9999999999980425,0.999999999996085,0,Fast-rising lower-premium counties
22045,Iberia Parish,LA,Louisiana,Metro,"Lafayette, LA",Moderate,3,High-premium slower-growth counties,0.7291133286035543,0.45822665720710737,0,Fast-rising lower-premium counties
22047,Iberville Parish,LA,Louisiana,Metro,"Baton Rouge, LA",Low,2,Typical lower-premium counties,0.9923979250617708,0.9862953147780181,3,High-premium slower-growth counties
22049,Jackson Parish,LA,Louisiana,,,Very Low,2,Typical lower-premium counties,0.9982636207164309,0.9965368853836329,3,High-premium slower-growth counties
22051,Jefferson Parish,LA,Louisiana,Metro,"New Orleans-Metairie, LA",High,3,High-premium slower-growth counties,0.9999999999999396,0.9999999999998802,4,High-premium high-nonrenewal counties
22053,Jefferson Davis Parish,LA,Louisiana,,,Low,2,Typical lower-premium counties,0.9910912768778694,0.9835682453740663,3,High-premium slower-growth counties
22055,Lafayette Parish,LA,Louisiana,Metro,"Lafayette, LA",High,0,Fast-rising lower-premium counties,0.5893898831883124,0.1787797663766264,3,High-premium slower-growth counties
22057,Lafourche Parish,LA,Louisiana,Metro,"Houma-Thibodaux, LA",Moderate,4,High-premium high-nonrenewal counties,0.9377370129841545,0.8755240655004725,3,High-premium slower-growth counties
22059,LaSalle Parish,LA,Louisiana,,,Very Low,3,High-premium slower-growth counties,1.0,0.9999999999999996,0,Fast-rising lower-premium counties
22061,Lincoln Parish,LA,Louisiana,Micro,"Ruston, LA",Low,0,Fast-rising lower-premium counties,0.9866845980678446,0.9733691962101978,3,High-premium slower-growth counties
22063,Livingston Parish,LA,Louisiana,Metro,"Baton Rouge, LA",High,3,High-premium slower-growth counties,0.9999997845058727,0.9999995733020735,4,High-premium high-nonrenewal counties
22065,Madison Parish,LA,Louisiana,,,Very Low,4,High-premium high-nonrenewal counties,0.9889083846524187,0.97904999943276,2,Typical lower-premium counties
22067,Morehouse Parish,LA,Louisiana,Micro,"Bastrop, LA",Low,1,Stable low-volatility insurance counties,0.999944701176739,0.9998894424621282,3,High-premium slower-growth counties
22069,Natchitoches Parish,LA,Louisiana,Micro,"Natchitoches, LA",Low,2,Typical lower-premium counties,0.9989138191168596,0.9979554272659977,3,High-premium slower-growth counties
22071,Orleans Parish,LA,Louisiana,Metro,"New Orleans-Metairie, LA",High,3,High-premium slower-growth counties,0.9999999999999467,0.9999999999998922,4,High-premium high-nonrenewal counties
22073,Ouachita Parish,LA,Louisiana,Metro,"Monroe, LA",Moderate,2,Typical lower-premium counties,0.9977154927601708,0.9958275923432286,3,High-premium slower-growth counties
22075,Plaquemines Parish,LA,Louisiana,Metro,"New Orleans-Metairie, LA",Low,3,High-premium slower-growth counties,0.9999999999991687,0.9999999999983376,0,Fast-rising lower-premium counties
22077,Pointe Coupee Parish,LA,Louisiana,Metro,"Baton Rouge, LA",Low,0,Fast-rising lower-premium counties,0.9726643345181377,0.9453286690362752,3,High-premium slower-growth counties
22079,Rapides Parish,LA,Louisiana,Metro,"Alexandria, LA",Moderate,2,Typical lower-premium counties,0.996275640161374,0.9928842768620424,3,High-premium slower-growth counties
22081,Red River Parish,LA,Louisiana,,,Very Low,2,Typical lower-premium counties,0.998941592379921,0.9982045778782638,3,High-premium slower-growth counties
22083,Richland Parish,LA,Louisiana,,,Very Low,2,Typical lower-premium counties,0.9983494249374816,0.9974388173475057,3,High-premium slower-growth counties
22085,Sabine Parish,LA,Louisiana,,,Low,0,Fast-rising lower-premium counties,0.9455785291886228,0.8911570584112668,3,High-premium slower-growth counties
22087,St. Bernard Parish,LA,Louisiana,Metro,"New Orleans-Metairie, LA",Low,3,High-premium slower-growth counties,0.9999999993544009,0.9999999987093108,4,High-premium high-nonrenewal counties
22089,St. Charles Parish,LA,Louisiana,Metro,"New Orleans-Metairie, LA",Moderate,3,High-premium slower-growth counties,0.9999999999999432,0.9999999999998851,4,High-premium high-nonrenewal counties
22091,St. Helena Parish,LA,Louisiana,Metro,"Baton Rouge, LA",Very Low,3,High-premium slower-growth counties,0.9999999991938111,0.9999999983876205,0,Fast-rising lower-premium counties
22093,St. James Parish,LA,Louisiana,Metro,"New Orleans-Metairie, LA",Low,4,High-premium high-nonrenewal counties,0.9853038555616045,0.9733722267422829,3,High-premium slower-growth counties
22095,St. John the Baptist Parish,LA,Louisiana,Metro,"New Orleans-Metairie, LA",Moderate,3,High-premium slower-growth counties,1.0,1.0,0,Fast-rising lower-premium counties
22097,St. Landry Parish,LA,Louisiana,Micro,"Opelousas, LA",Moderate,2,Typical lower-premium counties,0.9908648380513796,0.9838473945146589,3,High-premium slower-growth counties
22099,St. Martin Parish,LA,Louisiana,Metro,"Lafayette, LA",Moderate,2,Typical lower-premium counties,0.9836249056147314,0.97237372186928,3,High-premium slower-growth counties
22101,St. Mary Parish,LA,Louisiana,Micro,"Morgan City, LA",Moderate,3,High-premium slower-growth counties,0.999962518625404,0.9999250372508096,0,Fast-rising lower-premium counties
22103,St. Tammany Parish,LA,Louisiana,Metro,"New Orleans-Metairie, LA",High,3,High-premium slower-growth counties,0.9999999972284108,0.999999994457918,0,Fast-rising lower-premium counties
22105,Tangipahoa Parish,LA,Louisiana,Metro,"Hammond, LA",Moderate,4,High-premium high-nonrenewal counties,0.9961999748190118,0.9924041445024009,3,High-premium slower-growth counties
22107,Tensas Parish,LA,Louisiana,,,Very Low,0,Fast-rising lower-premium counties,0.9946715001523745,0.9893430003392771,3,High-premium slower-growth counties
22109,Terrebonne Parish,LA,Louisiana,Metro,"Houma-Thibodaux, LA",Moderate,3,High-premium slower-growth counties,0.9999324561390698,0.9998905417264774,2,Typical lower-premium counties
22111,Union Parish,LA,Louisiana,Metro,"Monroe, LA",Low,2,Typical lower-premium counties,0.9991175693024078,0.998326154135,3,High-premium slower-growth counties
22113,Vermilion Parish,LA,Louisiana,Metro,"Lafayette, LA",Moderate,3,High-premium slower-growth counties,0.9999982332221091,0.999996466742313,4,High-premium high-nonrenewal counties
22115,Vernon Parish,LA,Louisiana,Micro,"Fort Polk South, LA",Low,2,Typical lower-premium counties,0.9883856053214338,0.9768062967750404,3,High-premium slower-growth counties
22117,Washington Parish,LA,Louisiana,Micro,"Bogalusa, LA",Moderate,2,Typical lower-premium counties,0.9896684379648373,0.9801780139466396,3,High-premium slower-growth counties
22119,Webster Parish,LA,Louisiana,Metro,"Shreveport-Bossier City, LA",Low,2,Typical lower-premium counties,0.9984988181970458,0.997294726828259,3,High-premium slower-growth counties
22121,West Baton Rouge Parish,LA,Louisiana,Metro,"Baton Rouge, LA",Very Low,4,High-premium high-nonrenewal counties,0.9978008760793994,0.9956135611683117,3,High-premium slower-growth counties
22123,West Carroll Parish,LA,Louisiana,,,Very Low,3,High-premium slower-growth counties,0.9999729359350551,0.9999458718703922,0,Fast-rising lower-premium counties
22125,West Feliciana Parish,LA,Louisiana,Metro,"Baton Rouge, LA",Very Low,2,Typical lower-premium counties,0.9794874394881324,0.9615821468664865,3,High-premium slower-growth counties
22127,Winn Parish,LA,Louisiana,,,Very Low,4,High-premium high-nonrenewal counties,0.9991427618443087,0.9986676496687467,2,Typical lower-premium counties
23001,Androscoggin County,ME,Maine,Metro,"Lewiston-Auburn, ME",Low,0,Fast-rising lower-premium counties,0.7805865667521745,0.5611731335118304,3,High-premium slower-growth counties
23003,Aroostook County,ME,Maine,,,Low,2,Typical lower-premium counties,0.41664095914438204,0.06220442767268636,3,High-premium slower-growth counties
23005,Cumberland County,ME,Maine,Metro,"Portland-South Portland, ME",Low,0,Fast-rising lower-premium counties,0.8615229829821078,0.723045965964365,3,High-premium slower-growth counties
23007,Franklin County,ME,Maine,,,Low,0,Fast-rising lower-premium counties,0.8146794831941575,0.6293589664016873,3,High-premium slower-growth counties
23009,Hancock County,ME,Maine,,,Low,2,Typical lower-premium counties,0.9355814507954281,0.8858613896170505,3,High-premium slower-growth counties
23011,Kennebec County,ME,Maine,Micro,"Augusta-Waterville, ME",Low,0,Fast-rising lower-premium counties,0.8800766102141394,0.7601532204319065,3,High-premium slower-growth counties
23013,Knox County,ME,Maine,,,Very Low,3,High-premium slower-growth counties,0.9904110704918411,0.9808221409836804,0,Fast-rising lower-premium counties
23015,Lincoln County,ME,Maine,,,Very Low,3,High-premium slower-growth counties,0.9995661859593202,0.9991323900683002,0,Fast-rising lower-premium counties
23017,Oxford County,ME,Maine,,,Low,3,High-premium slower-growth counties,0.6160490150969794,0.4317821086209611,2,Typical lower-premium counties
23019,Penobscot County,ME,Maine,Metro,"Bangor, ME",Low,2,Typical lower-premium counties,0.5869510069903918,0.1748900850680078,3,High-premium slower-growth counties
23021,Piscataquis County,ME,Maine,,,Low,3,High-premium slower-growth counties,0.895185442292751,0.7919048390161203,2,Typical lower-premium counties
23023,Sagadahoc County,ME,Maine,Metro,"Portland-South Portland, ME",Very Low,0,Fast-rising lower-premium counties,0.9774420468555797,0.9548840937111617,3,High-premium slower-growth counties
23025,Somerset County,ME,Maine,,,Low,2,Typical lower-premium counties,0.5612949023684636,0.20789168275334585,3,High-premium slower-growth counties
23027,Waldo County,ME,Maine,,,Very Low,3,High-premium slower-growth counties,0.45728764169719405,0.19292339882802578,2,Typical lower-premium counties
23029,Washington County,ME,Maine,,,Low,3,High-premium slower-growth counties,0.9999999536485558,0.9999999073019404,0,Fast-rising lower-premium counties
23031,York County,ME,Maine,Metro,"Portland-South Portland, ME",Moderate,3,High-premium slower-growth counties,0.9688852437229847,0.9377704874459906,0,Fast-rising lower-premium counties
24001,Allegany County,MD,Maryland,Metro,"Cumberland, MD-WV",Low,2,Typical lower-premium counties,0.9972016751993499,0.9947325312905876,3,High-premium slower-growth counties
24003,Anne Arundel County,MD,Maryland,Metro,"Baltimore-Columbia-Towson, MD",Moderate,0,Fast-rising lower-premium counties,0.9856543899472489,0.9713087798950187,3,High-premium slower-growth counties
24005,Baltimore County,MD,Maryland,Metro,"Baltimore-Columbia-Towson, MD",Moderate,0,Fast-rising lower-premium counties,0.9923788794735563,0.9847577610086038,3,High-premium slower-growth counties
24009,Calvert County,MD,Maryland,Metro,"Washington-Arlington-Alexandria, DC-VA-MD-WV",Very Low,0,Fast-rising lower-premium counties,0.9830192053726062,0.9660384107452182,3,High-premium slower-growth counties
24011,Caroline County,MD,Maryland,,,Low,2,Typical lower-premium counties,0.9947419689642735,0.9912598102571865,4,High-premium high-nonrenewal counties
24013,Carroll County,MD,Maryland,Metro,"Baltimore-Columbia-Towson, MD",Low,0,Fast-rising lower-premium counties,0.9846336119893215,0.9692672239913086,3,High-premium slower-growth counties
24015,Cecil County,MD,Maryland,Metro,"Philadelphia-Camden-Wilmington, PA-NJ-DE-MD",Low,0,Fast-rising lower-premium counties,0.9657034732243245,0.9314069482784221,3,High-premium slower-growth counties
24017,Charles County,MD,Maryland,Metro,"Washington-Arlington-Alexandria, DC-VA-MD-WV",Low,0,Fast-rising lower-premium counties,0.972288681372851,0.9445773627474884,3,High-premium slower-growth counties
24019,Dorchester County,MD,Maryland,Micro,"Cambridge, MD",Low,2,Typical lower-premium counties,0.9727299146863623,0.9464311790528914,4,High-premium high-nonrenewal counties
24021,Frederick County,MD,Maryland,Metro,"Washington-Arlington-Alexandria, DC-VA-MD-WV",Low,3,High-premium slower-growth counties,0.9999994159822165,0.9999988319645863,0,Fast-rising lower-premium counties
24023,Garrett County,MD,Maryland,,,Very Low,0,Fast-rising lower-premium counties,0.988381805970712,0.9767636183621681,3,High-premium slower-growth counties
24025,Harford County,MD,Maryland,Metro,"Baltimore-Columbia-Towson, MD",Low,0,Fast-rising lower-premium counties,0.9900940902803593,0.9801881805619984,3,High-premium slower-growth counties
24027,Howard County,MD,Maryland,Metro,"Baltimore-Columbia-Towson, MD",Low,3,High-premium slower-growth counties,0.9999997342277707,0.9999994684555502,0,Fast-rising lower-premium counties
24029,Kent County,MD,Maryland,,,Very Low,2,Typical lower-premium counties,0.9748328978369316,0.950988128583753,3,High-premium slower-growth counties
24031,Montgomery County,MD,Maryland,Metro,"Washington-Arlington-Alexandria, DC-VA-MD-WV",Moderate,3,High-premium slower-growth counties,0.999996150393431,0.9999923007868625,0,Fast-rising lower-premium counties
24033,Prince George's County,MD,Maryland,Metro,"Washington-Arlington-Alexandria, DC-VA-MD-WV",Moderate,2,Typical lower-premium counties,0.9591221042379022,0.9346633485002043,4,High-premium high-nonrenewal counties
24035,Queen Anne's County,MD,Maryland,Metro,"Baltimore-Columbia-Towson, MD",Very Low,2,Typical lower-premium counties,0.9733412525931517,0.9478882818464184,4,High-premium high-nonrenewal counties
24037,St. Mary's County,MD,Maryland,Metro,"California-Lexington Park, MD",Very Low,0,Fast-rising lower-premium counties,0.991222084505381,0.9824441690336763,3,High-premium slower-growth counties
24039,Somerset County,MD,Maryland,Metro,"Salisbury, MD-DE",Low,3,High-premium slower-growth counties,0.9999999999657199,0.9999999999314412,0,Fast-rising lower-premium counties
24041,Talbot County,MD,Maryland,Micro,"Easton, MD",Very Low,3,High-premium slower-growth counties,0.9999996507097647,0.9999993014195299,0,Fast-rising lower-premium counties
24043,Washington County,MD,Maryland,Metro,"Hagerstown-Martinsburg, MD-WV",Low,0,Fast-rising lower-premium counties,0.9875158346580293,0.9750316719147202,3,High-premium slower-growth counties
24045,Wicomico County,MD,Maryland,Metro,"Salisbury, MD-DE",Low,3,High-premium slower-growth counties,0.9999693969150208,0.999938982719328,0,Fast-rising lower-premium counties
24047,Worcester County,MD,Maryland,Metro,"Salisbury, MD-DE",Low,2,Typical lower-premium counties,0.9842458975606064,0.9692406334793491,4,High-premium high-nonrenewal counties
24510,Baltimore City,MD,Maryland,Metro,"Baltimore-Columbia-Towson, MD",High,1,Stable low-volatility insurance counties,0.9994770933654031,0.9989543312855566,3,High-premium slower-growth counties
25001,Barnstable County,MA,Massachusetts,Metro,"Barnstable Town, MA",Moderate,4,High-premium high-nonrenewal counties,0.9931329731186197,0.9862746133187396,3,High-premium slower-growth counties
25003,Berkshire County,MA,Massachusetts,Metro,"Pittsfield, MA",Moderate,2,Typical lower-premium counties,0.9122077191676536,0.8244154704921106,3,High-premium slower-growth counties
25005,Bristol County,MA,Massachusetts,Metro,"Providence-Warwick, RI-MA",Moderate,0,Fast-rising lower-premium counties,0.9144957751956558,0.8289915774580782,3,High-premium slower-growth counties
25007,Dukes County,MA,Massachusetts,Micro,"Vineyard Haven, MA",Very Low,3,High-premium slower-growth counties,0.9999999999680718,0.9999999999361435,4,High-premium high-nonrenewal counties
25009,Essex County,MA,Massachusetts,Metro,"Boston-Cambridge-Newton, MA-NH",High,4,High-premium high-nonrenewal counties,0.9934015885580857,0.9892455282991066,2,Typical lower-premium counties
25011,Franklin County,MA,Massachusetts,Micro,"Greenfield Town, MA",Low,2,Typical lower-premium counties,0.8613380306643951,0.7226767113825778,3,High-premium slower-growth counties
25013,Hampden County,MA,Massachusetts,Metro,"Springfield, MA",Moderate,1,Stable low-volatility insurance counties,0.9999654763476112,0.9999309688278719,3,High-premium slower-growth counties
25015,Hampshire County,MA,Massachusetts,Metro,"Springfield, MA",Low,2,Typical lower-premium counties,0.9994956445685924,0.9991533850893142,3,High-premium slower-growth counties
25017,Middlesex County,MA,Massachusetts,Metro,"Boston-Cambridge-Newton, MA-NH",High,2,Typical lower-premium counties,0.9932709010969547,0.9879617447045129,3,High-premium slower-growth counties
25019,Nantucket County,MA,Massachusetts,,,Very Low,3,High-premium slower-growth counties,1.0,1.0,0,Fast-rising lower-premium counties
25021,Norfolk County,MA,Massachusetts,Metro,"Boston-Cambridge-Newton, MA-NH",Moderate,2,Typical lower-premium counties,0.9923627259795778,0.9867126306243666,3,High-premium slower-growth counties
25023,Plymouth County,MA,Massachusetts,Metro,"Boston-Cambridge-Newton, MA-NH",Moderate,4,High-premium high-nonrenewal counties,0.8791484372643812,0.8123923914977321,2,Typical lower-premium counties
25025,Suffolk County,MA,Massachusetts,Metro,"Boston-Cambridge-Newton, MA-NH",Moderate,2,Typical lower-premium counties,0.9899902636310671,0.9818495640929272,3,High-premium slower-growth counties
25027,Worcester County,MA,Massachusetts,Metro,"Worcester, MA-CT",Moderate,2,Typical lower-premium counties,0.9978619259668962,0.9966057052863248,3,High-premium slower-growth counties
26001,Alcona County,MI,Michigan,,,Very Low,2,Typical lower-premium counties,0.9937174982017781,0.9884385635416117,3,High-premium slower-growth counties
26003,Alger County,MI,Michigan,,,Very Low,4,High-premium high-nonrenewal counties,0.9751591711545315,0.9503216580243296,3,High-premium slower-growth counties
26005,Allegan County,MI,Michigan,Micro,"Holland, MI",Low,0,Fast-rising lower-premium counties,0.9307090292995597,0.8614180585991188,3,High-premium slower-growth counties
26007,Alpena County,MI,Michigan,Micro,"Alpena, MI",Very Low,0,Fast-rising lower-premium counties,0.9864355097271689,0.9728710195861521,3,High-premium slower-growth counties
26009,Antrim County,MI,Michigan,,,Very Low,0,Fast-rising lower-premium counties,0.9831137542064777,0.9662275085406145,3,High-premium slower-growth counties
26011,Arenac County,MI,Michigan,,,Very Low,2,Typical lower-premium counties,0.9993773147406806,0.9989174818078606,3,High-premium slower-growth counties
26013,Baraga County,MI,Michigan,,,Very Low,4,High-premium high-nonrenewal counties,0.9995371841879238,0.9991015049122323,3,High-premium slower-growth counties
26015,Barry County,MI,Michigan,Metro,"Grand Rapids-Wyoming, MI",Low,3,High-premium slower-growth counties,0.9999941226458005,0.9999883086357603,0,Fast-rising lower-premium counties
26017,Bay County,MI,Michigan,Metro,"Bay City, MI",Low,2,Typical lower-premium counties,0.9973938600802306,0.9956693894150344,3,High-premium slower-growth counties
26019,Benzie County,MI,Michigan,Micro,"Traverse City, MI",Very Low,3,High-premium slower-growth counties,0.9999940279936382,0.9999880560005022,0,Fast-rising lower-premium counties
26021,Berrien County,MI,Michigan,Metro,"Niles-Benton Harbor, MI",Moderate,2,Typical lower-premium counties,0.9996438807705268,0.9994584285958688,0,Fast-rising lower-premium counties
26023,Branch County,MI,Michigan,Micro,"Coldwater, MI",Low,2,Typical lower-premium counties,0.9975021310815557,0.9962173412210084,4,High-premium high-nonrenewal counties
26025,Calhoun County,MI,Michigan,Metro,"Battle Creek, MI",Low,2,Typical lower-premium counties,0.9997245104950043,0.9995789599858661,0,Fast-rising lower-premium counties
26027,Cass County,MI,Michigan,Metro,"South Bend-Mishawaka, IN-MI",Low,2,Typical lower-premium counties,0.9988767530192586,0.9982185969674936,3,High-premium slower-growth counties
26029,Charlevoix County,MI,Michigan,,,Very Low,0,Fast-rising lower-premium counties,0.9911469786051147,0.9822939572447169,3,High-premium slower-growth counties
26031,Cheboygan County,MI,Michigan,,,Low,0,Fast-rising lower-premium counties,0.9922803912543965,0.9845607825865552,3,High-premium slower-growth counties
26033,Chippewa County,MI,Michigan,Micro,"Sault Ste. Marie, MI",Very Low,2,Typical lower-premium counties,0.8713248631683311,0.7629686410842541,3,High-premium slower-growth counties
26035,Clare County,MI,Michigan,,,Low,2,Typical lower-premium counties,0.9991656057336586,0.9987336497809095,3,High-premium slower-growth counties
26037,Clinton County,MI,Michigan,Metro,"Lansing-East Lansing, MI",Low,0,Fast-rising lower-premium counties,0.9111342729100376,0.822268545820103,3,High-premium slower-growth counties
26039,Crawford County,MI,Michigan,,,Very Low,0,Fast-rising lower-premium counties,0.9867924091996555,0.9735848185349829,3,High-premium slower-growth counties
26041,Delta County,MI,Michigan,Micro,"Escanaba, MI",Low,2,Typical lower-premium counties,0.9995028330989625,0.9991677518007239,3,High-premium slower-growth counties
26043,Dickinson County,MI,Michigan,Micro,"Iron Mountain, MI-WI",Low,3,High-premium slower-growth counties,0.9339989657136316,0.8679979323694098,0,Fast-rising lower-premium counties
26045,Eaton County,MI,Michigan,Metro,"Lansing-East Lansing, MI",Low,3,High-premium slower-growth counties,0.9999993191480074,0.9999986382962326,0,Fast-rising lower-premium counties
26047,Emmet County,MI,Michigan,,,Very Low,0,Fast-rising lower-premium counties,0.9879440018081297,0.9758880038001264,3,High-premium slower-growth counties
26049,Genesee County,MI,Michigan,Metro,"Flint, MI",Moderate,2,Typical lower-premium counties,0.998024357976297,0.9962310416538216,3,High-premium slower-growth counties
26051,Gladwin County,MI,Michigan,,,Very Low,3,High-premium slower-growth counties,0.8857140788079536,0.7723631423705251,2,Typical lower-premium counties
26053,Gogebic County,MI,Michigan,,,Very Low,4,High-premium high-nonrenewal counties,0.9996902859471488,0.9993938776153037,3,High-premium slower-growth counties
26055,Grand Traverse County,MI,Michigan,Micro,"Traverse City, MI",Low,3,High-premium slower-growth counties,0.9999999998986482,0.9999999998172235,0,Fast-rising lower-premium counties
26057,Gratiot County,MI,Michigan,Micro,"Alma, MI",Low,3,High-premium slower-growth counties,0.9987680066799824,0.9975360133599651,0,Fast-rising lower-premium counties
26059,Hillsdale County,MI,Michigan,Micro,"Hillsdale, MI",Low,2,Typical lower-premium counties,0.9955804280431122,0.9932192433032117,4,High-premium high-nonrenewal counties
26061,Houghton County,MI,Michigan,Micro,"Houghton, MI",Very Low,2,Typical lower-premium counties,0.9955601610682535,0.9912473407453024,3,High-premium slower-growth counties
26063,Huron County,MI,Michigan,,,Low,0,Fast-rising lower-premium counties,0.9715206881948332,0.9430413767260961,3,High-premium slower-growth counties
26065,Ingham County,MI,Michigan,Metro,"Lansing-East Lansing, MI",Moderate,0,Fast-rising lower-premium counties,0.9926421215834313,0.9852842433395279,3,High-premium slower-growth counties
26067,Ionia County,MI,Michigan,Micro,"Ionia, MI",Low,2,Typical lower-premium counties,0.9990441608520586,0.9986071056935508,3,High-premium slower-growth counties
26069,Iosco County,MI,Michigan,,,Very Low,2,Typical lower-premium counties,0.999452264237417,0.999078862192317,3,High-premium slower-growth counties
26071,Iron County,MI,Michigan,,,Low,4,High-premium high-nonrenewal counties,0.9910033109243455,0.9820860586698683,3,High-premium slower-growth counties
26073,Isabella County,MI,Michigan,Micro,"Mount Pleasant, MI",Low,0,Fast-rising lower-premium counties,0.9691959399490142,0.9383918799989898,3,High-premium slower-growth counties
26075,Jackson County,MI,Michigan,Metro,"Jackson, MI",Low,2,Typical lower-premium counties,0.9992411260411553,0.9987729409528414,3,High-premium slower-growth counties
26077,Kalamazoo County,MI,Michigan,Metro,"Kalamazoo-Portage, MI",Moderate,3,High-premium slower-growth counties,0.9999999999999822,0.9999999999999641,2,Typical lower-premium counties
26079,Kalkaska County,MI,Michigan,Micro,"Traverse City, MI",Very Low,3,High-premium slower-growth counties,0.9999437844317778,0.9998875688699814,0,Fast-rising lower-premium counties
26081,Kent County,MI,Michigan,Metro,"Grand Rapids-Wyoming, MI",Moderate,3,High-premium slower-growth counties,0.9999982533141689,0.9999965066319996,0,Fast-rising lower-premium counties
26083,Keweenaw County,MI,Michigan,Micro,"Houghton, MI",Very Low,2,Typical lower-premium counties,0.996240001788408,0.9947927215736132,0,Fast-rising lower-premium counties
26085,Lake County,MI,Michigan,,,Very Low,0,Fast-rising lower-premium counties,0.7153058447443356,0.4306116906901506,3,High-premium slower-growth counties
26087,Lapeer County,MI,Michigan,Metro,"Detroit-Warren-Dearborn, MI",Low,0,Fast-rising lower-premium counties,0.9932679243159245,0.986535848662627,3,High-premium slower-growth counties
26089,Leelanau County,MI,Michigan,Micro,"Traverse City, MI",Low,3,High-premium slower-growth counties,0.9999999999999858,0.9999999999999711,2,Typical lower-premium counties
26091,Lenawee County,MI,Michigan,Micro,"Adrian, MI",Low,0,Fast-rising lower-premium counties,0.992329841475366,0.9846596829517426,3,High-premium slower-growth counties
26093,Livingston County,MI,Michigan,Metro,"Detroit-Warren-Dearborn, MI",Low,3,High-premium slower-growth counties,0.999999313619534,0.9999986272390727,0,Fast-rising lower-premium counties
26095,Luce County,MI,Michigan,,,Very Low,3,High-premium slower-growth counties,0.9435705115266274,0.8880631780581699,2,Typical lower-premium counties
26097,Mackinac County,MI,Michigan,,,Very Low,2,Typical lower-premium counties,0.9981515908103237,0.9973285247900533,3,High-premium slower-growth counties
26099,Macomb County,MI,Michigan,Metro,"Detroit-Warren-Dearborn, MI",High,3,High-premium slower-growth counties,0.999996729306739,0.999993458614868,0,Fast-rising lower-premium counties
26101,Manistee County,MI,Michigan,,,Very Low,3,High-premium slower-growth counties,0.9999680817742616,0.9999361640876756,0,Fast-rising lower-premium counties
26103,Marquette County,MI,Michigan,Micro,"Marquette, MI",Low,3,High-premium slower-growth counties,0.964623588466428,0.9292471769365075,0,Fast-rising lower-premium counties
26105,Mason County,MI,Michigan,Micro,"Ludington, MI",Very Low,0,Fast-rising lower-premium counties,0.9949199121030168,0.9898398242080282,3,High-premium slower-growth counties
26107,Mecosta County,MI,Michigan,Micro,"Big Rapids, MI",Low,0,Fast-rising lower-premium counties,0.9949199121030168,0.9898398242080282,3,High-premium slower-growth counties
26109,Menominee County,MI,Michigan,Micro,"Marinette, WI-MI",Low,2,Typical lower-premium counties,0.9913695125483191,0.9828891643887935,3,High-premium slower-growth counties
26111,Midland County,MI,Michigan,Metro,"Midland, MI",Low,0,Fast-rising lower-premium counties,0.9914099557168987,0.9828199114350089,3,High-premium slower-growth counties
26113,Missaukee County,MI,Michigan,Micro,"Cadillac, MI",Very Low,3,High-premium slower-growth counties,0.9999515877356862,0.9999031755174698,0,Fast-rising lower-premium counties
26115,Monroe County,MI,Michigan,Metro,"Monroe, MI",Moderate,3,High-premium slower-growth counties,0.9999996356376133,0.9999992712752283,0,Fast-rising lower-premium counties
26117,Montcalm County,MI,Michigan,Metro,"Grand Rapids-Wyoming, MI",Low,0,Fast-rising lower-premium counties,0.9823998980958684,0.9647997961918611,3,High-premium slower-growth counties
26119,Montmorency County,MI,Michigan,,,Very Low,2,Typical lower-premium counties,0.9993900951726354,0.9991423106931095,4,High-premium high-nonrenewal counties
26121,Muskegon County,MI,Michigan,Metro,"Muskegon, MI",Low,2,Typical lower-premium counties,0.9362361550541387,0.8724986712392511,3,High-premium slower-growth counties
26123,Newaygo County,MI,Michigan,,,Low,2,Typical lower-premium counties,0.9992277074096176,0.998831679685113,3,High-premium slower-growth counties
26125,Oakland County,MI,Michigan,Metro,"Detroit-Warren-Dearborn, MI",High,3,High-premium slower-growth counties,0.9999981528667561,0.9999963057335289,0,Fast-rising lower-premium counties
26127,Oceana County,MI,Michigan,,,Very Low,2,Typical lower-premium counties,0.9990356796757224,0.9986104436922533,4,High-premium high-nonrenewal counties
26129,Ogemaw County,MI,Michigan,,,Very Low,2,Typical lower-premium counties,0.9990297197982007,0.998236592488018,3,High-premium slower-growth counties
26131,Ontonagon County,MI,Michigan,,,Very Low,2,Typical lower-premium counties,0.9944966185278736,0.9899107554107484,0,Fast-rising lower-premium counties
26133,Osceola County,MI,Michigan,,,Very Low,2,Typical lower-premium counties,0.9997010480903816,0.9995030235767407,0,Fast-rising lower-premium counties
26135,Oscoda County,MI,Michigan,,,Very Low,2,Typical lower-premium counties,0.9986067704878535,0.997377444331091,3,High-premium slower-growth counties
26137,Otsego County,MI,Michigan,,,Very Low,3,High-premium slower-growth counties,0.9999085644882365,0.99981715682973,0,Fast-rising lower-premium counties
26139,Ottawa County,MI,Michigan,Metro,"Grand Rapids-Wyoming, MI",Moderate,3,High-premium slower-growth counties,0.9999990405245092,0.9999980810500392,0,Fast-rising lower-premium counties
26141,Presque Isle County,MI,Michigan,,,Very Low,3,High-premium slower-growth counties,0.9999976690116508,0.9999953380266897,0,Fast-rising lower-premium counties
26143,Roscommon County,MI,Michigan,,,Low,0,Fast-rising lower-premium counties,0.985334776280612,0.9706695529480868,3,High-premium slower-growth counties
26145,Saginaw County,MI,Michigan,Metro,"Saginaw, MI",Moderate,2,Typical lower-premium counties,0.995778820637388,0.9919546417127358,3,High-premium slower-growth counties
26147,St. Clair County,MI,Michigan,Metro,"Detroit-Warren-Dearborn, MI",Moderate,0,Fast-rising lower-premium counties,0.9912052849941819,0.9824105699886305,3,High-premium slower-growth counties
26149,St. Joseph County,MI,Michigan,Micro,"Sturgis, MI",Low,2,Typical lower-premium counties,0.9981956635809794,0.9967977134093313,3,High-premium slower-growth counties
26151,Sanilac County,MI,Michigan,,,Low,2,Typical lower-premium counties,0.9986080505333337,0.9979637705989154,0,Fast-rising lower-premium counties
26153,Schoolcraft County,MI,Michigan,,,Very Low,2,Typical lower-premium counties,0.9929195175246661,0.9901215799906588,0,Fast-rising lower-premium counties
26155,Shiawassee County,MI,Michigan,Micro,"Owosso, MI",Low,2,Typical lower-premium counties,0.9677318503342683,0.9460064471586777,3,High-premium slower-growth counties
26157,Tuscola County,MI,Michigan,,,Low,2,Typical lower-premium counties,0.9975076075055948,0.9960396255455015,3,High-premium slower-growth counties
26159,Van Buren County,MI,Michigan,Metro,"Kalamazoo-Portage, MI",Low,0,Fast-rising lower-premium counties,0.9213643266311972,0.8427286532624009,3,High-premium slower-growth counties
26161,Washtenaw County,MI,Michigan,Metro,"Ann Arbor, MI",Moderate,3,High-premium slower-growth counties,0.9999999772998722,0.9999999545997456,0,Fast-rising lower-premium counties
26163,Wayne County,MI,Michigan,Metro,"Detroit-Warren-Dearborn, MI",High,2,Typical lower-premium counties,0.9959621017213566,0.9929149631455024,3,High-premium slower-growth counties
26165,Wexford County,MI,Michigan,Micro,"Cadillac, MI",Very Low,3,High-premium slower-growth counties,0.9999940279936382,0.9999880560005022,0,Fast-rising lower-premium counties
27001,Aitkin County,MN,Minnesota,,,Low,3,High-premium slower-growth counties,0.9999999690150045,0.9999999380302006,0,Fast-rising lower-premium counties
27003,Anoka County,MN,Minnesota,Metro,"Minneapolis-St. Paul-Bloomington, MN-WI",Moderate,3,High-premium slower-growth counties,0.9999984856083755,0.9999970211012086,0,Fast-rising lower-premium counties
27005,Becker County,MN,Minnesota,,,Very Low,3,High-premium slower-growth counties,0.9999995191424366,0.9999990382848801,0,Fast-rising lower-premium counties
27007,Beltrami County,MN,Minnesota,Micro,"Bemidji, MN",Low,3,High-premium slower-growth counties,0.9999996483610879,0.9999992967222417,0,Fast-rising lower-premium counties
27009,Benton County,MN,Minnesota,Metro,"St. Cloud, MN",Low,3,High-premium slower-growth counties,0.9999996489996489,0.999999297999301,0,Fast-rising lower-premium counties
27011,Big Stone County,MN,Minnesota,,,Very Low,3,High-premium slower-growth counties,0.9999998360219592,0.9999996720439418,0,Fast-rising lower-premium counties
27013,Blue Earth County,MN,Minnesota,Metro,"Mankato-North Mankato, MN",Low,3,High-premium slower-growth counties,0.9999998830632391,0.9999997661264892,0,Fast-rising lower-premium counties
27015,Brown County,MN,Minnesota,Micro,"New Ulm, MN",Low,3,High-premium slower-growth counties,0.9999998822076817,0.9999997644153786,0,Fast-rising lower-premium counties
27017,Carlton County,MN,Minnesota,Metro,"Duluth, MN-WI",Low,0,Fast-rising lower-premium counties,0.9333925376602464,0.8667850921052718,3,High-premium slower-growth counties
27019,Carver County,MN,Minnesota,Metro,"Minneapolis-St. Paul-Bloomington, MN-WI",Low,3,High-premium slower-growth counties,0.9999999999995737,0.9999999999991463,0,Fast-rising lower-premium counties
27021,Cass County,MN,Minnesota,Micro,"Brainerd, MN",Low,3,High-premium slower-growth counties,0.99999986902546,0.9999997380509869,0,Fast-rising lower-premium counties
27023,Chippewa County,MN,Minnesota,,,Very Low,2,Typical lower-premium counties,0.9750314726397595,0.9553613781148093,4,High-premium high-nonrenewal counties
27025,Chisago County,MN,Minnesota,Metro,"Minneapolis-St. Paul-Bloomington, MN-WI",Low,3,High-premium slower-growth counties,0.9999996679498101,0.9999993715020172,0,Fast-rising lower-premium counties
27027,Clay County,MN,Minnesota,Metro,"Fargo, ND-MN",Low,3,High-premium slower-growth counties,0.9999957196346064,0.9999914458093541,0,Fast-rising lower-premium counties
27029,Clearwater County,MN,Minnesota,,,Very Low,0,Fast-rising lower-premium counties,0.9701540723460192,0.9403081448090016,3,High-premium slower-growth counties
27031,Cook County,MN,Minnesota,,,Very Low,0,Fast-rising lower-premium counties,0.9171439733446667,0.8342879523936325,3,High-premium slower-growth counties
27033,Cottonwood County,MN,Minnesota,,,Very Low,0,Fast-rising lower-premium counties,0.9175949368000568,0.8351898913349409,3,High-premium slower-growth counties
27035,Crow Wing County,MN,Minnesota,Micro,"Brainerd, MN",Low,3,High-premium slower-growth counties,0.9999998153882742,0.9999996307766129,0,Fast-rising lower-premium counties
27037,Dakota County,MN,Minnesota,Metro,"Minneapolis-St. Paul-Bloomington, MN-WI",Moderate,3,High-premium slower-growth counties,0.9999996769596631,0.9999993672095977,0,Fast-rising lower-premium counties
27039,Dodge County,MN,Minnesota,Metro,"Rochester, MN",Very Low,3,High-premium slower-growth counties,0.9999970014526355,0.9999940144036314,0,Fast-rising lower-premium counties
27041,Douglas County,MN,Minnesota,Micro,"Alexandria, MN",Low,3,High-premium slower-growth counties,0.9999893893129556,0.9999789463629303,0,Fast-rising lower-premium counties
27043,Faribault County,MN,Minnesota,,,Low,3,High-premium slower-growth counties,0.9999999999956302,0.9999999999912607,0,Fast-rising lower-premium counties
27045,Fillmore County,MN,Minnesota,Metro,"Rochester, MN",Low,3,High-premium slower-growth counties,0.9999993081627259,0.9999986163366201,0,Fast-rising lower-premium counties
27047,Freeborn County,MN,Minnesota,Micro,"Albert Lea, MN",Low,0,Fast-rising lower-premium counties,0.9311526591205272,0.8623053325195573,3,High-premium slower-growth counties
27049,Goodhue County,MN,Minnesota,Micro,"Red Wing, MN",Low,3,High-premium slower-growth counties,0.9999937578995304,0.9999875802164893,0,Fast-rising lower-premium counties
27051,Grant County,MN,Minnesota,,,Very Low,3,High-premium slower-growth counties,0.9999991636153049,0.9999983272306509,0,Fast-rising lower-premium counties
27053,Hennepin County,MN,Minnesota,Metro,"Minneapolis-St. Paul-Bloomington, MN-WI",High,3,High-premium slower-growth counties,0.9999998359521839,0.9999996883121943,0,Fast-rising lower-premium counties
27055,Houston County,MN,Minnesota,Metro,"La Crosse-Onalaska, WI-MN",Very Low,3,High-premium slower-growth counties,0.9999998101313958,0.9999996202628364,0,Fast-rising lower-premium counties
27057,Hubbard County,MN,Minnesota,,,Very Low,3,High-premium slower-growth counties,0.9999998256212531,0.9999996512425771,0,Fast-rising lower-premium counties
27059,Isanti County,MN,Minnesota,Metro,"Minneapolis-St. Paul-Bloomington, MN-WI",Very Low,3,High-premium slower-growth counties,0.9999992482572592,0.999998546537858,0,Fast-rising lower-premium counties
27061,Itasca County,MN,Minnesota,,,Low,3,High-premium slower-growth counties,0.9999999999999964,0.999999999999994,0,Fast-rising lower-premium counties
27063,Jackson County,MN,Minnesota,,,Very Low,3,High-premium slower-growth counties,0.8919193068675454,0.78404528440547,2,Typical lower-premium counties
27065,Kanabec County,MN,Minnesota,,,Very Low,3,High-premium slower-growth counties,0.9999999973143012,0.9999999946286178,0,Fast-rising lower-premium counties
27067,Kandiyohi County,MN,Minnesota,Micro,"Willmar, MN",Low,0,Fast-rising lower-premium counties,0.9612321808284645,0.9224643616571583,3,High-premium slower-growth counties
27069,Kittson County,MN,Minnesota,,,Very Low,2,Typical lower-premium counties,0.9397167225267972,0.8819829880436981,4,High-premium high-nonrenewal counties
27071,Koochiching County,MN,Minnesota,,,Very Low,3,High-premium slower-growth counties,0.5314248445697289,0.09622813686950288,2,Typical lower-premium counties
27073,Lac qui Parle County,MN,Minnesota,,,Very Low,2,Typical lower-premium counties,0.9444179362407791,0.9090494845268918,3,High-premium slower-growth counties
27075,Lake County,MN,Minnesota,,,Very Low,3,High-premium slower-growth counties,0.9999997897607898,0.9999995795215807,0,Fast-rising lower-premium counties
27077,Lake of the Woods County,MN,Minnesota,,,Very Low,3,High-premium slower-growth counties,0.8658942508916787,0.7317885017833614,0,Fast-rising lower-premium counties
27079,Le Sueur County,MN,Minnesota,Metro,"Minneapolis-St. Paul-Bloomington, MN-WI",Very Low,3,High-premium slower-growth counties,0.9999998710806194,0.9999997421612428,0,Fast-rising lower-premium counties
27081,Lincoln County,MN,Minnesota,,,Very Low,0,Fast-rising lower-premium counties,0.9432447780041842,0.8864895574877187,3,High-premium slower-growth counties
27083,Lyon County,MN,Minnesota,Micro,"Marshall, MN",Low,3,High-premium slower-growth counties,0.99999981792354,0.9999996358471159,0,Fast-rising lower-premium counties
27085,McLeod County,MN,Minnesota,Micro,"Hutchinson, MN",Low,3,High-premium slower-growth counties,0.9999995847710261,0.999999169542066,0,Fast-rising lower-premium counties
27087,Mahnomen County,MN,Minnesota,,,Very Low,2,Typical lower-premium counties,0.9932880473333571,0.9897093143518613,4,High-premium high-nonrenewal counties
27089,Marshall County,MN,Minnesota,,,Very Low,0,Fast-rising lower-premium counties,0.9714997900276674,0.9429995841717519,3,High-premium slower-growth counties
27091,Martin County,MN,Minnesota,,,Low,3,High-premium slower-growth counties,0.9999999999982307,0.9999999999964628,0,Fast-rising lower-premium counties
27093,Meeker County,MN,Minnesota,,,Very Low,3,High-premium slower-growth counties,0.9999907437576041,0.9999816687975489,0,Fast-rising lower-premium counties
27095,Mille Lacs County,MN,Minnesota,Metro,"Minneapolis-St. Paul-Bloomington, MN-WI",Very Low,3,High-premium slower-growth counties,0.9999953037251607,0.9999906080489461,0,Fast-rising lower-premium counties
27097,Morrison County,MN,Minnesota,,,Low,3,High-premium slower-growth counties,0.9999949260146023,0.9999899880174774,0,Fast-rising lower-premium counties
27099,Mower County,MN,Minnesota,Micro,"Austin, MN",Low,3,High-premium slower-growth counties,0.9999981782047985,0.9999963565641826,0,Fast-rising lower-premium counties
27101,Murray County,MN,Minnesota,,,Very Low,3,High-premium slower-growth counties,0.9999999998791935,0.9999999997583876,0,Fast-rising lower-premium counties
27103,Nicollet County,MN,Minnesota,Metro,"Mankato-North Mankato, MN",Low,3,High-premium slower-growth counties,0.9999998192977294,0.9999996385954774,0,Fast-rising lower-premium counties
27105,Nobles County,MN,Minnesota,Micro,"Worthington, MN",Low,3,High-premium slower-growth counties,0.9999981388025977,0.9999962776173232,0,Fast-rising lower-premium counties
27107,Norman County,MN,Minnesota,,,Very Low,2,Typical lower-premium counties,0.516915392702703,0.05203250072380433,3,High-premium slower-growth counties
27109,Olmsted County,MN,Minnesota,Metro,"Rochester, MN",Moderate,3,High-premium slower-growth counties,0.999999761591539,0.9999995231831001,0,Fast-rising lower-premium counties
27111,Otter Tail County,MN,Minnesota,Micro,"Fergus Falls, MN",Low,3,High-premium slower-growth counties,0.9999995336191021,0.9999990672382422,0,Fast-rising lower-premium counties
27113,Pennington County,MN,Minnesota,,,Low,3,High-premium slower-growth counties,0.9999999999998117,0.9999999999996237,0,Fast-rising lower-premium counties
27115,Pine County,MN,Minnesota,,,Low,0,Fast-rising lower-premium counties,0.8636400895666146,0.7272801826217371,3,High-premium slower-growth counties
27117,Pipestone County,MN,Minnesota,,,Very Low,2,Typical lower-premium counties,0.9650713021927562,0.9351646210047155,3,High-premium slower-growth counties
27119,Polk County,MN,Minnesota,Metro,"Grand Forks, ND-MN",Low,3,High-premium slower-growth counties,0.9999998749296395,0.9999997498592997,0,Fast-rising lower-premium counties
27121,Pope County,MN,Minnesota,,,Very Low,3,High-premium slower-growth counties,0.9999997645996459,0.9999995291992932,0,Fast-rising lower-premium counties
27123,Ramsey County,MN,Minnesota,Metro,"Minneapolis-St. Paul-Bloomington, MN-WI",High,3,High-premium slower-growth counties,0.9999994812038362,0.9999990024886753,0,Fast-rising lower-premium counties
27125,Red Lake County,MN,Minnesota,,,Very Low,0,Fast-rising lower-premium counties,0.9076414846053092,0.8152829693887773,3,High-premium slower-growth counties
27127,Redwood County,MN,Minnesota,,,Very Low,0,Fast-rising lower-premium counties,0.9683795163230047,0.9367590330599459,3,High-premium slower-growth counties
27129,Renville County,MN,Minnesota,,,Very Low,2,Typical lower-premium counties,0.9614369684661497,0.9402470023405686,4,High-premium high-nonrenewal counties
27131,Rice County,MN,Minnesota,Micro,"Faribault-Northfield, MN",Low,3,High-premium slower-growth counties,0.9999994681873077,0.9999989762175879,0,Fast-rising lower-premium counties
27133,Rock County,MN,Minnesota,,,Very Low,3,High-premium slower-growth counties,0.9999953140428998,0.999990641636994,0,Fast-rising lower-premium counties
27135,Roseau County,MN,Minnesota,,,Low,0,Fast-rising lower-premium counties,0.9057047465076341,0.811409494227432,3,High-premium slower-growth counties
27137,St. Louis County,MN,Minnesota,Metro,"Duluth, MN-WI",Moderate,3,High-premium slower-growth counties,0.9999997578805742,0.9999995157611784,0,Fast-rising lower-premium counties
27139,Scott County,MN,Minnesota,Metro,"Minneapolis-St. Paul-Bloomington, MN-WI",Low,3,High-premium slower-growth counties,0.9999998967642565,0.9999998003098403,0,Fast-rising lower-premium counties
27141,Sherburne County,MN,Minnesota,Metro,"Minneapolis-St. Paul-Bloomington, MN-WI",Low,3,High-premium slower-growth counties,0.9999999263806485,0.9999998527612958,0,Fast-rising lower-premium counties
27143,Sibley County,MN,Minnesota,Metro,"Minneapolis-St. Paul-Bloomington, MN-WI",Very Low,2,Typical lower-premium counties,0.9567121565316534,0.9207730207794748,4,High-premium high-nonrenewal counties
27145,Stearns County,MN,Minnesota,Metro,"St. Cloud, MN",Moderate,3,High-premium slower-growth counties,0.999996596006901,0.9999932171088463,0,Fast-rising lower-premium counties
27147,Steele County,MN,Minnesota,Micro,"Owatonna, MN",Very Low,3,High-premium slower-growth counties,0.9999959757556283,0.999991987219976,0,Fast-rising lower-premium counties
27149,Stevens County,MN,Minnesota,,,Very Low,3,High-premium slower-growth counties,0.9999999999027445,0.9999999998054884,0,Fast-rising lower-premium counties
27151,Swift County,MN,Minnesota,,,Very Low,3,High-premium slower-growth counties,0.9999934000619726,0.999986840521476,0,Fast-rising lower-premium counties
27153,Todd County,MN,Minnesota,,,Very Low,3,High-premium slower-growth counties,0.9999970200554023,0.9999940402651396,0,Fast-rising lower-premium counties
27155,Traverse County,MN,Minnesota,,,Very Low,3,High-premium slower-growth counties,0.9999516416578954,0.9999032851419949,0,Fast-rising lower-premium counties
27157,Wabasha County,MN,Minnesota,Metro,"Rochester, MN",Low,3,High-premium slower-growth counties,0.9999999361226577,0.999999872245331,0,Fast-rising lower-premium counties
27159,Wadena County,MN,Minnesota,,,Very Low,3,High-premium slower-growth counties,0.9999905952437097,0.9999811908976786,0,Fast-rising lower-premium counties
27161,Waseca County,MN,Minnesota,,,Very Low,3,High-premium slower-growth counties,0.9999977226602145,0.9999954463807819,0,Fast-rising lower-premium counties
27163,Washington County,MN,Minnesota,Metro,"Minneapolis-St. Paul-Bloomington, MN-WI",Moderate,3,High-premium slower-growth counties,0.9999999196451551,0.9999998444226861,0,Fast-rising lower-premium counties
27165,Watonwan County,MN,Minnesota,,,Very Low,2,Typical lower-premium counties,0.9828986283077757,0.9697664894519601,3,High-premium slower-growth counties
27167,Wilkin County,MN,Minnesota,Micro,"Wahpeton, ND-MN",Very Low,2,Typical lower-premium counties,0.9975344382675326,0.9956661040577959,3,High-premium slower-growth counties
27169,Winona County,MN,Minnesota,Micro,"Winona, MN",Low,3,High-premium slower-growth counties,0.9999999313297027,0.9999998626594122,0,Fast-rising lower-premium counties
27171,Wright County,MN,Minnesota,Metro,"Minneapolis-St. Paul-Bloomington, MN-WI",Low,3,High-premium slower-growth counties,0.9999998891574567,0.9999997783149134,0,Fast-rising lower-premium counties
27173,Yellow Medicine County,MN,Minnesota,,,Very Low,0,Fast-rising lower-premium counties,0.9549780273630827,0.9099560550105806,3,High-premium slower-growth counties
28001,Adams County,MS,Mississippi,Micro,"Natchez, MS-LA",Low,1,Stable low-volatility insurance counties,0.9990609016843394,0.9981221001269982,3,High-premium slower-growth counties
28003,Alcorn County,MS,Mississippi,Micro,"Corinth, MS",Low,1,Stable low-volatility insurance counties,0.9992244764065299,0.9984491780847548,3,High-premium slower-growth counties
28005,Amite County,MS,Mississippi,Micro,"McComb, MS",Low,4,High-premium high-nonrenewal counties,0.8524783259879152,0.7264188322672498,2,Typical lower-premium counties
28007,Attala County,MS,Mississippi,,,Very Low,1,Stable low-volatility insurance counties,0.9996794676615953,0.9993589386643317,3,High-premium slower-growth counties
28009,Benton County,MS,Mississippi,Metro,"Memphis, TN-MS-AR",Very Low,2,Typical lower-premium counties,0.9975345834449111,0.9951319631421992,3,High-premium slower-growth counties
28011,Bolivar County,MS,Mississippi,Micro,"Cleveland, MS",Low,1,Stable low-volatility insurance counties,0.9995029171749586,0.9990058774774835,3,High-premium slower-growth counties
28013,Calhoun County,MS,Mississippi,,,Very Low,1,Stable low-volatility insurance counties,0.999639730660175,0.9992795029595712,3,High-premium slower-growth counties
28015,Carroll County,MS,Mississippi,Micro,"Greenwood, MS",Very Low,3,High-premium slower-growth counties,0.8651985643148629,0.7418390820456773,2,Typical lower-premium counties
28017,Chickasaw County,MS,Mississippi,,,Low,3,High-premium slower-growth counties,0.99999999988108,0.9999999997724333,0,Fast-rising lower-premium counties
28019,Choctaw County,MS,Mississippi,,,Very Low,0,Fast-rising lower-premium counties,0.9792374173459086,0.9584748926407725,3,High-premium slower-growth counties
28021,Claiborne County,MS,Mississippi,Micro,"Vicksburg, MS",Very Low,2,Typical lower-premium counties,0.9987046222426708,0.997762259254195,0,Fast-rising lower-premium counties
28023,Clarke County,MS,Mississippi,Micro,"Meridian, MS",Very Low,0,Fast-rising lower-premium counties,0.8717959633307766,0.7435919266615528,3,High-premium slower-growth counties
28025,Clay County,MS,Mississippi,,,Very Low,1,Stable low-volatility insurance counties,0.9247589470467986,0.8495229434413911,3,High-premium slower-growth counties
28027,Coahoma County,MS,Mississippi,Micro,"Clarksdale, MS",Low,4,High-premium high-nonrenewal counties,0.9759623607302133,0.960046051230253,3,High-premium slower-growth counties
28029,Copiah County,MS,Mississippi,Metro,"Jackson, MS",Low,4,High-premium high-nonrenewal counties,0.6058792911425129,0.2475761505600732,2,Typical lower-premium counties
28031,Covington County,MS,Mississippi,,,Low,3,High-premium slower-growth counties,0.6212439410242023,0.2580370497672464,2,Typical lower-premium counties
28033,DeSoto County,MS,Mississippi,Metro,"Memphis, TN-MS-AR",Moderate,2,Typical lower-premium counties,0.9929881270398521,0.9860192435161225,3,High-premium slower-growth counties
28035,Forrest County,MS,Mississippi,Metro,"Hattiesburg, MS",Low,2,Typical lower-premium counties,0.9902716459965261,0.9808022610300207,3,High-premium slower-growth counties
28037,Franklin County,MS,Mississippi,,,Very Low,2,Typical lower-premium counties,0.9994216405072379,0.9989718178745018,0,Fast-rising lower-premium counties
28039,George County,MS,Mississippi,,,Low,4,High-premium high-nonrenewal counties,0.9940326750580754,0.9880679714577623,3,High-premium slower-growth counties
28041,Greene County,MS,Mississippi,,,Very Low,4,High-premium high-nonrenewal counties,0.9185720154662934,0.8482944830837408,2,Typical lower-premium counties
28043,Grenada County,MS,Mississippi,Micro,"Grenada, MS",Low,2,Typical lower-premium counties,0.9745330194300479,0.9515248238549808,3,High-premium slower-growth counties
28045,Hancock County,MS,Mississippi,Metro,"Gulfport-Biloxi-Pascagoula, MS",Moderate,3,High-premium slower-growth counties,0.9993800447800102,0.9987602036921365,4,High-premium high-nonrenewal counties
28047,Harrison County,MS,Mississippi,Metro,"Gulfport-Biloxi-Pascagoula, MS",High,3,High-premium slower-growth counties,0.9999959370961349,0.9999918741922691,4,High-premium high-nonrenewal counties
28049,Hinds County,MS,Mississippi,Metro,"Jackson, MS",Moderate,4,High-premium high-nonrenewal counties,0.711264768164921,0.4554557316392482,2,Typical lower-premium counties
28051,Holmes County,MS,Mississippi,,,Low,1,Stable low-volatility insurance counties,0.999985455497014,0.9999710211202285,3,High-premium slower-growth counties
28053,Humphreys County,MS,Mississippi,,,Very Low,4,High-premium high-nonrenewal counties,0.9961378819352859,0.9928139609753447,2,Typical lower-premium counties
28055,Issaquena County,MS,Mississippi,,,Very Low,3,High-premium slower-growth counties,1.0,1.0,0,Fast-rising lower-premium counties
28057,Itawamba County,MS,Mississippi,Micro,"Tupelo, MS",Low,2,Typical lower-premium counties,0.9710330045092054,0.942273238675068,3,High-premium slower-growth counties
28059,Jackson County,MS,Mississippi,Metro,"Gulfport-Biloxi-Pascagoula, MS",Moderate,3,High-premium slower-growth counties,1.0,1.0,0,Fast-rising lower-premium counties
28061,Jasper County,MS,Mississippi,Micro,"Laurel, MS",Very Low,1,Stable low-volatility insurance counties,0.9607965969920419,0.9215932072739252,3,High-premium slower-growth counties
28063,Jefferson County,MS,Mississippi,,,Very Low,2,Typical lower-premium counties,0.999445929575827,0.9990956031903574,0,Fast-rising lower-premium counties
28065,Jefferson Davis County,MS,Mississippi,,,Very Low,2,Typical lower-premium counties,0.9816983229964255,0.9640808652135004,3,High-premium slower-growth counties
28067,Jones County,MS,Mississippi,Micro,"Laurel, MS",Low,2,Typical lower-premium counties,0.9909085409210734,0.9818678068931863,3,High-premium slower-growth counties
28069,Kemper County,MS,Mississippi,Micro,"Meridian, MS",Very Low,4,High-premium high-nonrenewal counties,0.9917520372925036,0.9838730610085005,3,High-premium slower-growth counties
28071,Lafayette County,MS,Mississippi,Micro,"Oxford, MS",Low,3,High-premium slower-growth counties,0.955482151299369,0.9109725607359224,2,Typical lower-premium counties
28073,Lamar County,MS,Mississippi,Metro,"Hattiesburg, MS",Low,2,Typical lower-premium counties,0.9801858003171517,0.9611625973216991,3,High-premium slower-growth counties
28075,Lauderdale County,MS,Mississippi,Micro,"Meridian, MS",Moderate,4,High-premium high-nonrenewal counties,0.7905048569469189,0.6112173229061438,2,Typical lower-premium counties
28077,Lawrence County,MS,Mississippi,,,Very Low,2,Typical lower-premium counties,0.5792670239466234,0.3593703092057168,4,High-premium high-nonrenewal counties
28079,Leake County,MS,Mississippi,,,Low,1,Stable low-volatility insurance counties,0.9996950434254849,0.9993901028883682,3,High-premium slower-growth counties
28081,Lee County,MS,Mississippi,Micro,"Tupelo, MS",Moderate,2,Typical lower-premium counties,0.9673322032837727,0.9347279224613696,3,High-premium slower-growth counties
28083,Leflore County,MS,Mississippi,Micro,"Greenwood, MS",Low,1,Stable low-volatility insurance counties,0.9996711397155225,0.9993423666991013,3,High-premium slower-growth counties
28085,Lincoln County,MS,Mississippi,Micro,"Brookhaven, MS",Low,4,High-premium high-nonrenewal counties,0.8282278439263667,0.7314361306669933,3,High-premium slower-growth counties
28087,Lowndes County,MS,Mississippi,Micro,"Columbus, MS",Low,1,Stable low-volatility insurance counties,0.999534461694603,0.999068949416985,3,High-premium slower-growth counties
28089,Madison County,MS,Mississippi,Metro,"Jackson, MS",Moderate,2,Typical lower-premium counties,0.9575963933673656,0.9160680943128032,3,High-premium slower-growth counties
28091,Marion County,MS,Mississippi,,,Low,2,Typical lower-premium counties,0.8535725830674793,0.7104578153952024,3,High-premium slower-growth counties
28093,Marshall County,MS,Mississippi,Metro,"Memphis, TN-MS-AR",Low,2,Typical lower-premium counties,0.9912820342826367,0.9827674382827304,3,High-premium slower-growth counties
28095,Monroe County,MS,Mississippi,,,Low,1,Stable low-volatility insurance counties,0.5833875844218078,0.16677526347557214,3,High-premium slower-growth counties
28097,Montgomery County,MS,Mississippi,,,Very Low,2,Typical lower-premium counties,0.999445929575827,0.9990956031903574,0,Fast-rising lower-premium counties
28099,Neshoba County,MS,Mississippi,,,Low,1,Stable low-volatility insurance counties,0.9995565298230004,0.9991130996581432,3,High-premium slower-growth counties
28101,Newton County,MS,Mississippi,,,Low,1,Stable low-volatility insurance counties,0.9995845049125682,0.9991690700760756,3,High-premium slower-growth counties
28103,Noxubee County,MS,Mississippi,,,Very Low,2,Typical lower-premium counties,0.999445929575827,0.9990956031903574,0,Fast-rising lower-premium counties
28105,Oktibbeha County,MS,Mississippi,Micro,"Starkville, MS",Low,2,Typical lower-premium counties,0.9931952859327996,0.9864819326343871,3,High-premium slower-growth counties
28107,Panola County,MS,Mississippi,,,Low,1,Stable low-volatility insurance counties,0.9997087979571583,0.9994176292420743,3,High-premium slower-growth counties
28109,Pearl River County,MS,Mississippi,Micro,"Picayune, MS",Moderate,4,High-premium high-nonrenewal counties,0.9882849878691723,0.9772117604988114,3,High-premium slower-growth counties
28111,Perry County,MS,Mississippi,Metro,"Hattiesburg, MS",Very Low,2,Typical lower-premium counties,0.9811598825920743,0.9635128140148017,3,High-premium slower-growth counties
28113,Pike County,MS,Mississippi,Micro,"McComb, MS",Low,2,Typical lower-premium counties,0.980447416517877,0.962656234062638,3,High-premium slower-growth counties
28115,Pontotoc County,MS,Mississippi,Micro,"Tupelo, MS",Low,2,Typical lower-premium counties,0.9864746101030784,0.9731197035378997,3,High-premium slower-growth counties
28117,Prentiss County,MS,Mississippi,,,Low,2,Typical lower-premium counties,0.9918776551038115,0.9838961241372838,3,High-premium slower-growth counties
28119,Quitman County,MS,Mississippi,,,Very Low,4,High-premium high-nonrenewal counties,0.9987036890870736,0.9976875509756205,2,Typical lower-premium counties
28121,Rankin County,MS,Mississippi,Metro,"Jackson, MS",Moderate,2,Typical lower-premium counties,0.9973967264254785,0.9948385431922846,3,High-premium slower-growth counties
28123,Scott County,MS,Mississippi,,,Low,1,Stable low-volatility insurance counties,0.9986291477630183,0.9972587883990014,3,High-premium slower-growth counties
28125,Sharkey County,MS,Mississippi,,,Very Low,4,High-premium high-nonrenewal counties,0.9992432725683367,0.998491381961059,3,High-premium slower-growth counties
28127,Simpson County,MS,Mississippi,Metro,"Jackson, MS",Low,2,Typical lower-premium counties,0.8951847090583764,0.7960716788757249,3,High-premium slower-growth counties
28129,Smith County,MS,Mississippi,,,Low,2,Typical lower-premium counties,0.9957559370653147,0.991673491566708,3,High-premium slower-growth counties
28131,Stone County,MS,Mississippi,,,Low,3,High-premium slower-growth counties,0.9999991690434917,0.9999983398122768,4,High-premium high-nonrenewal counties
28133,Sunflower County,MS,Mississippi,Micro,"Indianola, MS",Low,3,High-premium slower-growth counties,0.9986910383045956,0.9973834166012515,2,Typical lower-premium counties
28135,Tallahatchie County,MS,Mississippi,,,Very Low,4,High-premium high-nonrenewal counties,0.9933747141035695,0.9878807585139358,2,Typical lower-premium counties
28137,Tate County,MS,Mississippi,Metro,"Memphis, TN-MS-AR",Very Low,1,Stable low-volatility insurance counties,0.9997112792404853,0.9994225697691861,3,High-premium slower-growth counties
28139,Tippah County,MS,Mississippi,,,Low,2,Typical lower-premium counties,0.9958600252634049,0.9918215052748123,3,High-premium slower-growth counties
28141,Tishomingo County,MS,Mississippi,,,Very Low,2,Typical lower-premium counties,0.9780692662089167,0.9561504924829456,3,High-premium slower-growth counties
28143,Tunica County,MS,Mississippi,Metro,"Memphis, TN-MS-AR",Very Low,2,Typical lower-premium counties,0.9905727658095854,0.9814275035829878,3,High-premium slower-growth counties
28145,Union County,MS,Mississippi,,,Low,2,Typical lower-premium counties,0.9977584304002964,0.9955350795576349,3,High-premium slower-growth counties
28147,Walthall County,MS,Mississippi,,,Very Low,3,High-premium slower-growth counties,0.9999066289419877,0.9998386089960833,2,Typical lower-premium counties
28149,Warren County,MS,Mississippi,Micro,"Vicksburg, MS",Moderate,2,Typical lower-premium counties,0.9930093620433998,0.9864145143534648,3,High-premium slower-growth counties
28151,Washington County,MS,Mississippi,Micro,"Greenville, MS",Moderate,4,High-premium high-nonrenewal counties,0.7659841056185724,0.5530735902792099,2,Typical lower-premium counties
28153,Wayne County,MS,Mississippi,,,Low,1,Stable low-volatility insurance counties,0.9997025898212123,0.9994052099282725,3,High-premium slower-growth counties
28155,Webster County,MS,Mississippi,,,Very Low,2,Typical lower-premium counties,0.9991557223400003,0.9985548468035907,0,Fast-rising lower-premium counties
28157,Wilkinson County,MS,Mississippi,,,Very Low,4,High-premium high-nonrenewal counties,0.9958297790166154,0.9920317446118702,2,Typical lower-premium counties
28159,Winston County,MS,Mississippi,,,Very Low,4,High-premium high-nonrenewal counties,0.9296402600749077,0.8731811274771005,2,Typical lower-premium counties
28161,Yalobusha County,MS,Mississippi,,,Very Low,2,Typical lower-premium counties,0.9983122357343729,0.9967977086561586,3,High-premium slower-growth counties
28163,Yazoo County,MS,Mississippi,Metro,"Jackson, MS",Low,2,Typical lower-premium counties,0.9761362323628305,0.9537922012516545,3,High-premium slower-growth counties
29001,Adair County,MO,Missouri,Micro,"Kirksville, MO",Very Low,1,Stable low-volatility insurance counties,0.9987462100790385,0.9974924596475468,3,High-premium slower-growth counties
29003,Andrew County,MO,Missouri,Metro,"St. Joseph, MO-KS",Very Low,1,Stable low-volatility insurance counties,0.999983801534077,0.999967626933099,3,High-premium slower-growth counties
29005,Atchison County,MO,Missouri,,,Very Low,2,Typical lower-premium counties,0.9987791778109159,0.9979792153455896,0,Fast-rising lower-premium counties
29007,Audrain County,MO,Missouri,Micro,"Mexico, MO",Low,3,High-premium slower-growth counties,0.9999997099569308,0.9999994199429021,1,Stable low-volatility insurance counties
29009,Barry County,MO,Missouri,,,Low,2,Typical lower-premium counties,0.9993862769000998,0.9990173392778926,3,High-premium slower-growth counties
29011,Barton County,MO,Missouri,,,Low,1,Stable low-volatility insurance counties,0.9999901089304363,0.9999802461032123,3,High-premium slower-growth counties
29013,Bates County,MO,Missouri,Metro,"Kansas City, MO-KS",Very Low,1,Stable low-volatility insurance counties,0.9998750095664907,0.9997506590571223,3,High-premium slower-growth counties
29015,Benton County,MO,Missouri,,,Low,1,Stable low-volatility insurance counties,0.9999848958333221,0.9999698387432325,3,High-premium slower-growth counties
29017,Bollinger County,MO,Missouri,Metro,"Cape Girardeau, MO-IL",Very Low,1,Stable low-volatility insurance counties,0.9999918780749738,0.9999837972162114,3,High-premium slower-growth counties
29019,Boone County,MO,Missouri,Metro,"Columbia, MO",Moderate,2,Typical lower-premium counties,0.999775448746342,0.9996013648574946,3,High-premium slower-growth counties
29021,Buchanan County,MO,Missouri,Metro,"St. Joseph, MO-KS",Low,2,Typical lower-premium counties,0.9984911961890008,0.9971518739696291,3,High-premium slower-growth counties
29023,Butler County,MO,Missouri,Micro,"Poplar Bluff, MO",Moderate,1,Stable low-volatility insurance counties,0.9999351813817513,0.9998703747904976,3,High-premium slower-growth counties
29025,Caldwell County,MO,Missouri,Metro,"Kansas City, MO-KS",Very Low,4,High-premium high-nonrenewal counties,0.9781793174893737,0.9670177989117542,3,High-premium slower-growth counties
29027,Callaway County,MO,Missouri,Metro,"Jefferson City, MO",Low,1,Stable low-volatility insurance counties,0.9999775207554543,0.9999550570590681,3,High-premium slower-growth counties
29029,Camden County,MO,Missouri,,,Moderate,1,Stable low-volatility insurance counties,0.9998954439293027,0.9997910288710601,3,High-premium slower-growth counties
29031,Cape Girardeau County,MO,Missouri,Metro,"Cape Girardeau, MO-IL",Moderate,1,Stable low-volatility insurance counties,0.9999835684064587,0.9999671682394613,3,High-premium slower-growth counties
29033,Carroll County,MO,Missouri,,,Very Low,2,Typical lower-premium counties,0.9997028377711457,0.9995515212451912,3,High-premium slower-growth counties
29035,Carter County,MO,Missouri,,,Low,2,Typical lower-premium counties,0.9995476541583684,0.9993058809355079,0,Fast-rising lower-premium counties
29037,Cass County,MO,Missouri,Metro,"Kansas City, MO-KS",Low,1,Stable low-volatility insurance counties,0.9943627180541977,0.9887343698035157,3,High-premium slower-growth counties
29039,Cedar County,MO,Missouri,,,Very Low,1,Stable low-volatility insurance counties,0.9999365107536458,0.999873039497362,3,High-premium slower-growth counties
29041,Chariton County,MO,Missouri,,,Very Low,2,Typical lower-premium counties,0.9996657047573003,0.9994670520243025,0,Fast-rising lower-premium counties
29043,Christian County,MO,Missouri,Metro,"Springfield, MO",Low,1,Stable low-volatility insurance counties,0.9999181427837436,0.9998366358384314,3,High-premium slower-growth counties
29045,Clark County,MO,Missouri,Micro,"Fort Madison-Keokuk, IA-IL-MO",Very Low,4,High-premium high-nonrenewal counties,0.9985240106683357,0.9976279444288545,3,High-premium slower-growth counties
29047,Clay County,MO,Missouri,Metro,"Kansas City, MO-KS",Moderate,1,Stable low-volatility insurance counties,0.993511469759653,0.9870284497616361,3,High-premium slower-growth counties
29049,Clinton County,MO,Missouri,Metro,"Kansas City, MO-KS",Low,1,Stable low-volatility insurance counties,0.9995275310687166,0.9990566326297975,3,High-premium slower-growth counties
29051,Cole County,MO,Missouri,Metro,"Jefferson City, MO",Low,1,Stable low-volatility insurance counties,0.9999849115320063,0.9999698323232462,3,High-premium slower-growth counties
29053,Cooper County,MO,Missouri,,,Very Low,1,Stable low-volatility insurance counties,0.9999778780479494,0.9999557654001765,3,High-premium slower-growth counties
29055,Crawford County,MO,Missouri,,,Low,2,Typical lower-premium counties,0.9992285828475614,0.9988234383888237,3,High-premium slower-growth counties
29057,Dade County,MO,Missouri,,,Very Low,2,Typical lower-premium counties,0.9971205557800649,0.9954947965710403,0,Fast-rising lower-premium counties
29059,Dallas County,MO,Missouri,Metro,"Springfield, MO",Very Low,1,Stable low-volatility insurance counties,0.9999781048261903,0.999956328967437,3,High-premium slower-growth counties
29061,Daviess County,MO,Missouri,,,Very Low,4,High-premium high-nonrenewal counties,0.9853523177414841,0.9739357948040642,3,High-premium slower-growth counties
29063,DeKalb County,MO,Missouri,Metro,"St. Joseph, MO-KS",Very Low,2,Typical lower-premium counties,0.9995430818259455,0.9992090328629217,3,High-premium slower-growth counties
29065,Dent County,MO,Missouri,,,Low,1,Stable low-volatility insurance counties,0.9999530149986046,0.9999060500672228,3,High-premium slower-growth counties
29067,Douglas County,MO,Missouri,,,Very Low,2,Typical lower-premium counties,0.9995476541583684,0.9993058809355079,0,Fast-rising lower-premium counties
29069,Dunklin County,MO,Missouri,Micro,"Kennett, MO",Low,4,High-premium high-nonrenewal counties,0.9993988251858432,0.9989930257615285,3,High-premium slower-growth counties
29071,Franklin County,MO,Missouri,Metro,"St. Louis, MO-IL",Moderate,1,Stable low-volatility insurance counties,0.9999771522669763,0.9999543540677645,3,High-premium slower-growth counties
29073,Gasconade County,MO,Missouri,,,Very Low,2,Typical lower-premium counties,0.9976831876451143,0.9954793469378853,3,High-premium slower-growth counties
29075,Gentry County,MO,Missouri,,,Very Low,3,High-premium slower-growth counties,0.9999999995692939,0.9999999991385872,0,Fast-rising lower-premium counties
29077,Greene County,MO,Missouri,Metro,"Springfield, MO",Moderate,1,Stable low-volatility insurance counties,0.9999802514466708,0.9999605741526001,3,High-premium slower-growth counties
29079,Grundy County,MO,Missouri,,,Very Low,2,Typical lower-premium counties,0.9912619337220461,0.9829793497019826,3,High-premium slower-growth counties
29081,Harrison County,MO,Missouri,,,Very Low,0,Fast-rising lower-premium counties,0.9892538445334326,0.9785076890668657,3,High-premium slower-growth counties
29083,Henry County,MO,Missouri,,,Low,1,Stable low-volatility insurance counties,0.9999791721467435,0.9999584508025088,3,High-premium slower-growth counties
29085,Hickory County,MO,Missouri,,,Very Low,2,Typical lower-premium counties,0.9996924137329937,0.999491404779272,0,Fast-rising lower-premium counties
29087,Holt County,MO,Missouri,,,Very Low,3,High-premium slower-growth counties,0.9999480074539031,0.9999167761338961,4,High-premium high-nonrenewal counties
29089,Howard County,MO,Missouri,,,Very Low,2,Typical lower-premium counties,0.9986693117459129,0.997768074715514,3,High-premium slower-growth counties
29091,Howell County,MO,Missouri,Micro,"West Plains, MO",Low,1,Stable low-volatility insurance counties,0.9999797804810141,0.9999595740068881,3,High-premium slower-growth counties
29093,Iron County,MO,Missouri,,,Low,2,Typical lower-premium counties,0.9682836619962586,0.943895342008867,3,High-premium slower-growth counties
29095,Jackson County,MO,Missouri,Metro,"Kansas City, MO-KS",High,3,High-premium slower-growth counties,0.9999985114611073,0.9999970237687851,1,Stable low-volatility insurance counties
29097,Jasper County,MO,Missouri,Metro,"Joplin, MO",Moderate,1,Stable low-volatility insurance counties,0.9999885097875545,0.9999770383852646,3,High-premium slower-growth counties
29099,Jefferson County,MO,Missouri,Metro,"St. Louis, MO-IL",Moderate,1,Stable low-volatility insurance counties,0.9999837891875667,0.999967611835397,3,High-premium slower-growth counties
29101,Johnson County,MO,Missouri,Micro,"Warrensburg, MO",Low,1,Stable low-volatility insurance counties,0.9999596095235326,0.9999193931515725,3,High-premium slower-growth counties
29103,Knox County,MO,Missouri,,,Very Low,3,High-premium slower-growth counties,0.9999999974898905,0.9999999949797816,0,Fast-rising lower-premium counties
29105,Laclede County,MO,Missouri,Micro,"Lebanon, MO",Low,2,Typical lower-premium counties,0.9967428459851052,0.9939961764488716,3,High-premium slower-growth counties
29107,Lafayette County,MO,Missouri,Metro,"Kansas City, MO-KS",Low,1,Stable low-volatility insurance counties,0.999955002160933,0.9999102005652806,3,High-premium slower-growth counties
29109,Lawrence County,MO,Missouri,,,Low,1,Stable low-volatility insurance counties,0.9999876751603922,0.9999753744083445,3,High-premium slower-growth counties
29111,Lewis County,MO,Missouri,Micro,"Quincy, IL-MO",Very Low,2,Typical lower-premium counties,0.9996677056151446,0.9994359304853049,0,Fast-rising lower-premium counties
29113,Lincoln County,MO,Missouri,Metro,"St. Louis, MO-IL",Low,1,Stable low-volatility insurance counties,0.99997556230703,0.9999511976054567,3,High-premium slower-growth counties
29115,Linn County,MO,Missouri,,,Very Low,4,High-premium high-nonrenewal counties,0.9996116899682704,0.9992626803985836,3,High-premium slower-growth counties
29117,Livingston County,MO,Missouri,,,Very Low,2,Typical lower-premium counties,0.9872463736735336,0.9749529243086561,3,High-premium slower-growth counties
29119,McDonald County,MO,Missouri,Metro,"Fayetteville-Springdale-Rogers, AR-MO",Low,0,Fast-rising lower-premium counties,0.9438077281945834,0.8876154576665933,3,High-premium slower-growth counties
29121,Macon County,MO,Missouri,,,Very Low,1,Stable low-volatility insurance counties,0.9999774856719881,0.9999549885987715,3,High-premium slower-growth counties
29123,Madison County,MO,Missouri,,,Low,4,High-premium high-nonrenewal counties,0.977192903511751,0.9546975690506936,3,High-premium slower-growth counties
29125,Maries County,MO,Missouri,,,Very Low,2,Typical lower-premium counties,0.9941826351346668,0.9906905767743975,3,High-premium slower-growth counties
29127,Marion County,MO,Missouri,Micro,"Hannibal, MO",Low,2,Typical lower-premium counties,0.9661417193119134,0.9328480753885853,3,High-premium slower-growth counties
29129,Mercer County,MO,Missouri,,,Very Low,2,Typical lower-premium counties,0.9929590740703756,0.9892809434266202,0,Fast-rising lower-premium counties
29131,Miller County,MO,Missouri,,,Low,2,Typical lower-premium counties,0.997152573195304,0.9956212169309948,3,High-premium slower-growth counties
29133,Mississippi County,MO,Missouri,,,Low,1,Stable low-volatility insurance counties,0.999882920017189,0.9997658822372917,3,High-premium slower-growth counties
29135,Moniteau County,MO,Missouri,Metro,"Jefferson City, MO",Very Low,2,Typical lower-premium counties,0.9994133864181318,0.9990962046791034,0,Fast-rising lower-premium counties
29137,Monroe County,MO,Missouri,,,Very Low,1,Stable low-volatility insurance counties,0.9999792473158895,0.9999585136323397,3,High-premium slower-growth counties
29139,Montgomery County,MO,Missouri,,,Very Low,1,Stable low-volatility insurance counties,0.9999546126752279,0.999909256517799,3,High-premium slower-growth counties
29141,Morgan County,MO,Missouri,,,Low,1,Stable low-volatility insurance counties,0.9999847741419324,0.999969602817842,3,High-premium slower-growth counties
29143,New Madrid County,MO,Missouri,,,Low,1,Stable low-volatility insurance counties,0.999965949277451,0.9999319342062531,3,High-premium slower-growth counties
29145,Newton County,MO,Missouri,Metro,"Joplin, MO",Low,1,Stable low-volatility insurance counties,0.9999727107065454,0.999945518531616,3,High-premium slower-growth counties
29147,Nodaway County,MO,Missouri,Micro,"Maryville, MO",Low,1,Stable low-volatility insurance counties,0.999984611028688,0.9999692373442999,3,High-premium slower-growth counties
29149,Oregon County,MO,Missouri,,,Low,2,Typical lower-premium counties,0.9995476541583684,0.9993058809355079,0,Fast-rising lower-premium counties
29151,Osage County,MO,Missouri,Metro,"Jefferson City, MO",Very Low,2,Typical lower-premium counties,0.9859381836199861,0.9775053803434466,3,High-premium slower-growth counties
29153,Ozark County,MO,Missouri,,,Very Low,2,Typical lower-premium counties,0.9995476541583684,0.9993058809355079,0,Fast-rising lower-premium counties
29155,Pemiscot County,MO,Missouri,,,Low,2,Typical lower-premium counties,0.9926889898339085,0.9866633320169106,0,Fast-rising lower-premium counties
29157,Perry County,MO,Missouri,,,Low,1,Stable low-volatility insurance counties,0.9989397292236086,0.9978795042870756,3,High-premium slower-growth counties
29159,Pettis County,MO,Missouri,Micro,"Sedalia, MO",Low,1,Stable low-volatility insurance counties,0.9998696478422208,0.9997393331641472,3,High-premium slower-growth counties
29161,Phelps County,MO,Missouri,Micro,"Rolla, MO",Low,1,Stable low-volatility insurance counties,0.9999815778270149,0.9999631889377465,3,High-premium slower-growth counties
29163,Pike County,MO,Missouri,,,Very Low,1,Stable low-volatility insurance counties,0.999984056529229,0.9999681346236453,3,High-premium slower-growth counties
29165,Platte County,MO,Missouri,Metro,"Kansas City, MO-KS",Low,3,High-premium slower-growth counties,0.9999954316491937,0.9999908666256127,0,Fast-rising lower-premium counties
29167,Polk County,MO,Missouri,Metro,"Springfield, MO",Low,1,Stable low-volatility insurance counties,0.9999687292195839,0.9999376177784228,3,High-premium slower-growth counties
29169,Pulaski County,MO,Missouri,Micro,"Fort Leonard Wood, MO",Low,1,Stable low-volatility insurance counties,0.9999877383925218,0.9999754982758614,3,High-premium slower-growth counties
29171,Putnam County,MO,Missouri,,,Very Low,4,High-premium high-nonrenewal counties,0.9985240106683357,0.9976279444288545,3,High-premium slower-growth counties
29173,Ralls County,MO,Missouri,Micro,"Hannibal, MO",Very Low,2,Typical lower-premium counties,0.9982201678693747,0.9965340259870606,3,High-premium slower-growth counties
29175,Randolph County,MO,Missouri,Micro,"Moberly, MO",Very Low,4,High-premium high-nonrenewal counties,0.9941584451731917,0.9888343610009422,3,High-premium slower-growth counties
29177,Ray County,MO,Missouri,Metro,"Kansas City, MO-KS",Low,1,Stable low-volatility insurance counties,0.9998478267707888,0.9996964719941922,3,High-premium slower-growth counties
29179,Reynolds County,MO,Missouri,,,Low,2,Typical lower-premium counties,0.9994069520006521,0.9990547036720927,0,Fast-rising lower-premium counties
29181,Ripley County,MO,Missouri,,,Low,2,Typical lower-premium counties,0.9967595430087105,0.994103638674173,0,Fast-rising lower-premium counties
29183,St. Charles County,MO,Missouri,Metro,"St. Louis, MO-IL",Moderate,2,Typical lower-premium counties,0.6724550550778919,0.4906363421586649,3,High-premium slower-growth counties
29185,St. Clair County,MO,Missouri,,,Very Low,2,Typical lower-premium counties,0.9974337796877519,0.9948991581341238,3,High-premium slower-growth counties
29186,Ste. Genevieve County,MO,Missouri,,,Low,2,Typical lower-premium counties,0.9997974497791617,0.9996566636731065,3,High-premium slower-growth counties
29187,St. Francois County,MO,Missouri,Micro,"Farmington, MO",Low,1,Stable low-volatility insurance counties,0.9999810950384957,0.9999622133238784,3,High-premium slower-growth counties
29189,St. Louis County,MO,Missouri,Metro,"St. Louis, MO-IL",High,1,Stable low-volatility insurance counties,0.9996981920568211,0.9993969621215387,3,High-premium slower-growth counties
29195,Saline County,MO,Missouri,Micro,"Marshall, MO",Low,2,Typical lower-premium counties,0.9997259072115147,0.9994798176778784,3,High-premium slower-growth counties
29197,Schuyler County,MO,Missouri,Micro,"Kirksville, MO",Very Low,0,Fast-rising lower-premium counties,0.9797237550851614,0.9594476011233225,3,High-premium slower-growth counties
29199,Scotland County,MO,Missouri,,,Very Low,4,High-premium high-nonrenewal counties,0.9910758406389124,0.9833703431775196,3,High-premium slower-growth counties
29201,Scott County,MO,Missouri,Micro,"Sikeston, MO",Low,1,Stable low-volatility insurance counties,0.999736049758493,0.999472107869656,3,High-premium slower-growth counties
29203,Shannon County,MO,Missouri,,,Low,2,Typical lower-premium counties,0.9995476541583684,0.9993058809355079,0,Fast-rising lower-premium counties
29205,Shelby County,MO,Missouri,,,Very Low,4,High-premium high-nonrenewal counties,0.9996605671265889,0.9993964112950148,3,High-premium slower-growth counties
29207,Stoddard County,MO,Missouri,,,Low,2,Typical lower-premium counties,0.9996853039364316,0.9994907153949296,3,High-premium slower-growth counties
29209,Stone County,MO,Missouri,Micro,"Branson, MO",Low,1,Stable low-volatility insurance counties,0.9999430605439985,0.9998862507676071,3,High-premium slower-growth counties
29211,Sullivan County,MO,Missouri,,,Very Low,4,High-premium high-nonrenewal counties,0.9992077787622826,0.9984171067308036,3,High-premium slower-growth counties
29213,Taney County,MO,Missouri,Micro,"Branson, MO",Moderate,1,Stable low-volatility insurance counties,0.9999302705810854,0.9998609459161882,3,High-premium slower-growth counties
29215,Texas County,MO,Missouri,,,Low,1,Stable low-volatility insurance counties,0.9999766756835456,0.9999533902323526,3,High-premium slower-growth counties
29217,Vernon County,MO,Missouri,,,Low,2,Typical lower-premium counties,0.9996799312326031,0.9994393603988725,3,High-premium slower-growth counties
29219,Warren County,MO,Missouri,Metro,"St. Louis, MO-IL",Low,1,Stable low-volatility insurance counties,0.9999332191452125,0.9998666365317371,3,High-premium slower-growth counties
29221,Washington County,MO,Missouri,,,Low,2,Typical lower-premium counties,0.9990696230595223,0.9983687452574911,3,High-premium slower-growth counties
29223,Wayne County,MO,Missouri,,,Low,1,Stable low-volatility insurance counties,0.9999918780749738,0.9999837972162114,3,High-premium slower-growth counties
29225,Webster County,MO,Missouri,Metro,"Springfield, MO",Low,1,Stable low-volatility insurance counties,0.9999800077924905,0.9999600881691553,3,High-premium slower-growth counties
29227,Worth County,MO,Missouri,,,Very Low,3,High-premium slower-growth counties,1.0,1.0,0,Fast-rising lower-premium counties
29229,Wright County,MO,Missouri,,,Low,4,High-premium high-nonrenewal counties,0.9995961365002217,0.9993328165829011,3,High-premium slower-growth counties
29510,St. Louis City,MO,Missouri,Metro,"St. Louis, MO-IL",High,1,Stable low-volatility insurance counties,0.9999821963288713,0.9999644292261485,3,High-premium slower-growth counties
30001,Beaverhead County,MT,Montana,,,Low,0,Fast-rising lower-premium counties,0.9912632004219427,0.9825264008932177,3,High-premium slower-growth counties
30003,Big Horn County,MT,Montana,,,Low,2,Typical lower-premium counties,0.9973689374741602,0.995366905129858,3,High-premium slower-growth counties
30005,Blaine County,MT,Montana,,,Low,2,Typical lower-premium counties,0.896476999579331,0.7965659137306347,3,High-premium slower-growth counties
30007,Broadwater County,MT,Montana,,,Very Low,2,Typical lower-premium counties,0.9955882236034778,0.9917614314802491,3,High-premium slower-growth counties
30009,Carbon County,MT,Montana,Metro,"Billings, MT",Low,0,Fast-rising lower-premium counties,0.9422523702144746,0.8845047404289567,3,High-premium slower-growth counties
30011,Carter County,MT,Montana,,,Very Low,2,Typical lower-premium counties,0.6657413934104182,0.35491589661038464,0,Fast-rising lower-premium counties
30013,Cascade County,MT,Montana,Metro,"Great Falls, MT",Moderate,2,Typical lower-premium counties,0.9994450712744222,0.9990919927287573,3,High-premium slower-growth counties
30015,Chouteau County,MT,Montana,,,Very Low,3,High-premium slower-growth counties,0.9999799574412179,0.9999599158545242,0,Fast-rising lower-premium counties
30017,Custer County,MT,Montana,,,Very Low,2,Typical lower-premium counties,0.9883202601167815,0.977043659282108,3,High-premium slower-growth counties
30019,Daniels County,MT,Montana,,,Very Low,0,Fast-rising lower-premium counties,0.9980728882963932,0.9961457765927862,3,High-premium slower-growth counties
30021,Dawson County,MT,Montana,,,Low,2,Typical lower-premium counties,0.9993332809136363,0.9989416058057764,3,High-premium slower-growth counties
30023,Deer Lodge County,MT,Montana,,,Very Low,2,Typical lower-premium counties,0.9598206189172158,0.9219190719461374,3,High-premium slower-growth counties
30025,Fallon County,MT,Montana,,,Very Low,3,High-premium slower-growth counties,0.9999999707893683,0.9999999415792646,0,Fast-rising lower-premium counties
30027,Fergus County,MT,Montana,,,Low,0,Fast-rising lower-premium counties,0.9884865465254028,0.9769730930840649,3,High-premium slower-growth counties
30029,Flathead County,MT,Montana,Micro,"Kalispell, MT",Moderate,4,High-premium high-nonrenewal counties,0.9813441597114659,0.962717001613743,3,High-premium slower-growth counties
30031,Gallatin County,MT,Montana,Micro,"Bozeman, MT",Moderate,0,Fast-rising lower-premium counties,0.928566536945435,0.8571330738908762,3,High-premium slower-growth counties
30033,Garfield County,MT,Montana,,,Very Low,4,High-premium high-nonrenewal counties,0.6695743041927126,0.34166862510468704,2,Typical lower-premium counties
30035,Glacier County,MT,Montana,,,Low,2,Typical lower-premium counties,0.9838602417536203,0.9677254016097411,3,High-premium slower-growth counties
30037,Golden Valley County,MT,Montana,Metro,"Billings, MT",Very Low,3,High-premium slower-growth counties,0.9999999999999964,0.999999999999993,0,Fast-rising lower-premium counties
30039,Granite County,MT,Montana,,,Very Low,2,Typical lower-premium counties,0.9972899200867891,0.9958871782601518,3,High-premium slower-growth counties
30041,Hill County,MT,Montana,,,Low,2,Typical lower-premium counties,0.9980600103490488,0.996633181440033,3,High-premium slower-growth counties
30043,Jefferson County,MT,Montana,Micro,"Helena, MT",Very Low,4,High-premium high-nonrenewal counties,0.9973731837551241,0.9948708795564988,3,High-premium slower-growth counties
30045,Judith Basin County,MT,Montana,,,Very Low,2,Typical lower-premium counties,0.9994892158235242,0.9991160412242311,0,Fast-rising lower-premium counties
30047,Lake County,MT,Montana,,,Low,2,Typical lower-premium counties,0.9992532462984267,0.9987542314447933,3,High-premium slower-growth counties
30049,Lewis and Clark County,MT,Montana,Micro,"Helena, MT",Low,2,Typical lower-premium counties,0.9987954753996933,0.9981433866129396,3,High-premium slower-growth counties
30051,Liberty County,MT,Montana,,,Very Low,3,High-premium slower-growth counties,0.9884898243473943,0.9769811618842591,4,High-premium high-nonrenewal counties
30053,Lincoln County,MT,Montana,,,Low,4,High-premium high-nonrenewal counties,0.9981684628038902,0.9964038877292912,3,High-premium slower-growth counties
30055,McCone County,MT,Montana,,,Very Low,0,Fast-rising lower-premium counties,0.9960631061602387,0.9921262123207918,3,High-premium slower-growth counties
30057,Madison County,MT,Montana,,,Very Low,2,Typical lower-premium counties,0.9962470302168942,0.9942732212487241,3,High-premium slower-growth counties
30059,Meagher County,MT,Montana,,,Very Low,3,High-premium slower-growth counties,1.0,0.9999999999999996,0,Fast-rising lower-premium counties
30061,Mineral County,MT,Montana,,,Very Low,2,Typical lower-premium counties,0.9989444958994266,0.9981845013543263,3,High-premium slower-growth counties
30063,Missoula County,MT,Montana,Metro,"Missoula, MT",Low,2,Typical lower-premium counties,0.9978127980250034,0.9961687992848061,3,High-premium slower-growth counties
30065,Musselshell County,MT,Montana,,,Very Low,1,Stable low-volatility insurance counties,0.9897239223909831,0.9794517619441298,3,High-premium slower-growth counties
30067,Park County,MT,Montana,,,Low,2,Typical lower-premium counties,0.9987585307521163,0.9977057154059444,3,High-premium slower-growth counties
30069,Petroleum County,MT,Montana,,,Very Low,0,Fast-rising lower-premium counties,0.9934535104903839,0.9869072129407728,3,High-premium slower-growth counties
30071,Phillips County,MT,Montana,,,Very Low,1,Stable low-volatility insurance counties,0.9999633473790986,0.9999267239563824,3,High-premium slower-growth counties
30073,Pondera County,MT,Montana,,,Very Low,2,Typical lower-premium counties,0.9925853557279968,0.9857978154426198,3,High-premium slower-growth counties
30075,Powder River County,MT,Montana,,,Very Low,3,High-premium slower-growth counties,0.9996225153692992,0.9992451432903618,0,Fast-rising lower-premium counties
30077,Powell County,MT,Montana,,,Very Low,4,High-premium high-nonrenewal counties,0.9980566568938573,0.9961492469780412,3,High-premium slower-growth counties
30079,Prairie County,MT,Montana,,,Very Low,4,High-premium high-nonrenewal counties,0.9978884489793721,0.9961677219631483,3,High-premium slower-growth counties
30081,Ravalli County,MT,Montana,,,Low,2,Typical lower-premium counties,0.9987525989518322,0.9979726481244228,3,High-premium slower-growth counties
30083,Richland County,MT,Montana,,,Low,3,High-premium slower-growth counties,0.9999999987724237,0.9999999975448474,0,Fast-rising lower-premium counties
30085,Roosevelt County,MT,Montana,,,Low,4,High-premium high-nonrenewal counties,0.9995580756453701,0.9991816420022861,3,High-premium slower-growth counties
30087,Rosebud County,MT,Montana,,,Low,3,High-premium slower-growth counties,0.9999954351396585,0.9999908759767716,0,Fast-rising lower-premium counties
30089,Sanders County,MT,Montana,,,Low,2,Typical lower-premium counties,0.9995561977168722,0.9992274654637792,3,High-premium slower-growth counties
30091,Sheridan County,MT,Montana,,,Very Low,3,High-premium slower-growth counties,1.0,0.9999999999999994,0,Fast-rising lower-premium counties
30093,Silver Bow County,MT,Montana,Micro,"Butte-Silver Bow, MT",Very Low,2,Typical lower-premium counties,0.9905665929926812,0.9826809904559307,3,High-premium slower-growth counties
30095,Stillwater County,MT,Montana,,,Very Low,3,High-premium slower-growth counties,0.9999997325560772,0.9999994651189618,0,Fast-rising lower-premium counties
30097,Sweet Grass County,MT,Montana,,,Very Low,0,Fast-rising lower-premium counties,0.8928182905298322,0.7856365810596667,3,High-premium slower-growth counties
30099,Teton County,MT,Montana,,,Very Low,2,Typical lower-premium counties,0.9993677703129467,0.9988680620535557,3,High-premium slower-growth counties
30101,Toole County,MT,Montana,,,Very Low,2,Typical lower-premium counties,0.7944885138406315,0.5987634251435943,3,High-premium slower-growth counties
30103,Treasure County,MT,Montana,,,Very Low,3,High-premium slower-growth counties,0.9998908573659196,0.9997821830514135,0,Fast-rising lower-premium counties
30105,Valley County,MT,Montana,,,Very Low,2,Typical lower-premium counties,0.9833918302799979,0.967023551267537,3,High-premium slower-growth counties
30107,Wheatland County,MT,Montana,,,Very Low,3,High-premium slower-growth counties,0.9996372416085214,0.9992745585430304,0,Fast-rising lower-premium counties
30109,Wibaux County,MT,Montana,,,Very Low,3,High-premium slower-growth counties,0.9999999769257892,0.9999999538515774,0,Fast-rising lower-premium counties
30111,Yellowstone County,MT,Montana,Metro,"Billings, MT",Moderate,2,Typical lower-premium counties,0.8195422692622171,0.6741682069203752,3,High-premium slower-growth counties
31001,Adams County,NE,Nebraska,Micro,"Hastings, NE",Low,4,High-premium high-nonrenewal counties,0.7341937696895882,0.4688938385531503,3,High-premium slower-growth counties
31003,Antelope County,NE,Nebraska,,,Very Low,2,Typical lower-premium counties,0.9961144433054762,0.9927498623243671,0,Fast-rising lower-premium counties
31005,Arthur County,NE,Nebraska,,,Very Low,3,High-premium slower-growth counties,0.9999947360213738,0.9999894720591338,0,Fast-rising lower-premium counties
31007,Banner County,NE,Nebraska,Micro,"Scottsbluff, NE",Very Low,0,Fast-rising lower-premium counties,0.9746104665377974,0.949220933075593,3,High-premium slower-growth counties
31009,Blaine County,NE,Nebraska,,,Very Low,2,Typical lower-premium counties,0.9998170780168654,0.999732772180549,0,Fast-rising lower-premium counties
31011,Boone County,NE,Nebraska,,,Low,2,Typical lower-premium counties,0.9981347766701549,0.9967860285821984,0,Fast-rising lower-premium counties
31013,Box Butte County,NE,Nebraska,,,Very Low,3,High-premium slower-growth counties,0.9681809690482196,0.9363621701018803,4,High-premium high-nonrenewal counties
31015,Boyd County,NE,Nebraska,,,Very Low,4,High-premium high-nonrenewal counties,0.9598161607818109,0.9210910189230228,2,Typical lower-premium counties
31017,Brown County,NE,Nebraska,,,Very Low,0,Fast-rising lower-premium counties,0.9957289533773781,0.9914579067557823,3,High-premium slower-growth counties
31019,Buffalo County,NE,Nebraska,Micro,"Kearney, NE",Low,1,Stable low-volatility insurance counties,0.9542927736525406,0.9085858800159357,3,High-premium slower-growth counties
31021,Burt County,NE,Nebraska,,,Very Low,4,High-premium high-nonrenewal counties,0.9302219563253366,0.860961869351337,3,High-premium slower-growth counties
31023,Butler County,NE,Nebraska,,,Very Low,3,High-premium slower-growth counties,0.9771753733772518,0.9611206920136122,2,Typical lower-premium counties
31025,Cass County,NE,Nebraska,Metro,"Omaha-Council Bluffs, NE-IA",Very Low,1,Stable low-volatility insurance counties,0.9556303570554565,0.9112612117094695,3,High-premium slower-growth counties
31027,Cedar County,NE,Nebraska,,,Very Low,3,High-premium slower-growth counties,0.9659687167597049,0.9319489876128164,4,High-premium high-nonrenewal counties
31029,Chase County,NE,Nebraska,,,Very Low,4,High-premium high-nonrenewal counties,0.9976976358497397,0.9962232047708278,2,Typical lower-premium counties
31031,Cherry County,NE,Nebraska,,,Very Low,0,Fast-rising lower-premium counties,0.6790296737561415,0.3580593475262877,3,High-premium slower-growth counties
31033,Cheyenne County,NE,Nebraska,,,Very Low,3,High-premium slower-growth counties,0.9887578303120944,0.9822149068657389,0,Fast-rising lower-premium counties
31035,Clay County,NE,Nebraska,,,Low,3,High-premium slower-growth counties,0.759429151738572,0.5269596634467257,2,Typical lower-premium counties
31037,Colfax County,NE,Nebraska,,,Very Low,3,High-premium slower-growth counties,0.9998378424871982,0.999675710550997,2,Typical lower-premium counties
31039,Cuming County,NE,Nebraska,,,Low,3,High-premium slower-growth counties,0.9996457664226687,0.9992915328453374,0,Fast-rising lower-premium counties
31041,Custer County,NE,Nebraska,,,Very Low,3,High-premium slower-growth counties,0.6884595623582466,0.37691912738685496,0,Fast-rising lower-premium counties
31043,Dakota County,NE,Nebraska,Metro,"Sioux City, IA-NE-SD",Very Low,3,High-premium slower-growth counties,0.6229015256483894,0.24636076035552307,4,High-premium high-nonrenewal counties
31045,Dawes County,NE,Nebraska,,,Very Low,1,Stable low-volatility insurance counties,0.9691705382850027,0.9383415929751242,3,High-premium slower-growth counties
31047,Dawson County,NE,Nebraska,Micro,"Lexington, NE",Low,1,Stable low-volatility insurance counties,0.9796207101817405,0.9592418310705582,3,High-premium slower-growth counties
31049,Deuel County,NE,Nebraska,,,Very Low,2,Typical lower-premium counties,0.9914840390674478,0.9849525195125108,0,Fast-rising lower-premium counties
31051,Dixon County,NE,Nebraska,Metro,"Sioux City, IA-NE-SD",Very Low,3,High-premium slower-growth counties,0.8114819804509334,0.6229641412171758,4,High-premium high-nonrenewal counties
31053,Dodge County,NE,Nebraska,Micro,"Fremont, NE",Low,1,Stable low-volatility insurance counties,0.9699379479818139,0.9398762035275371,3,High-premium slower-growth counties
31055,Douglas County,NE,Nebraska,Metro,"Omaha-Council Bluffs, NE-IA",High,1,Stable low-volatility insurance counties,0.9677751533794134,0.9355506885488133,3,High-premium slower-growth counties
31057,Dundy County,NE,Nebraska,,,Very Low,4,High-premium high-nonrenewal counties,0.9990745404196152,0.998167207657462,3,High-premium slower-growth counties
31059,Fillmore County,NE,Nebraska,,,Very Low,3,High-premium slower-growth counties,0.9989542365525395,0.998034716616619,2,Typical lower-premium counties
31061,Franklin County,NE,Nebraska,,,Very Low,4,High-premium high-nonrenewal counties,0.9912099789121918,0.9836020728343124,2,Typical lower-premium counties
31063,Frontier County,NE,Nebraska,,,Very Low,3,High-premium slower-growth counties,0.6034337870932232,0.20927250895893296,2,Typical lower-premium counties
31065,Furnas County,NE,Nebraska,,,Low,3,High-premium slower-growth counties,0.9966687624062427,0.9933375930105669,4,High-premium high-nonrenewal counties
31067,Gage County,NE,Nebraska,Micro,"Beatrice, NE",Very Low,3,High-premium slower-growth counties,0.530550205046506,0.0683822360185663,2,Typical lower-premium counties
31069,Garden County,NE,Nebraska,,,Very Low,2,Typical lower-premium counties,0.9976954760778732,0.9960251581525563,0,Fast-rising lower-premium counties
31071,Garfield County,NE,Nebraska,,,Very Low,0,Fast-rising lower-premium counties,0.9958285220244362,0.9916570440514567,3,High-premium slower-growth counties
31073,Gosper County,NE,Nebraska,Micro,"Lexington, NE",Very Low,3,High-premium slower-growth counties,0.9999999511744461,0.9999999023489131,0,Fast-rising lower-premium counties
31075,Grant County,NE,Nebraska,,,Very Low,4,High-premium high-nonrenewal counties,0.8542330632620851,0.733262522060797,2,Typical lower-premium counties
31077,Greeley County,NE,Nebraska,,,Very Low,3,High-premium slower-growth counties,0.9995435478364152,0.9990871006812765,0,Fast-rising lower-premium counties
31079,Hall County,NE,Nebraska,Metro,"Grand Island, NE",Low,1,Stable low-volatility insurance counties,0.9840854918425133,0.9681713228614408,3,High-premium slower-growth counties
31081,Hamilton County,NE,Nebraska,Metro,"Grand Island, NE",Very Low,4,High-premium high-nonrenewal counties,0.6681163638722345,0.3364890389499118,3,High-premium slower-growth counties
31083,Harlan County,NE,Nebraska,,,Very Low,3,High-premium slower-growth counties,0.9999994874760246,0.9999989761040718,4,High-premium high-nonrenewal counties
31085,Hayes County,NE,Nebraska,,,Very Low,4,High-premium high-nonrenewal counties,0.9971036284371735,0.9942075831136947,3,High-premium slower-growth counties
31087,Hitchcock County,NE,Nebraska,,,Very Low,4,High-premium high-nonrenewal counties,0.9997057536205806,0.9994379432856194,3,High-premium slower-growth counties
31089,Holt County,NE,Nebraska,,,Very Low,3,High-premium slower-growth counties,0.6955125239528308,0.39960241560565324,2,Typical lower-premium counties
31091,Hooker County,NE,Nebraska,,,Very Low,2,Typical lower-premium counties,0.9998170780168654,0.999732772180549,0,Fast-rising lower-premium counties
31093,Howard County,NE,Nebraska,Metro,"Grand Island, NE",Very Low,1,Stable low-volatility insurance counties,0.978521033162076,0.9570424926978977,3,High-premium slower-growth counties
31095,Jefferson County,NE,Nebraska,,,Very Low,3,High-premium slower-growth counties,0.9999999999694005,0.9999999999388283,0,Fast-rising lower-premium counties
31097,Johnson County,NE,Nebraska,,,Very Low,3,High-premium slower-growth counties,0.9730812972732105,0.946269796495363,2,Typical lower-premium counties
31099,Kearney County,NE,Nebraska,Micro,"Kearney, NE",Very Low,4,High-premium high-nonrenewal counties,0.8377710088981916,0.6773724058080117,3,High-premium slower-growth counties
31101,Keith County,NE,Nebraska,,,Very Low,3,High-premium slower-growth counties,0.9999038914557825,0.9998218328193225,2,Typical lower-premium counties
31103,Keya Paha County,NE,Nebraska,,,Very Low,3,High-premium slower-growth counties,0.9999999999906812,0.9999999999813614,0,Fast-rising lower-premium counties
31105,Kimball County,NE,Nebraska,,,Very Low,3,High-premium slower-growth counties,0.6586382486687079,0.3229075560338193,4,High-premium high-nonrenewal counties
31107,Knox County,NE,Nebraska,,,Very Low,3,High-premium slower-growth counties,0.9863768184085471,0.976233875719698,2,Typical lower-premium counties
31109,Lancaster County,NE,Nebraska,Metro,"Lincoln, NE",Moderate,3,High-premium slower-growth counties,0.6467081194725585,0.30049468768860804,2,Typical lower-premium counties
31111,Lincoln County,NE,Nebraska,Micro,"North Platte, NE",Low,1,Stable low-volatility insurance counties,0.8209344780311922,0.6418714808816377,3,High-premium slower-growth counties
31113,Logan County,NE,Nebraska,Micro,"North Platte, NE",Very Low,3,High-premium slower-growth counties,0.9999999429205867,0.9999998858411745,0,Fast-rising lower-premium counties
31115,Loup County,NE,Nebraska,,,Very Low,2,Typical lower-premium counties,0.9998170780168654,0.999732772180549,0,Fast-rising lower-premium counties
31117,McPherson County,NE,Nebraska,Micro,"North Platte, NE",Very Low,2,Typical lower-premium counties,0.9998170780168654,0.999732772180549,0,Fast-rising lower-premium counties
31119,Madison County,NE,Nebraska,Micro,"Norfolk, NE",Low,3,High-premium slower-growth counties,0.8990200224396019,0.7982769020966652,2,Typical lower-premium counties
31121,Merrick County,NE,Nebraska,Metro,"Grand Island, NE",Low,3,High-premium slower-growth counties,0.9728409309944206,0.95869923661509,0,Fast-rising lower-premium counties
31123,Morrill County,NE,Nebraska,,,Very Low,3,High-premium slower-growth counties,0.9998986726091247,0.9997974085110236,4,High-premium high-nonrenewal counties
31125,Nance County,NE,Nebraska,,,Very Low,4,High-premium high-nonrenewal counties,0.8408513664447475,0.6855827646284898,2,Typical lower-premium counties
31127,Nemaha County,NE,Nebraska,,,Very Low,1,Stable low-volatility insurance counties,0.5943956593241799,0.18879478627817287,3,High-premium slower-growth counties
31129,Nuckolls County,NE,Nebraska,,,Very Low,2,Typical lower-premium counties,0.9985357362237423,0.9973172228354619,0,Fast-rising lower-premium counties
31131,Otoe County,NE,Nebraska,,,Very Low,3,High-premium slower-growth counties,0.5301384035645977,0.06948037363872239,2,Typical lower-premium counties
31133,Pawnee County,NE,Nebraska,,,Very Low,3,High-premium slower-growth counties,0.9996114010652392,0.9992228290497042,0,Fast-rising lower-premium counties
31135,Perkins County,NE,Nebraska,,,Very Low,2,Typical lower-premium counties,0.9995650555169006,0.9992966180268098,0,Fast-rising lower-premium counties
31137,Phelps County,NE,Nebraska,,,Very Low,3,High-premium slower-growth counties,0.8518649963253104,0.7062642094912561,2,Typical lower-premium counties
31139,Pierce County,NE,Nebraska,Micro,"Norfolk, NE",Very Low,3,High-premium slower-growth counties,0.99999923558038,0.9999984711613319,0,Fast-rising lower-premium counties
31141,Platte County,NE,Nebraska,Micro,"Columbus, NE",Low,2,Typical lower-premium counties,0.7122574537250771,0.42765997958071106,3,High-premium slower-growth counties
31143,Polk County,NE,Nebraska,,,Very Low,3,High-premium slower-growth counties,1.0,1.0,0,Fast-rising lower-premium counties
31145,Red Willow County,NE,Nebraska,,,Very Low,2,Typical lower-premium counties,0.7779768847242948,0.5615344416747825,3,High-premium slower-growth counties
31147,Richardson County,NE,Nebraska,,,Very Low,3,High-premium slower-growth counties,0.9798618786900247,0.9679112460780273,2,Typical lower-premium counties
31149,Rock County,NE,Nebraska,,,Very Low,2,Typical lower-premium counties,0.9991922099202994,0.9986701085149432,0,Fast-rising lower-premium counties
31151,Saline County,NE,Nebraska,,,Very Low,2,Typical lower-premium counties,0.5197699414476021,0.042964907570890665,3,High-premium slower-growth counties
31153,Sarpy County,NE,Nebraska,Metro,"Omaha-Council Bluffs, NE-IA",Moderate,1,Stable low-volatility insurance counties,0.9804104093967724,0.9608212076062755,3,High-premium slower-growth counties
31155,Saunders County,NE,Nebraska,Metro,"Omaha-Council Bluffs, NE-IA",Very Low,3,High-premium slower-growth counties,0.9999047138323707,0.9998433757421326,2,Typical lower-premium counties
31157,Scotts Bluff County,NE,Nebraska,Micro,"Scottsbluff, NE",Low,3,High-premium slower-growth counties,0.7932964103851335,0.5916974338198284,4,High-premium high-nonrenewal counties
31159,Seward County,NE,Nebraska,Metro,"Lincoln, NE",Very Low,3,High-premium slower-growth counties,0.6946224806136297,0.39578921784047877,2,Typical lower-premium counties
31161,Sheridan County,NE,Nebraska,,,Very Low,2,Typical lower-premium counties,0.9775022733481472,0.9575141938605776,0,Fast-rising lower-premium counties
31163,Sherman County,NE,Nebraska,,,Very Low,3,High-premium slower-growth counties,0.9999002558393321,0.999804614292344,0,Fast-rising lower-premium counties
31165,Sioux County,NE,Nebraska,Micro,"Scottsbluff, NE",Very Low,4,High-premium high-nonrenewal counties,0.9912099789121918,0.9836020728343124,2,Typical lower-premium counties
31167,Stanton County,NE,Nebraska,Micro,"Norfolk, NE",Very Low,3,High-premium slower-growth counties,0.999999999993765,0.9999999999875316,0,Fast-rising lower-premium counties
31169,Thayer County,NE,Nebraska,,,Very Low,3,High-premium slower-growth counties,0.8462047547682601,0.6926867722259749,2,Typical lower-premium counties
31171,Thomas County,NE,Nebraska,,,Very Low,3,High-premium slower-growth counties,0.9999947360213738,0.9999894720591338,0,Fast-rising lower-premium counties
31173,Thurston County,NE,Nebraska,,,Very Low,3,High-premium slower-growth counties,0.8821755756640254,0.7643511513280496,0,Fast-rising lower-premium counties
31175,Valley County,NE,Nebraska,,,Very Low,0,Fast-rising lower-premium counties,0.9953993719643188,0.990798743928638,3,High-premium slower-growth counties
31177,Washington County,NE,Nebraska,Metro,"Omaha-Council Bluffs, NE-IA",Very Low,3,High-premium slower-growth counties,0.9354718535296389,0.8709437708915646,1,Stable low-volatility insurance counties
31179,Wayne County,NE,Nebraska,,,Very Low,3,High-premium slower-growth counties,0.9767281307171419,0.9534562614343866,0,Fast-rising lower-premium counties
31181,Webster County,NE,Nebraska,,,Low,4,High-premium high-nonrenewal counties,0.8079355405177818,0.6172937149911921,2,Typical lower-premium counties
31183,Wheeler County,NE,Nebraska,,,Very Low,4,High-premium high-nonrenewal counties,0.9921762013864668,0.9843675577153587,3,High-premium slower-growth counties
31185,York County,NE,Nebraska,,,Low,4,High-premium high-nonrenewal counties,0.6323934481121506,0.26480089653427547,3,High-premium slower-growth counties
32001,Churchill County,NV,Nevada,Micro,"Fallon, NV",Low,0,Fast-rising lower-premium counties,0.8712934422131584,0.7425868849882,3,High-premium slower-growth counties
32003,Clark County,NV,Nevada,Metro,"Las Vegas-Henderson-Paradise, NV",Very High,2,Typical lower-premium counties,0.9298329274784956,0.8610511310323888,3,High-premium slower-growth counties
32005,Douglas County,NV,Nevada,Micro,"Gardnerville Ranchos, NV",Moderate,2,Typical lower-premium counties,0.9538731992806175,0.9175891620659572,3,High-premium slower-growth counties
32007,Elko County,NV,Nevada,Micro,"Elko, NV",Moderate,3,High-premium slower-growth counties,0.5196208484805728,0.17467279676300823,2,Typical lower-premium counties
32009,Esmeralda County,NV,Nevada,,,Very Low,3,High-premium slower-growth counties,0.9999999711728731,0.9999999423457478,0,Fast-rising lower-premium counties
32011,Eureka County,NV,Nevada,Micro,"Elko, NV",Very Low,0,Fast-rising lower-premium counties,0.9949037520305942,0.9898075041434395,3,High-premium slower-growth counties
32013,Humboldt County,NV,Nevada,Micro,"Winnemucca, NV",Very Low,2,Typical lower-premium counties,0.9662769769345357,0.9409027820227979,3,High-premium slower-growth counties
32015,Lander County,NV,Nevada,,,Very Low,3,High-premium slower-growth counties,0.9999999912963915,0.999999982592799,0,Fast-rising lower-premium counties
32017,Lincoln County,NV,Nevada,,,Very Low,2,Typical lower-premium counties,0.8293265024443555,0.6603520111462113,3,High-premium slower-growth counties
32019,Lyon County,NV,Nevada,Micro,"Fernley, NV",Low,3,High-premium slower-growth counties,0.9515650371114277,0.90321525784512,2,Typical lower-premium counties
32021,Mineral County,NV,Nevada,,,Very Low,3,High-premium slower-growth counties,0.9982025436468761,0.9968050217345971,0,Fast-rising lower-premium counties
32023,Nye County,NV,Nevada,Micro,"Pahrump, NV",Low,1,Stable low-volatility insurance counties,0.9781073464210268,0.9562234592367806,3,High-premium slower-growth counties
32027,Pershing County,NV,Nevada,,,Very Low,3,High-premium slower-growth counties,0.9216393930630944,0.8674528228878424,2,Typical lower-premium counties
32029,Storey County,NV,Nevada,Metro,"Reno, NV",Very Low,0,Fast-rising lower-premium counties,0.9621472863962054,0.9242945728148515,3,High-premium slower-growth counties
32031,Washoe County,NV,Nevada,Metro,"Reno, NV",High,2,Typical lower-premium counties,0.9668481326819799,0.9377999036576903,3,High-premium slower-growth counties
32033,White Pine County,NV,Nevada,,,Very Low,3,High-premium slower-growth counties,0.9999918594336157,0.9999838461167547,4,High-premium high-nonrenewal counties
32510,Carson City,NV,Nevada,Metro,"Carson City, NV",Low,3,High-premium slower-growth counties,0.9999861306893585,0.9999722741931787,0,Fast-rising lower-premium counties
33001,Belknap County,NH,New Hampshire,Micro,"Laconia, NH",Low,2,Typical lower-premium counties,0.998437996691831,0.9973075041875786,3,High-premium slower-growth counties
33003,Carroll County,NH,New Hampshire,,,Low,3,High-premium slower-growth counties,0.9903776615388794,0.9809447093854213,2,Typical lower-premium counties
33005,Cheshire County,NH,New Hampshire,Micro,"Keene, NH",Low,3,High-premium slower-growth counties,0.9988043594666215,0.9976087189803629,2,Typical lower-premium counties
33007,Coos County,NH,New Hampshire,Micro,"Berlin, NH-VT",Low,0,Fast-rising lower-premium counties,0.9573830608914499,0.915245531426346,3,High-premium slower-growth counties
33009,Grafton County,NH,New Hampshire,Micro,"Claremont-Lebanon, NH-VT",Moderate,2,Typical lower-premium counties,0.9981450855665995,0.9968817570276802,3,High-premium slower-growth counties
33011,Hillsborough County,NH,New Hampshire,Metro,"Manchester-Nashua, NH",Moderate,2,Typical lower-premium counties,0.9982332224330546,0.9968736592016505,4,High-premium high-nonrenewal counties
33013,Merrimack County,NH,New Hampshire,Micro,"Concord, NH",Low,3,High-premium slower-growth counties,0.9999999970150775,0.9999999940301713,0,Fast-rising lower-premium counties
33015,Rockingham County,NH,New Hampshire,Metro,"Boston-Cambridge-Newton, MA-NH",Moderate,3,High-premium slower-growth counties,0.999917853264164,0.9998357065283295,0,Fast-rising lower-premium counties
33017,Strafford County,NH,New Hampshire,Metro,"Boston-Cambridge-Newton, MA-NH",Low,1,Stable low-volatility insurance counties,0.9997103303629528,0.9994207230059701,3,High-premium slower-growth counties
33019,Sullivan County,NH,New Hampshire,Micro,"Claremont-Lebanon, NH-VT",Very Low,0,Fast-rising lower-premium counties,0.8164912059927963,0.6329825533495195,3,High-premium slower-growth counties
34001,Atlantic County,NJ,New Jersey,Metro,"Atlantic City-Hammonton, NJ",Moderate,1,Stable low-volatility insurance counties,0.9999203999176217,0.9998408003727361,3,High-premium slower-growth counties
34003,Bergen County,NJ,New Jersey,Metro,"New York-Newark-Jersey City, NY-NJ-PA",High,3,High-premium slower-growth counties,0.6485254190345147,0.2989642599448665,2,Typical lower-premium counties
34005,Burlington County,NJ,New Jersey,Metro,"Philadelphia-Camden-Wilmington, PA-NJ-DE-MD",Moderate,2,Typical lower-premium counties,0.9984953158886725,0.9970046920925276,3,High-premium slower-growth counties
34007,Camden County,NJ,New Jersey,Metro,"Philadelphia-Camden-Wilmington, PA-NJ-DE-MD",Moderate,2,Typical lower-premium counties,0.9979512346070476,0.995913273517726,3,High-premium slower-growth counties
34009,Cape May County,NJ,New Jersey,Metro,"Ocean City, NJ",Moderate,2,Typical lower-premium counties,0.7491762217645587,0.4992046092751108,3,High-premium slower-growth counties
34011,Cumberland County,NJ,New Jersey,Metro,"Vineland-Bridgeton, NJ",Moderate,2,Typical lower-premium counties,0.9775573198742173,0.9556139453577673,3,High-premium slower-growth counties
34013,Essex County,NJ,New Jersey,Metro,"New York-Newark-Jersey City, NY-NJ-PA",High,1,Stable low-volatility insurance counties,0.9949220152919189,0.9898441011985516,3,High-premium slower-growth counties
34015,Gloucester County,NJ,New Jersey,Metro,"Philadelphia-Camden-Wilmington, PA-NJ-DE-MD",Moderate,3,High-premium slower-growth counties,0.9789091829703771,0.957818411848474,2,Typical lower-premium counties
34017,Hudson County,NJ,New Jersey,Metro,"New York-Newark-Jersey City, NY-NJ-PA",High,2,Typical lower-premium counties,0.9223558302982031,0.8461839723394085,3,High-premium slower-growth counties
34019,Hunterdon County,NJ,New Jersey,Metro,"New York-Newark-Jersey City, NY-NJ-PA",Low,2,Typical lower-premium counties,0.9773601719391498,0.9552792962796446,3,High-premium slower-growth counties
34021,Mercer County,NJ,New Jersey,Metro,"Trenton, NJ",High,2,Typical lower-premium counties,0.8188605724413611,0.6394483972357449,3,High-premium slower-growth counties
34023,Middlesex County,NJ,New Jersey,Metro,"New York-Newark-Jersey City, NY-NJ-PA",High,2,Typical lower-premium counties,0.9960379307933632,0.992504902016294,3,High-premium slower-growth counties
34025,Monmouth County,NJ,New Jersey,Metro,"New York-Newark-Jersey City, NY-NJ-PA",High,3,High-premium slower-growth counties,0.9999999762260398,0.9999999524520806,0,Fast-rising lower-premium counties
34027,Morris County,NJ,New Jersey,Metro,"New York-Newark-Jersey City, NY-NJ-PA",Moderate,2,Typical lower-premium counties,0.9987108218843426,0.9976631955786591,3,High-premium slower-growth counties
34029,Ocean County,NJ,New Jersey,Metro,"New York-Newark-Jersey City, NY-NJ-PA",High,2,Typical lower-premium counties,0.9965603229140194,0.9933104150275747,3,High-premium slower-growth counties
34031,Passaic County,NJ,New Jersey,Metro,"New York-Newark-Jersey City, NY-NJ-PA",High,2,Typical lower-premium counties,0.9868364768471862,0.9741744309048033,3,High-premium slower-growth counties
34033,Salem County,NJ,New Jersey,Metro,"Philadelphia-Camden-Wilmington, PA-NJ-DE-MD",Low,1,Stable low-volatility insurance counties,0.9998779325828202,0.9997558662670407,3,High-premium slower-growth counties
34035,Somerset County,NJ,New Jersey,Metro,"New York-Newark-Jersey City, NY-NJ-PA",Moderate,2,Typical lower-premium counties,0.9290307380873755,0.8587825480263448,3,High-premium slower-growth counties
34037,Sussex County,NJ,New Jersey,Metro,"New York-Newark-Jersey City, NY-NJ-PA",Low,2,Typical lower-premium counties,0.9989937310478779,0.9980071273140236,3,High-premium slower-growth counties
34039,Union County,NJ,New Jersey,Metro,"New York-Newark-Jersey City, NY-NJ-PA",High,1,Stable low-volatility insurance counties,0.9996795984176718,0.9993592130677365,3,High-premium slower-growth counties
34041,Warren County,NJ,New Jersey,Metro,"Allentown-Bethlehem-Easton, PA-NJ",Low,2,Typical lower-premium counties,0.9965668062898451,0.9937233547122002,3,High-premium slower-growth counties
35001,Bernalillo County,NM,New Mexico,Metro,"Albuquerque, NM",High,1,Stable low-volatility insurance counties,0.9999009510842435,0.9998020297576746,3,High-premium slower-growth counties
35003,Catron County,NM,New Mexico,,,Very Low,2,Typical lower-premium counties,0.9403706199671011,0.8859868007908586,0,Fast-rising lower-premium counties
35005,Chaves County,NM,New Mexico,Micro,"Roswell, NM",Moderate,1,Stable low-volatility insurance counties,0.9997511125960072,0.999502788474869,3,High-premium slower-growth counties
35006,Cibola County,NM,New Mexico,Micro,"Grants, NM",Low,2,Typical lower-premium counties,0.996067209368414,0.9931499538095196,3,High-premium slower-growth counties
35007,Colfax County,NM,New Mexico,,,Low,4,High-premium high-nonrenewal counties,0.9904480900998064,0.9821889421891922,3,High-premium slower-growth counties
35009,Curry County,NM,New Mexico,Micro,"Clovis, NM",Low,1,Stable low-volatility insurance counties,0.9964858474232696,0.9929734551270625,3,High-premium slower-growth counties
35011,De Baca County,NM,New Mexico,,,Very Low,4,High-premium high-nonrenewal counties,0.9994051231037351,0.9988126476200833,3,High-premium slower-growth counties
35013,Doña Ana County,NM,New Mexico,Metro,"Las Cruces, NM",High,1,Stable low-volatility insurance counties,0.9998688904819772,0.999737890363596,3,High-premium slower-growth counties
35015,Eddy County,NM,New Mexico,Micro,"Carlsbad-Artesia, NM",Moderate,1,Stable low-volatility insurance counties,0.9941620890767088,0.9883265177317333,3,High-premium slower-growth counties
35017,Grant County,NM,New Mexico,Micro,"Silver City, NM",Low,4,High-premium high-nonrenewal counties,0.9829449945856656,0.966212542386567,3,High-premium slower-growth counties
35019,Guadalupe County,NM,New Mexico,,,Very Low,4,High-premium high-nonrenewal counties,0.9993236292146124,0.9988982092104752,3,High-premium slower-growth counties
35021,Harding County,NM,New Mexico,,,Very Low,2,Typical lower-premium counties,0.9967670391649806,0.9939758974446481,0,Fast-rising lower-premium counties
35023,Hidalgo County,NM,New Mexico,,,Very Low,1,Stable low-volatility insurance counties,0.9999733827731507,0.9999469832594031,3,High-premium slower-growth counties
35025,Lea County,NM,New Mexico,Micro,"Hobbs, NM",Moderate,1,Stable low-volatility insurance counties,0.9714136881406796,0.9428303577716257,3,High-premium slower-growth counties
35027,Lincoln County,NM,New Mexico,,,Low,3,High-premium slower-growth counties,0.9999999034436595,0.9999998231599525,0,Fast-rising lower-premium counties
35028,Los Alamos County,NM,New Mexico,Micro,"Los Alamos, NM",Very Low,2,Typical lower-premium counties,0.9979337413880945,0.9968763829615056,3,High-premium slower-growth counties
35029,Luna County,NM,New Mexico,Micro,"Deming, NM",Low,2,Typical lower-premium counties,0.998232545132228,0.9970155759628274,3,High-premium slower-growth counties
35031,McKinley County,NM,New Mexico,Micro,"Gallup, NM",Low,4,High-premium high-nonrenewal counties,0.9968181783836654,0.994317434569475,3,High-premium slower-growth counties
35033,Mora County,NM,New Mexico,,,Very Low,4,High-premium high-nonrenewal counties,0.999463466055324,0.9989303386775971,3,High-premium slower-growth counties
35035,Otero County,NM,New Mexico,Micro,"Alamogordo, NM",Moderate,1,Stable low-volatility insurance counties,0.9999739310865675,0.9999478825988233,3,High-premium slower-growth counties
35037,Quay County,NM,New Mexico,,,Very Low,4,High-premium high-nonrenewal counties,0.9729295713065352,0.9487801879309511,2,Typical lower-premium counties
35039,Rio Arriba County,NM,New Mexico,Micro,"Española, NM",Low,4,High-premium high-nonrenewal counties,0.9903749861243876,0.9831714554825044,2,Typical lower-premium counties
35041,Roosevelt County,NM,New Mexico,Micro,"Portales, NM",Moderate,3,High-premium slower-growth counties,0.9983731907553126,0.9974537063590121,0,Fast-rising lower-premium counties
35043,Sandoval County,NM,New Mexico,Metro,"Albuquerque, NM",Low,1,Stable low-volatility insurance counties,0.99994978823191,0.9998996616865554,3,High-premium slower-growth counties
35045,San Juan County,NM,New Mexico,Metro,"Farmington, NM",Moderate,2,Typical lower-premium counties,0.911136465773641,0.8251383489764383,3,High-premium slower-growth counties
35047,San Miguel County,NM,New Mexico,Micro,"Las Vegas, NM",Low,4,High-premium high-nonrenewal counties,0.9563169158311776,0.9163984823143048,2,Typical lower-premium counties
35049,Santa Fe County,NM,New Mexico,Metro,"Santa Fe, NM",Moderate,1,Stable low-volatility insurance counties,0.9999614998498498,0.999923120967941,3,High-premium slower-growth counties
35051,Sierra County,NM,New Mexico,,,Low,1,Stable low-volatility insurance counties,0.9997534721001223,0.9995069761851441,3,High-premium slower-growth counties
35053,Socorro County,NM,New Mexico,,,Low,1,Stable low-volatility insurance counties,0.999557736390236,0.9991156369707025,3,High-premium slower-growth counties
35055,Taos County,NM,New Mexico,Micro,"Taos, NM",Low,4,High-premium high-nonrenewal counties,0.9693958623909503,0.9427575049147638,2,Typical lower-premium counties
35057,Torrance County,NM,New Mexico,Metro,"Albuquerque, NM",Low,1,Stable low-volatility insurance counties,0.9999696134999269,0.9999393257819251,3,High-premium slower-growth counties
35059,Union County,NM,New Mexico,,,Very Low,3,High-premium slower-growth counties,0.9999997492534577,0.9999994985069153,0,Fast-rising lower-premium counties
35061,Valencia County,NM,New Mexico,Metro,"Albuquerque, NM",Moderate,1,Stable low-volatility insurance counties,0.9997277056658839,0.9994557234350631,3,High-premium slower-growth counties
36001,Albany County,NY,New York,Metro,"Albany-Schenectady-Troy, NY",Moderate,3,High-premium slower-growth counties,0.9999999999998828,0.9999999999997671,2,Typical lower-premium counties
36003,Allegany County,NY,New York,,,Low,3,High-premium slower-growth counties,0.9566451524166785,0.9132903048333633,0,Fast-rising lower-premium counties
36005,Bronx County,NY,New York,Metro,"New York-Newark-Jersey City, NY-NJ-PA",High,3,High-premium slower-growth counties,0.9998934688496887,0.9997869443204298,2,Typical lower-premium counties
36007,Broome County,NY,New York,Metro,"Binghamton, NY",Moderate,3,High-premium slower-growth counties,0.9999999999871463,0.9999999999742941,0,Fast-rising lower-premium counties
36009,Cattaraugus County,NY,New York,Micro,"Olean, NY",Moderate,0,Fast-rising lower-premium counties,0.6480926648529564,0.29618532970591877,3,High-premium slower-growth counties
36011,Cayuga County,NY,New York,Micro,"Auburn, NY",Low,3,High-premium slower-growth counties,0.9999987633392678,0.9999975266785377,0,Fast-rising lower-premium counties
36013,Chautauqua County,NY,New York,Micro,"Jamestown-Dunkirk-Fredonia, NY",Moderate,3,High-premium slower-growth counties,0.9999999999901164,0.9999999999802325,0,Fast-rising lower-premium counties
36015,Chemung County,NY,New York,Metro,"Elmira, NY",Low,3,High-premium slower-growth counties,1.0,1.0,0,Fast-rising lower-premium counties
36017,Chenango County,NY,New York,,,Low,3,High-premium slower-growth counties,0.999990950908737,0.9999819189608955,0,Fast-rising lower-premium counties
36019,Clinton County,NY,New York,Micro,"Plattsburgh, NY",Low,3,High-premium slower-growth counties,0.9999999917155904,0.9999999834314699,0,Fast-rising lower-premium counties
36021,Columbia County,NY,New York,Micro,"Hudson, NY",Low,3,High-premium slower-growth counties,0.7889726767773159,0.5779453535546302,0,Fast-rising lower-premium counties
36023,Cortland County,NY,New York,Micro,"Cortland, NY",Low,3,High-premium slower-growth counties,0.9999999959317485,0.9999999921006402,2,Typical lower-premium counties
36025,Delaware County,NY,New York,,,Moderate,0,Fast-rising lower-premium counties,0.7847481906148315,0.5694963812296638,3,High-premium slower-growth counties
36027,Dutchess County,NY,New York,Metro,"New York-Newark-Jersey City, NY-NJ-PA",Moderate,3,High-premium slower-growth counties,1.0,0.9999999999999987,0,Fast-rising lower-premium counties
36029,Erie County,NY,New York,Metro,"Buffalo-Cheektowaga-Niagara Falls, NY",High,3,High-premium slower-growth counties,0.9999985243177053,0.9999970486354718,0,Fast-rising lower-premium counties
36031,Essex County,NY,New York,,,Low,3,High-premium slower-growth counties,0.9999999999742677,0.9999999999485363,0,Fast-rising lower-premium counties
36033,Franklin County,NY,New York,Micro,"Malone, NY",Low,3,High-premium slower-growth counties,0.984641097784625,0.9692821955692595,0,Fast-rising lower-premium counties
36035,Fulton County,NY,New York,Micro,"Gloversville, NY",Low,3,High-premium slower-growth counties,0.9999798321736169,0.9999596675082356,0,Fast-rising lower-premium counties
36037,Genesee County,NY,New York,Micro,"Batavia, NY",Low,0,Fast-rising lower-premium counties,0.6019538723933447,0.2039077447866896,3,High-premium slower-growth counties
36039,Greene County,NY,New York,,,Low,3,High-premium slower-growth counties,0.9999967039008446,0.9999934078016891,0,Fast-rising lower-premium counties
36041,Hamilton County,NY,New York,,,Very Low,0,Fast-rising lower-premium counties,0.848550486824756,0.6971009736495118,3,High-premium slower-growth counties
36043,Herkimer County,NY,New York,Metro,"Utica-Rome, NY",Low,3,High-premium slower-growth counties,0.9999908178098772,0.9999816560634479,0,Fast-rising lower-premium counties
36045,Jefferson County,NY,New York,Metro,"Watertown-Fort Drum, NY",Low,3,High-premium slower-growth counties,0.9999755978514514,0.9999511957029125,0,Fast-rising lower-premium counties
36047,Kings County,NY,New York,Metro,"New York-Newark-Jersey City, NY-NJ-PA",High,3,High-premium slower-growth counties,0.9973255324995006,0.9946511484292373,2,Typical lower-premium counties
36049,Lewis County,NY,New York,,,Very Low,3,High-premium slower-growth counties,0.9999999965691941,0.9999999931384741,0,Fast-rising lower-premium counties
36051,Livingston County,NY,New York,Metro,"Rochester, NY",Low,3,High-premium slower-growth counties,0.9999999999115943,0.9999999998231897,0,Fast-rising lower-premium counties
36053,Madison County,NY,New York,Metro,"Syracuse, NY",Low,3,High-premium slower-growth counties,0.9999999136725146,0.9999998273453684,0,Fast-rising lower-premium counties
36055,Monroe County,NY,New York,Metro,"Rochester, NY",Moderate,3,High-premium slower-growth counties,0.9999966297758702,0.9999932595517477,0,Fast-rising lower-premium counties
36057,Montgomery County,NY,New York,Micro,"Amsterdam, NY",Low,3,High-premium slower-growth counties,0.9999987188424768,0.9999974376855392,0,Fast-rising lower-premium counties
36059,Nassau County,NY,New York,Metro,"New York-Newark-Jersey City, NY-NJ-PA",High,3,High-premium slower-growth counties,0.9999999999999858,0.9999999999999699,0,Fast-rising lower-premium counties
36061,New York County,NY,New York,Metro,"New York-Newark-Jersey City, NY-NJ-PA",High,3,High-premium slower-growth counties,0.9999999999433058,0.999999999886611,4,High-premium high-nonrenewal counties
36063,Niagara County,NY,New York,Metro,"Buffalo-Cheektowaga-Niagara Falls, NY",Moderate,3,High-premium slower-growth counties,0.9999995669385037,0.9999991338773158,0,Fast-rising lower-premium counties
36065,Oneida County,NY,New York,Metro,"Utica-Rome, NY",Moderate,3,High-premium slower-growth counties,0.9999941859769853,0.9999883719539896,0,Fast-rising lower-premium counties
36067,Onondaga County,NY,New York,Metro,"Syracuse, NY",Moderate,3,High-premium slower-growth counties,0.9999997128133117,0.9999994256294615,0,Fast-rising lower-premium counties
36069,Ontario County,NY,New York,Metro,"Rochester, NY",Low,3,High-premium slower-growth counties,0.9999866559737334,0.9999733119479811,0,Fast-rising lower-premium counties
36071,Orange County,NY,New York,Metro,"New York-Newark-Jersey City, NY-NJ-PA",Moderate,3,High-premium slower-growth counties,0.9999947192203632,0.999989438440794,0,Fast-rising lower-premium counties
36073,Orleans County,NY,New York,Metro,"Rochester, NY",Very Low,3,High-premium slower-growth counties,0.9999985776588883,0.9999971553187864,0,Fast-rising lower-premium counties
36075,Oswego County,NY,New York,Metro,"Syracuse, NY",Low,3,High-premium slower-growth counties,0.9999999998689582,0.999999999737919,0,Fast-rising lower-premium counties
36077,Otsego County,NY,New York,Micro,"Oneonta, NY",Low,3,High-premium slower-growth counties,0.9999998373103577,0.9999996746207293,0,Fast-rising lower-premium counties
36079,Putnam County,NY,New York,Metro,"New York-Newark-Jersey City, NY-NJ-PA",Very Low,3,High-premium slower-growth counties,0.9999999351499355,0.9999998702998779,0,Fast-rising lower-premium counties
36081,Queens County,NY,New York,Metro,"New York-Newark-Jersey City, NY-NJ-PA",High,3,High-premium slower-growth counties,0.9795706823125704,0.9591413646251419,0,Fast-rising lower-premium counties
36083,Rensselaer County,NY,New York,Metro,"Albany-Schenectady-Troy, NY",Moderate,3,High-premium slower-growth counties,0.9999999999842508,0.9999999999742056,0,Fast-rising lower-premium counties
36085,Richmond County,NY,New York,Metro,"New York-Newark-Jersey City, NY-NJ-PA",Moderate,3,High-premium slower-growth counties,0.9999999941903788,0.9999999883808395,0,Fast-rising lower-premium counties
36087,Rockland County,NY,New York,Metro,"New York-Newark-Jersey City, NY-NJ-PA",Moderate,3,High-premium slower-growth counties,0.9999999999999751,0.9999999999999512,0,Fast-rising lower-premium counties
36089,St. Lawrence County,NY,New York,Micro,"Ogdensburg-Massena, NY",Low,3,High-premium slower-growth counties,0.9950950862051257,0.990190172410252,0,Fast-rising lower-premium counties
36091,Saratoga County,NY,New York,Metro,"Albany-Schenectady-Troy, NY",Low,3,High-premium slower-growth counties,0.9999999065689601,0.9999998131381028,0,Fast-rising lower-premium counties
36093,Schenectady County,NY,New York,Metro,"Albany-Schenectady-Troy, NY",Low,3,High-premium slower-growth counties,0.9999999999999787,0.9999999999999638,0,Fast-rising lower-premium counties
36095,Schoharie County,NY,New York,Metro,"Albany-Schenectady-Troy, NY",Very Low,3,High-premium slower-growth counties,0.9999999999963158,0.9999999999926305,0,Fast-rising lower-premium counties
36097,Schuyler County,NY,New York,,,Very Low,3,High-premium slower-growth counties,0.999998648124305,0.9999972962486748,0,Fast-rising lower-premium counties
36099,Seneca County,NY,New York,Micro,"Seneca Falls, NY",Very Low,3,High-premium slower-growth counties,0.9999999999957936,0.9999999999915855,0,Fast-rising lower-premium counties
36101,Steuben County,NY,New York,Micro,"Corning, NY",Low,3,High-premium slower-growth counties,0.9999999999827693,0.9999999999655536,0,Fast-rising lower-premium counties
36103,Suffolk County,NY,New York,Metro,"New York-Newark-Jersey City, NY-NJ-PA",High,3,High-premium slower-growth counties,0.9174302151608561,0.8348986522663393,2,Typical lower-premium counties
36105,Sullivan County,NY,New York,,,Low,0,Fast-rising lower-premium counties,0.8243068379027003,0.6486136758054001,3,High-premium slower-growth counties
36107,Tioga County,NY,New York,Metro,"Binghamton, NY",Low,3,High-premium slower-growth counties,0.9999999451040986,0.9999998902086342,0,Fast-rising lower-premium counties
36109,Tompkins County,NY,New York,Metro,"Ithaca, NY",Low,3,High-premium slower-growth counties,0.9999999981334184,0.9999999962668382,0,Fast-rising lower-premium counties
36111,Ulster County,NY,New York,Metro,"Kingston, NY",Moderate,3,High-premium slower-growth counties,0.9999999990059756,0.9999999980119516,0,Fast-rising lower-premium counties
36113,Warren County,NY,New York,Metro,"Glens Falls, NY",Low,3,High-premium slower-growth counties,0.9999999999999147,0.9999999999998508,2,Typical lower-premium counties
36115,Washington County,NY,New York,Metro,"Glens Falls, NY",Low,3,High-premium slower-growth counties,0.5579622267676642,0.115924453535447,0,Fast-rising lower-premium counties
36117,Wayne County,NY,New York,Metro,"Rochester, NY",Low,3,High-premium slower-growth counties,1.0,0.9999999999999999,0,Fast-rising lower-premium counties
36119,Westchester County,NY,New York,Metro,"New York-Newark-Jersey City, NY-NJ-PA",High,3,High-premium slower-growth counties,1.0,1.0,0,Fast-rising lower-premium counties
36121,Wyoming County,NY,New York,,,Very Low,3,High-premium slower-growth counties,0.9999999814153819,0.9999999630612043,0,Fast-rising lower-premium counties
36123,Yates County,NY,New York,Metro,"Rochester, NY",Low,3,High-premium slower-growth counties,0.9999999994998312,0.9999999989996617,0,Fast-rising lower-premium counties
37001,Alamance County,NC,North Carolina,Metro,"Burlington, NC",Low,2,Typical lower-premium counties,0.9985445574604822,0.997374401968432,3,High-premium slower-growth counties
37003,Alexander County,NC,North Carolina,Metro,"Hickory-Lenoir-Morganton, NC",Low,0,Fast-rising lower-premium counties,0.6535308134862282,0.3075681822333675,3,High-premium slower-growth counties
37005,Alleghany County,NC,North Carolina,,,Very Low,0,Fast-rising lower-premium counties,0.920358155635987,0.8407375664931247,3,High-premium slower-growth counties
37007,Anson County,NC,North Carolina,,,Low,4,High-premium high-nonrenewal counties,0.904030135894338,0.8160228997154498,3,High-premium slower-growth counties
37009,Ashe County,NC,North Carolina,,,Low,2,Typical lower-premium counties,0.9994362990964916,0.99898354655859,3,High-premium slower-growth counties
37011,Avery County,NC,North Carolina,,,Low,1,Stable low-volatility insurance counties,0.9999084067329965,0.9998168304275324,3,High-premium slower-growth counties
37013,Beaufort County,NC,North Carolina,Micro,"Washington, NC",Moderate,4,High-premium high-nonrenewal counties,0.9605840012308116,0.9224534201274746,3,High-premium slower-growth counties
37015,Bertie County,NC,North Carolina,,,Low,0,Fast-rising lower-premium counties,0.9214667734370864,0.8429335468742317,3,High-premium slower-growth counties
37017,Bladen County,NC,North Carolina,,,Moderate,3,High-premium slower-growth counties,0.9800239855456735,0.9600706086521537,4,High-premium high-nonrenewal counties
37019,Brunswick County,NC,North Carolina,Metro,"Myrtle Beach-Conway-North Myrtle Beach, SC-NC",High,4,High-premium high-nonrenewal counties,0.6448770003496785,0.35869710517216824,3,High-premium slower-growth counties
37021,Buncombe County,NC,North Carolina,Metro,"Asheville, NC",Moderate,0,Fast-rising lower-premium counties,0.9232101416384426,0.8464208960987539,3,High-premium slower-growth counties
37023,Burke County,NC,North Carolina,Metro,"Hickory-Lenoir-Morganton, NC",Low,1,Stable low-volatility insurance counties,0.9995231647244078,0.9990463736537903,3,High-premium slower-growth counties
37025,Cabarrus County,NC,North Carolina,Metro,"Charlotte-Concord-Gastonia, NC-SC",Moderate,0,Fast-rising lower-premium counties,0.5132322121188283,0.02646485835448331,3,High-premium slower-growth counties
37027,Caldwell County,NC,North Carolina,Metro,"Hickory-Lenoir-Morganton, NC",Low,2,Typical lower-premium counties,0.9968282729410809,0.9938407492986112,3,High-premium slower-growth counties
37029,Camden County,NC,North Carolina,Micro,"Elizabeth City, NC",Very Low,3,High-premium slower-growth counties,0.9999958018374799,0.9999918145313416,4,High-premium high-nonrenewal counties
37031,Carteret County,NC,North Carolina,Micro,"Morehead City, NC",Moderate,3,High-premium slower-growth counties,0.9999958734699793,0.9999918533714494,2,Typical lower-premium counties
37033,Caswell County,NC,North Carolina,,,Very Low,2,Typical lower-premium counties,0.9667202340517228,0.9336315491215492,3,High-premium slower-growth counties
37035,Catawba County,NC,North Carolina,Metro,"Hickory-Lenoir-Morganton, NC",Low,3,High-premium slower-growth counties,0.5440018514753915,0.08835828440453869,0,Fast-rising lower-premium counties
37037,Chatham County,NC,North Carolina,Metro,"Durham-Chapel Hill, NC",Low,0,Fast-rising lower-premium counties,0.9886991598952911,0.9773984428464353,3,High-premium slower-growth counties
37039,Cherokee County,NC,North Carolina,,,Low,1,Stable low-volatility insurance counties,0.9994204547647106,0.9988409424158922,3,High-premium slower-growth counties
37041,Chowan County,NC,North Carolina,,,Very Low,3,High-premium slower-growth counties,0.9999671611694725,0.9999346083710677,4,High-premium high-nonrenewal counties
37043,Clay County,NC,North Carolina,,,Very Low,1,Stable low-volatility insurance counties,0.9999603044344801,0.9999206241028178,3,High-premium slower-growth counties
37045,Cleveland County,NC,North Carolina,Micro,"Shelby, NC",Low,0,Fast-rising lower-premium counties,0.7940773836294466,0.5881924180378493,3,High-premium slower-growth counties
37047,Columbus County,NC,North Carolina,,,Moderate,2,Typical lower-premium counties,0.9090957977375346,0.8182353762868929,3,High-premium slower-growth counties
37049,Craven County,NC,North Carolina,Metro,"New Bern, NC",Moderate,4,High-premium high-nonrenewal counties,0.9987055037618195,0.9974161420880984,3,High-premium slower-growth counties
37051,Cumberland County,NC,North Carolina,Metro,"Fayetteville, NC",Moderate,2,Typical lower-premium counties,0.9977093094861351,0.9954994378695433,3,High-premium slower-growth counties
37053,Currituck County,NC,North Carolina,Metro,"Virginia Beach-Norfolk-Newport News, VA-NC",Very Low,3,High-premium slower-growth counties,0.9999998332567334,0.999999667057118,4,High-premium high-nonrenewal counties
37055,Dare County,NC,North Carolina,Micro,"Kill Devil Hills, NC",Moderate,3,High-premium slower-growth counties,1.0,1.0,0,Fast-rising lower-premium counties
37057,Davidson County,NC,North Carolina,Metro,"Winston-Salem, NC",Moderate,2,Typical lower-premium counties,0.9897388762969136,0.9797457108651552,3,High-premium slower-growth counties
37059,Davie County,NC,North Carolina,Metro,"Winston-Salem, NC",Very Low,0,Fast-rising lower-premium counties,0.8651612483715845,0.7303426458646155,3,High-premium slower-growth counties
37061,Duplin County,NC,North Carolina,,,Moderate,2,Typical lower-premium counties,0.7676542170108817,0.5648469507406788,4,High-premium high-nonrenewal counties
37063,Durham County,NC,North Carolina,Metro,"Durham-Chapel Hill, NC",Moderate,0,Fast-rising lower-premium counties,0.9421327890898872,0.8842827433295424,3,High-premium slower-growth counties
37065,Edgecombe County,NC,North Carolina,Metro,"Rocky Mount, NC",Low,0,Fast-rising lower-premium counties,0.7928706974589963,0.585741404671937,3,High-premium slower-growth counties
37067,Forsyth County,NC,North Carolina,Metro,"Winston-Salem, NC",Moderate,0,Fast-rising lower-premium counties,0.7332292871187794,0.46657037226840065,3,High-premium slower-growth counties
37069,Franklin County,NC,North Carolina,Metro,"Raleigh, NC",Low,0,Fast-rising lower-premium counties,0.9692911858343972,0.9385922028668544,3,High-premium slower-growth counties
37071,Gaston County,NC,North Carolina,Metro,"Charlotte-Concord-Gastonia, NC-SC",Moderate,0,Fast-rising lower-premium counties,0.8066900253784882,0.6134315960045373,3,High-premium slower-growth counties
37073,Gates County,NC,North Carolina,Metro,"Virginia Beach-Norfolk-Newport News, VA-NC",Very Low,0,Fast-rising lower-premium counties,0.5287363612530611,0.05747272250761215,3,High-premium slower-growth counties
37075,Graham County,NC,North Carolina,,,Very Low,2,Typical lower-premium counties,0.9890990222236511,0.9841330367126677,3,High-premium slower-growth counties
37077,Granville County,NC,North Carolina,Micro,"Oxford, NC",Low,0,Fast-rising lower-premium counties,0.9734496849259999,0.9468993698570296,3,High-premium slower-growth counties
37079,Greene County,NC,North Carolina,,,Low,3,High-premium slower-growth counties,1.0,1.0,0,Fast-rising lower-premium counties
37081,Guilford County,NC,North Carolina,Metro,"Greensboro-High Point, NC",Moderate,0,Fast-rising lower-premium counties,0.9414041260585078,0.8845871178660281,3,High-premium slower-growth counties
37083,Halifax County,NC,North Carolina,Micro,"Roanoke Rapids, NC",Low,2,Typical lower-premium counties,0.9951377293116905,0.9903037132901884,3,High-premium slower-growth counties
37085,Harnett County,NC,North Carolina,Micro,"Dunn, NC",Low,0,Fast-rising lower-premium counties,0.9237430281996737,0.8475159140715658,3,High-premium slower-growth counties
37087,Haywood County,NC,North Carolina,Metro,"Asheville, NC",Low,1,Stable low-volatility insurance counties,0.9999428906256151,0.9998858016705241,3,High-premium slower-growth counties
37089,Henderson County,NC,North Carolina,Metro,"Asheville, NC",Moderate,0,Fast-rising lower-premium counties,0.9655460673121389,0.9310991699937328,3,High-premium slower-growth counties
37091,Hertford County,NC,North Carolina,,,Low,3,High-premium slower-growth counties,0.989458696559135,0.9789176300362615,0,Fast-rising lower-premium counties
37093,Hoke County,NC,North Carolina,Metro,"Fayetteville, NC",Low,0,Fast-rising lower-premium counties,0.6657319735216496,0.33146398581073316,3,High-premium slower-growth counties
37095,Hyde County,NC,North Carolina,,,Low,3,High-premium slower-growth counties,0.9999982608838481,0.9999971528969943,4,High-premium high-nonrenewal counties
37097,Iredell County,NC,North Carolina,Metro,"Charlotte-Concord-Gastonia, NC-SC",Low,3,High-premium slower-growth counties,0.9999990800115701,0.9999981600336468,0,Fast-rising lower-premium counties
37099,Jackson County,NC,North Carolina,Micro,"Cullowhee, NC",Low,1,Stable low-volatility insurance counties,0.9998083315767464,0.999616695361697,3,High-premium slower-growth counties
37101,Johnston County,NC,North Carolina,Metro,"Raleigh, NC",Moderate,0,Fast-rising lower-premium counties,0.8756610303589084,0.7514327000436093,3,High-premium slower-growth counties
37103,Jones County,NC,North Carolina,Metro,"New Bern, NC",Low,3,High-premium slower-growth counties,0.6878539698421821,0.37571380848600183,4,High-premium high-nonrenewal counties
37105,Lee County,NC,North Carolina,Micro,"Sanford, NC",Low,3,High-premium slower-growth counties,0.5581490362505708,0.11656440299227855,0,Fast-rising lower-premium counties
37107,Lenoir County,NC,North Carolina,Micro,"Kinston, NC",Moderate,4,High-premium high-nonrenewal counties,0.9979518532995241,0.9959771511105203,3,High-premium slower-growth counties
37109,Lincoln County,NC,North Carolina,Metro,"Charlotte-Concord-Gastonia, NC-SC",Low,0,Fast-rising lower-premium counties,0.8481943253145731,0.6963990232150558,3,High-premium slower-growth counties
37111,McDowell County,NC,North Carolina,Micro,"Marion, NC",Low,0,Fast-rising lower-premium counties,0.8860385036159878,0.7722519537276656,3,High-premium slower-growth counties
37113,Macon County,NC,North Carolina,,,Low,1,Stable low-volatility insurance counties,0.9995265063640291,0.9990530566371172,3,High-premium slower-growth counties
37115,Madison County,NC,North Carolina,Metro,"Asheville, NC",Very Low,0,Fast-rising lower-premium counties,0.9716681048016305,0.9433362221127491,3,High-premium slower-growth counties
37117,Martin County,NC,North Carolina,,,Low,2,Typical lower-premium counties,0.902687161494584,0.8394029144231178,4,High-premium high-nonrenewal counties
37119,Mecklenburg County,NC,North Carolina,Metro,"Charlotte-Concord-Gastonia, NC-SC",High,0,Fast-rising lower-premium counties,0.9199275836938784,0.8398623775690005,3,High-premium slower-growth counties
37121,Mitchell County,NC,North Carolina,,,Very Low,1,Stable low-volatility insurance counties,0.9992603304249851,0.9985206905758687,3,High-premium slower-growth counties
37123,Montgomery County,NC,North Carolina,,,Low,0,Fast-rising lower-premium counties,0.9813326053773087,0.9626657993245181,3,High-premium slower-growth counties
37125,Moore County,NC,North Carolina,Micro,"Pinehurst-Southern Pines, NC",Low,0,Fast-rising lower-premium counties,0.9538228377977638,0.9076467541759327,3,High-premium slower-growth counties
37127,Nash County,NC,North Carolina,Metro,"Rocky Mount, NC",Low,2,Typical lower-premium counties,0.9979555199064858,0.9967872462069685,3,High-premium slower-growth counties
37129,New Hanover County,NC,North Carolina,Metro,"Wilmington, NC",High,3,High-premium slower-growth counties,0.6554820829163615,0.4284378968511323,4,High-premium high-nonrenewal counties
37131,Northampton County,NC,North Carolina,Micro,"Roanoke Rapids, NC",Low,2,Typical lower-premium counties,0.995494684671993,0.9911212246510818,3,High-premium slower-growth counties
37133,Onslow County,NC,North Carolina,Metro,"Jacksonville, NC",High,4,High-premium high-nonrenewal counties,0.6011118450930696,0.22534550941593295,2,Typical lower-premium counties
37135,Orange County,NC,North Carolina,Metro,"Durham-Chapel Hill, NC",Low,0,Fast-rising lower-premium counties,0.9900971259410849,0.9801943525307134,3,High-premium slower-growth counties
37137,Pamlico County,NC,North Carolina,Metro,"New Bern, NC",Low,2,Typical lower-premium counties,0.9210300748338239,0.8621559579194077,3,High-premium slower-growth counties
37139,Pasquotank County,NC,North Carolina,Micro,"Elizabeth City, NC",Low,4,High-premium high-nonrenewal counties,0.9953860398840878,0.9907744890919656,3,High-premium slower-growth counties
37141,Pender County,NC,North Carolina,Metro,"Wilmington, NC",Moderate,2,Typical lower-premium counties,0.6147624665380025,0.31668280745967575,3,High-premium slower-growth counties
37143,Perquimans County,NC,North Carolina,Micro,"Elizabeth City, NC",Very Low,3,High-premium slower-growth counties,0.9999999999476152,0.9999999998952297,4,High-premium high-nonrenewal counties
37145,Person County,NC,North Carolina,Metro,"Durham-Chapel Hill, NC",Very Low,0,Fast-rising lower-premium counties,0.5943180503195387,0.18863763171479986,3,High-premium slower-growth counties
37147,Pitt County,NC,North Carolina,Metro,"Greenville, NC",Moderate,4,High-premium high-nonrenewal counties,0.9059646948476677,0.8177516489855033,2,Typical lower-premium counties
37149,Polk County,NC,North Carolina,,,Very Low,0,Fast-rising lower-premium counties,0.9655795361718048,0.9311634270201897,3,High-premium slower-growth counties
37151,Randolph County,NC,North Carolina,Metro,"Greensboro-High Point, NC",Low,0,Fast-rising lower-premium counties,0.5324445355622572,0.06617697696891622,3,High-premium slower-growth counties
37153,Richmond County,NC,North Carolina,Micro,"Rockingham, NC",Low,0,Fast-rising lower-premium counties,0.9836001792452014,0.9672003584904012,3,High-premium slower-growth counties
37155,Robeson County,NC,North Carolina,Micro,"Lumberton, NC",Moderate,4,High-premium high-nonrenewal counties,0.6358677620882734,0.4187205410654864,2,Typical lower-premium counties
37157,Rockingham County,NC,North Carolina,Metro,"Greensboro-High Point, NC",Low,3,High-premium slower-growth counties,0.9999788966086163,0.9999577932172321,0,Fast-rising lower-premium counties
37159,Rowan County,NC,North Carolina,Metro,"Charlotte-Concord-Gastonia, NC-SC",Moderate,0,Fast-rising lower-premium counties,0.5431988459987298,0.08685401000133552,3,High-premium slower-growth counties
37161,Rutherford County,NC,North Carolina,Micro,"Forest City, NC",Low,2,Typical lower-premium counties,0.9970467338837282,0.9941262899358958,3,High-premium slower-growth counties
37163,Sampson County,NC,North Carolina,,,Moderate,4,High-premium high-nonrenewal counties,0.8090186380971324,0.6254936258734862,2,Typical lower-premium counties
37165,Scotland County,NC,North Carolina,Micro,"Laurinburg, NC",Low,2,Typical lower-premium counties,0.9932901522133306,0.9866857235733894,3,High-premium slower-growth counties
37167,Stanly County,NC,North Carolina,Micro,"Albemarle, NC",Low,0,Fast-rising lower-premium counties,0.9370530790488933,0.8741061581445174,3,High-premium slower-growth counties
37169,Stokes County,NC,North Carolina,Metro,"Winston-Salem, NC",Very Low,3,High-premium slower-growth counties,0.6490612225523603,0.29816237259248984,0,Fast-rising lower-premium counties
37171,Surry County,NC,North Carolina,Micro,"Mount Airy, NC",Low,2,Typical lower-premium counties,0.9989839743126934,0.9981718728344595,3,High-premium slower-growth counties
37173,Swain County,NC,North Carolina,,,Low,4,High-premium high-nonrenewal counties,0.985228013681811,0.9729201420557774,2,Typical lower-premium counties
37175,Transylvania County,NC,North Carolina,Micro,"Brevard, NC",Low,0,Fast-rising lower-premium counties,0.9272328680277441,0.8545030173865553,3,High-premium slower-growth counties
37177,Tyrrell County,NC,North Carolina,Micro,"Kill Devil Hills, NC",Low,3,High-premium slower-growth counties,0.9999969647914196,0.9999950362144958,4,High-premium high-nonrenewal counties
37179,Union County,NC,North Carolina,Metro,"Charlotte-Concord-Gastonia, NC-SC",Moderate,2,Typical lower-premium counties,0.9983107184089539,0.9966987626413136,3,High-premium slower-growth counties
37181,Vance County,NC,North Carolina,Micro,"Henderson, NC",Low,2,Typical lower-premium counties,0.930683485233649,0.8615293933131523,3,High-premium slower-growth counties
37183,Wake County,NC,North Carolina,Metro,"Raleigh, NC",High,0,Fast-rising lower-premium counties,0.9175594373724251,0.835126899773377,3,High-premium slower-growth counties
37185,Warren County,NC,North Carolina,,,Low,0,Fast-rising lower-premium counties,0.8848030193483251,0.7696060386966543,3,High-premium slower-growth counties
37187,Washington County,NC,North Carolina,,,Low,3,High-premium slower-growth counties,0.9999987727856093,0.999997552385781,4,High-premium high-nonrenewal counties
37189,Watauga County,NC,North Carolina,Micro,"Boone, NC",Low,0,Fast-rising lower-premium counties,0.9167034317492706,0.8334106130636212,3,High-premium slower-growth counties
37191,Wayne County,NC,North Carolina,Metro,"Goldsboro, NC",Moderate,4,High-premium high-nonrenewal counties,0.9951332616796635,0.9902713203325842,3,High-premium slower-growth counties
37193,Wilkes County,NC,North Carolina,Micro,"North Wilkesboro, NC",Moderate,0,Fast-rising lower-premium counties,0.8628524971396804,0.7257666754859151,3,High-premium slower-growth counties
37195,Wilson County,NC,North Carolina,Micro,"Wilson, NC",Low,2,Typical lower-premium counties,0.9989670966822201,0.9981661393765742,3,High-premium slower-growth counties
37197,Yadkin County,NC,North Carolina,Metro,"Winston-Salem, NC",Very Low,2,Typical lower-premium counties,0.9988584458187548,0.9981439456377739,3,High-premium slower-growth counties
37199,Yancey County,NC,North Carolina,,,Very Low,2,Typical lower-premium counties,0.999252292481908,0.9985535702207684,3,High-premium slower-growth counties
38001,Adams County,ND,North Dakota,,,Very Low,3,High-premium slower-growth counties,1.0,1.0,0,Fast-rising lower-premium counties
38003,Barnes County,ND,North Dakota,,,Low,1,Stable low-volatility insurance counties,0.9999826890627567,0.9999653907158693,3,High-premium slower-growth counties
38005,Benson County,ND,North Dakota,,,Very Low,4,High-premium high-nonrenewal counties,0.9968840709357552,0.993771262148188,3,High-premium slower-growth counties
38007,Billings County,ND,North Dakota,,,Very Low,2,Typical lower-premium counties,0.9993657109123567,0.9989806158443577,0,Fast-rising lower-premium counties
38009,Bottineau County,ND,North Dakota,,,Very Low,2,Typical lower-premium counties,0.9996810828656548,0.999453396531455,3,High-premium slower-growth counties
38011,Bowman County,ND,North Dakota,,,Very Low,4,High-premium high-nonrenewal counties,0.9986446672795852,0.9973079233768601,3,High-premium slower-growth counties
38013,Burke County,ND,North Dakota,,,Very Low,4,High-premium high-nonrenewal counties,0.9990745661591888,0.998153512623601,3,High-premium slower-growth counties
38015,Burleigh County,ND,North Dakota,Metro,"Bismarck, ND",Moderate,1,Stable low-volatility insurance counties,0.9998609206809899,0.9997220543545592,3,High-premium slower-growth counties
38017,Cass County,ND,North Dakota,Metro,"Fargo, ND-MN",Moderate,2,Typical lower-premium counties,0.9995492394667999,0.9992637770850404,3,High-premium slower-growth counties
38019,Cavalier County,ND,North Dakota,,,Very Low,3,High-premium slower-growth counties,0.9996447293852115,0.9992896896402477,0,Fast-rising lower-premium counties
38021,Dickey County,ND,North Dakota,,,Very Low,2,Typical lower-premium counties,0.9880031353574114,0.9778301520539848,0,Fast-rising lower-premium counties
38023,Divide County,ND,North Dakota,,,Very Low,2,Typical lower-premium counties,0.9993396396384399,0.9989114649653322,0,Fast-rising lower-premium counties
38025,Dunn County,ND,North Dakota,,,Very Low,2,Typical lower-premium counties,0.9787034194953874,0.9619973601951304,3,High-premium slower-growth counties
38027,Eddy County,ND,North Dakota,,,Very Low,4,High-premium high-nonrenewal counties,0.9930341580127648,0.986187531960038,3,High-premium slower-growth counties
38029,Emmons County,ND,North Dakota,,,Low,0,Fast-rising lower-premium counties,0.9957305452663933,0.9914610905346796,3,High-premium slower-growth counties
38031,Foster County,ND,North Dakota,,,Very Low,3,High-premium slower-growth counties,0.9999999769779253,0.9999999539558517,0,Fast-rising lower-premium counties
38033,Golden Valley County,ND,North Dakota,,,Very Low,2,Typical lower-premium counties,0.9946574672997589,0.9909298684317779,0,Fast-rising lower-premium counties
38035,Grand Forks County,ND,North Dakota,Metro,"Grand Forks, ND-MN",Low,2,Typical lower-premium counties,0.9859169966727008,0.9718948728054307,3,High-premium slower-growth counties
38037,Grant County,ND,North Dakota,,,Very Low,3,High-premium slower-growth counties,0.9996828134411236,0.9993656301788574,0,Fast-rising lower-premium counties
38039,Griggs County,ND,North Dakota,,,Very Low,4,High-premium high-nonrenewal counties,0.9984842809838255,0.9977342573425005,3,High-premium slower-growth counties
38041,Hettinger County,ND,North Dakota,,,Very Low,0,Fast-rising lower-premium counties,0.9979937856466655,0.9959875712933319,3,High-premium slower-growth counties
38043,Kidder County,ND,North Dakota,,,Very Low,3,High-premium slower-growth counties,0.9998856890609695,0.9997718441416722,0,Fast-rising lower-premium counties
38045,LaMoure County,ND,North Dakota,,,Very Low,0,Fast-rising lower-premium counties,0.9974480060848732,0.9948960121697458,3,High-premium slower-growth counties
38047,Logan County,ND,North Dakota,,,Very Low,0,Fast-rising lower-premium counties,0.9681296529240017,0.9362593058480034,3,High-premium slower-growth counties
38049,McHenry County,ND,North Dakota,Micro,"Minot, ND",Very Low,2,Typical lower-premium counties,0.9990729280560363,0.998531644163195,0,Fast-rising lower-premium counties
38051,McIntosh County,ND,North Dakota,,,Very Low,3,High-premium slower-growth counties,0.9999999999932179,0.999999999986436,0,Fast-rising lower-premium counties
38053,McKenzie County,ND,North Dakota,,,Very Low,2,Typical lower-premium counties,0.992838291595995,0.9866546938518275,3,High-premium slower-growth counties
38055,McLean County,ND,North Dakota,,,Low,2,Typical lower-premium counties,0.9960463266234022,0.9935396142604893,0,Fast-rising lower-premium counties
38057,Mercer County,ND,North Dakota,,,Very Low,3,High-premium slower-growth counties,0.9999999999987708,0.9999999999975405,0,Fast-rising lower-premium counties
38059,Morton County,ND,North Dakota,Metro,"Bismarck, ND",Low,1,Stable low-volatility insurance counties,0.9999486819309226,0.9998975282782986,3,High-premium slower-growth counties
38061,Mountrail County,ND,North Dakota,,,Very Low,2,Typical lower-premium counties,0.9965088242530881,0.9936493946684045,3,High-premium slower-growth counties
38063,Nelson County,ND,North Dakota,,,Very Low,4,High-premium high-nonrenewal counties,0.9992059851573305,0.9986998307918212,2,Typical lower-premium counties
38065,Oliver County,ND,North Dakota,Metro,"Bismarck, ND",Very Low,3,High-premium slower-growth counties,0.9999153182787156,0.9998306365576158,0,Fast-rising lower-premium counties
38067,Pembina County,ND,North Dakota,,,Very Low,4,High-premium high-nonrenewal counties,0.9967518015714915,0.9936083422259491,3,High-premium slower-growth counties
38069,Pierce County,ND,North Dakota,,,Very Low,3,High-premium slower-growth counties,0.9999762874866697,0.9999525749768814,0,Fast-rising lower-premium counties
38071,Ramsey County,ND,North Dakota,,,Very Low,2,Typical lower-premium counties,0.999409668663505,0.9988657838918159,3,High-premium slower-growth counties
38073,Ransom County,ND,North Dakota,,,Very Low,3,High-premium slower-growth counties,0.9999906918278678,0.9999814138009226,0,Fast-rising lower-premium counties
38075,Renville County,ND,North Dakota,Micro,"Minot, ND",Very Low,3,High-premium slower-growth counties,0.9999999823093938,0.9999999646187866,0,Fast-rising lower-premium counties
38077,Richland County,ND,North Dakota,Micro,"Wahpeton, ND-MN",Very Low,1,Stable low-volatility insurance counties,0.9999824519733691,0.9999649414987508,3,High-premium slower-growth counties
38079,Rolette County,ND,North Dakota,,,Low,2,Typical lower-premium counties,0.9993017642927131,0.9989119569050248,0,Fast-rising lower-premium counties
38081,Sargent County,ND,North Dakota,,,Very Low,0,Fast-rising lower-premium counties,0.995316768794684,0.9906335375905864,3,High-premium slower-growth counties
38083,Sheridan County,ND,North Dakota,,,Very Low,3,High-premium slower-growth counties,1.0,1.0,0,Fast-rising lower-premium counties
38085,Sioux County,ND,North Dakota,Metro,"Bismarck, ND",Low,2,Typical lower-premium counties,0.9781711700279032,0.9586735362847789,0,Fast-rising lower-premium counties
38087,Slope County,ND,North Dakota,,,Very Low,0,Fast-rising lower-premium counties,0.9932371865299726,0.9864743730599698,3,High-premium slower-growth counties
38089,Stark County,ND,North Dakota,Micro,"Dickinson, ND",Very Low,1,Stable low-volatility insurance counties,0.9997301027689881,0.9994607625643223,3,High-premium slower-growth counties
38091,Steele County,ND,North Dakota,,,Very Low,2,Typical lower-premium counties,0.9671343796428639,0.9367261504001481,0,Fast-rising lower-premium counties
38093,Stutsman County,ND,North Dakota,Micro,"Jamestown, ND",Low,3,High-premium slower-growth counties,0.990914544119552,0.9818290882391254,1,Stable low-volatility insurance counties
38095,Towner County,ND,North Dakota,,,Very Low,2,Typical lower-premium counties,0.77815791225382,0.5741980046232391,0,Fast-rising lower-premium counties
38097,Traill County,ND,North Dakota,,,Very Low,2,Typical lower-premium counties,0.9995334127345393,0.9992947284719822,0,Fast-rising lower-premium counties
38099,Walsh County,ND,North Dakota,,,Very Low,3,High-premium slower-growth counties,0.6257892678971609,0.3650110569176984,4,High-premium high-nonrenewal counties
38101,Ward County,ND,North Dakota,Micro,"Minot, ND",Low,1,Stable low-volatility insurance counties,0.999984564248334,0.9999691388111371,3,High-premium slower-growth counties
38103,Wells County,ND,North Dakota,,,Very Low,3,High-premium slower-growth counties,0.9999999529912647,0.9999999059825302,0,Fast-rising lower-premium counties
38105,Williams County,ND,North Dakota,Micro,"Williston, ND",Low,1,Stable low-volatility insurance counties,0.9999908351753557,0.9999817124540799,3,High-premium slower-growth counties
39001,Adams County,OH,Ohio,,,Low,4,High-premium high-nonrenewal counties,0.9960187011110638,0.9921075669531452,3,High-premium slower-growth counties
39003,Allen County,OH,Ohio,Metro,"Lima, OH",Low,2,Typical lower-premium counties,0.9996646663821995,0.9994163774972158,3,High-premium slower-growth counties
39005,Ashland County,OH,Ohio,Micro,"Ashland, OH",Low,2,Typical lower-premium counties,0.9992689488384319,0.9987789684313252,3,High-premium slower-growth counties
39007,Ashtabula County,OH,Ohio,Micro,"Ashtabula, OH",Low,1,Stable low-volatility insurance counties,0.9998958524765582,0.9997918121929892,3,High-premium slower-growth counties
39009,Athens County,OH,Ohio,Micro,"Athens, OH",Low,3,High-premium slower-growth counties,0.8676279915300396,0.7354285043991104,4,High-premium high-nonrenewal counties
39011,Auglaize County,OH,Ohio,Micro,"Wapakoneta, OH",Very Low,0,Fast-rising lower-premium counties,0.9926227718847128,0.9852455437694259,3,High-premium slower-growth counties
39013,Belmont County,OH,Ohio,Metro,"Wheeling, WV-OH",Low,2,Typical lower-premium counties,0.9968347674821826,0.9938055326455044,3,High-premium slower-growth counties
39015,Brown County,OH,Ohio,Metro,"Cincinnati, OH-KY-IN",Low,1,Stable low-volatility insurance counties,0.9998411510179556,0.9996824005412899,3,High-premium slower-growth counties
39017,Butler County,OH,Ohio,Metro,"Cincinnati, OH-KY-IN",Moderate,2,Typical lower-premium counties,0.9983279775002084,0.9973678275176069,3,High-premium slower-growth counties
39019,Carroll County,OH,Ohio,Metro,"Canton-Massillon, OH",Very Low,2,Typical lower-premium counties,0.999260516885066,0.9987304620017466,3,High-premium slower-growth counties
39021,Champaign County,OH,Ohio,Micro,"Urbana, OH",Very Low,2,Typical lower-premium counties,0.9990675767379734,0.9984618448276712,3,High-premium slower-growth counties
39023,Clark County,OH,Ohio,Metro,"Springfield, OH",Low,1,Stable low-volatility insurance counties,0.9998176005607271,0.9996352777245474,3,High-premium slower-growth counties
39025,Clermont County,OH,Ohio,Metro,"Cincinnati, OH-KY-IN",Low,2,Typical lower-premium counties,0.9973488991117084,0.995688341453836,0,Fast-rising lower-premium counties
39027,Clinton County,OH,Ohio,Micro,"Wilmington, OH",Very Low,4,High-premium high-nonrenewal counties,0.9636871820919766,0.9281025207723729,3,High-premium slower-growth counties
39029,Columbiana County,OH,Ohio,Micro,"Salem, OH",Low,2,Typical lower-premium counties,0.9994287454363555,0.9989462962843874,3,High-premium slower-growth counties
39031,Coshocton County,OH,Ohio,Micro,"Coshocton, OH",Low,2,Typical lower-premium counties,0.9985849473958137,0.9973672785914314,3,High-premium slower-growth counties
39033,Crawford County,OH,Ohio,Micro,"Bucyrus, OH",Very Low,2,Typical lower-premium counties,0.9995947942259896,0.9993003973731842,3,High-premium slower-growth counties
39035,Cuyahoga County,OH,Ohio,Metro,"Cleveland-Elyria, OH",High,3,High-premium slower-growth counties,0.9759684234129371,0.9519413860575409,2,Typical lower-premium counties
39037,Darke County,OH,Ohio,Micro,"Greenville, OH",Low,2,Typical lower-premium counties,0.9983657362142562,0.9969162228044283,3,High-premium slower-growth counties
39039,Defiance County,OH,Ohio,Micro,"Defiance, OH",Very Low,2,Typical lower-premium counties,0.9986985811980037,0.9977640065337071,3,High-premium slower-growth counties
39041,Delaware County,OH,Ohio,Metro,"Columbus, OH",Low,0,Fast-rising lower-premium counties,0.9796672116590297,0.9593344233180592,3,High-premium slower-growth counties
39043,Erie County,OH,Ohio,Micro,"Sandusky, OH",Low,2,Typical lower-premium counties,0.9986178920694301,0.9975186622630494,3,High-premium slower-growth counties
39045,Fairfield County,OH,Ohio,Metro,"Columbus, OH",Low,2,Typical lower-premium counties,0.9976770004485267,0.9964296076533183,0,Fast-rising lower-premium counties
39047,Fayette County,OH,Ohio,Micro,"Washington Court House, OH",Very Low,2,Typical lower-premium counties,0.9996945562107222,0.9994885089331914,3,High-premium slower-growth counties
39049,Franklin County,OH,Ohio,Metro,"Columbus, OH",High,2,Typical lower-premium counties,0.9934671345294738,0.9898067653986148,0,Fast-rising lower-premium counties
39051,Fulton County,OH,Ohio,Metro,"Toledo, OH",Very Low,1,Stable low-volatility insurance counties,0.9996813156148071,0.9993630867101946,3,High-premium slower-growth counties
39053,Gallia County,OH,Ohio,Micro,"Point Pleasant, WV-OH",Low,2,Typical lower-premium counties,0.9914450827594791,0.9833917030292453,3,High-premium slower-growth counties
39055,Geauga County,OH,Ohio,Metro,"Cleveland-Elyria, OH",Low,2,Typical lower-premium counties,0.9929789932323229,0.9887711397087251,0,Fast-rising lower-premium counties
39057,Greene County,OH,Ohio,Metro,"Dayton, OH",Low,2,Typical lower-premium counties,0.9817215430580504,0.9716092107009153,0,Fast-rising lower-premium counties
39059,Guernsey County,OH,Ohio,Micro,"Cambridge, OH",Very Low,2,Typical lower-premium counties,0.9993852292186289,0.998936865764632,3,High-premium slower-growth counties
39061,Hamilton County,OH,Ohio,Metro,"Cincinnati, OH-KY-IN",High,2,Typical lower-premium counties,0.9981873669927415,0.9972526274573058,3,High-premium slower-growth counties
39063,Hancock County,OH,Ohio,Micro,"Findlay, OH",Low,2,Typical lower-premium counties,0.9987587344841421,0.9981531645764922,3,High-premium slower-growth counties
39065,Hardin County,OH,Ohio,,,Very Low,2,Typical lower-premium counties,0.999234853764872,0.9986983544497705,3,High-premium slower-growth counties
39067,Harrison County,OH,Ohio,,,Very Low,2,Typical lower-premium counties,0.9978158002679728,0.9957098326090805,3,High-premium slower-growth counties
39069,Henry County,OH,Ohio,,,Very Low,2,Typical lower-premium counties,0.9618909729203116,0.9247628307167511,3,High-premium slower-growth counties
39071,Highland County,OH,Ohio,,,Low,4,High-premium high-nonrenewal counties,0.9958967340259259,0.9918578133541222,3,High-premium slower-growth counties
39073,Hocking County,OH,Ohio,Metro,"Columbus, OH",Low,1,Stable low-volatility insurance counties,0.999831383318555,0.9996629353966631,3,High-premium slower-growth counties
39075,Holmes County,OH,Ohio,,,Low,2,Typical lower-premium counties,0.9993732044541455,0.9988524051305547,3,High-premium slower-growth counties
39077,Huron County,OH,Ohio,Micro,"Norwalk, OH",Low,3,High-premium slower-growth counties,0.999999999780961,0.9999999995619226,0,Fast-rising lower-premium counties
39079,Jackson County,OH,Ohio,Micro,"Jackson, OH",Very Low,1,Stable low-volatility insurance counties,0.9993763396928865,0.9987547550395992,3,High-premium slower-growth counties
39081,Jefferson County,OH,Ohio,Metro,"Weirton-Steubenville, WV-OH",Low,3,High-premium slower-growth counties,0.9982222303062861,0.9965063657700853,2,Typical lower-premium counties
39083,Knox County,OH,Ohio,Micro,"Mount Vernon, OH",Low,2,Typical lower-premium counties,0.8826919051318474,0.7791894289502443,3,High-premium slower-growth counties
39085,Lake County,OH,Ohio,Metro,"Cleveland-Elyria, OH",Low,0,Fast-rising lower-premium counties,0.7511868515949413,0.5023737031898832,3,High-premium slower-growth counties
39087,Lawrence County,OH,Ohio,Metro,"Huntington-Ashland, WV-KY-OH",Low,1,Stable low-volatility insurance counties,0.9999641108513039,0.9999282849516317,3,High-premium slower-growth counties
39089,Licking County,OH,Ohio,Metro,"Columbus, OH",Low,2,Typical lower-premium counties,0.9706454564779501,0.9505124389917894,0,Fast-rising lower-premium counties
39091,Logan County,OH,Ohio,Micro,"Bellefontaine, OH",Low,2,Typical lower-premium counties,0.9995810272103958,0.999338269297813,3,High-premium slower-growth counties
39093,Lorain County,OH,Ohio,Metro,"Cleveland-Elyria, OH",Moderate,3,High-premium slower-growth counties,0.9979982991459564,0.9960047144109748,2,Typical lower-premium counties
39095,Lucas County,OH,Ohio,Metro,"Toledo, OH",Moderate,2,Typical lower-premium counties,0.9924413610340506,0.9850503612647967,3,High-premium slower-growth counties
39097,Madison County,OH,Ohio,Metro,"Columbus, OH",Very Low,2,Typical lower-premium counties,0.9881635171562855,0.9812606783165407,0,Fast-rising lower-premium counties
39099,Mahoning County,OH,Ohio,Metro,"Youngstown-Warren-Boardman, OH-PA",Moderate,2,Typical lower-premium counties,0.9981246899764536,0.9963543726325358,3,High-premium slower-growth counties
39101,Marion County,OH,Ohio,Micro,"Marion, OH",Low,2,Typical lower-premium counties,0.9995841446270094,0.9992265847999644,3,High-premium slower-growth counties
39103,Medina County,OH,Ohio,Metro,"Cleveland-Elyria, OH",Low,0,Fast-rising lower-premium counties,0.9576249558234317,0.9152499127142615,3,High-premium slower-growth counties
39105,Meigs County,OH,Ohio,,,Low,2,Typical lower-premium counties,0.9972585824089595,0.9946241865624807,3,High-premium slower-growth counties
39107,Mercer County,OH,Ohio,Micro,"Celina, OH",Very Low,3,High-premium slower-growth counties,0.9999862424434791,0.999972485195975,0,Fast-rising lower-premium counties
39109,Miami County,OH,Ohio,Metro,"Dayton, OH",Low,2,Typical lower-premium counties,0.9979094004118615,0.9963905928334965,3,High-premium slower-growth counties
39111,Monroe County,OH,Ohio,,,Very Low,2,Typical lower-premium counties,0.9994976604857984,0.9991709153687796,3,High-premium slower-growth counties
39113,Montgomery County,OH,Ohio,Metro,"Dayton, OH",Moderate,2,Typical lower-premium counties,0.9994565343845344,0.9991300152405173,3,High-premium slower-growth counties
39115,Morgan County,OH,Ohio,,,Very Low,4,High-premium high-nonrenewal counties,0.6173665123806932,0.23476420223200034,3,High-premium slower-growth counties
39117,Morrow County,OH,Ohio,Metro,"Columbus, OH",Very Low,2,Typical lower-premium counties,0.9067763620611213,0.8271218029634072,3,High-premium slower-growth counties
39119,Muskingum County,OH,Ohio,Micro,"Zanesville, OH",Low,2,Typical lower-premium counties,0.999565569741602,0.9993140102275083,3,High-premium slower-growth counties
39121,Noble County,OH,Ohio,,,Very Low,2,Typical lower-premium counties,0.995743974347784,0.9916948546647376,3,High-premium slower-growth counties
39123,Ottawa County,OH,Ohio,Micro,"Port Clinton, OH",Low,0,Fast-rising lower-premium counties,0.9778147350215532,0.9556294702860426,3,High-premium slower-growth counties
39125,Paulding County,OH,Ohio,,,Very Low,2,Typical lower-premium counties,0.9996658151490009,0.9994370972020369,3,High-premium slower-growth counties
39127,Perry County,OH,Ohio,Metro,"Columbus, OH",Very Low,4,High-premium high-nonrenewal counties,0.9956564255150034,0.9914164163492332,3,High-premium slower-growth counties
39129,Pickaway County,OH,Ohio,Metro,"Columbus, OH",Low,2,Typical lower-premium counties,0.9779537441220829,0.9626969869818234,0,Fast-rising lower-premium counties
39131,Pike County,OH,Ohio,,,Low,2,Typical lower-premium counties,0.9985323973196077,0.9977209463056631,0,Fast-rising lower-premium counties
39133,Portage County,OH,Ohio,Metro,"Akron, OH",Low,2,Typical lower-premium counties,0.9850291286349173,0.9707078374759374,3,High-premium slower-growth counties
39135,Preble County,OH,Ohio,,,Low,2,Typical lower-premium counties,0.9985867518181755,0.997599627936223,3,High-premium slower-growth counties
39137,Putnam County,OH,Ohio,,,Very Low,3,High-premium slower-growth counties,0.9496862991303165,0.8993725982606602,0,Fast-rising lower-premium counties
39139,Richland County,OH,Ohio,Metro,"Mansfield, OH",Low,2,Typical lower-premium counties,0.9995374805172577,0.9991544414253062,3,High-premium slower-growth counties
39141,Ross County,OH,Ohio,Micro,"Chillicothe, OH",Low,2,Typical lower-premium counties,0.9578606871789598,0.9183934923673911,3,High-premium slower-growth counties
39143,Sandusky County,OH,Ohio,Micro,"Fremont, OH",Low,2,Typical lower-premium counties,0.9989886407730907,0.9981884713120862,3,High-premium slower-growth counties
39145,Scioto County,OH,Ohio,Micro,"Portsmouth, OH",Low,1,Stable low-volatility insurance counties,0.9999655869787302,0.9999312938816876,3,High-premium slower-growth counties
39147,Seneca County,OH,Ohio,Micro,"Tiffin, OH",Low,2,Typical lower-premium counties,0.9991915722121996,0.9986098998706634,3,High-premium slower-growth counties
39149,Shelby County,OH,Ohio,Micro,"Sidney, OH",Low,2,Typical lower-premium counties,0.9985281712416183,0.9976515422252431,3,High-premium slower-growth counties
39151,Stark County,OH,Ohio,Metro,"Canton-Massillon, OH",Moderate,2,Typical lower-premium counties,0.9774311288974612,0.956055065565064,3,High-premium slower-growth counties
39153,Summit County,OH,Ohio,Metro,"Akron, OH",Moderate,2,Typical lower-premium counties,0.9992714543875183,0.9987877900611968,3,High-premium slower-growth counties
39155,Trumbull County,OH,Ohio,Metro,"Youngstown-Warren-Boardman, OH-PA",Moderate,2,Typical lower-premium counties,0.9992139150723891,0.9985090325003032,3,High-premium slower-growth counties
39157,Tuscarawas County,OH,Ohio,Micro,"New Philadelphia-Dover, OH",Low,2,Typical lower-premium counties,0.9899193187393451,0.9805840954033354,3,High-premium slower-growth counties
39159,Union County,OH,Ohio,Metro,"Columbus, OH",Very Low,2,Typical lower-premium counties,0.9988652693445665,0.9982643973187123,0,Fast-rising lower-premium counties
39161,Van Wert County,OH,Ohio,Micro,"Van Wert, OH",Very Low,2,Typical lower-premium counties,0.9992464217277691,0.9985470203951717,3,High-premium slower-growth counties
39163,Vinton County,OH,Ohio,,,Very Low,2,Typical lower-premium counties,0.9949919912075185,0.9915764189721589,0,Fast-rising lower-premium counties
39165,Warren County,OH,Ohio,Metro,"Cincinnati, OH-KY-IN",Low,3,High-premium slower-growth counties,0.9999999999483293,0.9999999998966578,0,Fast-rising lower-premium counties
39167,Washington County,OH,Ohio,Micro,"Marietta, OH",Low,4,High-premium high-nonrenewal counties,0.9964607775071755,0.9929833645224319,3,High-premium slower-growth counties
39169,Wayne County,OH,Ohio,Micro,"Wooster, OH",Low,2,Typical lower-premium counties,0.9979452396550882,0.9965423645210647,3,High-premium slower-growth counties
39171,Williams County,OH,Ohio,,,Low,1,Stable low-volatility insurance counties,0.9979254616196115,0.9958509732171371,3,High-premium slower-growth counties
39173,Wood County,OH,Ohio,Metro,"Toledo, OH",Low,2,Typical lower-premium counties,0.9923763537978569,0.9870025329276051,0,Fast-rising lower-premium counties
39175,Wyandot County,OH,Ohio,,,Very Low,3,High-premium slower-growth counties,0.9999999999751132,0.999999999950228,0,Fast-rising lower-premium counties
40001,Adair County,OK,Oklahoma,,,Low,2,Typical lower-premium counties,0.9981778937281222,0.9966373513222544,0,Fast-rising lower-premium counties
40003,Alfalfa County,OK,Oklahoma,,,Very Low,4,High-premium high-nonrenewal counties,0.9995576170638049,0.9991303176838169,3,High-premium slower-growth counties
40005,Atoka County,OK,Oklahoma,,,Very Low,4,High-premium high-nonrenewal counties,0.9242218697640641,0.8485140334419317,3,High-premium slower-growth counties
40007,Beaver County,OK,Oklahoma,,,Very Low,4,High-premium high-nonrenewal counties,0.7549484069455866,0.5101181216754033,3,High-premium slower-growth counties
40009,Beckham County,OK,Oklahoma,Micro,"Elk City, OK",Low,4,High-premium high-nonrenewal counties,0.9929374029287379,0.9886281508553935,3,High-premium slower-growth counties
40011,Blaine County,OK,Oklahoma,,,Very Low,4,High-premium high-nonrenewal counties,0.9714754224346406,0.9432585920403489,3,High-premium slower-growth counties
40013,Bryan County,OK,Oklahoma,Micro,"Durant, OK",Low,2,Typical lower-premium counties,0.9527358925418488,0.9075514205620354,3,High-premium slower-growth counties
40015,Caddo County,OK,Oklahoma,,,Low,4,High-premium high-nonrenewal counties,0.9970882246970457,0.9941876078999121,3,High-premium slower-growth counties
40017,Canadian County,OK,Oklahoma,Metro,"Oklahoma City, OK",Moderate,2,Typical lower-premium counties,0.9820860198709787,0.9642176941024151,3,High-premium slower-growth counties
40019,Carter County,OK,Oklahoma,Micro,"Ardmore, OK",Low,2,Typical lower-premium counties,0.9943259425224921,0.9909374988795099,3,High-premium slower-growth counties
40021,Cherokee County,OK,Oklahoma,Micro,"Tahlequah, OK",Low,1,Stable low-volatility insurance counties,0.9779268841284048,0.955856421466436,3,High-premium slower-growth counties
40023,Choctaw County,OK,Oklahoma,,,Low,4,High-premium high-nonrenewal counties,0.9546125104838418,0.9093230591113856,3,High-premium slower-growth counties
40025,Cimarron County,OK,Oklahoma,,,Low,2,Typical lower-premium counties,0.9770586736904393,0.9546398989024601,4,High-premium high-nonrenewal counties
40027,Cleveland County,OK,Oklahoma,Metro,"Oklahoma City, OK",Moderate,3,High-premium slower-growth counties,0.6209041812600228,0.27037633836278463,2,Typical lower-premium counties
40029,Coal County,OK,Oklahoma,,,Very Low,3,High-premium slower-growth counties,0.9999999043353479,0.9999998165660379,4,High-premium high-nonrenewal counties
40031,Comanche County,OK,Oklahoma,Metro,"Lawton, OK",Moderate,2,Typical lower-premium counties,0.92243087506948,0.8472353932172589,3,High-premium slower-growth counties
40033,Cotton County,OK,Oklahoma,Metro,"Lawton, OK",Very Low,4,High-premium high-nonrenewal counties,0.9853846049136114,0.9707746128738356,3,High-premium slower-growth counties
40035,Craig County,OK,Oklahoma,,,Low,2,Typical lower-premium counties,0.9577257717248023,0.918622857744707,3,High-premium slower-growth counties
40037,Creek County,OK,Oklahoma,Metro,"Tulsa, OK",Moderate,2,Typical lower-premium counties,0.9291931914924046,0.8629323126465339,3,High-premium slower-growth counties
40039,Custer County,OK,Oklahoma,Micro,"Weatherford, OK",Low,2,Typical lower-premium counties,0.8329127803319365,0.6753278314745836,3,High-premium slower-growth counties
40041,Delaware County,OK,Oklahoma,,,Moderate,2,Typical lower-premium counties,0.7039277698753499,0.419653826595005,3,High-premium slower-growth counties
40043,Dewey County,OK,Oklahoma,,,Very Low,4,High-premium high-nonrenewal counties,0.9994237885612891,0.998850800510652,3,High-premium slower-growth counties
40045,Ellis County,OK,Oklahoma,,,Very Low,4,High-premium high-nonrenewal counties,0.9994831635664061,0.9989723277460665,3,High-premium slower-growth counties
40047,Garfield County,OK,Oklahoma,Micro,"Enid, OK",Moderate,2,Typical lower-premium counties,0.7842494185543132,0.5701638403907001,3,High-premium slower-growth counties
40049,Garvin County,OK,Oklahoma,,,Low,2,Typical lower-premium counties,0.9924349986102309,0.9856078196922319,3,High-premium slower-growth counties
40051,Grady County,OK,Oklahoma,Metro,"Oklahoma City, OK",Low,2,Typical lower-premium counties,0.7340191889570636,0.4786684909570597,3,High-premium slower-growth counties
40053,Grant County,OK,Oklahoma,,,Very Low,4,High-premium high-nonrenewal counties,0.9989836182956633,0.9979692811129764,3,High-premium slower-growth counties
40055,Greer County,OK,Oklahoma,,,Very Low,4,High-premium high-nonrenewal counties,0.9430908380528098,0.8861860851774128,3,High-premium slower-growth counties
40057,Harmon County,OK,Oklahoma,,,Very Low,3,High-premium slower-growth counties,0.9999977000806,0.999995406760641,0,Fast-rising lower-premium counties
40059,Harper County,OK,Oklahoma,,,Low,4,High-premium high-nonrenewal counties,0.9996910047599379,0.999457048568866,3,High-premium slower-growth counties
40061,Haskell County,OK,Oklahoma,,,Very Low,2,Typical lower-premium counties,0.8838580746617553,0.7994822457099806,3,High-premium slower-growth counties
40063,Hughes County,OK,Oklahoma,,,Very Low,3,High-premium slower-growth counties,0.9999999860844255,0.9999999722248698,4,High-premium high-nonrenewal counties
40065,Jackson County,OK,Oklahoma,Micro,"Altus, OK",Moderate,4,High-premium high-nonrenewal counties,0.9853400825378714,0.9706970558186058,3,High-premium slower-growth counties
40067,Jefferson County,OK,Oklahoma,,,Very Low,3,High-premium slower-growth counties,0.9999999999444711,0.9999999998890204,0,Fast-rising lower-premium counties
40069,Johnston County,OK,Oklahoma,,,Very Low,4,High-premium high-nonrenewal counties,0.9872258247667892,0.9747568361063236,3,High-premium slower-growth counties
40071,Kay County,OK,Oklahoma,Micro,"Ponca City, OK",Low,4,High-premium high-nonrenewal counties,0.8820182728298331,0.7650163597529925,3,High-premium slower-growth counties
40073,Kingfisher County,OK,Oklahoma,,,Low,3,High-premium slower-growth counties,0.9150141956135361,0.8485757298780208,2,Typical lower-premium counties
40075,Kiowa County,OK,Oklahoma,,,Very Low,3,High-premium slower-growth counties,0.999999819419591,0.9999996388724789,4,High-premium high-nonrenewal counties
40077,Latimer County,OK,Oklahoma,,,Very Low,2,Typical lower-premium counties,0.9704388062619673,0.9498557499510695,3,High-premium slower-growth counties
40079,Le Flore County,OK,Oklahoma,Metro,"Fort Smith, AR-OK",Moderate,2,Typical lower-premium counties,0.8699103005968722,0.7514852014277671,3,High-premium slower-growth counties
40081,Lincoln County,OK,Oklahoma,Metro,"Oklahoma City, OK",Low,2,Typical lower-premium counties,0.9840794151867166,0.97586307442411,3,High-premium slower-growth counties
40083,Logan County,OK,Oklahoma,Metro,"Oklahoma City, OK",Low,3,High-premium slower-growth counties,0.9999999972460856,0.9999999944921713,0,Fast-rising lower-premium counties
40085,Love County,OK,Oklahoma,,,Very Low,1,Stable low-volatility insurance counties,0.9630616208138114,0.9261233749651367,3,High-premium slower-growth counties
40087,McClain County,OK,Oklahoma,Metro,"Oklahoma City, OK",Low,3,High-premium slower-growth counties,0.965839718895389,0.947273749146583,2,Typical lower-premium counties
40089,McCurtain County,OK,Oklahoma,,,Low,4,High-premium high-nonrenewal counties,0.9284707193804121,0.8570393692312241,3,High-premium slower-growth counties
40091,McIntosh County,OK,Oklahoma,,,Low,2,Typical lower-premium counties,0.9868233477842311,0.976411159084737,3,High-premium slower-growth counties
40093,Major County,OK,Oklahoma,,,Very Low,2,Typical lower-premium counties,0.9932423216344991,0.9879714186459069,3,High-premium slower-growth counties
40095,Marshall County,OK,Oklahoma,,,Low,2,Typical lower-premium counties,0.9966208960863295,0.994167445770152,3,High-premium slower-growth counties
40097,Mayes County,OK,Oklahoma,,,Low,1,Stable low-volatility insurance counties,0.9888844584551453,0.977770133028946,3,High-premium slower-growth counties
40099,Murray County,OK,Oklahoma,,,Very Low,2,Typical lower-premium counties,0.9295526648219756,0.8827638586779878,3,High-premium slower-growth counties
40101,Muskogee County,OK,Oklahoma,Micro,"Muskogee, OK",Moderate,2,Typical lower-premium counties,0.9593843268423583,0.927827878355916,3,High-premium slower-growth counties
40103,Noble County,OK,Oklahoma,,,Low,3,High-premium slower-growth counties,0.9999999999998579,0.9999999999997196,0,Fast-rising lower-premium counties
40105,Nowata County,OK,Oklahoma,,,Very Low,3,High-premium slower-growth counties,0.999946016281345,0.9998923422955455,2,Typical lower-premium counties
40107,Okfuskee County,OK,Oklahoma,,,Very Low,4,High-premium high-nonrenewal counties,0.9997273488332581,0.9994884290200896,3,High-premium slower-growth counties
40109,Oklahoma County,OK,Oklahoma,Metro,"Oklahoma City, OK",High,2,Typical lower-premium counties,0.5048209483888885,0.019973317301694493,3,High-premium slower-growth counties
40111,Okmulgee County,OK,Oklahoma,Metro,"Tulsa, OK",Low,2,Typical lower-premium counties,0.8923404365142464,0.8292317175593447,3,High-premium slower-growth counties
40113,Osage County,OK,Oklahoma,Metro,"Tulsa, OK",Low,2,Typical lower-premium counties,0.991583715121845,0.9854574697732151,3,High-premium slower-growth counties
40115,Ottawa County,OK,Oklahoma,Micro,"Miami, OK",Low,2,Typical lower-premium counties,0.9125626018268842,0.8264380708293804,3,High-premium slower-growth counties
40117,Pawnee County,OK,Oklahoma,Metro,"Tulsa, OK",Low,2,Typical lower-premium counties,0.9421685414336358,0.8932550513679084,3,High-premium slower-growth counties
40119,Payne County,OK,Oklahoma,Micro,"Stillwater, OK",Moderate,2,Typical lower-premium counties,0.7432377692992452,0.514078650357987,3,High-premium slower-growth counties
40121,Pittsburg County,OK,Oklahoma,Micro,"McAlester, OK",Low,2,Typical lower-premium counties,0.9808381335740519,0.9625700738397447,3,High-premium slower-growth counties
40123,Pontotoc County,OK,Oklahoma,Micro,"Ada, OK",Low,2,Typical lower-premium counties,0.8852272380454271,0.7789279553208094,3,High-premium slower-growth counties
40125,Pottawatomie County,OK,Oklahoma,Micro,"Shawnee, OK",Moderate,2,Typical lower-premium counties,0.9326515958880401,0.8704115555425515,3,High-premium slower-growth counties
40127,Pushmataha County,OK,Oklahoma,,,Very Low,2,Typical lower-premium counties,0.9973666569770046,0.9951157390777551,0,Fast-rising lower-premium counties
40129,Roger Mills County,OK,Oklahoma,,,Very Low,4,High-premium high-nonrenewal counties,0.9994472006650006,0.9989532804136504,3,High-premium slower-growth counties
40131,Rogers County,OK,Oklahoma,Metro,"Tulsa, OK",Low,2,Typical lower-premium counties,0.9060618052488225,0.8229205594727195,3,High-premium slower-growth counties
40133,Seminole County,OK,Oklahoma,,,Low,4,High-premium high-nonrenewal counties,0.9746188053749735,0.9494681272045301,3,High-premium slower-growth counties
40135,Sequoyah County,OK,Oklahoma,Metro,"Fort Smith, AR-OK",Low,2,Typical lower-premium counties,0.9144419872461214,0.8358424354583631,3,High-premium slower-growth counties
40137,Stephens County,OK,Oklahoma,Micro,"Duncan, OK",Low,2,Typical lower-premium counties,0.985830688114278,0.9786716928576825,4,High-premium high-nonrenewal counties
40139,Texas County,OK,Oklahoma,Micro,"Guymon, OK",Low,2,Typical lower-premium counties,0.8898602754718496,0.7798989567357034,3,High-premium slower-growth counties
40141,Tillman County,OK,Oklahoma,,,Very Low,3,High-premium slower-growth counties,0.9999537069555345,0.9999074176327987,4,High-premium high-nonrenewal counties
40143,Tulsa County,OK,Oklahoma,Metro,"Tulsa, OK",High,2,Typical lower-premium counties,0.8883177809407016,0.7831539411148556,3,High-premium slower-growth counties
40145,Wagoner County,OK,Oklahoma,Metro,"Tulsa, OK",Low,2,Typical lower-premium counties,0.8631875877729656,0.7436934450839825,3,High-premium slower-growth counties
40147,Washington County,OK,Oklahoma,Micro,"Bartlesville, OK",Low,3,High-premium slower-growth counties,0.7476340488372055,0.49526809867195704,0,Fast-rising lower-premium counties
40149,Washita County,OK,Oklahoma,,,Very Low,4,High-premium high-nonrenewal counties,0.9952720324203924,0.9905850746836719,3,High-premium slower-growth counties
40151,Woods County,OK,Oklahoma,,,Very Low,3,High-premium slower-growth counties,0.5972946634316463,0.19778676562471642,4,High-premium high-nonrenewal counties
40153,Woodward County,OK,Oklahoma,Micro,"Woodward, OK",Very Low,2,Typical lower-premium counties,0.9910336618801648,0.9856732451599092,3,High-premium slower-growth counties
41001,Baker County,OR,Oregon,,,Low,2,Typical lower-premium counties,0.9957246368112633,0.9916803865641959,3,High-premium slower-growth counties
41003,Benton County,OR,Oregon,Metro,"Corvallis, OR",Moderate,3,High-premium slower-growth counties,0.9999957941394,0.9999916062037844,0,Fast-rising lower-premium counties
41005,Clackamas County,OR,Oregon,Metro,"Portland-Vancouver-Hillsboro, OR-WA",High,2,Typical lower-premium counties,0.983007076766996,0.9704302050881031,3,High-premium slower-growth counties
41007,Clatsop County,OR,Oregon,Micro,"Astoria, OR",High,2,Typical lower-premium counties,0.9913001893708097,0.9845166746032528,3,High-premium slower-growth counties
41009,Columbia County,OR,Oregon,Metro,"Portland-Vancouver-Hillsboro, OR-WA",Low,2,Typical lower-premium counties,0.9955988234828563,0.9916321141971405,3,High-premium slower-growth counties
41011,Coos County,OR,Oregon,Micro,"Coos Bay, OR",Moderate,2,Typical lower-premium counties,0.9959213259141163,0.9920508398802067,3,High-premium slower-growth counties
41013,Crook County,OR,Oregon,Micro,"Prineville, OR",Very Low,2,Typical lower-premium counties,0.9448305017029413,0.9032820569890551,3,High-premium slower-growth counties
41015,Curry County,OR,Oregon,Micro,"Brookings, OR",Moderate,2,Typical lower-premium counties,0.944164465898411,0.896746486097851,3,High-premium slower-growth counties
41017,Deschutes County,OR,Oregon,Metro,"Bend-Redmond, OR",Moderate,2,Typical lower-premium counties,0.8145181339687956,0.6387697732459189,3,High-premium slower-growth counties
41019,Douglas County,OR,Oregon,Micro,"Roseburg, OR",Moderate,2,Typical lower-premium counties,0.9910170785067334,0.9824011870005024,3,High-premium slower-growth counties
41021,Gilliam County,OR,Oregon,,,Very Low,3,High-premium slower-growth counties,0.9999999995138715,0.9999999990277432,0,Fast-rising lower-premium counties
41023,Grant County,OR,Oregon,,,Very Low,2,Typical lower-premium counties,0.999522006354648,0.9992772902695004,0,Fast-rising lower-premium counties
41025,Harney County,OR,Oregon,,,Very Low,2,Typical lower-premium counties,0.7670489494761038,0.628167738676392,3,High-premium slower-growth counties
41027,Hood River County,OR,Oregon,Micro,"Hood River, OR",Very Low,2,Typical lower-premium counties,0.9872495920965246,0.9764111494571919,3,High-premium slower-growth counties
41029,Jackson County,OR,Oregon,Metro,"Medford, OR",Moderate,3,High-premium slower-growth counties,0.5598609614320338,0.11998182616464426,2,Typical lower-premium counties
41031,Jefferson County,OR,Oregon,,,Very Low,2,Typical lower-premium counties,0.9842636157803905,0.9726292783700917,3,High-premium slower-growth counties
41033,Josephine County,OR,Oregon,Metro,"Grants Pass, OR",Moderate,4,High-premium high-nonrenewal counties,0.8261223989259898,0.6527334492942505,3,High-premium slower-growth counties
41035,Klamath County,OR,Oregon,Micro,"Klamath Falls, OR",Low,1,Stable low-volatility insurance counties,0.9979893574566348,0.9959795717972549,3,High-premium slower-growth counties
41037,Lake County,OR,Oregon,,,Very Low,1,Stable low-volatility insurance counties,0.9989877448899985,0.9979768107098285,3,High-premium slower-growth counties
41039,Lane County,OR,Oregon,Metro,"Eugene, OR",High,3,High-premium slower-growth counties,0.9999999999995275,0.9999999999990553,0,Fast-rising lower-premium counties
41041,Lincoln County,OR,Oregon,Micro,"Newport, OR",Moderate,1,Stable low-volatility insurance counties,0.9988540703486556,0.997710954810093,3,High-premium slower-growth counties
41043,Linn County,OR,Oregon,Metro,"Albany, OR",Moderate,3,High-premium slower-growth counties,0.9999812068837438,0.9999626163840399,2,Typical lower-premium counties
41045,Malheur County,OR,Oregon,Micro,"Ontario, OR-ID",Very Low,2,Typical lower-premium counties,0.9703903962391593,0.9439687123145059,3,High-premium slower-growth counties
41047,Marion County,OR,Oregon,Metro,"Salem, OR",High,3,High-premium slower-growth counties,0.9999850000270922,0.999970000193889,0,Fast-rising lower-premium counties
41049,Morrow County,OR,Oregon,Micro,"Hermiston-Pendleton, OR",Very Low,1,Stable low-volatility insurance counties,0.9983237579766068,0.9966499752006894,3,High-premium slower-growth counties
41051,Multnomah County,OR,Oregon,Metro,"Portland-Vancouver-Hillsboro, OR-WA",High,2,Typical lower-premium counties,0.9461392581794321,0.8926831847524358,3,High-premium slower-growth counties
41053,Polk County,OR,Oregon,Metro,"Salem, OR",Low,3,High-premium slower-growth counties,0.9999791371114998,0.9999582744447778,0,Fast-rising lower-premium counties
41055,Sherman County,OR,Oregon,,,Very Low,4,High-premium high-nonrenewal counties,0.9995783242761698,0.9991713470955806,3,High-premium slower-growth counties
41057,Tillamook County,OR,Oregon,,,Moderate,2,Typical lower-premium counties,0.9714033107175591,0.9488717498762462,3,High-premium slower-growth counties
41059,Umatilla County,OR,Oregon,Micro,"Hermiston-Pendleton, OR",Moderate,2,Typical lower-premium counties,0.9979360065788979,0.9962089445032538,3,High-premium slower-growth counties
41061,Union County,OR,Oregon,Micro,"La Grande, OR",Low,2,Typical lower-premium counties,0.9972507865408567,0.9947361553201411,3,High-premium slower-growth counties
41063,Wallowa County,OR,Oregon,,,Very Low,3,High-premium slower-growth counties,0.999999798595918,0.9999995971918392,0,Fast-rising lower-premium counties
41065,Wasco County,OR,Oregon,Micro,"The Dalles, OR",Low,2,Typical lower-premium counties,0.9211580225892094,0.8590883617673263,3,High-premium slower-growth counties
41067,Washington County,OR,Oregon,Metro,"Portland-Vancouver-Hillsboro, OR-WA",High,3,High-premium slower-growth counties,0.9999956783011241,0.9999914167746264,0,Fast-rising lower-premium counties
41069,Wheeler County,OR,Oregon,,,Very Low,2,Typical lower-premium counties,0.9991701985339061,0.9985905855285071,0,Fast-rising lower-premium counties
41071,Yamhill County,OR,Oregon,Metro,"Portland-Vancouver-Hillsboro, OR-WA",Moderate,0,Fast-rising lower-premium counties,0.893399338376274,0.7867986767747369,3,High-premium slower-growth counties
42001,Adams County,PA,Pennsylvania,Metro,"Gettysburg, PA",Low,3,High-premium slower-growth counties,0.999999999277712,0.9999999985554229,0,Fast-rising lower-premium counties
42003,Allegheny County,PA,Pennsylvania,Metro,"Pittsburgh, PA",High,3,High-premium slower-growth counties,0.9999237372469697,0.9998474744939426,0,Fast-rising lower-premium counties
42005,Armstrong County,PA,Pennsylvania,Metro,"Pittsburgh, PA",Low,3,High-premium slower-growth counties,0.999999999999929,0.9999999999998596,0,Fast-rising lower-premium counties
42007,Beaver County,PA,Pennsylvania,Metro,"Pittsburgh, PA",Low,0,Fast-rising lower-premium counties,0.9526209998594813,0.905241999718962,3,High-premium slower-growth counties
42009,Bedford County,PA,Pennsylvania,,,Low,3,High-premium slower-growth counties,0.9999999999999822,0.9999999999999647,0,Fast-rising lower-premium counties
42011,Berks County,PA,Pennsylvania,Metro,"Reading, PA",Moderate,3,High-premium slower-growth counties,0.9999514290798159,0.9999028581596403,0,Fast-rising lower-premium counties
42013,Blair County,PA,Pennsylvania,Metro,"Altoona, PA",Low,3,High-premium slower-growth counties,1.0,0.9999999999999987,0,Fast-rising lower-premium counties
42015,Bradford County,PA,Pennsylvania,Micro,"Sayre, PA",Low,3,High-premium slower-growth counties,0.8774756495386571,0.7549512990773368,0,Fast-rising lower-premium counties
42017,Bucks County,PA,Pennsylvania,Metro,"Philadelphia-Camden-Wilmington, PA-NJ-DE-MD",High,3,High-premium slower-growth counties,0.9999898888897801,0.9999797777795604,0,Fast-rising lower-premium counties
42019,Butler County,PA,Pennsylvania,Metro,"Pittsburgh, PA",Low,3,High-premium slower-growth counties,0.9999901290267097,0.9999802580537349,0,Fast-rising lower-premium counties
42021,Cambria County,PA,Pennsylvania,Metro,"Johnstown, PA",Low,3,High-premium slower-growth counties,0.9999999999999858,0.9999999999999734,0,Fast-rising lower-premium counties
42023,Cameron County,PA,Pennsylvania,,,Very Low,0,Fast-rising lower-premium counties,0.9967665642966123,0.9935331285932255,3,High-premium slower-growth counties
42025,Carbon County,PA,Pennsylvania,Metro,"Allentown-Bethlehem-Easton, PA-NJ",Low,0,Fast-rising lower-premium counties,0.7275595969553995,0.4551191939108242,3,High-premium slower-growth counties
42027,Centre County,PA,Pennsylvania,Metro,"State College, PA",Low,3,High-premium slower-growth counties,0.9999991576321281,0.9999983152656222,0,Fast-rising lower-premium counties
42029,Chester County,PA,Pennsylvania,Metro,"Philadelphia-Camden-Wilmington, PA-NJ-DE-MD",Moderate,3,High-premium slower-growth counties,0.9999611729005956,0.9999223458011992,0,Fast-rising lower-premium counties
42031,Clarion County,PA,Pennsylvania,,,Very Low,3,High-premium slower-growth counties,0.9999999999747047,0.9999999999494096,0,Fast-rising lower-premium counties
42033,Clearfield County,PA,Pennsylvania,Micro,"DuBois, PA",Low,3,High-premium slower-growth counties,0.9999999987703951,0.9999999975407887,0,Fast-rising lower-premium counties
42035,Clinton County,PA,Pennsylvania,Micro,"Lock Haven, PA",Low,3,High-premium slower-growth counties,0.9999862451196269,0.9999752562131417,2,Typical lower-premium counties
42037,Columbia County,PA,Pennsylvania,Metro,"Bloomsburg-Berwick, PA",Low,0,Fast-rising lower-premium counties,0.9704519019259559,0.9409038038519107,3,High-premium slower-growth counties
42039,Crawford County,PA,Pennsylvania,Micro,"Meadville, PA",Low,3,High-premium slower-growth counties,0.8387980625291025,0.6775961250582052,0,Fast-rising lower-premium counties
42041,Cumberland County,PA,Pennsylvania,Metro,"Harrisburg-Carlisle, PA",Moderate,3,High-premium slower-growth counties,0.9999644917286058,0.9999289834572205,0,Fast-rising lower-premium counties
42043,Dauphin County,PA,Pennsylvania,Metro,"Harrisburg-Carlisle, PA",Moderate,3,High-premium slower-growth counties,0.9999967168011283,0.9999934336030684,0,Fast-rising lower-premium counties
42045,Delaware County,PA,Pennsylvania,Metro,"Philadelphia-Camden-Wilmington, PA-NJ-DE-MD",Moderate,3,High-premium slower-growth counties,0.9999999905363275,0.9999999810726564,0,Fast-rising lower-premium counties
42047,Elk County,PA,Pennsylvania,,,Low,3,High-premium slower-growth counties,0.9999999999274998,0.9999999998549999,0,Fast-rising lower-premium counties
42049,Erie County,PA,Pennsylvania,Metro,"Erie, PA",Moderate,3,High-premium slower-growth counties,0.9999995999522168,0.9999991999044345,0,Fast-rising lower-premium counties
42051,Fayette County,PA,Pennsylvania,Metro,"Pittsburgh, PA",Moderate,0,Fast-rising lower-premium counties,0.8752388694211127,0.7504777388422297,3,High-premium slower-growth counties
42053,Forest County,PA,Pennsylvania,,,Very Low,3,High-premium slower-growth counties,0.9999999999287255,0.9999999998574516,0,Fast-rising lower-premium counties
42055,Franklin County,PA,Pennsylvania,Metro,"Chambersburg-Waynesboro, PA",Low,3,High-premium slower-growth counties,0.9999999999999964,0.9999999999999922,0,Fast-rising lower-premium counties
42057,Fulton County,PA,Pennsylvania,,,Very Low,3,High-premium slower-growth counties,0.9999999998015454,0.9999999996030925,0,Fast-rising lower-premium counties
42059,Greene County,PA,Pennsylvania,,,Low,0,Fast-rising lower-premium counties,0.9584035442042322,0.9168070884093874,3,High-premium slower-growth counties
42061,Huntingdon County,PA,Pennsylvania,Micro,"Huntingdon, PA",Low,3,High-premium slower-growth counties,0.99999999998089,0.9999999999617807,0,Fast-rising lower-premium counties
42063,Indiana County,PA,Pennsylvania,Micro,"Indiana, PA",Low,3,High-premium slower-growth counties,0.9999954096052356,0.9999908192114793,0,Fast-rising lower-premium counties
42065,Jefferson County,PA,Pennsylvania,,,Low,3,High-premium slower-growth counties,0.9999999999999822,0.9999999999999647,0,Fast-rising lower-premium counties
42067,Juniata County,PA,Pennsylvania,,,Very Low,3,High-premium slower-growth counties,0.9999999999994849,0.9999999999989679,0,Fast-rising lower-premium counties
42069,Lackawanna County,PA,Pennsylvania,Metro,"Scranton--Wilkes-Barre--Hazleton, PA",Moderate,3,High-premium slower-growth counties,0.9999587595132474,0.999917519026528,0,Fast-rising lower-premium counties
42071,Lancaster County,PA,Pennsylvania,Metro,"Lancaster, PA",High,3,High-premium slower-growth counties,0.9999997299568344,0.9999994599136868,0,Fast-rising lower-premium counties
42073,Lawrence County,PA,Pennsylvania,Micro,"New Castle, PA",Low,0,Fast-rising lower-premium counties,0.9495019688246932,0.8990039376493885,3,High-premium slower-growth counties
42075,Lebanon County,PA,Pennsylvania,Metro,"Lebanon, PA",Low,3,High-premium slower-growth counties,0.9999814299641671,0.9999628599283806,0,Fast-rising lower-premium counties
42077,Lehigh County,PA,Pennsylvania,Metro,"Allentown-Bethlehem-Easton, PA-NJ",Moderate,3,High-premium slower-growth counties,0.9999982053545412,0.9999964107096204,0,Fast-rising lower-premium counties
42079,Luzerne County,PA,Pennsylvania,Metro,"Scranton--Wilkes-Barre--Hazleton, PA",Moderate,3,High-premium slower-growth counties,0.9999945455422545,0.9999890910854302,0,Fast-rising lower-premium counties
42081,Lycoming County,PA,Pennsylvania,Metro,"Williamsport, PA",Low,3,High-premium slower-growth counties,0.9999999999999964,0.9999999999999915,0,Fast-rising lower-premium counties
42083,McKean County,PA,Pennsylvania,Micro,"Bradford, PA",Low,3,High-premium slower-growth counties,0.9999967107379699,0.9999941450549362,4,High-premium high-nonrenewal counties
42085,Mercer County,PA,Pennsylvania,Metro,"Youngstown-Warren-Boardman, OH-PA",Low,3,High-premium slower-growth counties,0.9999995468580064,0.9999990937160461,0,Fast-rising lower-premium counties
42087,Mifflin County,PA,Pennsylvania,Micro,"Lewistown, PA",Low,3,High-premium slower-growth counties,1.0,0.9999999999999997,0,Fast-rising lower-premium counties
42089,Monroe County,PA,Pennsylvania,Metro,"East Stroudsburg, PA",Moderate,0,Fast-rising lower-premium counties,0.6854106956271987,0.3708213912543963,3,High-premium slower-growth counties
42091,Montgomery County,PA,Pennsylvania,Metro,"Philadelphia-Camden-Wilmington, PA-NJ-DE-MD",High,3,High-premium slower-growth counties,0.9999966566407898,0.9999933132816399,0,Fast-rising lower-premium counties
42093,Montour County,PA,Pennsylvania,Metro,"Bloomsburg-Berwick, PA",Very Low,3,High-premium slower-growth counties,0.9999883919470566,0.9999767838947756,0,Fast-rising lower-premium counties
42095,Northampton County,PA,Pennsylvania,Metro,"Allentown-Bethlehem-Easton, PA-NJ",Moderate,3,High-premium slower-growth counties,0.9999989218778417,0.9999978437574883,0,Fast-rising lower-premium counties
42097,Northumberland County,PA,Pennsylvania,Micro,"Sunbury, PA",Low,3,High-premium slower-growth counties,0.9999999999607851,0.9999999999215686,0,Fast-rising lower-premium counties
42099,Perry County,PA,Pennsylvania,Metro,"Harrisburg-Carlisle, PA",Low,3,High-premium slower-growth counties,0.9999947948711745,0.9999895897427321,0,Fast-rising lower-premium counties
42101,Philadelphia County,PA,Pennsylvania,Metro,"Philadelphia-Camden-Wilmington, PA-NJ-DE-MD",Very High,3,High-premium slower-growth counties,0.9999999726498533,0.999999945299985,0,Fast-rising lower-premium counties
42103,Pike County,PA,Pennsylvania,Metro,"New York-Newark-Jersey City, NY-NJ-PA",Low,3,High-premium slower-growth counties,0.9999773239099917,0.999954647820063,0,Fast-rising lower-premium counties
42105,Potter County,PA,Pennsylvania,,,Very Low,3,High-premium slower-growth counties,0.8551541929173488,0.7252733683130561,4,High-premium high-nonrenewal counties
42107,Schuylkill County,PA,Pennsylvania,Micro,"Pottsville, PA",Moderate,0,Fast-rising lower-premium counties,0.9602092746431555,0.9204185492863114,3,High-premium slower-growth counties
42109,Snyder County,PA,Pennsylvania,Micro,"Selinsgrove, PA",Low,3,High-premium slower-growth counties,0.9999997954555933,0.9999995909112425,0,Fast-rising lower-premium counties
42111,Somerset County,PA,Pennsylvania,Micro,"Somerset, PA",Low,3,High-premium slower-growth counties,0.9989754257728433,0.9979508515456883,0,Fast-rising lower-premium counties
42113,Sullivan County,PA,Pennsylvania,,,Very Low,3,High-premium slower-growth counties,0.9999999636183652,0.9999999272368764,0,Fast-rising lower-premium counties
42115,Susquehanna County,PA,Pennsylvania,,,Low,0,Fast-rising lower-premium counties,0.970871691874932,0.9417433837498655,3,High-premium slower-growth counties
42117,Tioga County,PA,Pennsylvania,,,Low,3,High-premium slower-growth counties,0.9987700375178015,0.9975400750356072,0,Fast-rising lower-premium counties
42119,Union County,PA,Pennsylvania,Micro,"Lewisburg, PA",Low,3,High-premium slower-growth counties,1.0,1.0,2,Typical lower-premium counties
42121,Venango County,PA,Pennsylvania,Micro,"Oil City, PA",Low,3,High-premium slower-growth counties,0.999999998679904,0.999999997359807,0,Fast-rising lower-premium counties
42123,Warren County,PA,Pennsylvania,Micro,"Warren, PA",Low,3,High-premium slower-growth counties,0.9999997857576356,0.9999995843185903,4,High-premium high-nonrenewal counties
42125,Washington County,PA,Pennsylvania,Metro,"Pittsburgh, PA",Moderate,3,High-premium slower-growth counties,0.9999761247776865,0.9999522495554902,0,Fast-rising lower-premium counties
42127,Wayne County,PA,Pennsylvania,,,Low,3,High-premium slower-growth counties,0.9999534384051317,0.9999068768102692,0,Fast-rising lower-premium counties
42129,Westmoreland County,PA,Pennsylvania,Metro,"Pittsburgh, PA",Moderate,3,High-premium slower-growth counties,0.9999994601129388,0.9999989202258768,0,Fast-rising lower-premium counties
42131,Wyoming County,PA,Pennsylvania,Metro,"Scranton--Wilkes-Barre--Hazleton, PA",Low,3,High-premium slower-growth counties,0.6090704911717384,0.44044131692187644,2,Typical lower-premium counties
42133,York County,PA,Pennsylvania,Metro,"York-Hanover, PA",Moderate,3,High-premium slower-growth counties,0.9999983115010211,0.9999966230039848,0,Fast-rising lower-premium counties
44001,Bristol County,RI,Rhode Island,Metro,"Providence-Warwick, RI-MA",Very Low,3,High-premium slower-growth counties,0.9999980394396494,0.9999960794558035,0,Fast-rising lower-premium counties
44003,Kent County,RI,Rhode Island,Metro,"Providence-Warwick, RI-MA",Low,1,Stable low-volatility insurance counties,0.9912434265225603,0.9824868531304831,3,High-premium slower-growth counties
44005,Newport County,RI,Rhode Island,Metro,"Providence-Warwick, RI-MA",Very Low,3,High-premium slower-growth counties,0.883282978941004,0.7665663801875824,4,High-premium high-nonrenewal counties
44007,Providence County,RI,Rhode Island,Metro,"Providence-Warwick, RI-MA",Moderate,1,Stable low-volatility insurance counties,0.9918573316412079,0.9837146633989432,3,High-premium slower-growth counties
44009,Washington County,RI,Rhode Island,Metro,"Providence-Warwick, RI-MA",Low,2,Typical lower-premium counties,0.9942042933527631,0.988560793494031,3,High-premium slower-growth counties
45001,Abbeville County,SC,South Carolina,Micro,"Greenwood, SC",Low,2,Typical lower-premium counties,0.9962013134351103,0.9942143178257291,3,High-premium slower-growth counties
45003,Aiken County,SC,South Carolina,Metro,"Augusta-Richmond County, GA-SC",Moderate,0,Fast-rising lower-premium counties,0.9686428689516815,0.9372857380399803,3,High-premium slower-growth counties
45005,Allendale County,SC,South Carolina,,,Very Low,2,Typical lower-premium counties,0.9990475512152808,0.9983509697867529,0,Fast-rising lower-premium counties
45007,Anderson County,SC,South Carolina,Metro,"Greenville-Anderson-Mauldin, SC",Moderate,0,Fast-rising lower-premium counties,0.7896489737046655,0.5792979474302984,3,High-premium slower-growth counties
45009,Bamberg County,SC,South Carolina,,,Low,2,Typical lower-premium counties,0.9719245903033067,0.9535441013438454,0,Fast-rising lower-premium counties
45011,Barnwell County,SC,South Carolina,,,Low,2,Typical lower-premium counties,0.9968692531118428,0.9942514567451249,3,High-premium slower-growth counties
45013,Beaufort County,SC,South Carolina,Metro,"Hilton Head Island-Bluffton-Beaufort, SC",High,3,High-premium slower-growth counties,0.6894560915792076,0.37893242026563645,4,High-premium high-nonrenewal counties
45015,Berkeley County,SC,South Carolina,Metro,"Charleston-North Charleston, SC",High,4,High-premium high-nonrenewal counties,0.9807066623350346,0.9666908499714707,3,High-premium slower-growth counties
45017,Calhoun County,SC,South Carolina,Metro,"Columbia, SC",Very Low,0,Fast-rising lower-premium counties,0.9861097738176916,0.9722195476353831,3,High-premium slower-growth counties
45019,Charleston County,SC,South Carolina,Metro,"Charleston-North Charleston, SC",High,3,High-premium slower-growth counties,1.0,1.0,0,Fast-rising lower-premium counties
45021,Cherokee County,SC,South Carolina,Micro,"Gaffney, SC",Low,2,Typical lower-premium counties,0.9840339382785818,0.9697128205815032,3,High-premium slower-growth counties
45023,Chester County,SC,South Carolina,Metro,"Charlotte-Concord-Gastonia, NC-SC",Low,2,Typical lower-premium counties,0.9989441959850907,0.9982044570734718,3,High-premium slower-growth counties
45025,Chesterfield County,SC,South Carolina,,,Low,2,Typical lower-premium counties,0.9860321365742649,0.9748316162796962,0,Fast-rising lower-premium counties
45027,Clarendon County,SC,South Carolina,,,Low,1,Stable low-volatility insurance counties,0.9995392870550747,0.999082087310549,3,High-premium slower-growth counties
45029,Colleton County,SC,South Carolina,,,Moderate,4,High-premium high-nonrenewal counties,0.964835554064352,0.9353183503353686,3,High-premium slower-growth counties
45031,Darlington County,SC,South Carolina,Metro,"Florence, SC",Low,2,Typical lower-premium counties,0.9975423696652984,0.9954955883496863,3,High-premium slower-growth counties
45033,Dillon County,SC,South Carolina,,,Moderate,2,Typical lower-premium counties,0.9911330642014298,0.9848777795892442,0,Fast-rising lower-premium counties
45035,Dorchester County,SC,South Carolina,Metro,"Charleston-North Charleston, SC",Moderate,4,High-premium high-nonrenewal counties,0.8764613893573414,0.7604625097634764,3,High-premium slower-growth counties
45037,Edgefield County,SC,South Carolina,Metro,"Augusta-Richmond County, GA-SC",Very Low,0,Fast-rising lower-premium counties,0.887909924099716,0.775819848200027,3,High-premium slower-growth counties
45039,Fairfield County,SC,South Carolina,Metro,"Columbia, SC",Very Low,2,Typical lower-premium counties,0.9940188601058212,0.9886747292549894,3,High-premium slower-growth counties
45041,Florence County,SC,South Carolina,Metro,"Florence, SC",Moderate,2,Typical lower-premium counties,0.9944689953231336,0.991593716765863,0,Fast-rising lower-premium counties
45043,Georgetown County,SC,South Carolina,Micro,"Georgetown, SC",Moderate,4,High-premium high-nonrenewal counties,0.8834297116287194,0.7671424719003641,3,High-premium slower-growth counties
45045,Greenville County,SC,South Carolina,Metro,"Greenville-Anderson-Mauldin, SC",Moderate,0,Fast-rising lower-premium counties,0.8446583737982645,0.6893167475977696,3,High-premium slower-growth counties
45047,Greenwood County,SC,South Carolina,Micro,"Greenwood, SC",Low,2,Typical lower-premium counties,0.9795845625104297,0.9605448064092553,3,High-premium slower-growth counties
45049,Hampton County,SC,South Carolina,,,Low,4,High-premium high-nonrenewal counties,0.9931532910939289,0.9887444885526147,2,Typical lower-premium counties
45051,Horry County,SC,South Carolina,Metro,"Myrtle Beach-Conway-North Myrtle Beach, SC-NC",High,3,High-premium slower-growth counties,0.9999992490612839,0.9999985000408177,4,High-premium high-nonrenewal counties
45053,Jasper County,SC,South Carolina,Metro,"Hilton Head Island-Bluffton-Beaufort, SC",Low,4,High-premium high-nonrenewal counties,0.8994514286574244,0.8054506577173542,3,High-premium slower-growth counties
45055,Kershaw County,SC,South Carolina,Metro,"Columbia, SC",Low,0,Fast-rising lower-premium counties,0.9883512386122798,0.9767024772269076,3,High-premium slower-growth counties
45057,Lancaster County,SC,South Carolina,Metro,"Charlotte-Concord-Gastonia, NC-SC",Low,0,Fast-rising lower-premium counties,0.9498547594968509,0.8997095189984377,3,High-premium slower-growth counties
45059,Laurens County,SC,South Carolina,Metro,"Greenville-Anderson-Mauldin, SC",Low,2,Typical lower-premium counties,0.9931586946721149,0.9865869649041267,3,High-premium slower-growth counties
45061,Lee County,SC,South Carolina,,,Very Low,1,Stable low-volatility insurance counties,0.9998164678953976,0.9996332706873365,3,High-premium slower-growth counties
45063,Lexington County,SC,South Carolina,Metro,"Columbia, SC",Moderate,0,Fast-rising lower-premium counties,0.9724268985897752,0.9448537972422583,3,High-premium slower-growth counties
45065,McCormick County,SC,South Carolina,,,Very Low,2,Typical lower-premium counties,0.9969293541199561,0.9945168084882006,0,Fast-rising lower-premium counties
45067,Marion County,SC,South Carolina,,,Low,4,High-premium high-nonrenewal counties,0.9908284631394816,0.9817852115205554,3,High-premium slower-growth counties
45069,Marlboro County,SC,South Carolina,Micro,"Bennettsville, SC",Low,3,High-premium slower-growth counties,0.9999999988823269,0.9999999977646548,0,Fast-rising lower-premium counties
45071,Newberry County,SC,South Carolina,Micro,"Newberry, SC",Low,2,Typical lower-premium counties,0.9979483021492973,0.9964391809920184,3,High-premium slower-growth counties
45073,Oconee County,SC,South Carolina,Micro,"Seneca, SC",Moderate,3,High-premium slower-growth counties,0.9999998571294486,0.9999997153309302,0,Fast-rising lower-premium counties
45075,Orangeburg County,SC,South Carolina,Micro,"Orangeburg, SC",Moderate,2,Typical lower-premium counties,0.993733935779798,0.9897205789147313,3,High-premium slower-growth counties
45077,Pickens County,SC,South Carolina,Metro,"Greenville-Anderson-Mauldin, SC",Low,2,Typical lower-premium counties,0.9958298256074651,0.991986883005397,3,High-premium slower-growth counties
45079,Richland County,SC,South Carolina,Metro,"Columbia, SC",Moderate,1,Stable low-volatility insurance counties,0.9999279090800981,0.9998560856000684,3,High-premium slower-growth counties
45081,Saluda County,SC,South Carolina,Metro,"Columbia, SC",Very Low,2,Typical lower-premium counties,0.9914931995533138,0.9866804318521185,0,Fast-rising lower-premium counties
45083,Spartanburg County,SC,South Carolina,Metro,"Spartanburg, SC",Moderate,0,Fast-rising lower-premium counties,0.7429433656551975,0.48588673134852367,3,High-premium slower-growth counties
45085,Sumter County,SC,South Carolina,Metro,"Sumter, SC",Moderate,2,Typical lower-premium counties,0.9965260067236538,0.99433111066806,0,Fast-rising lower-premium counties
45087,Union County,SC,South Carolina,Metro,"Spartanburg, SC",Low,2,Typical lower-premium counties,0.5846728398720128,0.17134163450890172,3,High-premium slower-growth counties
45089,Williamsburg County,SC,South Carolina,,,Moderate,4,High-premium high-nonrenewal counties,0.9051010472427632,0.8431782806070554,2,Typical lower-premium counties
45091,York County,SC,South Carolina,Metro,"Charlotte-Concord-Gastonia, NC-SC",Moderate,2,Typical lower-premium counties,0.9900949671190175,0.9807210348901719,3,High-premium slower-growth counties
46003,Aurora County,SD,South Dakota,,,Very Low,2,Typical lower-premium counties,0.9731859354638691,0.950928960174472,0,Fast-rising lower-premium counties
46005,Beadle County,SD,South Dakota,Micro,"Huron, SD",Low,0,Fast-rising lower-premium counties,0.9726282133729525,0.9452577864269305,3,High-premium slower-growth counties
46007,Bennett County,SD,South Dakota,,,Very Low,2,Typical lower-premium counties,0.9993528124002479,0.999003179756744,0,Fast-rising lower-premium counties
46009,Bon Homme County,SD,South Dakota,,,Very Low,4,High-premium high-nonrenewal counties,0.9919785203848583,0.9851154888093155,2,Typical lower-premium counties
46011,Brookings County,SD,South Dakota,Micro,"Brookings, SD",Low,3,High-premium slower-growth counties,0.9195291494421975,0.8754955379221482,0,Fast-rising lower-premium counties
46013,Brown County,SD,South Dakota,Micro,"Aberdeen, SD",Low,1,Stable low-volatility insurance counties,0.9135692351139851,0.8271405460903907,3,High-premium slower-growth counties
46015,Brule County,SD,South Dakota,,,Low,2,Typical lower-premium counties,0.9998170780168654,0.999732772180549,0,Fast-rising lower-premium counties
46017,Buffalo County,SD,South Dakota,,,Very Low,2,Typical lower-premium counties,0.9998170780168654,0.999732772180549,0,Fast-rising lower-premium counties
46019,Butte County,SD,South Dakota,,,Very Low,4,High-premium high-nonrenewal counties,0.9989756462878393,0.9979541840535814,3,High-premium slower-growth counties
46021,Campbell County,SD,South Dakota,,,Very Low,4,High-premium high-nonrenewal counties,0.9995823761899834,0.9991711406731209,3,High-premium slower-growth counties
46023,Charles Mix County,SD,South Dakota,,,Low,4,High-premium high-nonrenewal counties,0.9990064092936246,0.9980193897090577,3,High-premium slower-growth counties
46025,Clark County,SD,South Dakota,,,Very Low,2,Typical lower-premium counties,0.9973481958233558,0.9951345952541568,0,Fast-rising lower-premium counties
46027,Clay County,SD,South Dakota,Micro,"Vermillion, SD",Very Low,3,High-premium slower-growth counties,0.7192352798731888,0.44505225626297046,2,Typical lower-premium counties
46029,Codington County,SD,South Dakota,Micro,"Watertown, SD",Low,2,Typical lower-premium counties,0.5489291592641488,0.13609767914562315,3,High-premium slower-growth counties
46031,Corson County,SD,South Dakota,,,Very Low,2,Typical lower-premium counties,0.5075867917961069,0.07333563581571534,4,High-premium high-nonrenewal counties
46033,Custer County,SD,South Dakota,Metro,"Rapid City, SD",Very Low,3,High-premium slower-growth counties,0.9962226748673066,0.9930918751261498,2,Typical lower-premium counties
46035,Davison County,SD,South Dakota,Micro,"Mitchell, SD",Very Low,2,Typical lower-premium counties,0.8907480330561628,0.782709284334312,3,High-premium slower-growth counties
46037,Day County,SD,South Dakota,,,Very Low,4,High-premium high-nonrenewal counties,0.9993038679701861,0.9989571130877405,3,High-premium slower-growth counties
46039,Deuel County,SD,South Dakota,,,Very Low,2,Typical lower-premium counties,0.9983784504136995,0.9972474135461258,0,Fast-rising lower-premium counties
46041,Dewey County,SD,South Dakota,,,Low,4,High-premium high-nonrenewal counties,0.9919785203848583,0.9851154888093155,2,Typical lower-premium counties
46043,Douglas County,SD,South Dakota,,,Very Low,0,Fast-rising lower-premium counties,0.9386702188945194,0.8773404769843445,3,High-premium slower-growth counties
46045,Edmunds County,SD,South Dakota,Micro,"Aberdeen, SD",Very Low,2,Typical lower-premium counties,0.9983547789309947,0.9971849220711512,0,Fast-rising lower-premium counties
46047,Fall River County,SD,South Dakota,,,Very Low,4,High-premium high-nonrenewal counties,0.6276256488912692,0.2576895815635352,3,High-premium slower-growth counties
46049,Faulk County,SD,South Dakota,,,Very Low,4,High-premium high-nonrenewal counties,0.9985786342642075,0.997836990892034,3,High-premium slower-growth counties
46051,Grant County,SD,South Dakota,,,Very Low,1,Stable low-volatility insurance counties,0.9999892361927177,0.9999785331599296,3,High-premium slower-growth counties
46053,Gregory County,SD,South Dakota,,,Very Low,4,High-premium high-nonrenewal counties,0.993465659270748,0.9869314327642222,3,High-premium slower-growth counties
46055,Haakon County,SD,South Dakota,,,Very Low,4,High-premium high-nonrenewal counties,0.9948497526064815,0.9900808521912725,2,Typical lower-premium counties
46057,Hamlin County,SD,South Dakota,,,Very Low,2,Typical lower-premium counties,0.999030711389827,0.9982748189281796,0,Fast-rising lower-premium counties
46059,Hand County,SD,South Dakota,,,Very Low,0,Fast-rising lower-premium counties,0.8967215482358213,0.7934459350417209,3,High-premium slower-growth counties
46061,Hanson County,SD,South Dakota,Micro,"Mitchell, SD",Very Low,2,Typical lower-premium counties,0.9995624458538244,0.9992417842733531,0,Fast-rising lower-premium counties
46063,Harding County,SD,South Dakota,,,Very Low,3,High-premium slower-growth counties,0.9999999251761152,0.99999985035223,0,Fast-rising lower-premium counties
46065,Hughes County,SD,South Dakota,Micro,"Pierre, SD",Very Low,2,Typical lower-premium counties,0.9944793411344187,0.9915891134163048,3,High-premium slower-growth counties
46067,Hutchinson County,SD,South Dakota,,,Low,3,High-premium slower-growth counties,1.0,1.0,0,Fast-rising lower-premium counties
46069,Hyde County,SD,South Dakota,,,Very Low,0,Fast-rising lower-premium counties,0.9185918022898311,0.8371836045796613,3,High-premium slower-growth counties
46071,Jackson County,SD,South Dakota,,,Very Low,0,Fast-rising lower-premium counties,0.9967790772073648,0.9935581544147302,3,High-premium slower-growth counties
46073,Jerauld County,SD,South Dakota,,,Very Low,0,Fast-rising lower-premium counties,0.9856235802740313,0.9712475860851003,3,High-premium slower-growth counties
46075,Jones County,SD,South Dakota,,,Very Low,0,Fast-rising lower-premium counties,0.5138294374641118,0.06997807516246163,2,Typical lower-premium counties
46077,Kingsbury County,SD,South Dakota,,,Very Low,2,Typical lower-premium counties,0.9981061053041609,0.9968283574214394,0,Fast-rising lower-premium counties
46079,Lake County,SD,South Dakota,,,Very Low,4,High-premium high-nonrenewal counties,0.6939573369266105,0.3894542976293506,3,High-premium slower-growth counties
46081,Lawrence County,SD,South Dakota,Micro,"Spearfish, SD",Low,1,Stable low-volatility insurance counties,0.9815348998250563,0.9630700318600963,3,High-premium slower-growth counties
46083,Lincoln County,SD,South Dakota,Metro,"Sioux Falls, SD",Low,3,High-premium slower-growth counties,1.0,0.9999999999999997,1,Stable low-volatility insurance counties
46085,Lyman County,SD,South Dakota,,,Very Low,0,Fast-rising lower-premium counties,0.9974455597428461,0.9948911194856923,3,High-premium slower-growth counties
46087,McCook County,SD,South Dakota,Metro,"Sioux Falls, SD",Low,2,Typical lower-premium counties,0.9996333410644462,0.9993759030890361,0,Fast-rising lower-premium counties
46089,McPherson County,SD,South Dakota,,,Very Low,1,Stable low-volatility insurance counties,0.9999892361927177,0.9999785331599296,3,High-premium slower-growth counties
46091,Marshall County,SD,South Dakota,,,Very Low,2,Typical lower-premium counties,0.9996435133942585,0.9994471437377243,0,Fast-rising lower-premium counties
46093,Meade County,SD,South Dakota,Metro,"Rapid City, SD",Low,3,High-premium slower-growth counties,0.5759698922924141,0.15332659000791576,2,Typical lower-premium counties
46095,Mellette County,SD,South Dakota,,,Very Low,3,High-premium slower-growth counties,0.9999999151263879,0.9999998302527766,0,Fast-rising lower-premium counties
46097,Miner County,SD,South Dakota,,,Very Low,4,High-premium high-nonrenewal counties,0.9995887156428983,0.9991910006918507,3,High-premium slower-growth counties
46099,Minnehaha County,SD,South Dakota,Metro,"Sioux Falls, SD",Moderate,1,Stable low-volatility insurance counties,0.9945620785319094,0.9891242142431522,3,High-premium slower-growth counties
46101,Moody County,SD,South Dakota,,,Very Low,1,Stable low-volatility insurance counties,0.9936792984857572,0.9873587686232015,3,High-premium slower-growth counties
46102,Oglala Lakota County,SD,South Dakota,,,Low,0,Fast-rising lower-premium counties,0.9983022460536434,0.9966044921072857,3,High-premium slower-growth counties
46103,Pennington County,SD,South Dakota,Metro,"Rapid City, SD",Low,3,High-premium slower-growth counties,0.9346000055246537,0.8733749895189187,2,Typical lower-premium counties
46105,Perkins County,SD,South Dakota,,,Very Low,4,High-premium high-nonrenewal counties,0.9877392905830709,0.9794127860157746,3,High-premium slower-growth counties
46107,Potter County,SD,South Dakota,,,Very Low,0,Fast-rising lower-premium counties,0.9963700341326736,0.9927400682653459,3,High-premium slower-growth counties
46109,Roberts County,SD,South Dakota,,,Very Low,3,High-premium slower-growth counties,0.9999999706328357,0.9999999412656767,0,Fast-rising lower-premium counties
46111,Sanborn County,SD,South Dakota,,,Very Low,2,Typical lower-premium counties,0.9964964871241572,0.9938649511483011,0,Fast-rising lower-premium counties
46115,Spink County,SD,South Dakota,,,Very Low,3,High-premium slower-growth counties,0.9852521792901483,0.9710306426059606,2,Typical lower-premium counties
46117,Stanley County,SD,South Dakota,Micro,"Pierre, SD",Very Low,4,High-premium high-nonrenewal counties,0.8454769000721725,0.6974023979696855,3,High-premium slower-growth counties
46119,Sully County,SD,South Dakota,Micro,"Pierre, SD",Very Low,4,High-premium high-nonrenewal counties,0.9955808074800737,0.9911617159068886,3,High-premium slower-growth counties
46121,Todd County,SD,South Dakota,,,Very Low,4,High-premium high-nonrenewal counties,0.9426845801742703,0.887763055745246,2,Typical lower-premium counties
46123,Tripp County,SD,South Dakota,,,Very Low,4,High-premium high-nonrenewal counties,0.5851525013316289,0.17926785304081094,3,High-premium slower-growth counties
46125,Turner County,SD,South Dakota,Metro,"Sioux Falls, SD",Very Low,1,Stable low-volatility insurance counties,0.8725109274053868,0.7450218738043396,3,High-premium slower-growth counties
46127,Union County,SD,South Dakota,Metro,"Sioux City, IA-NE-SD",Very Low,1,Stable low-volatility insurance counties,0.9868267566342315,0.9736537067899774,3,High-premium slower-growth counties
46129,Walworth County,SD,South Dakota,,,Very Low,4,High-premium high-nonrenewal counties,0.9997290220248753,0.9994752676978718,3,High-premium slower-growth counties
46135,Yankton County,SD,South Dakota,Micro,"Yankton, SD",Low,2,Typical lower-premium counties,0.9993724496335544,0.9990066229569645,0,Fast-rising lower-premium counties
46137,Ziebach County,SD,South Dakota,,,Very Low,2,Typical lower-premium counties,0.7547712082060809,0.5265794889508351,0,Fast-rising lower-premium counties
47001,Anderson County,TN,Tennessee,Metro,"Knoxville, TN",Low,2,Typical lower-premium counties,0.996849020746065,0.9938240745817749,3,High-premium slower-growth counties
47003,Bedford County,TN,Tennessee,Micro,"Shelbyville, TN",Low,2,Typical lower-premium counties,0.9994925715191019,0.9992397141957591,3,High-premium slower-growth counties
47005,Benton County,TN,Tennessee,,,Very Low,2,Typical lower-premium counties,0.9983990951581643,0.9974497566214626,3,High-premium slower-growth counties
47007,Bledsoe County,TN,Tennessee,,,Very Low,2,Typical lower-premium counties,0.9995600567532811,0.9993423212665608,3,High-premium slower-growth counties
47009,Blount County,TN,Tennessee,Metro,"Knoxville, TN",Low,2,Typical lower-premium counties,0.9996737860063808,0.9993907488832436,3,High-premium slower-growth counties
47011,Bradley County,TN,Tennessee,Metro,"Cleveland, TN",Low,2,Typical lower-premium counties,0.99238046306061,0.9849711533231978,3,High-premium slower-growth counties
47013,Campbell County,TN,Tennessee,Metro,"Knoxville, TN",Low,2,Typical lower-premium counties,0.9982380941406819,0.9965352235431744,3,High-premium slower-growth counties
47015,Cannon County,TN,Tennessee,Metro,"Nashville-Davidson--Murfreesboro--Franklin, TN",Very Low,1,Stable low-volatility insurance counties,0.9999567523865818,0.9999135768968871,3,High-premium slower-growth counties
47017,Carroll County,TN,Tennessee,,,Low,1,Stable low-volatility insurance counties,0.9999697976916744,0.9999396378071318,3,High-premium slower-growth counties
47019,Carter County,TN,Tennessee,Metro,"Johnson City, TN",Low,1,Stable low-volatility insurance counties,0.9965508536955325,0.9931018343443447,3,High-premium slower-growth counties
47021,Cheatham County,TN,Tennessee,Metro,"Nashville-Davidson--Murfreesboro--Franklin, TN",Low,2,Typical lower-premium counties,0.9981444682748785,0.9969876391954839,3,High-premium slower-growth counties
47023,Chester County,TN,Tennessee,Metro,"Jackson, TN",Low,2,Typical lower-premium counties,0.9996852063682437,0.9995355776932027,3,High-premium slower-growth counties
47025,Claiborne County,TN,Tennessee,,,Low,2,Typical lower-premium counties,0.9995376524256988,0.9992952419326989,3,High-premium slower-growth counties
47027,Clay County,TN,Tennessee,,,Very Low,0,Fast-rising lower-premium counties,0.9877185767878223,0.9754371547555405,3,High-premium slower-growth counties
47029,Cocke County,TN,Tennessee,Micro,"Newport, TN",Low,2,Typical lower-premium counties,0.9650767703513933,0.9302624990884371,3,High-premium slower-growth counties
47031,Coffee County,TN,Tennessee,Micro,"Tullahoma-Manchester, TN",Low,2,Typical lower-premium counties,0.9994646066799346,0.9991846486124918,4,High-premium high-nonrenewal counties
47033,Crockett County,TN,Tennessee,Metro,"Jackson, TN",Low,2,Typical lower-premium counties,0.9884099861325126,0.9819639141424064,4,High-premium high-nonrenewal counties
47035,Cumberland County,TN,Tennessee,Micro,"Crossville, TN",Low,2,Typical lower-premium counties,0.9992816623815063,0.9987179501512568,3,High-premium slower-growth counties
47037,Davidson County,TN,Tennessee,Metro,"Nashville-Davidson--Murfreesboro--Franklin, TN",High,1,Stable low-volatility insurance counties,0.9999823567947145,0.999964743552781,3,High-premium slower-growth counties
47039,Decatur County,TN,Tennessee,,,Very Low,2,Typical lower-premium counties,0.9939894646496928,0.9907698403394176,3,High-premium slower-growth counties
47041,DeKalb County,TN,Tennessee,,,Very Low,2,Typical lower-premium counties,0.9988132752767678,0.99830133643859,3,High-premium slower-growth counties
47043,Dickson County,TN,Tennessee,Metro,"Nashville-Davidson--Murfreesboro--Franklin, TN",Low,2,Typical lower-premium counties,0.9997605039919294,0.9996201211111292,3,High-premium slower-growth counties
47045,Dyer County,TN,Tennessee,Micro,"Dyersburg, TN",Moderate,2,Typical lower-premium counties,0.9990536925009389,0.998382378334891,3,High-premium slower-growth counties
47047,Fayette County,TN,Tennessee,Metro,"Memphis, TN-MS-AR",Low,2,Typical lower-premium counties,0.954437603213572,0.9111478331620743,3,High-premium slower-growth counties
47049,Fentress County,TN,Tennessee,,,Very Low,3,High-premium slower-growth counties,0.9999999999832099,0.9999999999664211,0,Fast-rising lower-premium counties
47051,Franklin County,TN,Tennessee,Micro,"Tullahoma-Manchester, TN",Low,1,Stable low-volatility insurance counties,0.9999501733402862,0.9999005012424633,3,High-premium slower-growth counties
47053,Gibson County,TN,Tennessee,,,Moderate,1,Stable low-volatility insurance counties,0.9995480145161665,0.9990969213323192,3,High-premium slower-growth counties
47055,Giles County,TN,Tennessee,,,Low,1,Stable low-volatility insurance counties,0.999936235222579,0.9998724829295959,3,High-premium slower-growth counties
47057,Grainger County,TN,Tennessee,Metro,"Knoxville, TN",Very Low,2,Typical lower-premium counties,0.9940912861123569,0.988317414342849,3,High-premium slower-growth counties
47059,Greene County,TN,Tennessee,Micro,"Greeneville, TN",Low,2,Typical lower-premium counties,0.9979803930860639,0.99633388299454,3,High-premium slower-growth counties
47061,Grundy County,TN,Tennessee,,,Very Low,0,Fast-rising lower-premium counties,0.9957065413205209,0.9914130826410408,3,High-premium slower-growth counties
47063,Hamblen County,TN,Tennessee,Metro,"Morristown, TN",Low,3,High-premium slower-growth counties,0.9981301310281763,0.9962696879089767,2,Typical lower-premium counties
47065,Hamilton County,TN,Tennessee,Metro,"Chattanooga, TN-GA",Moderate,1,Stable low-volatility insurance counties,0.9998293995269437,0.9996588379467116,3,High-premium slower-growth counties
47067,Hancock County,TN,Tennessee,,,Very Low,2,Typical lower-premium counties,0.9965427714124272,0.9950097203820026,4,High-premium high-nonrenewal counties
47069,Hardeman County,TN,Tennessee,,,Low,4,High-premium high-nonrenewal counties,0.8808735578517556,0.76379780269692,3,High-premium slower-growth counties
47071,Hardin County,TN,Tennessee,,,Low,1,Stable low-volatility insurance counties,0.9990322557245136,0.9980660322854752,3,High-premium slower-growth counties
47073,Hawkins County,TN,Tennessee,Metro,"Kingsport-Bristol-Bristol, TN-VA",Low,2,Typical lower-premium counties,0.9899359601082021,0.9802444330966392,3,High-premium slower-growth counties
47075,Haywood County,TN,Tennessee,,,Low,1,Stable low-volatility insurance counties,0.9999376359226719,0.9998752737323773,3,High-premium slower-growth counties
47077,Henderson County,TN,Tennessee,,,Low,1,Stable low-volatility insurance counties,0.9999298893912613,0.9998600562043616,3,High-premium slower-growth counties
47079,Henry County,TN,Tennessee,Micro,"Paris, TN",Moderate,2,Typical lower-premium counties,0.99900474108321,0.9984481969680603,3,High-premium slower-growth counties
47081,Hickman County,TN,Tennessee,Metro,"Nashville-Davidson--Murfreesboro--Franklin, TN",Low,2,Typical lower-premium counties,0.9995371945164241,0.9992557874334108,3,High-premium slower-growth counties
47083,Houston County,TN,Tennessee,,,Very Low,0,Fast-rising lower-premium counties,0.9774859325766313,0.9549718651532617,3,High-premium slower-growth counties
47085,Humphreys County,TN,Tennessee,,,Low,2,Typical lower-premium counties,0.9957650832195123,0.9931866154929394,3,High-premium slower-growth counties
47087,Jackson County,TN,Tennessee,Micro,"Cookeville, TN",Very Low,1,Stable low-volatility insurance counties,0.9999176402785367,0.9998355754148189,3,High-premium slower-growth counties
47089,Jefferson County,TN,Tennessee,Metro,"Morristown, TN",Low,2,Typical lower-premium counties,0.9991460940039345,0.9983523894609995,3,High-premium slower-growth counties
47091,Johnson County,TN,Tennessee,,,Very Low,2,Typical lower-premium counties,0.9994639852488879,0.9991755450927022,3,High-premium slower-growth counties
47093,Knox County,TN,Tennessee,Metro,"Knoxville, TN",Moderate,2,Typical lower-premium counties,0.9963695559864578,0.9929255961157885,3,High-premium slower-growth counties
47095,Lake County,TN,Tennessee,,,Low,3,High-premium slower-growth counties,0.9999999997016644,0.9999999994033286,0,Fast-rising lower-premium counties
47097,Lauderdale County,TN,Tennessee,,,Low,2,Typical lower-premium counties,0.9995816656888885,0.9992074765136795,3,High-premium slower-growth counties
47099,Lawrence County,TN,Tennessee,Micro,"Lawrenceburg, TN",Low,2,Typical lower-premium counties,0.9995091297051811,0.999153471721284,3,High-premium slower-growth counties
47101,Lewis County,TN,Tennessee,,,Very Low,1,Stable low-volatility insurance counties,0.9998827632087356,0.9997658825672416,3,High-premium slower-growth counties
47103,Lincoln County,TN,Tennessee,,,Low,2,Typical lower-premium counties,0.9331338031587558,0.8809803980372549,3,High-premium slower-growth counties
47105,Loudon County,TN,Tennessee,Metro,"Knoxville, TN",Low,2,Typical lower-premium counties,0.9963488874905644,0.9927761479378742,3,High-premium slower-growth counties
47107,McMinn County,TN,Tennessee,Micro,"Athens, TN",Low,1,Stable low-volatility insurance counties,0.999943864808175,0.9998877576555895,3,High-premium slower-growth counties
47109,McNairy County,TN,Tennessee,,,Low,1,Stable low-volatility insurance counties,0.9999472073905802,0.9998946012508146,3,High-premium slower-growth counties
47111,Macon County,TN,Tennessee,Metro,"Nashville-Davidson--Murfreesboro--Franklin, TN",Very Low,2,Typical lower-premium counties,0.9963463609464182,0.9941703344233246,4,High-premium high-nonrenewal counties
47113,Madison County,TN,Tennessee,Metro,"Jackson, TN",Moderate,1,Stable low-volatility insurance counties,0.9999703329523326,0.9999406740324321,3,High-premium slower-growth counties
47115,Marion County,TN,Tennessee,Metro,"Chattanooga, TN-GA",Low,1,Stable low-volatility insurance counties,0.9999676700313876,0.9999353655422766,3,High-premium slower-growth counties
47117,Marshall County,TN,Tennessee,Micro,"Lewisburg, TN",Low,2,Typical lower-premium counties,0.9992776193438583,0.9987973240318823,3,High-premium slower-growth counties
47119,Maury County,TN,Tennessee,Metro,"Nashville-Davidson--Murfreesboro--Franklin, TN",Low,1,Stable low-volatility insurance counties,0.9999486138560417,0.9998972612775887,3,High-premium slower-growth counties
47121,Meigs County,TN,Tennessee,,,Very Low,2,Typical lower-premium counties,0.9990997070149874,0.9987197044330264,3,High-premium slower-growth counties
47123,Monroe County,TN,Tennessee,,,Low,2,Typical lower-premium counties,0.9995174889009938,0.9992613853197884,3,High-premium slower-growth counties
47125,Montgomery County,TN,Tennessee,Metro,"Clarksville, TN-KY",Moderate,2,Typical lower-premium counties,0.9983707128831546,0.9968427543006533,3,High-premium slower-growth counties
47127,Moore County,TN,Tennessee,Micro,"Tullahoma-Manchester, TN",Very Low,4,High-premium high-nonrenewal counties,0.996677168739167,0.9934126900708994,3,High-premium slower-growth counties
47129,Morgan County,TN,Tennessee,Metro,"Knoxville, TN",Very Low,2,Typical lower-premium counties,0.9995560739986359,0.9993011323263902,3,High-premium slower-growth counties
47131,Obion County,TN,Tennessee,Micro,"Union City, TN-KY",Moderate,2,Typical lower-premium counties,0.9990205637217368,0.9985298137541343,3,High-premium slower-growth counties
47133,Overton County,TN,Tennessee,Micro,"Cookeville, TN",Very Low,2,Typical lower-premium counties,0.9971752938486911,0.9956249807249317,4,High-premium high-nonrenewal counties
47135,Perry County,TN,Tennessee,,,Very Low,3,High-premium slower-growth counties,0.6506431745658778,0.30309091740265726,2,Typical lower-premium counties
47137,Pickett County,TN,Tennessee,,,Very Low,2,Typical lower-premium counties,0.9975417413536908,0.9959452296084564,4,High-premium high-nonrenewal counties
47139,Polk County,TN,Tennessee,Metro,"Cleveland, TN",Very Low,1,Stable low-volatility insurance counties,0.9999010739450671,0.9998024746485604,3,High-premium slower-growth counties
47141,Putnam County,TN,Tennessee,Micro,"Cookeville, TN",Low,2,Typical lower-premium counties,0.9993053061143812,0.9988824864465367,3,High-premium slower-growth counties
47143,Rhea County,TN,Tennessee,Micro,"Dayton, TN",Low,2,Typical lower-premium counties,0.9989657745958052,0.9980615646210953,3,High-premium slower-growth counties
47145,Roane County,TN,Tennessee,Metro,"Knoxville, TN",Low,2,Typical lower-premium counties,0.9995020087854813,0.9991392914985657,3,High-premium slower-growth counties
47147,Robertson County,TN,Tennessee,Metro,"Nashville-Davidson--Murfreesboro--Franklin, TN",Low,2,Typical lower-premium counties,0.9989107358547908,0.9983926822139058,0,Fast-rising lower-premium counties
47149,Rutherford County,TN,Tennessee,Metro,"Nashville-Davidson--Murfreesboro--Franklin, TN",Moderate,3,High-premium slower-growth counties,0.9923733605746109,0.9860262700844104,2,Typical lower-premium counties
47151,Scott County,TN,Tennessee,,,Very Low,2,Typical lower-premium counties,0.9442775240593118,0.8885610121098608,3,High-premium slower-growth counties
47153,Sequatchie County,TN,Tennessee,Metro,"Chattanooga, TN-GA",Very Low,2,Typical lower-premium counties,0.9895214756704952,0.9810180875764486,3,High-premium slower-growth counties
47155,Sevier County,TN,Tennessee,Micro,"Sevierville, TN",Low,2,Typical lower-premium counties,0.9994590939583746,0.9990530321864527,3,High-premium slower-growth counties
47157,Shelby County,TN,Tennessee,Metro,"Memphis, TN-MS-AR",High,1,Stable low-volatility insurance counties,0.9226475116263957,0.8452950232564294,3,High-premium slower-growth counties
47159,Smith County,TN,Tennessee,Metro,"Nashville-Davidson--Murfreesboro--Franklin, TN",Very Low,2,Typical lower-premium counties,0.9996829476351551,0.9994562089940269,3,High-premium slower-growth counties
47161,Stewart County,TN,Tennessee,,,Very Low,3,High-premium slower-growth counties,0.9999999999115339,0.9999999998230683,0,Fast-rising lower-premium counties
47163,Sullivan County,TN,Tennessee,Metro,"Kingsport-Bristol-Bristol, TN-VA",Low,1,Stable low-volatility insurance counties,0.9615700490777619,0.9231403424425512,3,High-premium slower-growth counties
47165,Sumner County,TN,Tennessee,Metro,"Nashville-Davidson--Murfreesboro--Franklin, TN",Moderate,2,Typical lower-premium counties,0.9994621403766061,0.9990114332470681,3,High-premium slower-growth counties
47167,Tipton County,TN,Tennessee,Metro,"Memphis, TN-MS-AR",Moderate,2,Typical lower-premium counties,0.9982792777276269,0.997114432031891,3,High-premium slower-growth counties
47169,Trousdale County,TN,Tennessee,Metro,"Nashville-Davidson--Murfreesboro--Franklin, TN",Very Low,2,Typical lower-premium counties,0.9830086905240848,0.97447618224753,0,Fast-rising lower-premium counties
47171,Unicoi County,TN,Tennessee,Metro,"Johnson City, TN",Very Low,3,High-premium slower-growth counties,0.9959088602592351,0.9918479022868896,2,Typical lower-premium counties
47173,Union County,TN,Tennessee,Metro,"Knoxville, TN",Very Low,4,High-premium high-nonrenewal counties,0.9945708490879338,0.9891521162880514,3,High-premium slower-growth counties
47175,Van Buren County,TN,Tennessee,,,Very Low,2,Typical lower-premium counties,0.9972497212939712,0.995046331308099,3,High-premium slower-growth counties
47177,Warren County,TN,Tennessee,Micro,"McMinnville, TN",Low,2,Typical lower-premium counties,0.999083685466612,0.9985955639847458,3,High-premium slower-growth counties
47179,Washington County,TN,Tennessee,Metro,"Johnson City, TN",Low,2,Typical lower-premium counties,0.9983655253535509,0.9974866364218282,3,High-premium slower-growth counties
47181,Wayne County,TN,Tennessee,,,Low,2,Typical lower-premium counties,0.9995650801023929,0.999263504447761,3,High-premium slower-growth counties
47183,Weakley County,TN,Tennessee,Micro,"Martin, TN",Low,1,Stable low-volatility insurance counties,0.9999554429688563,0.9999109347621874,3,High-premium slower-growth counties
47185,White County,TN,Tennessee,,,Very Low,2,Typical lower-premium counties,0.9994075676873128,0.9990490637060188,3,High-premium slower-growth counties
47187,Williamson County,TN,Tennessee,Metro,"Nashville-Davidson--Murfreesboro--Franklin, TN",Moderate,3,High-premium slower-growth counties,0.9997943102386962,0.9995886205307651,0,Fast-rising lower-premium counties
47189,Wilson County,TN,Tennessee,Metro,"Nashville-Davidson--Murfreesboro--Franklin, TN",Low,2,Typical lower-premium counties,0.9991361160922395,0.9987065407113995,0,Fast-rising lower-premium counties
48001,Anderson County,TX,Texas,Micro,"Palestine, TX",Low,2,Typical lower-premium counties,0.9995601134202744,0.999144727646448,3,High-premium slower-growth counties
48003,Andrews County,TX,Texas,Micro,"Andrews, TX",Very Low,1,Stable low-volatility insurance counties,0.9999849760234538,0.9999699573481778,3,High-premium slower-growth counties
48005,Angelina County,TX,Texas,Micro,"Lufkin, TX",Low,2,Typical lower-premium counties,0.9990691927487234,0.998158183899797,3,High-premium slower-growth counties
48007,Aransas County,TX,Texas,Metro,"Corpus Christi, TX",Low,3,High-premium slower-growth counties,0.9999999999990195,0.9999999999983678,4,High-premium high-nonrenewal counties
48009,Archer County,TX,Texas,Metro,"Wichita Falls, TX",Very Low,3,High-premium slower-growth counties,0.506662049962029,0.013324099987315874,0,Fast-rising lower-premium counties
48011,Armstrong County,TX,Texas,Metro,"Amarillo, TX",Very Low,3,High-premium slower-growth counties,0.9999099772962635,0.9998240333491514,0,Fast-rising lower-premium counties
48013,Atascosa County,TX,Texas,Metro,"San Antonio-New Braunfels, TX",Low,2,Typical lower-premium counties,0.9993806287532015,0.9987702876193952,3,High-premium slower-growth counties
48015,Austin County,TX,Texas,Metro,"Houston-The Woodlands-Sugar Land, TX",Low,2,Typical lower-premium counties,0.9989631615011677,0.9980244506425353,3,High-premium slower-growth counties
48017,Bailey County,TX,Texas,,,Very Low,2,Typical lower-premium counties,0.9989706430636408,0.9980453026152095,3,High-premium slower-growth counties
48019,Bandera County,TX,Texas,Metro,"San Antonio-New Braunfels, TX",Low,2,Typical lower-premium counties,0.9991876445186977,0.9983971819590074,3,High-premium slower-growth counties
48021,Bastrop County,TX,Texas,Metro,"Austin-Round Rock, TX",Moderate,2,Typical lower-premium counties,0.9996864956495507,0.9993924452804286,3,High-premium slower-growth counties
48023,Baylor County,TX,Texas,,,Very Low,0,Fast-rising lower-premium counties,0.9952949681839901,0.9905899364213528,3,High-premium slower-growth counties
48025,Bee County,TX,Texas,Micro,"Beeville, TX",Low,2,Typical lower-premium counties,0.9987069003104264,0.9974294509957629,3,High-premium slower-growth counties
48027,Bell County,TX,Texas,Metro,"Killeen-Temple, TX",Moderate,2,Typical lower-premium counties,0.9993659831018449,0.9987840699565472,3,High-premium slower-growth counties
48029,Bexar County,TX,Texas,Metro,"San Antonio-New Braunfels, TX",High,1,Stable low-volatility insurance counties,0.9993648532583783,0.9987297171152497,3,High-premium slower-growth counties
48031,Blanco County,TX,Texas,,,Very Low,2,Typical lower-premium counties,0.9950325091771569,0.9900705525271875,3,High-premium slower-growth counties
48033,Borden County,TX,Texas,,,Very Low,2,Typical lower-premium counties,0.9998170780168654,0.999732772180549,0,Fast-rising lower-premium counties
48035,Bosque County,TX,Texas,,,Very Low,0,Fast-rising lower-premium counties,0.8601729985145846,0.7203462485419179,3,High-premium slower-growth counties
48037,Bowie County,TX,Texas,Metro,"Texarkana, TX-AR",Low,2,Typical lower-premium counties,0.9993464543924799,0.9987033113621681,3,High-premium slower-growth counties
48039,Brazoria County,TX,Texas,Metro,"Houston-The Woodlands-Sugar Land, TX",Moderate,2,Typical lower-premium counties,0.9926919685734099,0.9853989357115359,3,High-premium slower-growth counties
48041,Brazos County,TX,Texas,Metro,"College Station-Bryan, TX",Moderate,0,Fast-rising lower-premium counties,0.9246106687452288,0.849221339230485,3,High-premium slower-growth counties
48043,Brewster County,TX,Texas,,,Very Low,3,High-premium slower-growth counties,0.9999913795856495,0.9999827591713759,2,Typical lower-premium counties
48045,Briscoe County,TX,Texas,,,Very Low,2,Typical lower-premium counties,0.7810009284647614,0.5702288966770122,3,High-premium slower-growth counties
48047,Brooks County,TX,Texas,,,Low,4,High-premium high-nonrenewal counties,0.9987550052792854,0.9975112935866328,3,High-premium slower-growth counties
48049,Brown County,TX,Texas,Micro,"Brownwood, TX",Low,2,Typical lower-premium counties,0.9980588580601669,0.9961248151878132,3,High-premium slower-growth counties
48051,Burleson County,TX,Texas,Metro,"College Station-Bryan, TX",Very Low,1,Stable low-volatility insurance counties,0.9999562360065897,0.999912473138055,3,High-premium slower-growth counties
48053,Burnet County,TX,Texas,,,Low,2,Typical lower-premium counties,0.9966216652177408,0.9938953714654062,3,High-premium slower-growth counties
48055,Caldwell County,TX,Texas,Metro,"Austin-Round Rock, TX",Low,1,Stable low-volatility insurance counties,0.999977185264165,0.999954374834072,3,High-premium slower-growth counties
48057,Calhoun County,TX,Texas,Micro,"Port Lavaca, TX",Low,2,Typical lower-premium counties,0.9964511095047544,0.9929133809579104,3,High-premium slower-growth counties
48059,Callahan County,TX,Texas,Metro,"Abilene, TX",Very Low,2,Typical lower-premium counties,0.9949447230776521,0.9904866317816031,3,High-premium slower-growth counties
48061,Cameron County,TX,Texas,Metro,"Brownsville-Harlingen, TX",High,2,Typical lower-premium counties,0.9975658137374778,0.9951374738637973,3,High-premium slower-growth counties
48063,Camp County,TX,Texas,,,Very Low,2,Typical lower-premium counties,0.9985089232850769,0.9970264056595476,3,High-premium slower-growth counties
48065,Carson County,TX,Texas,Metro,"Amarillo, TX",Very Low,2,Typical lower-premium counties,0.9832951800079696,0.9680299362833492,3,High-premium slower-growth counties
48067,Cass County,TX,Texas,,,Low,2,Typical lower-premium counties,0.9992399942647694,0.9985402140368889,3,High-premium slower-growth counties
48069,Castro County,TX,Texas,,,Very Low,4,High-premium high-nonrenewal counties,0.9995630363915279,0.9992956091569549,3,High-premium slower-growth counties
48071,Chambers County,TX,Texas,Metro,"Houston-The Woodlands-Sugar Land, TX",Low,4,High-premium high-nonrenewal counties,0.9819407245849849,0.9638844784767614,3,High-premium slower-growth counties
48073,Cherokee County,TX,Texas,Micro,"Jacksonville, TX",Low,2,Typical lower-premium counties,0.9993231060749602,0.9986583143234817,3,High-premium slower-growth counties
48075,Childress County,TX,Texas,,,Very Low,2,Typical lower-premium counties,0.999659511342758,0.9994811383074661,3,High-premium slower-growth counties
48077,Clay County,TX,Texas,Metro,"Wichita Falls, TX",Very Low,2,Typical lower-premium counties,0.9986448966162735,0.9975245697392335,3,High-premium slower-growth counties
48079,Cochran County,TX,Texas,,,Very Low,3,High-premium slower-growth counties,0.9999425306723667,0.9998850613447343,0,Fast-rising lower-premium counties
48081,Coke County,TX,Texas,,,Very Low,2,Typical lower-premium counties,0.9991427764879944,0.9987874672173873,3,High-premium slower-growth counties
48083,Coleman County,TX,Texas,,,Very Low,4,High-premium high-nonrenewal counties,0.9983517014231534,0.99701359150198,2,Typical lower-premium counties
48085,Collin County,TX,Texas,Metro,"Dallas-Fort Worth-Arlington, TX",High,2,Typical lower-premium counties,0.7564565074371893,0.5284430674954762,3,High-premium slower-growth counties
48087,Collingsworth County,TX,Texas,,,Very Low,3,High-premium slower-growth counties,0.9999066682325017,0.9998133364679437,0,Fast-rising lower-premium counties
48089,Colorado County,TX,Texas,,,Low,1,Stable low-volatility insurance counties,0.999849554798613,0.9996991487728385,3,High-premium slower-growth counties
48091,Comal County,TX,Texas,Metro,"San Antonio-New Braunfels, TX",Moderate,2,Typical lower-premium counties,0.9976894639640136,0.9958113290172748,3,High-premium slower-growth counties
48093,Comanche County,TX,Texas,,,Low,2,Typical lower-premium counties,0.9818765560898063,0.9662441298450251,3,High-premium slower-growth counties
48095,Concho County,TX,Texas,,,Very Low,4,High-premium high-nonrenewal counties,0.9367207503949617,0.8735872152736212,3,High-premium slower-growth counties
48097,Cooke County,TX,Texas,Micro,"Gainesville, TX",Low,2,Typical lower-premium counties,0.9684391894463693,0.9394727202494242,3,High-premium slower-growth counties
48099,Coryell County,TX,Texas,Metro,"Killeen-Temple, TX",Low,2,Typical lower-premium counties,0.9992885520094862,0.9986236230078736,3,High-premium slower-growth counties
48101,Cottle County,TX,Texas,,,Very Low,3,High-premium slower-growth counties,0.9999420543850331,0.9998841087701126,0,Fast-rising lower-premium counties
48103,Crane County,TX,Texas,,,Very Low,2,Typical lower-premium counties,0.9981225144139096,0.9963061570301884,3,High-premium slower-growth counties
48105,Crockett County,TX,Texas,,,Very Low,0,Fast-rising lower-premium counties,0.9910540936291312,0.9821105502363732,3,High-premium slower-growth counties
48107,Crosby County,TX,Texas,Metro,"Lubbock, TX",Very Low,2,Typical lower-premium counties,0.9997890932564448,0.99967144841798,0,Fast-rising lower-premium counties
48109,Culberson County,TX,Texas,,,Very Low,2,Typical lower-premium counties,0.9384876154904059,0.8778023693702052,3,High-premium slower-growth counties
48111,Dallam County,TX,Texas,,,Low,2,Typical lower-premium counties,0.6864342963368913,0.3907906897443513,3,High-premium slower-growth counties
48113,Dallas County,TX,Texas,Metro,"Dallas-Fort Worth-Arlington, TX",Very High,2,Typical lower-premium counties,0.9994322005808742,0.9989283806165202,3,High-premium slower-growth counties
48115,Dawson County,TX,Texas,Micro,"Lamesa, TX",Very Low,2,Typical lower-premium counties,0.9985321542194137,0.997180978099785,3,High-premium slower-growth counties
48117,Deaf Smith County,TX,Texas,Micro,"Hereford, TX",Low,2,Typical lower-premium counties,0.9983436812415516,0.9968881877189525,3,High-premium slower-growth counties
48119,Delta County,TX,Texas,,,Very Low,2,Typical lower-premium counties,0.9996469529398313,0.9994416983268561,3,High-premium slower-growth counties
48121,Denton County,TX,Texas,Metro,"Dallas-Fort Worth-Arlington, TX",High,2,Typical lower-premium counties,0.8364136345317367,0.6875027040356646,3,High-premium slower-growth counties
48123,DeWitt County,TX,Texas,,,Moderate,3,High-premium slower-growth counties,0.9998866821082076,0.9997733642164138,0,Fast-rising lower-premium counties
48125,Dickens County,TX,Texas,,,Very Low,2,Typical lower-premium counties,0.9991309730632078,0.9987351661432801,0,Fast-rising lower-premium counties
48127,Dimmit County,TX,Texas,,,Very Low,2,Typical lower-premium counties,0.9995564018998474,0.9993418618455302,3,High-premium slower-growth counties
48129,Donley County,TX,Texas,,,Very Low,2,Typical lower-premium counties,0.9992551960461722,0.9987998599932659,0,Fast-rising lower-premium counties
48131,Duval County,TX,Texas,,,Low,4,High-premium high-nonrenewal counties,0.9991278169650707,0.9986793996761376,2,Typical lower-premium counties
48133,Eastland County,TX,Texas,,,Very Low,0,Fast-rising lower-premium counties,0.7927226542990073,0.5854453147900046,3,High-premium slower-growth counties
48135,Ector County,TX,Texas,Metro,"Odessa, TX",Moderate,2,Typical lower-premium counties,0.9928478763256903,0.9869647456630068,3,High-premium slower-growth counties
48137,Edwards County,TX,Texas,,,Very Low,0,Fast-rising lower-premium counties,0.9933985022458194,0.9867970044916405,3,High-premium slower-growth counties
48139,Ellis County,TX,Texas,Metro,"Dallas-Fort Worth-Arlington, TX",Moderate,0,Fast-rising lower-premium counties,0.9287763822072107,0.8575527644194862,3,High-premium slower-growth counties
48141,El Paso County,TX,Texas,Metro,"El Paso, TX",High,2,Typical lower-premium counties,0.9929392653954322,0.9859072602167265,3,High-premium slower-growth counties
48143,Erath County,TX,Texas,Micro,"Stephenville, TX",Low,3,High-premium slower-growth counties,0.9999903435522535,0.9999806888721156,0,Fast-rising lower-premium counties
48145,Falls County,TX,Texas,Metro,"Waco, TX",Very Low,4,High-premium high-nonrenewal counties,0.9989005776622494,0.9983472453865588,2,Typical lower-premium counties
48147,Fannin County,TX,Texas,,,Low,2,Typical lower-premium counties,0.9838181964155946,0.9698308508818992,3,High-premium slower-growth counties
48149,Fayette County,TX,Texas,,,Low,1,Stable low-volatility insurance counties,0.999975472445011,0.9999509530408072,3,High-premium slower-growth counties
48151,Fisher County,TX,Texas,,,Very Low,0,Fast-rising lower-premium counties,0.9949011536873432,0.9898023073903024,3,High-premium slower-growth counties
48153,Floyd County,TX,Texas,,,Very Low,0,Fast-rising lower-premium counties,0.9916421364531796,0.9832842729063594,3,High-premium slower-growth counties
48155,Foard County,TX,Texas,,,Very Low,3,High-premium slower-growth counties,0.9998214305320529,0.9996428616825627,0,Fast-rising lower-premium counties
48157,Fort Bend County,TX,Texas,Metro,"Houston-The Woodlands-Sugar Land, TX",High,1,Stable low-volatility insurance counties,0.9920810617964411,0.98416213964424,3,High-premium slower-growth counties
48159,Franklin County,TX,Texas,,,Very Low,4,High-premium high-nonrenewal counties,0.9863608059981278,0.9739140368757411,3,High-premium slower-growth counties
48161,Freestone County,TX,Texas,,,Low,1,Stable low-volatility insurance counties,0.9999781941175337,0.9999563931453065,3,High-premium slower-growth counties
48163,Frio County,TX,Texas,,,Low,4,High-premium high-nonrenewal counties,0.9898227631977099,0.9797941499547124,3,High-premium slower-growth counties
48165,Gaines County,TX,Texas,,,Low,2,Typical lower-premium counties,0.9949774103013753,0.9901843273554237,3,High-premium slower-growth counties
48167,Galveston County,TX,Texas,Metro,"Houston-The Woodlands-Sugar Land, TX",High,2,Typical lower-premium counties,0.9728183156189206,0.9456811962307389,3,High-premium slower-growth counties
48169,Garza County,TX,Texas,,,Very Low,0,Fast-rising lower-premium counties,0.9923543907514661,0.984708781502932,3,High-premium slower-growth counties
48171,Gillespie County,TX,Texas,Micro,"Fredericksburg, TX",Low,2,Typical lower-premium counties,0.9983571171760857,0.9967615754001982,3,High-premium slower-growth counties
48173,Glasscock County,TX,Texas,Micro,"Big Spring, TX",Very Low,3,High-premium slower-growth counties,0.9999954476960283,0.9999908954128177,0,Fast-rising lower-premium counties
48175,Goliad County,TX,Texas,Metro,"Victoria, TX",Very Low,2,Typical lower-premium counties,0.9890695804653367,0.9797814777453071,3,High-premium slower-growth counties
48177,Gonzales County,TX,Texas,,,Moderate,2,Typical lower-premium counties,0.9993072658994073,0.9986213902128306,3,High-premium slower-growth counties
48179,Gray County,TX,Texas,Micro,"Pampa, TX",Low,0,Fast-rising lower-premium counties,0.8800064228858484,0.7600129548336043,3,High-premium slower-growth counties
48181,Grayson County,TX,Texas,Metro,"Sherman-Denison, TX",Low,2,Typical lower-premium counties,0.9997059893352176,0.9994609080941542,3,High-premium slower-growth counties
48183,Gregg County,TX,Texas,Metro,"Longview, TX",Moderate,2,Typical lower-premium counties,0.9991865034740252,0.9984029417611504,3,High-premium slower-growth counties
48185,Grimes County,TX,Texas,,,Low,1,Stable low-volatility insurance counties,0.9999688697600742,0.9999377423002194,3,High-premium slower-growth counties
48187,Guadalupe County,TX,Texas,Metro,"San Antonio-New Braunfels, TX",Moderate,3,High-premium slower-growth counties,0.999991647935447,0.9999833016803019,0,Fast-rising lower-premium counties
48189,Hale County,TX,Texas,Micro,"Plainview, TX",Low,1,Stable low-volatility insurance counties,0.9999775364166278,0.9999550752297899,3,High-premium slower-growth counties
48191,Hall County,TX,Texas,,,Very Low,0,Fast-rising lower-premium counties,0.9860379524997441,0.9720919469033313,3,High-premium slower-growth counties
48193,Hamilton County,TX,Texas,,,Very Low,3,High-premium slower-growth counties,1.0,1.0,0,Fast-rising lower-premium counties
48195,Hansford County,TX,Texas,,,Very Low,3,High-premium slower-growth counties,0.9999999973904004,0.9999999947808003,0,Fast-rising lower-premium counties
48197,Hardeman County,TX,Texas,,,Very Low,4,High-premium high-nonrenewal counties,0.9996817423898171,0.9993686393290216,3,High-premium slower-growth counties
48199,Hardin County,TX,Texas,Metro,"Beaumont-Port Arthur, TX",Low,2,Typical lower-premium counties,0.9991666159547763,0.9983613726027397,3,High-premium slower-growth counties
48201,Harris County,TX,Texas,Metro,"Houston-The Woodlands-Sugar Land, TX",Very High,1,Stable low-volatility insurance counties,0.9999202997364381,0.999840610623183,3,High-premium slower-growth counties
48203,Harrison County,TX,Texas,Micro,"Marshall, TX",Low,1,Stable low-volatility insurance counties,0.9999651220582245,0.9999302548717146,3,High-premium slower-growth counties
48205,Hartley County,TX,Texas,,,Very Low,3,High-premium slower-growth counties,0.5411171439203516,0.08223428937838545,0,Fast-rising lower-premium counties
48207,Haskell County,TX,Texas,,,Very Low,4,High-premium high-nonrenewal counties,0.9995788408130021,0.9992353386499133,3,High-premium slower-growth counties
48209,Hays County,TX,Texas,Metro,"Austin-Round Rock, TX",Moderate,0,Fast-rising lower-premium counties,0.9461939702310946,0.8923879405384705,3,High-premium slower-growth counties
48211,Hemphill County,TX,Texas,,,Very Low,2,Typical lower-premium counties,0.9994487632980285,0.9992072174091433,3,High-premium slower-growth counties
48213,Henderson County,TX,Texas,Micro,"Athens, TX",Moderate,2,Typical lower-premium counties,0.9995211007306825,0.9991456989220067,3,High-premium slower-growth counties
48215,Hidalgo County,TX,Texas,Metro,"McAllen-Edinburg-Mission, TX",High,2,Typical lower-premium counties,0.9928376701528371,0.985705331197747,3,High-premium slower-growth counties
48217,Hill County,TX,Texas,,,Low,2,Typical lower-premium counties,0.9994330159346648,0.9988869106433007,3,High-premium slower-growth counties
48219,Hockley County,TX,Texas,Micro,"Levelland, TX",Low,2,Typical lower-premium counties,0.9994871138963219,0.9989820543752456,3,High-premium slower-growth counties
48221,Hood County,TX,Texas,Metro,"Dallas-Fort Worth-Arlington, TX",Low,2,Typical lower-premium counties,0.9964733605938932,0.993191230855471,3,High-premium slower-growth counties
48223,Hopkins County,TX,Texas,Micro,"Sulphur Springs, TX",Low,2,Typical lower-premium counties,0.9988790681702969,0.9979376755506792,3,High-premium slower-growth counties
48225,Houston County,TX,Texas,,,Low,1,Stable low-volatility insurance counties,0.9999804963392912,0.9999609956096069,3,High-premium slower-growth counties
48227,Howard County,TX,Texas,Micro,"Big Spring, TX",Low,4,High-premium high-nonrenewal counties,0.9940880934464931,0.9896878014586935,2,Typical lower-premium counties
48229,Hudspeth County,TX,Texas,Metro,"El Paso, TX",Very Low,0,Fast-rising lower-premium counties,0.9953160378864918,0.9906320757729851,3,High-premium slower-growth counties
48231,Hunt County,TX,Texas,Metro,"Dallas-Fort Worth-Arlington, TX",Moderate,2,Typical lower-premium counties,0.9994175919765582,0.9988825010435898,3,High-premium slower-growth counties
48233,Hutchinson County,TX,Texas,Micro,"Borger, TX",Low,2,Typical lower-premium counties,0.9989027147149787,0.9979823666784329,3,High-premium slower-growth counties
48235,Irion County,TX,Texas,Metro,"San Angelo, TX",Very Low,4,High-premium high-nonrenewal counties,0.99909073184703,0.9981895512313153,3,High-premium slower-growth counties
48237,Jack County,TX,Texas,,,Very Low,2,Typical lower-premium counties,0.7628263476781242,0.5444576468302768,3,High-premium slower-growth counties
48239,Jackson County,TX,Texas,,,Low,0,Fast-rising lower-premium counties,0.8477967851700396,0.6955935719613695,3,High-premium slower-growth counties
48241,Jasper County,TX,Texas,,,Low,2,Typical lower-premium counties,0.9988060489158239,0.9976195942088354,3,High-premium slower-growth counties
48243,Jeff Davis County,TX,Texas,,,Very Low,2,Typical lower-premium counties,0.9982485444642729,0.9972460164934634,4,High-premium high-nonrenewal counties
48245,Jefferson County,TX,Texas,Metro,"Beaumont-Port Arthur, TX",High,2,Typical lower-premium counties,0.9959310539537435,0.9918657653750036,3,High-premium slower-growth counties
48247,Jim Hogg County,TX,Texas,,,Low,0,Fast-rising lower-premium counties,0.9904100842379755,0.9808201684759525,3,High-premium slower-growth counties
48249,Jim Wells County,TX,Texas,Micro,"Alice, TX",Moderate,2,Typical lower-premium counties,0.9933687577311678,0.9867443329479509,3,High-premium slower-growth counties
48251,Johnson County,TX,Texas,Metro,"Dallas-Fort Worth-Arlington, TX",Moderate,2,Typical lower-premium counties,0.9982082843899857,0.9966188170554402,3,High-premium slower-growth counties
48253,Jones County,TX,Texas,Metro,"Abilene, TX",Very Low,2,Typical lower-premium counties,0.9991342517271103,0.9983467411128625,3,High-premium slower-growth counties
48255,Karnes County,TX,Texas,,,Low,4,High-premium high-nonrenewal counties,0.9953132726574406,0.9906338705242255,3,High-premium slower-growth counties
48257,Kaufman County,TX,Texas,Metro,"Dallas-Fort Worth-Arlington, TX",Low,2,Typical lower-premium counties,0.9993963565238602,0.998876225280252,3,High-premium slower-growth counties
48259,Kendall County,TX,Texas,Metro,"San Antonio-New Braunfels, TX",Low,1,Stable low-volatility insurance counties,0.9998553336273227,0.999710728173939,3,High-premium slower-growth counties
48261,Kenedy County,TX,Texas,Micro,"Kingsville, TX",Very Low,2,Typical lower-premium counties,0.9998170780168654,0.999732772180549,0,Fast-rising lower-premium counties
48263,Kent County,TX,Texas,,,Very Low,3,High-premium slower-growth counties,1.0,1.0,0,Fast-rising lower-premium counties
48265,Kerr County,TX,Texas,Micro,"Kerrville, TX",Low,2,Typical lower-premium counties,0.9996904673426226,0.9994017952499501,3,High-premium slower-growth counties
48267,Kimble County,TX,Texas,,,Very Low,0,Fast-rising lower-premium counties,0.9950291927600191,0.9900586888058801,3,High-premium slower-growth counties
48269,King County,TX,Texas,,,Very Low,2,Typical lower-premium counties,0.9998170780168654,0.999732772180549,0,Fast-rising lower-premium counties
48271,Kinney County,TX,Texas,,,Very Low,0,Fast-rising lower-premium counties,0.9931909277487051,0.9863866540217615,3,High-premium slower-growth counties
48273,Kleberg County,TX,Texas,Micro,"Kingsville, TX",Moderate,3,High-premium slower-growth counties,1.0,1.0,0,Fast-rising lower-premium counties
48275,Knox County,TX,Texas,,,Very Low,2,Typical lower-premium counties,0.9998170780168654,0.999732772180549,0,Fast-rising lower-premium counties
48277,Lamar County,TX,Texas,Micro,"Paris, TX",Low,0,Fast-rising lower-premium counties,0.9148797989530463,0.829759597906317,3,High-premium slower-growth counties
48279,Lamb County,TX,Texas,,,Low,0,Fast-rising lower-premium counties,0.6179190376351654,0.23583807983153854,3,High-premium slower-growth counties
48281,Lampasas County,TX,Texas,Metro,"Killeen-Temple, TX",Very Low,2,Typical lower-premium counties,0.9991488088720328,0.9985988115636496,3,High-premium slower-growth counties
48283,La Salle County,TX,Texas,,,Very Low,3,High-premium slower-growth counties,1.0,1.0,0,Fast-rising lower-premium counties
48285,Lavaca County,TX,Texas,,,Low,2,Typical lower-premium counties,0.9970838681650487,0.9943372813737654,3,High-premium slower-growth counties
48287,Lee County,TX,Texas,,,Very Low,2,Typical lower-premium counties,0.9996311544075314,0.9993190647103618,3,High-premium slower-growth counties
48289,Leon County,TX,Texas,,,Low,2,Typical lower-premium counties,0.9868139634151625,0.9750130241085805,3,High-premium slower-growth counties
48291,Liberty County,TX,Texas,Metro,"Houston-The Woodlands-Sugar Land, TX",Low,2,Typical lower-premium counties,0.9842847857049875,0.9686366392486425,3,High-premium slower-growth counties
48293,Limestone County,TX,Texas,,,Low,2,Typical lower-premium counties,0.9995498340213921,0.9991196705083282,3,High-premium slower-growth counties
48295,Lipscomb County,TX,Texas,,,Very Low,3,High-premium slower-growth counties,0.9999999867447649,0.9999999734895313,0,Fast-rising lower-premium counties
48297,Live Oak County,TX,Texas,,,Very Low,2,Typical lower-premium counties,0.8766669057922922,0.75333522752793,3,High-premium slower-growth counties
48299,Llano County,TX,Texas,,,Low,2,Typical lower-premium counties,0.9993997578727981,0.9988792112444159,3,High-premium slower-growth counties
48301,Loving County,TX,Texas,,,Very Low,2,Typical lower-premium counties,0.9998170780168654,0.999732772180549,0,Fast-rising lower-premium counties
48303,Lubbock County,TX,Texas,Metro,"Lubbock, TX",High,0,Fast-rising lower-premium counties,0.9149391983037595,0.8298783966246114,3,High-premium slower-growth counties
48305,Lynn County,TX,Texas,Metro,"Lubbock, TX",Very Low,3,High-premium slower-growth counties,0.9999985195930543,0.9999970487645855,2,Typical lower-premium counties
48307,McCulloch County,TX,Texas,,,Very Low,4,High-premium high-nonrenewal counties,0.9769511934769779,0.958608469158072,3,High-premium slower-growth counties
48309,McLennan County,TX,Texas,Metro,"Waco, TX",Moderate,2,Typical lower-premium counties,0.9964829624878765,0.9930254202223555,3,High-premium slower-growth counties
48311,McMullen County,TX,Texas,,,Very Low,0,Fast-rising lower-premium counties,0.8102478121032535,0.7157502712495728,3,High-premium slower-growth counties
48313,Madison County,TX,Texas,,,Very Low,2,Typical lower-premium counties,0.9994553819097818,0.998946857478647,3,High-premium slower-growth counties
48315,Marion County,TX,Texas,,,Very Low,1,Stable low-volatility insurance counties,0.9999202177194425,0.9998404369721994,3,High-premium slower-growth counties
48317,Martin County,TX,Texas,Metro,"Midland, TX",Very Low,3,High-premium slower-growth counties,0.9999999647069735,0.9999999294139459,0,Fast-rising lower-premium counties
48319,Mason County,TX,Texas,,,Very Low,4,High-premium high-nonrenewal counties,0.9995637192369183,0.9991341622373704,3,High-premium slower-growth counties
48321,Matagorda County,TX,Texas,Micro,"Bay City, TX",Low,2,Typical lower-premium counties,0.9571474842928142,0.9143007607738055,3,High-premium slower-growth counties
48323,Maverick County,TX,Texas,Micro,"Eagle Pass, TX",Low,3,High-premium slower-growth counties,0.9999998736910642,0.9999997473826749,1,Stable low-volatility insurance counties
48325,Medina County,TX,Texas,Metro,"San Antonio-New Braunfels, TX",Low,1,Stable low-volatility insurance counties,0.9999750916066359,0.9999501867908267,3,High-premium slower-growth counties
48327,Menard County,TX,Texas,,,Very Low,3,High-premium slower-growth counties,0.9999251739155975,0.9998503787214643,0,Fast-rising lower-premium counties
48329,Midland County,TX,Texas,Metro,"Midland, TX",Moderate,2,Typical lower-premium counties,0.9966609073037812,0.9940947390493396,3,High-premium slower-growth counties
48331,Milam County,TX,Texas,,,Low,2,Typical lower-premium counties,0.9994236497954494,0.998875481523665,3,High-premium slower-growth counties
48333,Mills County,TX,Texas,,,Very Low,3,High-premium slower-growth counties,0.9999999936568678,0.9999999873137371,0,Fast-rising lower-premium counties
48335,Mitchell County,TX,Texas,,,Very Low,0,Fast-rising lower-premium counties,0.8010908912628214,0.6021818559904898,3,High-premium slower-growth counties
48337,Montague County,TX,Texas,,,Low,2,Typical lower-premium counties,0.9659611619869571,0.9354864951882946,3,High-premium slower-growth counties
48339,Montgomery County,TX,Texas,Metro,"Houston-The Woodlands-Sugar Land, TX",High,1,Stable low-volatility insurance counties,0.9998301191126225,0.999660256376311,3,High-premium slower-growth counties
48341,Moore County,TX,Texas,Micro,"Dumas, TX",Low,2,Typical lower-premium counties,0.9969057846667663,0.9941356694452324,3,High-premium slower-growth counties
48343,Morris County,TX,Texas,,,Very Low,3,High-premium slower-growth counties,0.9981901958353425,0.9963804007717805,0,Fast-rising lower-premium counties
48345,Motley County,TX,Texas,,,Very Low,3,High-premium slower-growth counties,0.9999999954854815,0.9999999909709631,0,Fast-rising lower-premium counties
48347,Nacogdoches County,TX,Texas,Micro,"Nacogdoches, TX",Low,2,Typical lower-premium counties,0.9995190564532279,0.9990641427433986,3,High-premium slower-growth counties
48349,Navarro County,TX,Texas,Micro,"Corsicana, TX",Low,1,Stable low-volatility insurance counties,0.9999803241794006,0.9999606514281595,3,High-premium slower-growth counties
48351,Newton County,TX,Texas,Metro,"Beaumont-Port Arthur, TX",Very Low,3,High-premium slower-growth counties,1.0,1.0,0,Fast-rising lower-premium counties
48353,Nolan County,TX,Texas,Micro,"Sweetwater, TX",Very Low,2,Typical lower-premium counties,0.9992023211417558,0.998439048332008,3,High-premium slower-growth counties
48355,Nueces County,TX,Texas,Metro,"Corpus Christi, TX",High,3,High-premium slower-growth counties,0.5125464886576697,0.025093658451414647,2,Typical lower-premium counties
48357,Ochiltree County,TX,Texas,,,Very Low,2,Typical lower-premium counties,0.6730007211502035,0.4726115364501471,0,Fast-rising lower-premium counties
48359,Oldham County,TX,Texas,Metro,"Amarillo, TX",Very Low,3,High-premium slower-growth counties,0.9999106816407066,0.9998213632814126,0,Fast-rising lower-premium counties
48361,Orange County,TX,Texas,Metro,"Beaumont-Port Arthur, TX",Moderate,2,Typical lower-premium counties,0.9978652452258793,0.9958389169515329,3,High-premium slower-growth counties
48363,Palo Pinto County,TX,Texas,Micro,"Mineral Wells, TX",Low,2,Typical lower-premium counties,0.9790700714672936,0.9583409316199142,3,High-premium slower-growth counties
48365,Panola County,TX,Texas,,,Low,2,Typical lower-premium counties,0.9991922059241142,0.9984035314130775,3,High-premium slower-growth counties
48367,Parker County,TX,Texas,Metro,"Dallas-Fort Worth-Arlington, TX",Moderate,2,Typical lower-premium counties,0.9845075912503177,0.9699020475369219,3,High-premium slower-growth counties
48369,Parmer County,TX,Texas,,,Moderate,1,Stable low-volatility insurance counties,0.9997688866548704,0.9995377877450928,3,High-premium slower-growth counties
48371,Pecos County,TX,Texas,,,Very Low,4,High-premium high-nonrenewal counties,0.9932760998879099,0.9867462183405896,3,High-premium slower-growth counties
48373,Polk County,TX,Texas,,,Low,1,Stable low-volatility insurance counties,0.9999639794039206,0.9999279607584299,3,High-premium slower-growth counties
48375,Potter County,TX,Texas,Metro,"Amarillo, TX",Moderate,2,Typical lower-premium counties,0.9992538994657485,0.998627709409505,3,High-premium slower-growth counties
48377,Presidio County,TX,Texas,,,Very Low,2,Typical lower-premium counties,0.998752766026649,0.9982931251616272,3,High-premium slower-growth counties
48379,Rains County,TX,Texas,,,Very Low,1,Stable low-volatility insurance counties,0.9999670830083801,0.9999341736188796,3,High-premium slower-growth counties
48381,Randall County,TX,Texas,Metro,"Amarillo, TX",Moderate,3,High-premium slower-growth counties,0.999985670305738,0.9999763281749224,0,Fast-rising lower-premium counties
48383,Reagan County,TX,Texas,,,Very Low,2,Typical lower-premium counties,0.9992338373943268,0.9988560064640342,0,Fast-rising lower-premium counties
48385,Real County,TX,Texas,,,Very Low,4,High-premium high-nonrenewal counties,0.9996598924116028,0.9993955778654158,3,High-premium slower-growth counties
48387,Red River County,TX,Texas,,,Low,4,High-premium high-nonrenewal counties,0.9987295204166206,0.9974676000079867,3,High-premium slower-growth counties
48389,Reeves County,TX,Texas,Micro,"Pecos, TX",Very Low,4,High-premium high-nonrenewal counties,0.9996471920310216,0.9993663085317044,3,High-premium slower-growth counties
48391,Refugio County,TX,Texas,,,Very Low,3,High-premium slower-growth counties,0.8965700420156709,0.7936166462184769,2,Typical lower-premium counties
48393,Roberts County,TX,Texas,,,Very Low,2,Typical lower-premium counties,0.9856187399031304,0.9737782372883546,0,Fast-rising lower-premium counties
48395,Robertson County,TX,Texas,Metro,"College Station-Bryan, TX",Very Low,2,Typical lower-premium counties,0.9989202325137376,0.9978553177635916,3,High-premium slower-growth counties
48397,Rockwall County,TX,Texas,Metro,"Dallas-Fort Worth-Arlington, TX",Low,0,Fast-rising lower-premium counties,0.7578370514611192,0.515674102922241,3,High-premium slower-growth counties
48399,Runnels County,TX,Texas,,,Very Low,0,Fast-rising lower-premium counties,0.9676429816119724,0.9352889457097916,3,High-premium slower-growth counties
48401,Rusk County,TX,Texas,Metro,"Longview, TX",Low,2,Typical lower-premium counties,0.9992313598279435,0.9984716582009018,3,High-premium slower-growth counties
48403,Sabine County,TX,Texas,,,Very Low,2,Typical lower-premium counties,0.9996048381389346,0.9994059236162918,3,High-premium slower-growth counties
48405,San Augustine County,TX,Texas,,,Very Low,4,High-premium high-nonrenewal counties,0.9994054963076102,0.9990928896701963,2,Typical lower-premium counties
48407,San Jacinto County,TX,Texas,,,Low,1,Stable low-volatility insurance counties,0.9999070137896348,0.9998140284116068,3,High-premium slower-growth counties
48409,San Patricio County,TX,Texas,Metro,"Corpus Christi, TX",Moderate,1,Stable low-volatility insurance counties,0.9989048052926144,0.9978096108947974,3,High-premium slower-growth counties
48411,San Saba County,TX,Texas,,,Very Low,2,Typical lower-premium counties,0.9983075081490714,0.9973999277347051,3,High-premium slower-growth counties
48413,Schleicher County,TX,Texas,,,Very Low,3,High-premium slower-growth counties,0.99989111880689,0.9997822894399563,0,Fast-rising lower-premium counties
48415,Scurry County,TX,Texas,Micro,"Snyder, TX",Very Low,2,Typical lower-premium counties,0.9991490916714254,0.9983061287981883,3,High-premium slower-growth counties
48417,Shackelford County,TX,Texas,,,Very Low,4,High-premium high-nonrenewal counties,0.9996559190810362,0.9993148116883918,3,High-premium slower-growth counties
48419,Shelby County,TX,Texas,,,Low,1,Stable low-volatility insurance counties,0.9867446598501681,0.97348931973438,3,High-premium slower-growth counties
48421,Sherman County,TX,Texas,,,Very Low,2,Typical lower-premium counties,0.9537554998040982,0.9247854671374769,0,Fast-rising lower-premium counties
48423,Smith County,TX,Texas,Metro,"Tyler, TX",Moderate,2,Typical lower-premium counties,0.999753744845025,0.9995308528170787,3,High-premium slower-growth counties
48425,Somervell County,TX,Texas,Metro,"Dallas-Fort Worth-Arlington, TX",Very Low,2,Typical lower-premium counties,0.9981388617926433,0.9967971903303238,3,High-premium slower-growth counties
48427,Starr County,TX,Texas,Micro,"Rio Grande City, TX",Moderate,4,High-premium high-nonrenewal counties,0.9658777912529317,0.9360717855041532,3,High-premium slower-growth counties
48429,Stephens County,TX,Texas,,,Very Low,1,Stable low-volatility insurance counties,0.9980580742366205,0.9961161514488145,3,High-premium slower-growth counties
48431,Sterling County,TX,Texas,,,Very Low,3,High-premium slower-growth counties,0.9999954476960283,0.9999908954128177,0,Fast-rising lower-premium counties
48433,Stonewall County,TX,Texas,,,Very Low,0,Fast-rising lower-premium counties,0.9914740440948608,0.9829505391046747,3,High-premium slower-growth counties
48435,Sutton County,TX,Texas,,,Very Low,3,High-premium slower-growth counties,0.9999999963227104,0.9999999926454242,0,Fast-rising lower-premium counties
48437,Swisher County,TX,Texas,,,Very Low,1,Stable low-volatility insurance counties,0.998592633330575,0.997185929602283,3,High-premium slower-growth counties
48439,Tarrant County,TX,Texas,Metro,"Dallas-Fort Worth-Arlington, TX",High,2,Typical lower-premium counties,0.9994556432719098,0.9989489813479727,3,High-premium slower-growth counties
48441,Taylor County,TX,Texas,Metro,"Abilene, TX",Moderate,2,Typical lower-premium counties,0.9996185110173786,0.9992838026240654,3,High-premium slower-growth counties
48443,Terrell County,TX,Texas,,,Very Low,0,Fast-rising lower-premium counties,0.9944376928093176,0.9888753856186334,3,High-premium slower-growth counties
48445,Terry County,TX,Texas,,,Low,1,Stable low-volatility insurance counties,0.9999533812200802,0.9999067636055669,3,High-premium slower-growth counties
48447,Throckmorton County,TX,Texas,,,Very Low,3,High-premium slower-growth counties,0.9875594285797321,0.9751188571594627,0,Fast-rising lower-premium counties
48449,Titus County,TX,Texas,Micro,"Mount Pleasant, TX",Low,1,Stable low-volatility insurance counties,0.9999786484852903,0.9999573003346254,3,High-premium slower-growth counties
48451,Tom Green County,TX,Texas,Metro,"San Angelo, TX",Low,2,Typical lower-premium counties,0.9973648481559401,0.9947879897224803,3,High-premium slower-growth counties
48453,Travis County,TX,Texas,Metro,"Austin-Round Rock, TX",High,2,Typical lower-premium counties,0.9994408509744148,0.9988982127312664,3,High-premium slower-growth counties
48455,Trinity County,TX,Texas,Micro,"Huntsville, TX",Low,2,Typical lower-premium counties,0.9974456535148247,0.9948992623271555,3,High-premium slower-growth counties
48457,Tyler County,TX,Texas,,,Low,2,Typical lower-premium counties,0.9995737534192095,0.9991538003338627,3,High-premium slower-growth counties
48459,Upshur County,TX,Texas,Metro,"Longview, TX",Low,1,Stable low-volatility insurance counties,0.9998396223208612,0.9996792456471513,3,High-premium slower-growth counties
48461,Upton County,TX,Texas,,,Very Low,4,High-premium high-nonrenewal counties,0.9990281704960358,0.9980595186631769,3,High-premium slower-growth counties
48463,Uvalde County,TX,Texas,Micro,"Uvalde, TX",Low,2,Typical lower-premium counties,0.9987429659784193,0.9975442101600829,3,High-premium slower-growth counties
48465,Val Verde County,TX,Texas,Micro,"Del Rio, TX",Low,1,Stable low-volatility insurance counties,0.9982565592164618,0.9965131301424869,3,High-premium slower-growth counties
48467,Van Zandt County,TX,Texas,,,Low,2,Typical lower-premium counties,0.996556708727828,0.9935314597446803,3,High-premium slower-growth counties
48469,Victoria County,TX,Texas,Metro,"Victoria, TX",Moderate,3,High-premium slower-growth counties,0.9999999999599893,0.9999999999199778,0,Fast-rising lower-premium counties
48471,Walker County,TX,Texas,Micro,"Huntsville, TX",Low,2,Typical lower-premium counties,0.9988510766048505,0.9978466609436735,3,High-premium slower-growth counties
48473,Waller County,TX,Texas,Metro,"Houston-The Woodlands-Sugar Land, TX",Low,2,Typical lower-premium counties,0.9885572050626207,0.9771310924836742,3,High-premium slower-growth counties
48475,Ward County,TX,Texas,,,Very Low,2,Typical lower-premium counties,0.9976553616653522,0.9953560065099432,3,High-premium slower-growth counties
48477,Washington County,TX,Texas,Micro,"Brenham, TX",Low,2,Typical lower-premium counties,0.9997639640309942,0.9995839425806993,3,High-premium slower-growth counties
48479,Webb County,TX,Texas,Metro,"Laredo, TX",Moderate,3,High-premium slower-growth counties,0.9999988757546698,0.9999977515111563,1,Stable low-volatility insurance counties
48481,Wharton County,TX,Texas,Micro,"El Campo, TX",Moderate,2,Typical lower-premium counties,0.9970486981281764,0.9941466687079636,3,High-premium slower-growth counties
48483,Wheeler County,TX,Texas,,,Very Low,2,Typical lower-premium counties,0.9972737833749218,0.9958894086276785,0,Fast-rising lower-premium counties
48485,Wichita County,TX,Texas,Metro,"Wichita Falls, TX",Moderate,2,Typical lower-premium counties,0.9995613930015896,0.9991636543306132,3,High-premium slower-growth counties
48487,Wilbarger County,TX,Texas,Micro,"Vernon, TX",Low,1,Stable low-volatility insurance counties,0.9998699405440185,0.9997399307331712,3,High-premium slower-growth counties
48489,Willacy County,TX,Texas,Micro,"Raymondville, TX",Low,2,Typical lower-premium counties,0.8666342603425019,0.7332702903103004,3,High-premium slower-growth counties
48491,Williamson County,TX,Texas,Metro,"Austin-Round Rock, TX",Moderate,2,Typical lower-premium counties,0.9989438128953992,0.9979053753428333,3,High-premium slower-growth counties
48493,Wilson County,TX,Texas,Metro,"San Antonio-New Braunfels, TX",Low,2,Typical lower-premium counties,0.9997028294327461,0.999435585015005,3,High-premium slower-growth counties
48495,Winkler County,TX,Texas,,,Very Low,3,High-premium slower-growth counties,1.0,0.9999999999999997,4,High-premium high-nonrenewal counties
48497,Wise County,TX,Texas,Metro,"Dallas-Fort Worth-Arlington, TX",Low,3,High-premium slower-growth counties,0.9999999995718127,0.9999999991437382,0,Fast-rising lower-premium counties
48499,Wood County,TX,Texas,,,Low,1,Stable low-volatility insurance counties,0.9999690549579436,0.9999381116479431,3,High-premium slower-growth counties
48501,Yoakum County,TX,Texas,,,Low,3,High-premium slower-growth counties,0.9999999987823429,0.9999999975646875,0,Fast-rising lower-premium counties
48503,Young County,TX,Texas,,,Very Low,2,Typical lower-premium counties,0.9963457533053864,0.9928175654278711,3,High-premium slower-growth counties
48505,Zapata County,TX,Texas,Micro,"Zapata, TX",Very Low,3,High-premium slower-growth counties,0.9999999976025506,0.9999999960311228,0,Fast-rising lower-premium counties
48507,Zavala County,TX,Texas,,,Low,0,Fast-rising lower-premium counties,0.9860990667403017,0.9721998284659896,3,High-premium slower-growth counties
49001,Beaver County,UT,Utah,,,Very Low,3,High-premium slower-growth counties,0.781972157145575,0.565412241724067,2,Typical lower-premium counties
49003,Box Elder County,UT,Utah,Metro,"Ogden-Clearfield, UT",Low,1,Stable low-volatility insurance counties,0.9892155166861087,0.9784311907702612,3,High-premium slower-growth counties
49005,Cache County,UT,Utah,Metro,"Logan, UT-ID",Low,2,Typical lower-premium counties,0.9166324023082719,0.834428188904188,3,High-premium slower-growth counties
49007,Carbon County,UT,Utah,Micro,"Price, UT",Very Low,2,Typical lower-premium counties,0.9920627580324662,0.985297007081044,3,High-premium slower-growth counties
49009,Daggett County,UT,Utah,,,Very Low,2,Typical lower-premium counties,0.9994395391968287,0.9991308063181378,3,High-premium slower-growth counties
49011,Davis County,UT,Utah,Metro,"Ogden-Clearfield, UT",Moderate,2,Typical lower-premium counties,0.9744013074349237,0.9533899606099107,3,High-premium slower-growth counties
49013,Duchesne County,UT,Utah,,,Very Low,2,Typical lower-premium counties,0.9804121139921693,0.960833428872705,3,High-premium slower-growth counties
49015,Emery County,UT,Utah,,,Very Low,2,Typical lower-premium counties,0.9991574339707865,0.9984359411452025,3,High-premium slower-growth counties
49017,Garfield County,UT,Utah,,,Very Low,1,Stable low-volatility insurance counties,0.999988136125382,0.9999762886722048,3,High-premium slower-growth counties
49019,Grand County,UT,Utah,,,Very Low,3,High-premium slower-growth counties,0.9966253137682578,0.9934335704684543,2,Typical lower-premium counties
49021,Iron County,UT,Utah,Micro,"Cedar City, UT",Low,3,High-premium slower-growth counties,0.9990197600574263,0.9980419776519189,2,Typical lower-premium counties
49023,Juab County,UT,Utah,Metro,"Provo-Orem, UT",Very Low,3,High-premium slower-growth counties,0.6423004855204427,0.28724327746571343,2,Typical lower-premium counties
49025,Kane County,UT,Utah,,,Very Low,2,Typical lower-premium counties,0.982649941635801,0.9669573712827967,3,High-premium slower-growth counties
49027,Millard County,UT,Utah,,,Very Low,3,High-premium slower-growth counties,0.9449511041092711,0.890554565516217,2,Typical lower-premium counties
49029,Morgan County,UT,Utah,Metro,"Ogden-Clearfield, UT",Very Low,2,Typical lower-premium counties,0.9911907338695058,0.9843827907403715,3,High-premium slower-growth counties
49031,Piute County,UT,Utah,,,Very Low,0,Fast-rising lower-premium counties,0.9974292228797116,0.9948584457594225,3,High-premium slower-growth counties
49033,Rich County,UT,Utah,,,Very Low,2,Typical lower-premium counties,0.9997289120518811,0.999580755359478,3,High-premium slower-growth counties
49035,Salt Lake County,UT,Utah,Metro,"Salt Lake City, UT",High,2,Typical lower-premium counties,0.9850176909681226,0.9701399802457716,3,High-premium slower-growth counties
49037,San Juan County,UT,Utah,,,Very Low,2,Typical lower-premium counties,0.937467362081468,0.8793823335742991,3,High-premium slower-growth counties
49039,Sanpete County,UT,Utah,,,Very Low,4,High-premium high-nonrenewal counties,0.8405331958887308,0.6810944772827234,3,High-premium slower-growth counties
49041,Sevier County,UT,Utah,,,Very Low,1,Stable low-volatility insurance counties,0.9925015756377134,0.9850033037222877,3,High-premium slower-growth counties
49043,Summit County,UT,Utah,Micro,"Summit Park, UT",Low,3,High-premium slower-growth counties,0.9999999972061495,0.9999999944122976,0,Fast-rising lower-premium counties
49045,Tooele County,UT,Utah,Metro,"Salt Lake City, UT",Low,2,Typical lower-premium counties,0.955046080337425,0.910602991977722,3,High-premium slower-growth counties
49047,Uintah County,UT,Utah,Micro,"Vernal, UT",Very Low,3,High-premium slower-growth counties,0.8406339313628614,0.6815285757199778,0,Fast-rising lower-premium counties
49049,Utah County,UT,Utah,Metro,"Provo-Orem, UT",High,2,Typical lower-premium counties,0.980004163721343,0.9604046035066868,3,High-premium slower-growth counties
49051,Wasatch County,UT,Utah,Micro,"Heber, UT",Very Low,4,High-premium high-nonrenewal counties,0.6437751654924562,0.2877638903025955,3,High-premium slower-growth counties
49053,Washington County,UT,Utah,Metro,"St. George, UT",Moderate,1,Stable low-volatility insurance counties,0.9344181822177149,0.8688365458968059,3,High-premium slower-growth counties
49055,Wayne County,UT,Utah,,,Very Low,2,Typical lower-premium counties,0.9993415830207998,0.9988933990984498,4,High-premium high-nonrenewal counties
49057,Weber County,UT,Utah,Metro,"Ogden-Clearfield, UT",Moderate,1,Stable low-volatility insurance counties,0.9955236765943686,0.9910474194288215,3,High-premium slower-growth counties
50001,Addison County,VT,Vermont,,,Very Low,2,Typical lower-premium counties,0.9948678394547943,0.990111044641109,3,High-premium slower-growth counties
50003,Bennington County,VT,Vermont,Micro,"Bennington, VT",Low,3,High-premium slower-growth counties,0.9579225865671702,0.9186327954958666,2,Typical lower-premium counties
50005,Caledonia County,VT,Vermont,,,Very Low,2,Typical lower-premium counties,0.9065581678112005,0.8140543489700424,3,High-premium slower-growth counties
50007,Chittenden County,VT,Vermont,Metro,"Burlington-South Burlington, VT",Low,2,Typical lower-premium counties,0.9702796563360929,0.941800864120949,3,High-premium slower-growth counties
50009,Essex County,VT,Vermont,Micro,"Berlin, NH-VT",Very Low,1,Stable low-volatility insurance counties,0.9999679013326417,0.9999358431364797,3,High-premium slower-growth counties
50011,Franklin County,VT,Vermont,Metro,"Burlington-South Burlington, VT",Very Low,1,Stable low-volatility insurance counties,0.9888907560155216,0.97778877033928,3,High-premium slower-growth counties
50013,Grand Isle County,VT,Vermont,Metro,"Burlington-South Burlington, VT",Very Low,3,High-premium slower-growth counties,0.9999999996234372,0.9999999992544059,0,Fast-rising lower-premium counties
50015,Lamoille County,VT,Vermont,,,Very Low,3,High-premium slower-growth counties,0.999999998919602,0.9999999978392051,0,Fast-rising lower-premium counties
50017,Orange County,VT,Vermont,Micro,"Claremont-Lebanon, NH-VT",Very Low,1,Stable low-volatility insurance counties,0.9959079522052556,0.9918165788629001,3,High-premium slower-growth counties
50019,Orleans County,VT,Vermont,,,Very Low,1,Stable low-volatility insurance counties,0.9907842923006513,0.9815687057036445,3,High-premium slower-growth counties
50021,Rutland County,VT,Vermont,Micro,"Rutland, VT",Low,1,Stable low-volatility insurance counties,0.9801752813850568,0.9603506432269024,3,High-premium slower-growth counties
50023,Washington County,VT,Vermont,Micro,"Barre, VT",Low,2,Typical lower-premium counties,0.9714969230768361,0.9430229931955394,3,High-premium slower-growth counties
50025,Windham County,VT,Vermont,,,Low,2,Typical lower-premium counties,0.7968593068762679,0.599564227376936,3,High-premium slower-growth counties
50027,Windsor County,VT,Vermont,Micro,"Claremont-Lebanon, NH-VT",Low,1,Stable low-volatility insurance counties,0.9137339263563442,0.8274719378314371,3,High-premium slower-growth counties
51001,Accomack County,VA,Virginia,,,Moderate,3,High-premium slower-growth counties,0.9158675680952982,0.831735325299239,4,High-premium high-nonrenewal counties
51003,Albemarle County,VA,Virginia,Metro,"Charlottesville, VA",Low,3,High-premium slower-growth counties,0.8968972617053008,0.7945416337786891,4,High-premium high-nonrenewal counties
51005,Alleghany County,VA,Virginia,,,Very Low,3,High-premium slower-growth counties,0.9999999999454694,0.9999999998909386,0,Fast-rising lower-premium counties
51007,Amelia County,VA,Virginia,Metro,"Richmond, VA",Very Low,1,Stable low-volatility insurance counties,0.9999625309093944,0.9999251585322092,3,High-premium slower-growth counties
51009,Amherst County,VA,Virginia,Metro,"Lynchburg, VA",Very Low,2,Typical lower-premium counties,0.8447667493899768,0.6899310168052128,3,High-premium slower-growth counties
51011,Appomattox County,VA,Virginia,Metro,"Lynchburg, VA",Very Low,3,High-premium slower-growth counties,0.9999809896292516,0.9999619795178775,0,Fast-rising lower-premium counties
51013,Arlington County,VA,Virginia,Metro,"Washington-Arlington-Alexandria, DC-VA-MD-WV",Low,2,Typical lower-premium counties,0.8702536928844654,0.7856156481793831,3,High-premium slower-growth counties
51015,Augusta County,VA,Virginia,Metro,"Staunton-Waynesboro, VA",Low,2,Typical lower-premium counties,0.9967884422783642,0.9937668741184887,3,High-premium slower-growth counties
51017,Bath County,VA,Virginia,,,Very Low,2,Typical lower-premium counties,0.9989553474139857,0.9982305055989936,3,High-premium slower-growth counties
51019,Bedford County,VA,Virginia,Metro,"Lynchburg, VA",Low,2,Typical lower-premium counties,0.9992983235565801,0.9986827820301649,3,High-premium slower-growth counties
51021,Bland County,VA,Virginia,,,Very Low,1,Stable low-volatility insurance counties,0.9971957295153426,0.9943915486419149,3,High-premium slower-growth counties
51023,Botetourt County,VA,Virginia,Metro,"Roanoke, VA",Very Low,2,Typical lower-premium counties,0.9976470784361112,0.9960548071499805,3,High-premium slower-growth counties
51025,Brunswick County,VA,Virginia,,,Very Low,4,High-premium high-nonrenewal counties,0.9706770521754712,0.9413806775316956,3,High-premium slower-growth counties
51027,Buchanan County,VA,Virginia,,,Low,2,Typical lower-premium counties,0.9981176862494566,0.9969483882183616,3,High-premium slower-growth counties
51029,Buckingham County,VA,Virginia,Metro,"Charlottesville, VA",Very Low,2,Typical lower-premium counties,0.9996136539017887,0.9992967214456998,3,High-premium slower-growth counties
51031,Campbell County,VA,Virginia,Metro,"Lynchburg, VA",Very Low,1,Stable low-volatility insurance counties,0.9991288895024979,0.9982578848603055,3,High-premium slower-growth counties
51033,Caroline County,VA,Virginia,Metro,"Richmond, VA",Very Low,1,Stable low-volatility insurance counties,0.9999519182412767,0.9999038967148433,3,High-premium slower-growth counties
51035,Carroll County,VA,Virginia,,,Low,3,High-premium slower-growth counties,0.9999999999999964,0.999999999999993,0,Fast-rising lower-premium counties
51036,Charles City County,VA,Virginia,Metro,"Richmond, VA",Very Low,1,Stable low-volatility insurance counties,0.9999421958293372,0.9998846803195395,3,High-premium slower-growth counties
51037,Charlotte County,VA,Virginia,,,Very Low,2,Typical lower-premium counties,0.9983269467972126,0.9969128651328039,3,High-premium slower-growth counties
51041,Chesterfield County,VA,Virginia,Metro,"Richmond, VA",Moderate,2,Typical lower-premium counties,0.9981788726091341,0.9969936210858411,3,High-premium slower-growth counties
51043,Clarke County,VA,Virginia,Metro,"Washington-Arlington-Alexandria, DC-VA-MD-WV",Very Low,2,Typical lower-premium counties,0.9944329508857693,0.9901419878025561,0,Fast-rising lower-premium counties
51045,Craig County,VA,Virginia,Metro,"Roanoke, VA",Very Low,1,Stable low-volatility insurance counties,0.9998806086924446,0.9997612717396502,3,High-premium slower-growth counties
51047,Culpeper County,VA,Virginia,Metro,"Washington-Arlington-Alexandria, DC-VA-MD-WV",Low,2,Typical lower-premium counties,0.999139638496172,0.9986553172630526,0,Fast-rising lower-premium counties
51049,Cumberland County,VA,Virginia,,,Very Low,1,Stable low-volatility insurance counties,0.9999342852956695,0.9998686348770816,3,High-premium slower-growth counties
51051,Dickenson County,VA,Virginia,Micro,"Big Stone Gap, VA",Very Low,1,Stable low-volatility insurance counties,0.9999924896018602,0.9999850118093749,3,High-premium slower-growth counties
51053,Dinwiddie County,VA,Virginia,Metro,"Richmond, VA",Very Low,4,High-premium high-nonrenewal counties,0.9950903423385363,0.9905449407415592,3,High-premium slower-growth counties
51057,Essex County,VA,Virginia,,,Very Low,2,Typical lower-premium counties,0.9988222913800294,0.997749322013804,3,High-premium slower-growth counties
51059,Fairfax County,VA,Virginia,Metro,"Washington-Arlington-Alexandria, DC-VA-MD-WV",High,2,Typical lower-premium counties,0.9821144874098153,0.9712186373749584,0,Fast-rising lower-premium counties
51061,Fauquier County,VA,Virginia,Metro,"Washington-Arlington-Alexandria, DC-VA-MD-WV",Low,2,Typical lower-premium counties,0.9960558592475691,0.9931370859933618,0,Fast-rising lower-premium counties
51063,Floyd County,VA,Virginia,Metro,"Blacksburg-Christiansburg-Radford, VA",Very Low,2,Typical lower-premium counties,0.9993311080954913,0.9988332499333573,3,High-premium slower-growth counties
51065,Fluvanna County,VA,Virginia,Metro,"Charlottesville, VA",Very Low,0,Fast-rising lower-premium counties,0.9920149388608158,0.9840298777287836,3,High-premium slower-growth counties
51067,Franklin County,VA,Virginia,Metro,"Roanoke, VA",Very Low,0,Fast-rising lower-premium counties,0.985959399252468,0.9719187985132718,3,High-premium slower-growth counties
51069,Frederick County,VA,Virginia,Metro,"Winchester, VA-WV",Low,0,Fast-rising lower-premium counties,0.993288077098112,0.9865761542043743,3,High-premium slower-growth counties
51071,Giles County,VA,Virginia,Metro,"Blacksburg-Christiansburg-Radford, VA",Very Low,2,Typical lower-premium counties,0.9889545712675311,0.9779889490788009,3,High-premium slower-growth counties
51073,Gloucester County,VA,Virginia,Metro,"Virginia Beach-Norfolk-Newport News, VA-NC",Very Low,2,Typical lower-premium counties,0.9986961254697174,0.9978948991880128,0,Fast-rising lower-premium counties
51075,Goochland County,VA,Virginia,Metro,"Richmond, VA",Very Low,0,Fast-rising lower-premium counties,0.9873591244656356,0.9747182489312738,3,High-premium slower-growth counties
51077,Grayson County,VA,Virginia,,,Very Low,3,High-premium slower-growth counties,0.9994044432294895,0.998827639338665,2,Typical lower-premium counties
51079,Greene County,VA,Virginia,Metro,"Charlottesville, VA",Very Low,2,Typical lower-premium counties,0.999583127760718,0.9992199226921032,3,High-premium slower-growth counties
51081,Greensville County,VA,Virginia,,,Very Low,1,Stable low-volatility insurance counties,0.9999473460505052,0.9998947446805714,3,High-premium slower-growth counties
51083,Halifax County,VA,Virginia,,,Low,2,Typical lower-premium counties,0.9992931440467457,0.9987489753402996,3,High-premium slower-growth counties
51085,Hanover County,VA,Virginia,Metro,"Richmond, VA",Low,0,Fast-rising lower-premium counties,0.9903739446767588,0.9807478893539444,3,High-premium slower-growth counties
51087,Henrico County,VA,Virginia,Metro,"Richmond, VA",Moderate,1,Stable low-volatility insurance counties,0.9999249483549757,0.9998500616924985,3,High-premium slower-growth counties
51089,Henry County,VA,Virginia,Micro,"Martinsville, VA",Low,1,Stable low-volatility insurance counties,0.998353462624463,0.9967070469708266,3,High-premium slower-growth counties
51091,Highland County,VA,Virginia,,,Very Low,3,High-premium slower-growth counties,0.9999204645277234,0.9998409291317265,0,Fast-rising lower-premium counties
51093,Isle of Wight County,VA,Virginia,Metro,"Virginia Beach-Norfolk-Newport News, VA-NC",Very Low,2,Typical lower-premium counties,0.9948727207677899,0.990586480887661,3,High-premium slower-growth counties
51095,James City County,VA,Virginia,Metro,"Virginia Beach-Norfolk-Newport News, VA-NC",Low,2,Typical lower-premium counties,0.9992244443078344,0.9987759826149172,0,Fast-rising lower-premium counties
51097,King and Queen County,VA,Virginia,,,Very Low,3,High-premium slower-growth counties,0.9999999895308846,0.9999999790617813,0,Fast-rising lower-premium counties
51099,King George County,VA,Virginia,,,Very Low,2,Typical lower-premium counties,0.9972968883830269,0.9954199464010579,0,Fast-rising lower-premium counties
51101,King William County,VA,Virginia,Metro,"Richmond, VA",Very Low,3,High-premium slower-growth counties,0.9999999851583432,0.9999999703167217,0,Fast-rising lower-premium counties
51103,Lancaster County,VA,Virginia,,,Very Low,1,Stable low-volatility insurance counties,0.999860838451904,0.9997217356666489,3,High-premium slower-growth counties
51105,Lee County,VA,Virginia,,,Low,2,Typical lower-premium counties,0.998565059325569,0.9971622877597078,3,High-premium slower-growth counties
51107,Loudoun County,VA,Virginia,Metro,"Washington-Arlington-Alexandria, DC-VA-MD-WV",Low,0,Fast-rising lower-premium counties,0.8659711020690681,0.7319422041381405,3,High-premium slower-growth counties
51109,Louisa County,VA,Virginia,,,Very Low,2,Typical lower-premium counties,0.9990676712853754,0.9984491308436659,0,Fast-rising lower-premium counties
51111,Lunenburg County,VA,Virginia,,,Very Low,2,Typical lower-premium counties,0.9996824634636817,0.9994431075573758,3,High-premium slower-growth counties
51113,Madison County,VA,Virginia,,,Very Low,0,Fast-rising lower-premium counties,0.9812066866843173,0.962413373399812,3,High-premium slower-growth counties
51115,Mathews County,VA,Virginia,Metro,"Virginia Beach-Norfolk-Newport News, VA-NC",Very Low,2,Typical lower-premium counties,0.9907976504022487,0.9818448300053206,3,High-premium slower-growth counties
51117,Mecklenburg County,VA,Virginia,,,Low,2,Typical lower-premium counties,0.9995211159806557,0.999247363863669,3,High-premium slower-growth counties
51119,Middlesex County,VA,Virginia,,,Very Low,2,Typical lower-premium counties,0.9988618837664096,0.9978787877262376,3,High-premium slower-growth counties
51121,Montgomery County,VA,Virginia,Metro,"Blacksburg-Christiansburg-Radford, VA",Low,0,Fast-rising lower-premium counties,0.9929595884157425,0.985919176832175,3,High-premium slower-growth counties
51125,Nelson County,VA,Virginia,Metro,"Charlottesville, VA",Very Low,2,Typical lower-premium counties,0.9978423728668615,0.9963847008412199,0,Fast-rising lower-premium counties
51127,New Kent County,VA,Virginia,Metro,"Richmond, VA",Very Low,0,Fast-rising lower-premium counties,0.9473859103410398,0.8947718211201947,3,High-premium slower-growth counties
51131,Northampton County,VA,Virginia,,,Low,4,High-premium high-nonrenewal counties,0.9706133366345934,0.9446451583249212,3,High-premium slower-growth counties
51133,Northumberland County,VA,Virginia,,,Very Low,1,Stable low-volatility insurance counties,0.9999188109726345,0.9998376606597296,3,High-premium slower-growth counties
51135,Nottoway County,VA,Virginia,,,Very Low,2,Typical lower-premium counties,0.9979265807142484,0.9960333820924141,3,High-premium slower-growth counties
51137,Orange County,VA,Virginia,,,Very Low,2,Typical lower-premium counties,0.999632620792033,0.9993882463173577,3,High-premium slower-growth counties
51139,Page County,VA,Virginia,,,Very Low,2,Typical lower-premium counties,0.999565008549977,0.9992495099217029,3,High-premium slower-growth counties
51141,Patrick County,VA,Virginia,,,Very Low,3,High-premium slower-growth counties,0.9999999997144116,0.999999999428824,0,Fast-rising lower-premium counties
51143,Pittsylvania County,VA,Virginia,Micro,"Danville, VA",Low,1,Stable low-volatility insurance counties,0.9993194312018175,0.9986389268415725,3,High-premium slower-growth counties
51145,Powhatan County,VA,Virginia,Metro,"Richmond, VA",Very Low,0,Fast-rising lower-premium counties,0.993049194448327,0.9860983888971052,3,High-premium slower-growth counties
51147,Prince Edward County,VA,Virginia,,,Very Low,1,Stable low-volatility insurance counties,0.9999528715102602,0.9999058107578587,3,High-premium slower-growth counties
51149,Prince George County,VA,Virginia,Metro,"Richmond, VA",Very Low,1,Stable low-volatility insurance counties,0.9999501646091139,0.999900476503052,3,High-premium slower-growth counties
51153,Prince William County,VA,Virginia,Metro,"Washington-Arlington-Alexandria, DC-VA-MD-WV",Moderate,2,Typical lower-premium counties,0.9987173644750778,0.9976348842315782,3,High-premium slower-growth counties
51155,Pulaski County,VA,Virginia,Metro,"Blacksburg-Christiansburg-Radford, VA",Low,2,Typical lower-premium counties,0.9945082302427597,0.9893320367617897,3,High-premium slower-growth counties
51157,Rappahannock County,VA,Virginia,Metro,"Washington-Arlington-Alexandria, DC-VA-MD-WV",Very Low,2,Typical lower-premium counties,0.9987814937585479,0.9979845845950837,0,Fast-rising lower-premium counties
51159,Richmond County,VA,Virginia,,,Very Low,2,Typical lower-premium counties,0.9994318333349165,0.9989990869891293,3,High-premium slower-growth counties
51161,Roanoke County,VA,Virginia,Metro,"Roanoke, VA",Low,2,Typical lower-premium counties,0.9990778617469884,0.9982040812401006,3,High-premium slower-growth counties
51163,Rockbridge County,VA,Virginia,,,Very Low,1,Stable low-volatility insurance counties,0.999283971400647,0.9985680157403969,3,High-premium slower-growth counties
51165,Rockingham County,VA,Virginia,Metro,"Harrisonburg, VA",Low,2,Typical lower-premium counties,0.9799864089831942,0.9612153516899069,3,High-premium slower-growth counties
51167,Russell County,VA,Virginia,,,Very Low,2,Typical lower-premium counties,0.9984962414484507,0.9972977815917532,3,High-premium slower-growth counties
51169,Scott County,VA,Virginia,Metro,"Kingsport-Bristol-Bristol, TN-VA",Very Low,2,Typical lower-premium counties,0.9993476250880878,0.9988133307161313,3,High-premium slower-growth counties
51171,Shenandoah County,VA,Virginia,,,Low,2,Typical lower-premium counties,0.999381879619119,0.9988748785634004,3,High-premium slower-growth counties
51173,Smyth County,VA,Virginia,,,Low,4,High-premium high-nonrenewal counties,0.939884999905975,0.8798292775390768,3,High-premium slower-growth counties
51175,Southampton County,VA,Virginia,,,Very Low,2,Typical lower-premium counties,0.9993098063928024,0.9988865273291871,3,High-premium slower-growth counties
51177,Spotsylvania County,VA,Virginia,Metro,"Washington-Arlington-Alexandria, DC-VA-MD-WV",Low,2,Typical lower-premium counties,0.9965254649225096,0.993953009034833,0,Fast-rising lower-premium counties
51179,Stafford County,VA,Virginia,Metro,"Washington-Arlington-Alexandria, DC-VA-MD-WV",Low,2,Typical lower-premium counties,0.9947278210174564,0.9920162854629967,0,Fast-rising lower-premium counties
51181,Surry County,VA,Virginia,,,Very Low,2,Typical lower-premium counties,0.9983759777990051,0.9974912242895885,0,Fast-rising lower-premium counties
51183,Sussex County,VA,Virginia,Metro,"Richmond, VA",Very Low,1,Stable low-volatility insurance counties,0.9999726541549263,0.9999454340145576,3,High-premium slower-growth counties
51185,Tazewell County,VA,Virginia,Micro,"Bluefield, WV-VA",Low,1,Stable low-volatility insurance counties,0.9998791484809333,0.9997584097070689,3,High-premium slower-growth counties
51187,Warren County,VA,Virginia,Metro,"Washington-Arlington-Alexandria, DC-VA-MD-WV",Very Low,2,Typical lower-premium counties,0.9993869380304529,0.9990365500851983,3,High-premium slower-growth counties
51191,Washington County,VA,Virginia,Metro,"Kingsport-Bristol-Bristol, TN-VA",Low,2,Typical lower-premium counties,0.9996549303287401,0.9994070360247002,3,High-premium slower-growth counties
51193,Westmoreland County,VA,Virginia,,,Very Low,1,Stable low-volatility insurance counties,0.9999562744697579,0.9999127407474057,3,High-premium slower-growth counties
51195,Wise County,VA,Virginia,Micro,"Big Stone Gap, VA",Low,2,Typical lower-premium counties,0.9995773869828516,0.999271220818875,3,High-premium slower-growth counties
51197,Wythe County,VA,Virginia,,,Low,1,Stable low-volatility insurance counties,0.999809316460109,0.999618703256281,3,High-premium slower-growth counties
51199,York County,VA,Virginia,Metro,"Virginia Beach-Norfolk-Newport News, VA-NC",Low,0,Fast-rising lower-premium counties,0.9783149682643651,0.956629936528733,3,High-premium slower-growth counties
51510,Alexandria City,VA,Virginia,Metro,"Washington-Arlington-Alexandria, DC-VA-MD-WV",Low,2,Typical lower-premium counties,0.9683261550173885,0.9374421294741311,3,High-premium slower-growth counties
51520,Bristol City,VA,Virginia,Metro,"Kingsport-Bristol-Bristol, TN-VA",Very Low,1,Stable low-volatility insurance counties,0.9997085181751397,0.9994170648159048,3,High-premium slower-growth counties
51530,Buena Vista City,VA,Virginia,,,Very Low,1,Stable low-volatility insurance counties,0.6965983707503106,0.39319700207484265,3,High-premium slower-growth counties
51540,Charlottesville City,VA,Virginia,Metro,"Charlottesville, VA",Very Low,3,High-premium slower-growth counties,0.9999999566934052,0.9999999225158327,0,Fast-rising lower-premium counties
51550,Chesapeake City,VA,Virginia,Metro,"Virginia Beach-Norfolk-Newport News, VA-NC",Low,2,Typical lower-premium counties,0.9962862263148604,0.9939300414318315,3,High-premium slower-growth counties
51570,Colonial Heights City,VA,Virginia,Metro,"Richmond, VA",Very Low,3,High-premium slower-growth counties,0.9999999999612754,0.9999999999225494,0,Fast-rising lower-premium counties
51580,Covington City,VA,Virginia,,,Very Low,3,High-premium slower-growth counties,0.9999966131366853,0.9999932262733711,0,Fast-rising lower-premium counties
51590,Danville City,VA,Virginia,Micro,"Danville, VA",Low,2,Typical lower-premium counties,0.9877125079842655,0.9756949457585524,3,High-premium slower-growth counties
51595,Emporia City,VA,Virginia,,,Very Low,3,High-premium slower-growth counties,0.9991182430723784,0.9982364862042676,4,High-premium high-nonrenewal counties
51600,Fairfax City,VA,Virginia,Metro,"Washington-Arlington-Alexandria, DC-VA-MD-WV",Very Low,3,High-premium slower-growth counties,0.9999492602374936,0.9998985204749871,0,Fast-rising lower-premium counties
51610,Falls Church City,VA,Virginia,Metro,"Washington-Arlington-Alexandria, DC-VA-MD-WV",Very Low,3,High-premium slower-growth counties,0.9999999999999716,0.9999999999999433,0,Fast-rising lower-premium counties
51620,Franklin City,VA,Virginia,,,Very Low,3,High-premium slower-growth counties,0.9999999999968345,0.9999999999936685,0,Fast-rising lower-premium counties
51630,Fredericksburg City,VA,Virginia,Metro,"Washington-Arlington-Alexandria, DC-VA-MD-WV",Very Low,3,High-premium slower-growth counties,0.999758870751136,0.9995177415023181,2,Typical lower-premium counties
51640,Galax City,VA,Virginia,,,Very Low,3,High-premium slower-growth counties,1.0,1.0,0,Fast-rising lower-premium counties
51650,Hampton City,VA,Virginia,Metro,"Virginia Beach-Norfolk-Newport News, VA-NC",Low,3,High-premium slower-growth counties,0.9999970348451241,0.9999940710829218,2,Typical lower-premium counties
51660,Harrisonburg City,VA,Virginia,Metro,"Harrisonburg, VA",Very Low,3,High-premium slower-growth counties,0.9999999999983231,0.999999999996645,0,Fast-rising lower-premium counties
51670,Hopewell City,VA,Virginia,Metro,"Richmond, VA",Very Low,2,Typical lower-premium counties,0.9983217112865329,0.9970948660570454,3,High-premium slower-growth counties
51678,Lexington City,VA,Virginia,,,Very Low,3,High-premium slower-growth counties,0.9999999999988454,0.9999999999976921,0,Fast-rising lower-premium counties
51680,Lynchburg City,VA,Virginia,Metro,"Lynchburg, VA",Low,2,Typical lower-premium counties,0.9814483503295041,0.9630926946885853,3,High-premium slower-growth counties
51683,Manassas City,VA,Virginia,Metro,"Washington-Arlington-Alexandria, DC-VA-MD-WV",Very Low,2,Typical lower-premium counties,0.9826230186787791,0.9653960682703496,3,High-premium slower-growth counties
51685,Manassas Park City,VA,Virginia,Metro,"Washington-Arlington-Alexandria, DC-VA-MD-WV",Very Low,3,High-premium slower-growth counties,0.9999999999993143,0.9999999999986275,0,Fast-rising lower-premium counties
51690,Martinsville City,VA,Virginia,Micro,"Martinsville, VA",Very Low,3,High-premium slower-growth counties,0.9999999999948201,0.9999999999896386,0,Fast-rising lower-premium counties
51700,Newport News City,VA,Virginia,Metro,"Virginia Beach-Norfolk-Newport News, VA-NC",Low,1,Stable low-volatility insurance counties,0.9999701799828918,0.999940379328939,3,High-premium slower-growth counties
51710,Norfolk City,VA,Virginia,Metro,"Virginia Beach-Norfolk-Newport News, VA-NC",Moderate,4,High-premium high-nonrenewal counties,0.9723578025883741,0.9522009457365093,3,High-premium slower-growth counties
51720,Norton City,VA,Virginia,Micro,"Big Stone Gap, VA",Very Low,3,High-premium slower-growth counties,0.625475404127711,0.25218326573467653,2,Typical lower-premium counties
51730,Petersburg City,VA,Virginia,Metro,"Richmond, VA",Very Low,3,High-premium slower-growth counties,0.9999999998966622,0.9999999997933235,0,Fast-rising lower-premium counties
51735,Poquoson City,VA,Virginia,Metro,"Virginia Beach-Norfolk-Newport News, VA-NC",Very Low,3,High-premium slower-growth counties,0.583196360216407,0.16794919605227204,2,Typical lower-premium counties
51740,Portsmouth City,VA,Virginia,Metro,"Virginia Beach-Norfolk-Newport News, VA-NC",Low,1,Stable low-volatility insurance counties,0.9999694519040092,0.9999391036953469,3,High-premium slower-growth counties
51750,Radford City,VA,Virginia,Metro,"Blacksburg-Christiansburg-Radford, VA",Very Low,3,High-premium slower-growth counties,0.9999774147321058,0.9999548299173604,0,Fast-rising lower-premium counties
51760,Richmond City,VA,Virginia,Metro,"Richmond, VA",Low,1,Stable low-volatility insurance counties,0.9999543127703935,0.9999087382763363,3,High-premium slower-growth counties
51770,Roanoke City,VA,Virginia,Metro,"Roanoke, VA",Low,1,Stable low-volatility insurance counties,0.9985467919883516,0.9970936156102943,3,High-premium slower-growth counties
51775,Salem City,VA,Virginia,Metro,"Roanoke, VA",Very Low,3,High-premium slower-growth counties,0.9999999999980211,0.9999999999960424,0,Fast-rising lower-premium counties
51790,Staunton City,VA,Virginia,Metro,"Staunton-Waynesboro, VA",Very Low,3,High-premium slower-growth counties,0.9999999994566089,0.9999999989132189,0,Fast-rising lower-premium counties
51800,Suffolk City,VA,Virginia,Metro,"Virginia Beach-Norfolk-Newport News, VA-NC",Low,1,Stable low-volatility insurance counties,0.9996210417549031,0.9992421225936238,3,High-premium slower-growth counties
51810,Virginia Beach City,VA,Virginia,Metro,"Virginia Beach-Norfolk-Newport News, VA-NC",Low,4,High-premium high-nonrenewal counties,0.9925006372640541,0.9858457510184081,3,High-premium slower-growth counties
51820,Waynesboro City,VA,Virginia,Metro,"Staunton-Waynesboro, VA",Very Low,3,High-premium slower-growth counties,0.9999999999993072,0.9999999999986146,0,Fast-rising lower-premium counties
51830,Williamsburg City,VA,Virginia,Metro,"Virginia Beach-Norfolk-Newport News, VA-NC",Very Low,3,High-premium slower-growth counties,0.9998816395142279,0.9997632955911211,0,Fast-rising lower-premium counties
51840,Winchester City,VA,Virginia,Metro,"Winchester, VA-WV",Very Low,2,Typical lower-premium counties,0.9988545309288841,0.9980600047069942,3,High-premium slower-growth counties
53001,Adams County,WA,Washington,Micro,"Othello, WA",Very Low,1,Stable low-volatility insurance counties,0.9999454272326187,0.9998909403804792,3,High-premium slower-growth counties
53003,Asotin County,WA,Washington,Metro,"Lewiston, ID-WA",Very Low,2,Typical lower-premium counties,0.9948459050391816,0.9899602711933284,3,High-premium slower-growth counties
53005,Benton County,WA,Washington,Metro,"Kennewick-Richland, WA",Moderate,2,Typical lower-premium counties,0.9956788376516991,0.9918077733320315,3,High-premium slower-growth counties
53007,Chelan County,WA,Washington,Metro,"Wenatchee, WA",Moderate,2,Typical lower-premium counties,0.9996358905988945,0.9993732155230006,3,High-premium slower-growth counties
53009,Clallam County,WA,Washington,Micro,"Port Angeles, WA",Moderate,0,Fast-rising lower-premium counties,0.9341409777437434,0.8682819666859046,3,High-premium slower-growth counties
53011,Clark County,WA,Washington,Metro,"Portland-Vancouver-Hillsboro, OR-WA",Moderate,0,Fast-rising lower-premium counties,0.9392624338419878,0.878524871635659,3,High-premium slower-growth counties
53013,Columbia County,WA,Washington,Metro,"Walla Walla, WA",Very Low,2,Typical lower-premium counties,0.998094569990744,0.9965896754211996,3,High-premium slower-growth counties
53015,Cowlitz County,WA,Washington,Metro,"Longview, WA",Moderate,1,Stable low-volatility insurance counties,0.9999134489582887,0.9998269410089361,3,High-premium slower-growth counties
53017,Douglas County,WA,Washington,Metro,"Wenatchee, WA",Low,2,Typical lower-premium counties,0.9988744169881095,0.9981831989446899,3,High-premium slower-growth counties
53019,Ferry County,WA,Washington,,,Low,3,High-premium slower-growth counties,0.9930153887029798,0.9860390376434595,0,Fast-rising lower-premium counties
53021,Franklin County,WA,Washington,Metro,"Kennewick-Richland, WA",Low,2,Typical lower-premium counties,0.9993014044444615,0.9986648945918071,3,High-premium slower-growth counties
53023,Garfield County,WA,Washington,,,Very Low,1,Stable low-volatility insurance counties,0.9997934829569933,0.9995884976895957,3,High-premium slower-growth counties
53025,Grant County,WA,Washington,Micro,"Moses Lake, WA",Low,2,Typical lower-premium counties,0.9991631127201794,0.9986556065530272,3,High-premium slower-growth counties
53027,Grays Harbor County,WA,Washington,Micro,"Aberdeen, WA",High,2,Typical lower-premium counties,0.9952096170417285,0.9906289978809406,3,High-premium slower-growth counties
53029,Island County,WA,Washington,Micro,"Oak Harbor, WA",Low,2,Typical lower-premium counties,0.9976860170395971,0.9956088754773811,3,High-premium slower-growth counties
53031,Jefferson County,WA,Washington,,,Low,3,High-premium slower-growth counties,0.9999893005438931,0.9999786034444077,0,Fast-rising lower-premium counties
53033,King County,WA,Washington,Metro,"Seattle-Tacoma-Bellevue, WA",Very High,0,Fast-rising lower-premium counties,0.8978557201238764,0.7957114402935866,3,High-premium slower-growth counties
53035,Kitsap County,WA,Washington,Metro,"Bremerton-Silverdale, WA",Moderate,0,Fast-rising lower-premium counties,0.9573403608957626,0.9146807268029995,3,High-premium slower-growth counties
53037,Kittitas County,WA,Washington,Micro,"Ellensburg, WA",Moderate,2,Typical lower-premium counties,0.9976775639292607,0.9958846692436595,3,High-premium slower-growth counties
53039,Klickitat County,WA,Washington,,,Low,2,Typical lower-premium counties,0.9941650830037605,0.990899419718497,0,Fast-rising lower-premium counties
53041,Lewis County,WA,Washington,Micro,"Centralia, WA",Moderate,2,Typical lower-premium counties,0.9994102044709948,0.9989548610075241,3,High-premium slower-growth counties
53043,Lincoln County,WA,Washington,,,Low,4,High-premium high-nonrenewal counties,0.9714303617199466,0.9430007092636573,3,High-premium slower-growth counties
53045,Mason County,WA,Washington,Micro,"Shelton, WA",Moderate,2,Typical lower-premium counties,0.9992532072030648,0.998689292572204,3,High-premium slower-growth counties
53047,Okanogan County,WA,Washington,,,Moderate,4,High-premium high-nonrenewal counties,0.9244004091231728,0.8497449021577748,3,High-premium slower-growth counties
53049,Pacific County,WA,Washington,,,Moderate,2,Typical lower-premium counties,0.9993628468572564,0.9989498720405247,3,High-premium slower-growth counties
53051,Pend Oreille County,WA,Washington,Metro,"Spokane-Spokane Valley, WA",Very Low,3,High-premium slower-growth counties,0.999787590290016,0.9996439921740377,4,High-premium high-nonrenewal counties
53053,Pierce County,WA,Washington,Metro,"Seattle-Tacoma-Bellevue, WA",High,2,Typical lower-premium counties,0.999555870018471,0.9993204461258693,3,High-premium slower-growth counties
53055,San Juan County,WA,Washington,,,Very Low,3,High-premium slower-growth counties,0.9236566365256081,0.8478324173846118,0,Fast-rising lower-premium counties
53057,Skagit County,WA,Washington,Metro,"Mount Vernon-Anacortes, WA",Moderate,0,Fast-rising lower-premium counties,0.9925418403476584,0.9850836806988463,3,High-premium slower-growth counties
53059,Skamania County,WA,Washington,Metro,"Portland-Vancouver-Hillsboro, OR-WA",Low,2,Typical lower-premium counties,0.9994318363141539,0.9991451912009743,3,High-premium slower-growth counties
53061,Snohomish County,WA,Washington,Metro,"Seattle-Tacoma-Bellevue, WA",High,0,Fast-rising lower-premium counties,0.9933472570089408,0.9866945141079374,3,High-premium slower-growth counties
53063,Spokane County,WA,Washington,Metro,"Spokane-Spokane Valley, WA",Moderate,2,Typical lower-premium counties,0.9988243262455127,0.9977424631105791,3,High-premium slower-growth counties
53065,Stevens County,WA,Washington,Metro,"Spokane-Spokane Valley, WA",Low,4,High-premium high-nonrenewal counties,0.9854137521681131,0.971012836294536,3,High-premium slower-growth counties
53067,Thurston County,WA,Washington,Metro,"Olympia-Tumwater, WA",High,0,Fast-rising lower-premium counties,0.9871074366190029,0.9742148739544135,3,High-premium slower-growth counties
53069,Wahkiakum County,WA,Washington,,,Very Low,0,Fast-rising lower-premium counties,0.9436952940351264,0.8873905880709666,3,High-premium slower-growth counties
53071,Walla Walla County,WA,Washington,Metro,"Walla Walla, WA",Low,2,Typical lower-premium counties,0.9992481112669679,0.9986748062828124,3,High-premium slower-growth counties
53073,Whatcom County,WA,Washington,Metro,"Bellingham, WA",Moderate,0,Fast-rising lower-premium counties,0.9916027862778656,0.9832055727334389,3,High-premium slower-growth counties
53075,Whitman County,WA,Washington,Micro,"Pullman, WA",Very Low,2,Typical lower-premium counties,0.999379696587341,0.9989386455208018,3,High-premium slower-growth counties
53077,Yakima County,WA,Washington,Metro,"Yakima, WA",Moderate,2,Typical lower-premium counties,0.999428040931003,0.9989615654263535,3,High-premium slower-growth counties
54001,Barbour County,WV,West Virginia,,,Very Low,3,High-premium slower-growth counties,0.6913692772132403,0.43290701820481137,2,Typical lower-premium counties
54003,Berkeley County,WV,West Virginia,Metro,"Hagerstown-Martinsburg, MD-WV",Low,0,Fast-rising lower-premium counties,0.9767188326103059,0.953437665220614,3,High-premium slower-growth counties
54005,Boone County,WV,West Virginia,Metro,"Charleston, WV",Low,3,High-premium slower-growth counties,0.7389319670669643,0.48294057854613265,2,Typical lower-premium counties
54007,Braxton County,WV,West Virginia,,,Very Low,0,Fast-rising lower-premium counties,0.9938719414884082,0.9877438830985485,3,High-premium slower-growth counties
54009,Brooke County,WV,West Virginia,Metro,"Weirton-Steubenville, WV-OH",Low,3,High-premium slower-growth counties,0.5678774012797614,0.17439897562046475,2,Typical lower-premium counties
54011,Cabell County,WV,West Virginia,Metro,"Huntington-Ashland, WV-KY-OH",Moderate,0,Fast-rising lower-premium counties,0.9211369716464175,0.8422739433009805,3,High-premium slower-growth counties
54013,Calhoun County,WV,West Virginia,,,Very Low,0,Fast-rising lower-premium counties,0.9945214291652938,0.9890428584338811,3,High-premium slower-growth counties
54015,Clay County,WV,West Virginia,Metro,"Charleston, WV",Very Low,3,High-premium slower-growth counties,0.9999692038134566,0.9999384080056806,0,Fast-rising lower-premium counties
54017,Doddridge County,WV,West Virginia,Micro,"Clarksburg, WV",Very Low,2,Typical lower-premium counties,0.9711516738065296,0.9442552468080657,4,High-premium high-nonrenewal counties
54019,Fayette County,WV,West Virginia,Metro,"Beckley, WV",Low,2,Typical lower-premium counties,0.9593167056153099,0.9203993565330473,3,High-premium slower-growth counties
54021,Gilmer County,WV,West Virginia,,,Very Low,3,High-premium slower-growth counties,0.9999114556998278,0.9998229554819211,0,Fast-rising lower-premium counties
54023,Grant County,WV,West Virginia,,,Very Low,3,High-premium slower-growth counties,0.9999141234698542,0.9998282757860053,0,Fast-rising lower-premium counties
54025,Greenbrier County,WV,West Virginia,,,Low,2,Typical lower-premium counties,0.7668453865808299,0.5454484370188587,3,High-premium slower-growth counties
54027,Hampshire County,WV,West Virginia,Metro,"Winchester, VA-WV",Very Low,0,Fast-rising lower-premium counties,0.963459803284186,0.9269196065683734,3,High-premium slower-growth counties
54029,Hancock County,WV,West Virginia,Metro,"Weirton-Steubenville, WV-OH",Very Low,3,High-premium slower-growth counties,0.9999999854005566,0.9999999788838573,0,Fast-rising lower-premium counties
54031,Hardy County,WV,West Virginia,,,Very Low,3,High-premium slower-growth counties,0.99998584879804,0.9999716975960784,0,Fast-rising lower-premium counties
54033,Harrison County,WV,West Virginia,Micro,"Clarksburg, WV",Low,0,Fast-rising lower-premium counties,0.8357843216833085,0.6715686433680393,3,High-premium slower-growth counties
54035,Jackson County,WV,West Virginia,,,Low,3,High-premium slower-growth counties,0.9999349168129567,0.9998698336272516,0,Fast-rising lower-premium counties
54037,Jefferson County,WV,West Virginia,Metro,"Washington-Arlington-Alexandria, DC-VA-MD-WV",Low,3,High-premium slower-growth counties,0.9999391868434242,0.9998783736868472,0,Fast-rising lower-premium counties
54039,Kanawha County,WV,West Virginia,Metro,"Charleston, WV",High,3,High-premium slower-growth counties,0.6341642390651983,0.2700529978133872,2,Typical lower-premium counties
54041,Lewis County,WV,West Virginia,,,Low,0,Fast-rising lower-premium counties,0.6749306712120664,0.3498613424241785,3,High-premium slower-growth counties
54043,Lincoln County,WV,West Virginia,Metro,"Huntington-Ashland, WV-KY-OH",Low,3,High-premium slower-growth counties,0.9999999987193497,0.9999999974386988,0,Fast-rising lower-premium counties
54045,Logan County,WV,West Virginia,Micro,"Logan, WV",Low,3,High-premium slower-growth counties,0.9999999999858566,0.9999999999742006,0,Fast-rising lower-premium counties
54047,McDowell County,WV,West Virginia,,,Low,2,Typical lower-premium counties,0.9988545742442778,0.998013668004774,4,High-premium high-nonrenewal counties
54049,Marion County,WV,West Virginia,Micro,"Fairmont, WV",Low,2,Typical lower-premium counties,0.7995513871283256,0.6004214514162265,3,High-premium slower-growth counties
54051,Marshall County,WV,West Virginia,Metro,"Wheeling, WV-OH",Low,0,Fast-rising lower-premium counties,0.6016291640841497,0.20325832817663075,3,High-premium slower-growth counties
54053,Mason County,WV,West Virginia,Micro,"Point Pleasant, WV-OH",Low,3,High-premium slower-growth counties,0.7111215272965715,0.4230740034248842,2,Typical lower-premium counties
54055,Mercer County,WV,West Virginia,Micro,"Bluefield, WV-VA",Low,3,High-premium slower-growth counties,0.7159612654272067,0.4322752065657638,2,Typical lower-premium counties
54057,Mineral County,WV,West Virginia,Metro,"Cumberland, MD-WV",Low,0,Fast-rising lower-premium counties,0.6797491833955157,0.35949836679117547,3,High-premium slower-growth counties
54059,Mingo County,WV,West Virginia,,,Low,2,Typical lower-premium counties,0.9206783020944709,0.8434711258657828,4,High-premium high-nonrenewal counties
54061,Monongalia County,WV,West Virginia,Metro,"Morgantown, WV",Low,3,High-premium slower-growth counties,0.9999912456705926,0.9999824913435246,0,Fast-rising lower-premium counties
54063,Monroe County,WV,West Virginia,,,Very Low,3,High-premium slower-growth counties,0.9999640893306003,0.99992818080823,0,Fast-rising lower-premium counties
54065,Morgan County,WV,West Virginia,,,Very Low,0,Fast-rising lower-premium counties,0.9785255004406548,0.9570510008813085,3,High-premium slower-growth counties
54067,Nicholas County,WV,West Virginia,,,Low,2,Typical lower-premium counties,0.7189860983384448,0.43942569290837924,3,High-premium slower-growth counties
54069,Ohio County,WV,West Virginia,Metro,"Wheeling, WV-OH",Low,0,Fast-rising lower-premium counties,0.9567817725030637,0.9135635450062832,3,High-premium slower-growth counties
54071,Pendleton County,WV,West Virginia,,,Very Low,3,High-premium slower-growth counties,0.9999114556998278,0.9998229554819211,0,Fast-rising lower-premium counties
54073,Pleasants County,WV,West Virginia,,,Very Low,3,High-premium slower-growth counties,0.999985611591852,0.9999712231837049,0,Fast-rising lower-premium counties
54075,Pocahontas County,WV,West Virginia,,,Very Low,0,Fast-rising lower-premium counties,0.9930493342306109,0.986098668524255,3,High-premium slower-growth counties
54077,Preston County,WV,West Virginia,Metro,"Morgantown, WV",Very Low,3,High-premium slower-growth counties,0.7853421447319293,0.6689462425677467,0,Fast-rising lower-premium counties
54079,Putnam County,WV,West Virginia,Metro,"Huntington-Ashland, WV-KY-OH",Low,0,Fast-rising lower-premium counties,0.9722151330965279,0.9444302661930568,3,High-premium slower-growth counties
54081,Raleigh County,WV,West Virginia,Metro,"Beckley, WV",Low,3,High-premium slower-growth counties,0.6011476317357722,0.31845520994190374,2,Typical lower-premium counties
54083,Randolph County,WV,West Virginia,Micro,"Elkins, WV",Low,0,Fast-rising lower-premium counties,0.9681833680938413,0.9363667361877089,3,High-premium slower-growth counties
54085,Ritchie County,WV,West Virginia,,,Very Low,0,Fast-rising lower-premium counties,0.9938719414884082,0.9877438830985485,3,High-premium slower-growth counties
54087,Roane County,WV,West Virginia,,,Low,3,High-premium slower-growth counties,0.6263734455463519,0.2586298914137253,0,Fast-rising lower-premium counties
54089,Summers County,WV,West Virginia,,,Very Low,2,Typical lower-premium counties,0.9942590039126333,0.9889178073222092,4,High-premium high-nonrenewal counties
54091,Taylor County,WV,West Virginia,Micro,"Clarksburg, WV",Very Low,0,Fast-rising lower-premium counties,0.954512208243838,0.9090244164876838,3,High-premium slower-growth counties
54093,Tucker County,WV,West Virginia,,,Very Low,0,Fast-rising lower-premium counties,0.9941847024767353,0.9883694050244468,3,High-premium slower-growth counties
54095,Tyler County,WV,West Virginia,,,Very Low,0,Fast-rising lower-premium counties,0.9947307364967917,0.9894614731175756,3,High-premium slower-growth counties
54097,Upshur County,WV,West Virginia,,,Low,0,Fast-rising lower-premium counties,0.9844930996325388,0.9689861992650791,3,High-premium slower-growth counties
54099,Wayne County,WV,West Virginia,Metro,"Huntington-Ashland, WV-KY-OH",Low,0,Fast-rising lower-premium counties,0.9582432926021368,0.9164865852043345,3,High-premium slower-growth counties
54101,Webster County,WV,West Virginia,,,Very Low,0,Fast-rising lower-premium counties,0.9937788020048598,0.9875576041239541,3,High-premium slower-growth counties
54103,Wetzel County,WV,West Virginia,,,Low,0,Fast-rising lower-premium counties,0.9074455690646941,0.8148911381305192,3,High-premium slower-growth counties
54105,Wirt County,WV,West Virginia,Metro,"Parkersburg-Vienna, WV",Very Low,0,Fast-rising lower-premium counties,0.9940837880233974,0.988167576109558,3,High-premium slower-growth counties
54107,Wood County,WV,West Virginia,Metro,"Parkersburg-Vienna, WV",Low,3,High-premium slower-growth counties,0.8311557908207245,0.6623115816415973,0,Fast-rising lower-premium counties
54109,Wyoming County,WV,West Virginia,,,Low,0,Fast-rising lower-premium counties,0.9945214291652938,0.9890428584338811,3,High-premium slower-growth counties
55001,Adams County,WI,Wisconsin,,,Low,2,Typical lower-premium counties,0.9977410625977914,0.9958466443259024,3,High-premium slower-growth counties
55003,Ashland County,WI,Wisconsin,,,Very Low,2,Typical lower-premium counties,0.9584728610654853,0.9330150565883101,3,High-premium slower-growth counties
55005,Barron County,WI,Wisconsin,,,Low,1,Stable low-volatility insurance counties,0.9994132145017259,0.9988267312233202,3,High-premium slower-growth counties
55007,Bayfield County,WI,Wisconsin,,,Very Low,2,Typical lower-premium counties,0.8487227173407326,0.6974490951305352,3,High-premium slower-growth counties
55009,Brown County,WI,Wisconsin,Metro,"Green Bay, WI",Moderate,2,Typical lower-premium counties,0.8537952285168228,0.7238167691788133,3,High-premium slower-growth counties
55011,Buffalo County,WI,Wisconsin,,,Very Low,3,High-premium slower-growth counties,0.9999976225386344,0.9999956072124726,2,Typical lower-premium counties
55013,Burnett County,WI,Wisconsin,,,Low,0,Fast-rising lower-premium counties,0.9640302027920689,0.9280604055853944,3,High-premium slower-growth counties
55015,Calumet County,WI,Wisconsin,Metro,"Appleton, WI",Very Low,2,Typical lower-premium counties,0.9495662124139086,0.9141445533591253,4,High-premium high-nonrenewal counties
55017,Chippewa County,WI,Wisconsin,Metro,"Eau Claire, WI",Low,2,Typical lower-premium counties,0.9935570211717808,0.9899239041831236,3,High-premium slower-growth counties
55019,Clark County,WI,Wisconsin,,,Low,2,Typical lower-premium counties,0.9842950731716293,0.9742413799101534,3,High-premium slower-growth counties
55021,Columbia County,WI,Wisconsin,Metro,"Madison, WI",Moderate,2,Typical lower-premium counties,0.9926079176327495,0.988296079994728,3,High-premium slower-growth counties
55023,Crawford County,WI,Wisconsin,,,Low,2,Typical lower-premium counties,0.9598016790827872,0.9309489247884707,3,High-premium slower-growth counties
55025,Dane County,WI,Wisconsin,Metro,"Madison, WI",Moderate,2,Typical lower-premium counties,0.9659490354233513,0.9443676548811589,3,High-premium slower-growth counties
55027,Dodge County,WI,Wisconsin,Micro,"Beaver Dam, WI",Low,2,Typical lower-premium counties,0.829519472209506,0.7090674865547507,4,High-premium high-nonrenewal counties
55029,Door County,WI,Wisconsin,,,Low,0,Fast-rising lower-premium counties,0.9724480388677235,0.9448960784913774,3,High-premium slower-growth counties
55031,Douglas County,WI,Wisconsin,Metro,"Duluth, MN-WI",Low,2,Typical lower-premium counties,0.9944390656410784,0.9890907383189034,3,High-premium slower-growth counties
55033,Dunn County,WI,Wisconsin,Micro,"Menomonie, WI",Low,3,High-premium slower-growth counties,0.9999999995913598,0.999999999182718,0,Fast-rising lower-premium counties
55035,Eau Claire County,WI,Wisconsin,Metro,"Eau Claire, WI",Low,2,Typical lower-premium counties,0.9941845929619937,0.9907174701743782,4,High-premium high-nonrenewal counties
55037,Florence County,WI,Wisconsin,Micro,"Iron Mountain, MI-WI",Low,2,Typical lower-premium counties,0.9939698782915924,0.9905976742726482,3,High-premium slower-growth counties
55039,Fond du Lac County,WI,Wisconsin,Metro,"Fond du Lac, WI",Low,1,Stable low-volatility insurance counties,0.9945600118593039,0.989120461028446,3,High-premium slower-growth counties
55041,Forest County,WI,Wisconsin,,,Low,2,Typical lower-premium counties,0.9874325998936341,0.9779468659589488,4,High-premium high-nonrenewal counties
55043,Grant County,WI,Wisconsin,Micro,"Platteville, WI",Low,1,Stable low-volatility insurance counties,0.9850146991285772,0.9700391759212876,3,High-premium slower-growth counties
55045,Green County,WI,Wisconsin,Metro,"Madison, WI",Low,2,Typical lower-premium counties,0.9980962856508901,0.996948843120371,3,High-premium slower-growth counties
55047,Green Lake County,WI,Wisconsin,,,Low,2,Typical lower-premium counties,0.9942664265679504,0.9901355920297981,3,High-premium slower-growth counties
55049,Iowa County,WI,Wisconsin,Metro,"Madison, WI",Very Low,3,High-premium slower-growth counties,0.9999929270593335,0.9999858547497968,0,Fast-rising lower-premium counties
55051,Iron County,WI,Wisconsin,,,Very Low,2,Typical lower-premium counties,0.9006476936708436,0.8291445904053266,3,High-premium slower-growth counties
55053,Jackson County,WI,Wisconsin,,,Low,1,Stable low-volatility insurance counties,0.9714330302598022,0.9428916087103064,3,High-premium slower-growth counties
55055,Jefferson County,WI,Wisconsin,Micro,"Watertown-Fort Atkinson, WI",Low,2,Typical lower-premium counties,0.9970067923164523,0.994465289927311,3,High-premium slower-growth counties
55057,Juneau County,WI,Wisconsin,,,Low,1,Stable low-volatility insurance counties,0.9988409223693873,0.9976832575134355,3,High-premium slower-growth counties
55059,Kenosha County,WI,Wisconsin,Metro,"Chicago-Naperville-Elgin, IL-IN-WI",Moderate,2,Typical lower-premium counties,0.9359508893975478,0.8721713307341703,3,High-premium slower-growth counties
55061,Kewaunee County,WI,Wisconsin,Metro,"Green Bay, WI",Very Low,2,Typical lower-premium counties,0.6934799215925548,0.4229710427182375,3,High-premium slower-growth counties
55063,La Crosse County,WI,Wisconsin,Metro,"La Crosse-Onalaska, WI-MN",Low,2,Typical lower-premium counties,0.9946845098713456,0.9906824480853134,3,High-premium slower-growth counties
55065,Lafayette County,WI,Wisconsin,,,Very Low,2,Typical lower-premium counties,0.9948706519052809,0.9922831089961582,3,High-premium slower-growth counties
55067,Langlade County,WI,Wisconsin,,,Low,2,Typical lower-premium counties,0.9810596246189295,0.9679117355825886,3,High-premium slower-growth counties
55069,Lincoln County,WI,Wisconsin,Micro,"Merrill, WI",Low,1,Stable low-volatility insurance counties,0.9985183605823885,0.9970373763236807,3,High-premium slower-growth counties
55071,Manitowoc County,WI,Wisconsin,Micro,"Manitowoc, WI",Low,2,Typical lower-premium counties,0.9916689065244838,0.9866489777406112,3,High-premium slower-growth counties
55073,Marathon County,WI,Wisconsin,Metro,"Wausau, WI",Moderate,1,Stable low-volatility insurance counties,0.9963075098558204,0.9926155492276247,3,High-premium slower-growth counties
55075,Marinette County,WI,Wisconsin,Micro,"Marinette, WI-MI",Low,1,Stable low-volatility insurance counties,0.9938586852848754,0.9877177968791239,3,High-premium slower-growth counties
55077,Marquette County,WI,Wisconsin,,,Low,2,Typical lower-premium counties,0.6797869012232173,0.4490623972305305,4,High-premium high-nonrenewal counties
55078,Menominee County,WI,Wisconsin,Micro,"Shawano, WI",Very Low,0,Fast-rising lower-premium counties,0.9941751212848113,0.9883502426318788,3,High-premium slower-growth counties
55079,Milwaukee County,WI,Wisconsin,Metro,"Milwaukee-Waukesha-West Allis, WI",High,1,Stable low-volatility insurance counties,0.943939027638176,0.8878780553019884,3,High-premium slower-growth counties
55081,Monroe County,WI,Wisconsin,,,Low,1,Stable low-volatility insurance counties,0.9994126098170704,0.9988253158257506,3,High-premium slower-growth counties
55083,Oconto County,WI,Wisconsin,Metro,"Green Bay, WI",Low,1,Stable low-volatility insurance counties,0.9983424001753275,0.9966854785171214,3,High-premium slower-growth counties
55085,Oneida County,WI,Wisconsin,,,Low,2,Typical lower-premium counties,0.9975445677359613,0.9956212274053917,3,High-premium slower-growth counties
55087,Outagamie County,WI,Wisconsin,Metro,"Appleton, WI",Low,2,Typical lower-premium counties,0.9756348205058216,0.9589214918286972,4,High-premium high-nonrenewal counties
55089,Ozaukee County,WI,Wisconsin,Metro,"Milwaukee-Waukesha-West Allis, WI",Low,2,Typical lower-premium counties,0.9801019258810045,0.9607635411757789,3,High-premium slower-growth counties
55091,Pepin County,WI,Wisconsin,,,Very Low,2,Typical lower-premium counties,0.99809654413165,0.9964829275402542,4,High-premium high-nonrenewal counties
55093,Pierce County,WI,Wisconsin,Metro,"Minneapolis-St. Paul-Bloomington, MN-WI",Very Low,3,High-premium slower-growth counties,0.9999976785252701,0.9999953570508985,0,Fast-rising lower-premium counties
55095,Polk County,WI,Wisconsin,,,Low,1,Stable low-volatility insurance counties,0.9982082231072834,0.9964164804408567,3,High-premium slower-growth counties
55097,Portage County,WI,Wisconsin,Micro,"Stevens Point, WI",Low,2,Typical lower-premium counties,0.9984232095193468,0.9973168302353301,3,High-premium slower-growth counties
55099,Price County,WI,Wisconsin,,,Very Low,2,Typical lower-premium counties,0.9141047263899348,0.8590668447972483,4,High-premium high-nonrenewal counties
55101,Racine County,WI,Wisconsin,Metro,"Racine, WI",Moderate,2,Typical lower-premium counties,0.9951563432381894,0.9925869548491162,3,High-premium slower-growth counties
55103,Richland County,WI,Wisconsin,,,Low,2,Typical lower-premium counties,0.9107648267640428,0.8417572403712315,4,High-premium high-nonrenewal counties
55105,Rock County,WI,Wisconsin,Metro,"Janesville-Beloit, WI",Moderate,2,Typical lower-premium counties,0.9973676083429331,0.9956600028578513,3,High-premium slower-growth counties
55107,Rusk County,WI,Wisconsin,,,Very Low,3,High-premium slower-growth counties,0.9999999999228351,0.9999999998456691,0,Fast-rising lower-premium counties
55109,St. Croix County,WI,Wisconsin,Metro,"Minneapolis-St. Paul-Bloomington, MN-WI",Low,2,Typical lower-premium counties,0.8314186482214201,0.6864558796845351,3,High-premium slower-growth counties
55111,Sauk County,WI,Wisconsin,Micro,"Baraboo, WI",Low,2,Typical lower-premium counties,0.9976525968741027,0.9958344245772488,3,High-premium slower-growth counties
55113,Sawyer County,WI,Wisconsin,,,Low,2,Typical lower-premium counties,0.8928004493332153,0.8079967035136492,3,High-premium slower-growth counties
55115,Shawano County,WI,Wisconsin,Micro,"Shawano, WI",Low,2,Typical lower-premium counties,0.9787700526042542,0.9660631023565318,3,High-premium slower-growth counties
55117,Sheboygan County,WI,Wisconsin,Metro,"Sheboygan, WI",Low,3,High-premium slower-growth counties,0.9999999930957912,0.9999999872670728,0,Fast-rising lower-premium counties
55119,Taylor County,WI,Wisconsin,,,Very Low,2,Typical lower-premium counties,0.9995070888654063,0.9992516978376738,4,High-premium high-nonrenewal counties
55121,Trempealeau County,WI,Wisconsin,,,Low,2,Typical lower-premium counties,0.9824963187923221,0.9741739448353199,4,High-premium high-nonrenewal counties
55123,Vernon County,WI,Wisconsin,,,Low,2,Typical lower-premium counties,0.9625960394011348,0.9273035630798109,3,High-premium slower-growth counties
55125,Vilas County,WI,Wisconsin,,,Low,3,High-premium slower-growth counties,0.6488209067064197,0.29764181392390543,0,Fast-rising lower-premium counties
55127,Walworth County,WI,Wisconsin,Micro,"Whitewater-Elkhorn, WI",Low,2,Typical lower-premium counties,0.9968940397040639,0.9943040676383416,3,High-premium slower-growth counties
55129,Washburn County,WI,Wisconsin,,,Very Low,2,Typical lower-premium counties,0.9556053966570321,0.9338541289489274,4,High-premium high-nonrenewal counties
55131,Washington County,WI,Wisconsin,Metro,"Milwaukee-Waukesha-West Allis, WI",Low,2,Typical lower-premium counties,0.9699508992762355,0.9424814834161546,3,High-premium slower-growth counties
55133,Waukesha County,WI,Wisconsin,Metro,"Milwaukee-Waukesha-West Allis, WI",Moderate,2,Typical lower-premium counties,0.9877696892683536,0.9789444319900106,3,High-premium slower-growth counties
55135,Waupaca County,WI,Wisconsin,,,Low,2,Typical lower-premium counties,0.9924301944207254,0.9886159714235598,4,High-premium high-nonrenewal counties
55137,Waushara County,WI,Wisconsin,,,Low,2,Typical lower-premium counties,0.9978666056347927,0.9964907048741077,3,High-premium slower-growth counties
55139,Winnebago County,WI,Wisconsin,Metro,"Oshkosh-Neenah, WI",Moderate,2,Typical lower-premium counties,0.791196777433113,0.5900160042635948,3,High-premium slower-growth counties
55141,Wood County,WI,Wisconsin,Micro,"Wisconsin Rapids-Marshfield, WI",Low,3,High-premium slower-growth counties,0.9993278560056132,0.9986646216717203,4,High-premium high-nonrenewal counties
56001,Albany County,WY,Wyoming,Micro,"Laramie, WY",Low,0,Fast-rising lower-premium counties,0.9422839314771527,0.8845678629549025,3,High-premium slower-growth counties
56003,Big Horn County,WY,Wyoming,,,Very Low,1,Stable low-volatility insurance counties,0.9970775161315395,0.9941550926856914,3,High-premium slower-growth counties
56005,Campbell County,WY,Wyoming,Micro,"Gillette, WY",Low,3,High-premium slower-growth counties,0.999999999980794,0.9999999999615867,0,Fast-rising lower-premium counties
56007,Carbon County,WY,Wyoming,,,Very Low,1,Stable low-volatility insurance counties,0.9994442439478448,0.9988885539118211,3,High-premium slower-growth counties
56009,Converse County,WY,Wyoming,,,Very Low,1,Stable low-volatility insurance counties,0.9997530656601035,0.9995061710670972,3,High-premium slower-growth counties
56011,Crook County,WY,Wyoming,,,Very Low,2,Typical lower-premium counties,0.9984194669487464,0.9971190298778266,4,High-premium high-nonrenewal counties
56013,Fremont County,WY,Wyoming,Micro,"Riverton, WY",Low,0,Fast-rising lower-premium counties,0.9800568393870475,0.9601136790540503,3,High-premium slower-growth counties
56015,Goshen County,WY,Wyoming,,,Very Low,2,Typical lower-premium counties,0.9643665239486866,0.9395211816488961,3,High-premium slower-growth counties
56017,Hot Springs County,WY,Wyoming,,,Very Low,2,Typical lower-premium counties,0.9947284743035225,0.9903497199970422,3,High-premium slower-growth counties
56019,Johnson County,WY,Wyoming,,,Very Low,0,Fast-rising lower-premium counties,0.9612110481870512,0.9224220964888274,3,High-premium slower-growth counties
56021,Laramie County,WY,Wyoming,Metro,"Cheyenne, WY",Low,0,Fast-rising lower-premium counties,0.577088860248367,0.15417772049674905,3,High-premium slower-growth counties
56023,Lincoln County,WY,Wyoming,,,Low,0,Fast-rising lower-premium counties,0.9462109640219152,0.8924219281892015,3,High-premium slower-growth counties
56025,Natrona County,WY,Wyoming,Metro,"Casper, WY",Low,0,Fast-rising lower-premium counties,0.8865738406268668,0.7731476824984965,3,High-premium slower-growth counties
56027,Niobrara County,WY,Wyoming,,,Very Low,1,Stable low-volatility insurance counties,0.9999817313794909,0.9999634988697554,3,High-premium slower-growth counties
56029,Park County,WY,Wyoming,,,Low,0,Fast-rising lower-premium counties,0.9778630841045342,0.9557261683045902,3,High-premium slower-growth counties
56031,Platte County,WY,Wyoming,,,Very Low,2,Typical lower-premium counties,0.977842563921478,0.9559835317763885,3,High-premium slower-growth counties
56033,Sheridan County,WY,Wyoming,Micro,"Sheridan, WY",Low,3,High-premium slower-growth counties,0.9999998390344468,0.9999996780688983,0,Fast-rising lower-premium counties
56035,Sublette County,WY,Wyoming,,,Very Low,0,Fast-rising lower-premium counties,0.9509824201657356,0.9019648439445335,3,High-premium slower-growth counties
56037,Sweetwater County,WY,Wyoming,Micro,"Rock Springs, WY",Very Low,2,Typical lower-premium counties,0.8919959263216668,0.7842466222801817,3,High-premium slower-growth counties
56039,Teton County,WY,Wyoming,Micro,"Jackson, WY-ID",Low,3,High-premium slower-growth counties,1.0,1.0,0,Fast-rising lower-premium counties
56041,Uinta County,WY,Wyoming,Micro,"Evanston, WY",Very Low,2,Typical lower-premium counties,0.9917088827854033,0.9846711301711167,3,High-premium slower-growth counties
56043,Washakie County,WY,Wyoming,,,Very Low,3,High-premium slower-growth counties,0.9999889014408364,0.9999778028867636,0,Fast-rising lower-premium counties
56045,Weston County,WY,Wyoming,,,Very Low,2,Typical lower-premium counties,0.988215874362705,0.9818817286431198,3,High-premium slower-growth counties
