fips,county,state,risk_group,risk_score,county_median_ppsf_yoy,group_median_ppsf_yoy,actual_relative_median_ppsf_yoy,model_group,selected_model,oof_prediction,oof_prediction_std,oof_residual,fitted_prediction,county_median_ppsf_yoy_percentage_points,group_median_ppsf_yoy_percentage_points,relative_median_ppsf_yoy_percentage_points,oof_prediction_percentage_points,oof_prediction_std_percentage_points,oof_residual_percentage_points,fitted_prediction_percentage_points
01007,"Bibb County, AL",AL,Very Low,39.12213740458015,0.072690311785,0.08295165394,-0.010261342154999992,Very Low,elastic_net,0.007300153368031507,0.0012940850688962168,-0.0175614955230315,0.0055409026245296054,7.269031178500001,8.295165394,-1.026134215499999,0.7300153368031508,0.1294085068896217,-1.75614955230315,0.5540902624529606
01027,"Clay County, AL",AL,Very Low,26.685750636132315,0.07951522508,0.08295165394,-0.003436428859999993,Very Low,elastic_net,0.0020355363067676665,0.002553264031145729,-0.005471965166767659,0.0020153072293643153,7.951522508,8.295165394,-0.3436428859999993,0.20355363067676666,0.25532640311457294,-0.5471965166767659,0.20153072293643154
01029,"Cleburne County, AL",AL,Very Low,27.480916030534353,0.09390839611,0.08295165394,0.010956742170000006,Very Low,elastic_net,0.00972491064597606,0.0006731185624303064,0.001231831524023945,0.009195160954375186,9.390839611,8.295165394,1.0956742170000004,0.972491064597606,0.06731185624303064,0.1231831524023945,0.9195160954375186
01035,"Conecuh County, AL",AL,Very Low,31.106870229007633,0.05361803267,0.08295165394,-0.029333621269999992,Very Low,elastic_net,0.014304266987991088,0.0015599659341346468,-0.04363788825799108,0.010653257112297091,5.361803267,8.295165394,-2.933362126999999,1.4304266987991088,0.15599659341346467,-4.363788825799108,1.0653257112297092
01037,"Coosa County, AL",AL,Very Low,14.567430025445294,-0.007935473757,0.08295165394,-0.090887127697,Very Low,elastic_net,0.009829930491318173,0.0008710857713592268,-0.10071705818831816,0.0067583797963118525,-0.7935473756999999,8.295165394,-9.088712769699999,0.9829930491318173,0.08710857713592268,-10.071705818831816,0.6758379796311853
01041,"Crenshaw County, AL",AL,Very Low,34.38295165394402,0.1980726657,0.08295165394,0.11512101176000002,Very Low,elastic_net,0.0175111473457682,0.001265560125665445,0.09760986441423182,0.02047061357706915,19.80726657,8.295165394,11.512101176000002,1.75111473457682,0.1265560125665445,9.760986441423182,2.047061357706915
01057,"Fayette County, AL",AL,Very Low,38.16793893129771,0.07676306421500001,0.08295165394,-0.006188589724999985,Very Low,elastic_net,0.0061658234820334765,0.0012069951839937098,-0.012354413207033461,0.00532057430045067,7.676306421500001,8.295165394,-0.6188589724999984,0.6165823482033477,0.12069951839937099,-1.2354413207033461,0.532057430045067
01063,"Greene County, AL",AL,Very Low,29.293893129770993,0.0011486127,0.08295165394,-0.08180304124,Very Low,elastic_net,0.030323171755821637,0.0020289518705179773,-0.11212621299582164,0.023792953093151468,0.11486127,8.295165394,-8.180304124,3.032317175582164,0.20289518705179774,-11.212621299582164,2.3792953093151468
01065,"Hale County, AL",AL,Very Low,39.090330788804074,0.089520462435,0.08295165394,0.006568808495000009,Very Low,elastic_net,0.015573879870544018,0.0037954366224005015,-0.009005071375544009,0.015257202981501055,8.9520462435,8.295165394,0.6568808495000009,1.5573879870544018,0.37954366224005015,-0.9005071375544009,1.5257202981501055
01067,"Henry County, AL",AL,Very Low,42.04834605597965,0.066412113795,0.08295165394,-0.01653954014499999,Very Low,elastic_net,0.007770486136281929,0.001236846453388745,-0.02431002628128192,0.007736834093393405,6.6412113795000005,8.295165394,-1.653954014499999,0.7770486136281929,0.1236846453388745,-2.431002628128192,0.7736834093393404
01075,"Lamar County, AL",AL,Very Low,31.393129770992367,0.13299483955000002,0.08295165394,0.05004318561000003,Very Low,elastic_net,0.0005657754337713938,0.002339965849087746,0.049477410176228635,0.0009834736988360217,13.299483955000003,8.295165394,5.0043185610000025,0.05657754337713938,0.23399658490877462,4.947741017622864,0.09834736988360217
01085,"Lowndes County, AL",AL,Very Low,29.07124681933842,0.06149253731,0.08295165394,-0.021459116629999997,Very Low,elastic_net,0.019373627605595044,0.008223188143955451,-0.04083274423559504,0.01577749503280123,6.149253731,8.295165394,-2.1459116629999997,1.9373627605595043,0.8223188143955451,-4.083274423559504,1.577749503280123
01087,"Macon County, AL",AL,Very Low,23.85496183206107,0.1131623932,0.08295165394,0.030210739260000008,Very Low,elastic_net,0.0014123657356809032,0.008255502833656813,0.028798373524319104,0.004997584248040943,11.316239320000001,8.295165394,3.0210739260000006,0.14123657356809033,0.8255502833656814,2.8798373524319105,0.4997584248040943
01111,"Randolph County, AL",AL,Very Low,30.59796437659033,0.09947128015000001,0.08295165394,0.016519626210000013,Very Low,elastic_net,0.00643025331312311,0.0005380143290092818,0.010089372896876902,0.009716056345049122,9.947128015,8.295165394,1.6519626210000014,0.643025331312311,0.05380143290092818,1.0089372896876903,0.9716056345049122
01131,"Wilcox County, AL",AL,Very Low,36.704834605597966,0.08306431993499999,0.08295165394,0.00011266599499999697,Very Low,elastic_net,0.011500758854816643,0.006296324040682437,-0.011388092859816646,0.01278604814800198,8.306431993499999,8.295165394,0.011266599499999697,1.1500758854816642,0.6296324040682437,-1.1388092859816645,1.278604814800198
02130,"Ketchikan Gateway Borough, AK",AK,Very Low,1.685750636132316,0.07507069598499999,0.08295165394,-0.007880957955000004,Very Low,elastic_net,-0.005018240046142228,0.0022065764205880215,-0.0028627179088577754,-0.005188369309549446,7.507069598499999,8.295165394,-0.7880957955000003,-0.5018240046142228,0.22065764205880214,-0.28627179088577753,-0.5188369309549445
02195,"Petersburg Borough, AK",AK,Very Low,15.426208651399492,0.09365421526,0.08295165394,0.010702561320000012,Very Low,elastic_net,-0.00599486947120072,0.0024911613250147486,0.016697430791200733,-0.005052652465985412,9.365421526,8.295165394,1.0702561320000012,-0.599486947120072,0.24911613250147485,1.6697430791200734,-0.5052652465985412
02198,"Prince of Wales-Hyder Census Area, AK",AK,Very Low,0.954198473282443,0.07538218239,0.08295165394,-0.007569471549999998,Very Low,elastic_net,0.0017814007111405213,0.002024059377983838,-0.009350872261140519,0.0035381552928143763,7.538218239,8.295165394,-0.7569471549999998,0.17814007111405214,0.2024059377983838,-0.9350872261140518,0.3538155292814376
05011,"Bradley County, AR",AR,Very Low,30.756997455470735,0.21414798629999998,0.08295165394,0.13119633236,Very Low,elastic_net,0.0024606329149478106,0.002794302740215146,0.1287356994450522,0.004498308610697506,21.41479863,8.295165394,13.119633236,0.24606329149478107,0.2794302740215146,12.87356994450522,0.44983086106975056
05019,"Clark County, AR",AR,Very Low,41.0941475826972,0.07072590095,0.08295165394,-0.012225752989999991,Very Low,elastic_net,0.004629041959571169,0.0015227690804765978,-0.01685479494957116,0.0038162057116948034,7.072590095000001,8.295165394,-1.2225752989999992,0.46290419595711685,0.15227690804765978,-1.6854794949571161,0.38162057116948034
05025,"Cleveland County, AR",AR,Very Low,9.478371501272264,0.01865801013,0.08295165394,-0.06429364381,Very Low,elastic_net,0.004323149498137304,0.0005421184264727075,-0.0686167933081373,0.003842618373194037,1.865801013,8.295165394,-6.429364380999999,0.4323149498137304,0.05421184264727075,-6.861679330813731,0.3842618373194037
05027,"Columbia County, AR",AR,Very Low,42.08015267175573,0.045214246495,0.08295165394,-0.037737407444999996,Very Low,elastic_net,0.0473845590272299,0.0040028422937370385,-0.08512196647222989,0.04422032621794101,4.5214246495,8.295165394,-3.7737407444999995,4.73845590272299,0.40028422937370384,-8.51219664722299,4.422032621794101
05041,"Desha County, AR",AR,Very Low,32.88804071246819,0.06996904025,0.08295165394,-0.012982613689999992,Very Low,elastic_net,0.006967108334657216,0.0034063851083736777,-0.019949722024657206,0.006020193227654711,6.996904025,8.295165394,-1.298261368999999,0.6967108334657216,0.3406385108373678,-1.9949722024657206,0.6020193227654711
05043,"Drew County, AR",AR,Very Low,35.146310432569976,0.04609192185,0.08295165394,-0.03685973208999999,Very Low,elastic_net,0.0058219579086155986,0.0014525194572148294,-0.04268168999861559,0.005565688257417056,4.609192185,8.295165394,-3.6859732089999993,0.5821957908615598,0.14525194572148292,-4.268168999861559,0.5565688257417055
05053,"Grant County, AR",AR,Very Low,15.712468193384224,0.04928685853,0.08295165394,-0.03366479541,Very Low,elastic_net,-0.002974567732735191,0.0015313817533836784,-0.030690227677264807,-0.003306357131648581,4.928685853,8.295165394,-3.3664795409999995,-0.2974567732735191,0.15313817533836785,-3.0690227677264805,-0.3306357131648581
05079,"Lincoln County, AR",AR,Very Low,29.770992366412212,-0.0009539665245,0.08295165394,-0.0839056204645,Very Low,elastic_net,0.013683094813657875,0.0050573613378206385,-0.09758871527815786,0.014188956514871336,-0.09539665245,8.295165394,-8.390562046449999,1.3683094813657875,0.5057361337820638,-9.758871527815787,1.4188956514871336
05095,"Monroe County, AR",AR,Very Low,36.51399491094148,-0.008623328965,0.08295165394,-0.09157498290499999,Very Low,elastic_net,0.0021684931869300544,0.0016390347903620698,-0.09374347609193004,-0.0031753038965050585,-0.8623328965,8.295165394,-9.1574982905,0.21684931869300544,0.16390347903620697,-9.374347609193004,-0.31753038965050584
05097,"Montgomery County, AR",AR,Very Low,30.693384223918574,0.048208323225,0.08295165394,-0.03474333071499999,Very Low,elastic_net,0.0081444478778003,0.0005546116943559792,-0.042887778592800296,0.005300741277069059,4.8208323225,8.295165394,-3.4743330714999994,0.81444478778003,0.055461169435597917,-4.28877785928003,0.5300741277069059
05101,"Newton County, AR",AR,Very Low,18.447837150127228,0.13650559985,0.08295165394,0.05355394591,Very Low,elastic_net,0.010331714188545173,0.0013682847296767526,0.043222231721454826,0.011190079769078218,13.650559985,8.295165394,5.355394591,1.0331714188545174,0.13682847296767525,4.322223172145483,1.1190079769078218
05105,"Perry County, AR",AR,Very Low,28.053435114503817,0.04885809896,0.08295165394,-0.034093554979999996,Very Low,elastic_net,0.003154463752768276,0.0011149701776155237,-0.03724801873276827,0.0023570269882392204,4.885809896,8.295165394,-3.4093554979999996,0.31544637527682756,0.11149701776155237,-3.724801873276827,0.23570269882392203
05109,"Pike County, AR",AR,Very Low,26.55852417302799,0.04016097617,0.08295165394,-0.042790677769999994,Very Low,elastic_net,0.009788215477703,0.0012658239157153327,-0.05257889324770299,0.012164517495817179,4.016097617,8.295165394,-4.279067776999999,0.9788215477703,0.12658239157153328,-5.257889324770299,1.2164517495817178
05117,"Prairie County, AR",AR,Very Low,41.38040712468193,0.10766380937,0.08295165394,0.024712155430000007,Very Low,elastic_net,0.0023730816835826588,0.0011936709502601746,0.02233907374641735,0.0023149004417433766,10.766380937000001,8.295165394,2.471215543000001,0.23730816835826588,0.11936709502601746,2.233907374641735,0.23149004417433766
05127,"Scott County, AR",AR,Very Low,26.84478371501272,0.1392450929,0.08295165394,0.05629343896000001,Very Low,elastic_net,0.010785835385029571,0.000682954479916214,0.04550760357497044,0.008891886898749238,13.924509290000001,8.295165394,5.629343896000001,1.0785835385029572,0.0682954479916214,4.550760357497044,0.8891886898749238
05129,"Searcy County, AR",AR,Very Low,27.735368956743002,0.11528793805000001,0.08295165394,0.032336284110000016,Very Low,elastic_net,0.014279952426274785,0.001883663291400402,0.01805633168372523,0.01510755937900102,11.528793805000001,8.295165394,3.2336284110000015,1.4279952426274785,0.1883663291400402,1.805633168372523,1.5107559379001019
05147,"Woodruff County, AR",AR,Very Low,42.270992366412216,0.04189661803,0.08295165394,-0.041055035909999996,Very Low,elastic_net,-0.009427401013024542,0.004300196040944283,-0.031627634896975454,-0.011862687388112235,4.189661803,8.295165394,-4.105503591,-0.9427401013024541,0.4300196040944283,-3.1627634896975456,-1.1862687388112236
06003,"Alpine County, CA",CA,Very Low,10.559796437659033,0.06050863043,0.08295165394,-0.022443023509999993,Very Low,elastic_net,-0.017383473883877162,0.005532256398800997,-0.005059549626122831,-0.01882382830019765,6.0508630430000006,8.295165394,-2.244302350999999,-1.7383473883877163,0.5532256398800997,-0.505954962612283,-1.882382830019765
06049,"Modoc County, CA",CA,Very Low,39.69465648854962,-0.046831234315,0.08295165394,-0.129782888255,Very Low,elastic_net,4.276029102589209e-05,0.0034780013992316084,-0.1298256485460259,-0.004132522707837972,-4.683123431499999,8.295165394,-12.9782888255,0.004276029102589209,0.34780013992316083,-12.982564854602591,-0.41325227078379717
06091,"Sierra County, CA",CA,Very Low,31.520356234096692,0.08534464824,0.08295165394,0.0023929943000000065,Very Low,elastic_net,0.005767401926423626,0.0016595421121313255,-0.00337440762642362,-0.0037933356845177603,8.534464824,8.295165394,0.23929943000000065,0.5767401926423626,0.16595421121313256,-0.337440762642362,-0.379333568451776
08003,"Alamosa County, CO",CO,Very Low,40.36259541984733,0.061120015485,0.08295165394,-0.021831638454999996,Very Low,elastic_net,0.014919187678891374,0.0019024452068511413,-0.03675082613389137,0.016297642269434764,6.112001548499999,8.295165394,-2.1831638454999998,1.4919187678891375,0.19024452068511413,-3.675082613389137,1.6297642269434764
08007,"Archuleta County, CO",CO,Very Low,34.478371501272264,0.084639166225,0.08295165394,0.0016875122850000118,Very Low,elastic_net,0.014567768268140434,0.0036174732590241033,-0.012880255983140422,0.01690729939046792,8.463916622500001,8.295165394,0.16875122850000118,1.4567768268140433,0.3617473259024103,-1.288025598314042,1.6907299390467918
08011,"Bent County, CO",CO,Very Low,5.629770992366412,0.10084678923,0.08295165394,0.017895135290000003,Very Low,elastic_net,0.014402885853126752,0.003409147794258944,0.0034922494368732505,0.01780359587400543,10.084678923,8.295165394,1.7895135290000002,1.4402885853126752,0.34091477942589443,0.34922494368732504,1.780359587400543
08014,"Broomfield County, CO",CO,Very Low,34.70101781170484,0.05799526431,0.08295165394,-0.024956389629999992,Very Low,elastic_net,-0.01948717176243741,0.0037178883069302043,-0.005469217867562583,-0.022000795449223093,5.799526431,8.295165394,-2.4956389629999993,-1.948717176243741,0.37178883069302043,-0.5469217867562582,-2.200079544922309
08021,"Conejos County, CO",CO,Very Low,22.932569974554706,0.1159670628,0.08295165394,0.03301540886000001,Very Low,elastic_net,0.015760872261598995,0.0014396986812266358,0.017254536598401017,0.013651889103111475,11.596706280000001,8.295165394,3.301540886000001,1.5760872261598995,0.14396986812266357,1.7254536598401018,1.3651889103111474
08023,"Costilla County, CO",CO,Very Low,6.552162849872774,0.053404211855,0.08295165394,-0.029547442084999993,Very Low,elastic_net,0.02107502479459053,0.00357498065309366,-0.05062246687959052,0.023730928602517735,5.3404211855,8.295165394,-2.9547442084999993,2.107502479459053,0.357498065309366,-5.062246687959052,2.3730928602517736
08025,"Crowley County, CO",CO,Very Low,3.880407124681934,0.06213250839,0.08295165394,-0.020819145549999994,Very Low,elastic_net,0.02145159626285718,0.004890167000246809,-0.04227074181285717,0.020725798893475433,6.213250839,8.295165394,-2.0819145549999996,2.145159626285718,0.48901670002468084,-4.227074181285717,2.0725798893475433
08027,"Custer County, CO",CO,Very Low,3.912213740458016,0.062303776510000006,0.08295165394,-0.02064787742999999,Very Low,elastic_net,0.018793171370122184,0.001965371085161126,-0.03944104880012217,0.018451899471842663,6.230377651,8.295165394,-2.064787742999999,1.8793171370122184,0.1965371085161126,-3.944104880012217,1.8451899471842663
08033,"Dolores County, CO",CO,Very Low,11.323155216284988,0.1340387628,0.08295165394,0.051087108859999994,Very Low,elastic_net,-0.0058292081649094175,0.0016483628319240036,0.05691631702490941,-0.006175479813812787,13.403876279999999,8.295165394,5.108710885999999,-0.5829208164909417,0.16483628319240037,5.691631702490941,-0.6175479813812788
08039,"Elbert County, CO",CO,Very Low,36.57760814249364,0.06867604050000001,0.08295165394,-0.014275613439999987,Very Low,elastic_net,-0.003336422973340638,0.0020677445500347728,-0.01093919046665935,-0.00437985778536979,6.867604050000001,8.295165394,-1.4275613439999988,-0.3336422973340638,0.20677445500347727,-1.093919046665935,-0.437985778536979
08047,"Gilpin County, CO",CO,Very Low,6.361323155216285,0.07658582651,0.08295165394,-0.006365827429999998,Very Low,elastic_net,0.005789119397166352,0.005971225139856466,-0.012154946827166349,0.005052875225456617,7.658582651,8.295165394,-0.6365827429999998,0.5789119397166351,0.5971225139856466,-1.2154946827166349,0.5052875225456617
08053,"Hinsdale County, CO",CO,Very Low,1.017811704834606,0.1019894703,0.08295165394,0.01903781636,Very Low,elastic_net,0.007402807640112762,0.005193351958440345,0.011635008719887239,0.008905338157366402,10.19894703,8.295165394,1.9037816360000002,0.7402807640112762,0.5193351958440345,1.1635008719887239,0.8905338157366401
08055,"Huerfano County, CO",CO,Very Low,24.236641221374043,0.088027372765,0.08295165394,0.005075718825000006,Very Low,elastic_net,0.012815208837886576,0.0012845262108152431,-0.00773949001288657,0.011214073512841654,8.8027372765,8.295165394,0.5075718825000006,1.2815208837886576,0.1284526210815243,-0.7739490012886571,1.1214073512841654
08057,"Jackson County, CO",CO,Very Low,11.768447837150127,0.062079107715,0.08295165394,-0.020872546224999997,Very Low,elastic_net,0.00745844598890831,0.005623645590211712,-0.028330992213908307,0.007518513547010059,6.2079107715,8.295165394,-2.0872546224999997,0.745844598890831,0.5623645590211712,-2.833099221390831,0.7518513547010058
08063,"Kit Carson County, CO",CO,Very Low,32.474554707379134,0.09514879365,0.08295165394,0.012197139709999999,Very Low,elastic_net,-0.004914207820062659,0.0035621413577323303,0.01711134753006266,-0.0054571919484355715,9.514879364999999,8.295165394,1.219713971,-0.4914207820062659,0.356214135773233,1.711134753006266,-0.5457191948435571
08065,"Lake County, CO",CO,Very Low,5.661577608142494,0.1276886723,0.08295165394,0.044737018360000005,Very Low,elastic_net,-0.0013743078060156654,0.0023006668536122063,0.04611132616601567,-0.0012996170958974385,12.76886723,8.295165394,4.473701836000001,-0.13743078060156655,0.23006668536122063,4.611132616601567,-0.12996170958974385
08071,"Las Animas County, CO",CO,Very Low,23.6323155216285,0.1257070076,0.08295165394,0.04275535366000001,Very Low,elastic_net,0.010663318039055606,0.0018828422360551629,0.032092035620944405,0.014515964292831878,12.570700760000001,8.295165394,4.275535366000001,1.0663318039055605,0.18828422360551628,3.2092035620944404,1.4515964292831878
08073,"Lincoln County, CO",CO,Very Low,7.474554707379134,0.051127201750000004,0.08295165394,-0.03182445218999999,Very Low,elastic_net,0.008834611331840568,0.0059033614460794765,-0.04065906352184056,0.0077767431265857246,5.112720175000001,8.295165394,-3.182445218999999,0.8834611331840568,0.5903361446079477,-4.065906352184056,0.7776743126585725
08079,"Mineral County, CO",CO,Very Low,5.438931297709924,0.09537646974,0.08295165394,0.012424815800000003,Very Low,elastic_net,0.011513698347847266,0.0014362594178334088,0.0009111174521527366,0.01577253498651995,9.537646974,8.295165394,1.2424815800000002,1.1513698347847265,0.14362594178334087,0.09111174521527365,1.577253498651995
08081,"Moffat County, CO",CO,Very Low,12.054707379134861,0.08207086933999999,0.08295165394,-0.0008807846000000036,Very Low,elastic_net,0.00015335339524802472,0.0027636470366515513,-0.0010341379952480284,0.004877158036954947,8.207086934,8.295165394,-0.08807846000000036,0.015335339524802472,0.27636470366515514,-0.10341379952480284,0.4877158036954947
08091,"Ouray County, CO",CO,Very Low,17.716284987277355,0.080234433185,0.08295165394,-0.0027172207549999994,Very Low,elastic_net,0.0029428107315667873,0.003974827082680912,-0.005660031486566786,0.004767471653997436,8.0234433185,8.295165394,-0.27172207549999994,0.29428107315667873,0.3974827082680912,-0.5660031486566787,0.4767471653997436
08093,"Park County, CO",CO,Very Low,22.201017811704833,0.081335587835,0.08295165394,-0.0016160661049999941,Very Low,elastic_net,0.003151705320361272,0.0022375362942027585,-0.004767771425361266,0.0020021463775722575,8.1335587835,8.295165394,-0.16160661049999941,0.3151705320361272,0.22375362942027585,-0.4767771425361266,0.20021463775722576
08095,"Phillips County, CO",CO,Very Low,12.340966921119593,0.068371514135,0.08295165394,-0.01458013980499999,Very Low,elastic_net,0.008643191857517746,0.002586762776303535,-0.023223331662517735,0.005409028378034339,6.837151413500001,8.295165394,-1.458013980499999,0.8643191857517746,0.2586762776303535,-2.3223331662517737,0.5409028378034338
08103,"Rio Blanco County, CO",CO,Very Low,37.595419847328245,0.047728087375000006,0.08295165394,-0.03522356656499999,Very Low,elastic_net,0.0012873378538729692,0.0005615172992760523,-0.03651090441887296,0.0014776104763325158,4.7728087375,8.295165394,-3.522356656499999,0.12873378538729693,0.056151729927605226,-3.651090441887296,0.1477610476332516
08107,"Routt County, CO",CO,Very Low,33.36513994910941,0.1040014586,0.08295165394,0.021049804660000004,Very Low,elastic_net,0.00041226002167612624,0.0018033825693046543,0.020637544638323877,0.013212899525033333,10.40014586,8.295165394,2.1049804660000007,0.04122600216761262,0.18033825693046543,2.063754463832388,1.3212899525033333
08109,"Saguache County, CO",CO,Very Low,14.249363867684478,0.1025000387,0.08295165394,0.01954838476000001,Very Low,elastic_net,0.01826649379286664,0.001331675399491677,0.0012818909671333707,0.01877826669760892,10.25000387,8.295165394,1.9548384760000008,1.8266493792866638,0.1331675399491677,0.12818909671333706,1.877826669760892
08111,"San Juan County, CO",CO,Very Low,10.687022900763358,0.176340803,0.08295165394,0.09338914906,Very Low,elastic_net,0.018782853515427102,0.004529130073087043,0.07460629554457289,0.022584660583876145,17.6340803,8.295165394,9.338914906,1.8782853515427103,0.45291300730870426,7.460629554457289,2.2584660583876146
08113,"San Miguel County, CO",CO,Very Low,19.115776081424936,0.1465524522,0.08295165394,0.06360079826,Very Low,elastic_net,0.007691635909067959,0.0017773716974599492,0.05590916235093203,0.021685594290418272,14.65524522,8.295165394,6.360079826,0.769163590906796,0.17773716974599493,5.590916235093204,2.168559429041827
08121,"Washington County, CO",CO,Very Low,11.991094147582697,0.055378115995000005,0.08295165394,-0.02757353794499999,Very Low,elastic_net,0.0023859503860184307,0.0033503756959986078,-0.02995948833101842,0.0021188485075169412,5.5378115995,8.295165394,-2.757353794499999,0.23859503860184308,0.33503756959986075,-2.995948833101842,0.2118848507516941
08125,"Yuma County, CO",CO,Very Low,36.800254452926204,0.14968468899999998,0.08295165394,0.06673303505999999,Very Low,elastic_net,-0.00033258659723875466,0.0014683192041146866,0.06706562165723874,0.0029214863856771947,14.968468899999998,8.295165394,6.673303505999999,-0.03325865972387546,0.14683192041146867,6.7065621657238745,0.29214863856771944
12003,"Baker County, FL",FL,Very Low,13.263358778625955,0.08626953612499999,0.08295165394,0.0033178821849999957,Very Low,elastic_net,0.005307265579212527,0.0015883500625088409,-0.0019893833942125315,0.005057358191285864,8.6269536125,8.295165394,0.33178821849999957,0.5307265579212527,0.1588350062508841,-0.19893833942125316,0.5057358191285865
12007,"Bradford County, FL",FL,Very Low,36.86386768447837,0.1022114963,0.08295165394,0.01925984236,Very Low,elastic_net,0.008230506108535799,0.002911093748655088,0.011029336251464203,0.00849361772764166,10.22114963,8.295165394,1.9259842360000001,0.8230506108535799,0.2911093748655088,1.1029336251464203,0.849361772764166
12029,"Dixie County, FL",FL,Very Low,35.49618320610687,0.05564679958,0.08295165394,-0.02730485435999999,Very Low,elastic_net,0.018170328147665272,0.0020804920845745997,-0.04547518250766526,0.020019373947389375,5.564679958,8.295165394,-2.730485435999999,1.8170328147665271,0.20804920845745997,-4.547518250766526,2.0019373947389374
12041,"Gilchrist County, FL",FL,Very Low,27.958015267175572,0.0847748964,0.08295165394,0.0018232424599999991,Very Low,elastic_net,0.01048127176569931,0.0009767397174651582,-0.00865802930569931,0.011229205800501196,8.47748964,8.295165394,0.1823242459999999,1.048127176569931,0.09767397174651582,-0.8658029305699311,1.1229205800501196
12065,"Jefferson County, FL",FL,Very Low,38.99491094147582,0.11575929169999999,0.08295165394,0.032807637759999994,Very Low,elastic_net,0.008910391261349489,0.0009216493113361488,0.023897246498650507,0.007955270807578818,11.575929169999998,8.295165394,3.2807637759999992,0.891039126134949,0.09216493113361487,2.389724649865051,0.7955270807578818
12067,"Lafayette County, FL",FL,Very Low,15.903307888040713,0.1126214999,0.08295165394,0.02966984596000001,Very Low,elastic_net,0.02414422776524464,0.005811538638638118,0.005525618194755371,0.03000121979184371,11.262149990000001,8.295165394,2.966984596000001,2.414422776524464,0.5811538638638117,0.5525618194755371,3.000121979184371
12077,"Liberty County, FL",FL,Very Low,12.659033078880407,0.1056336038,0.08295165394,0.02268194986000001,Very Low,elastic_net,0.015682630841668235,0.00320641682784091,0.006999319018331774,0.01650321765930078,10.56336038,8.295165394,2.268194986000001,1.5682630841668235,0.320641682784091,0.6999319018331774,1.6503217659300782
12125,"Union County, FL",FL,Very Low,10.877862595419847,0.07869404193,0.08295165394,-0.004257612009999995,Very Low,elastic_net,0.009307245577500822,0.003887743982848615,-0.013564857587500817,0.011988030374926418,7.869404193,8.295165394,-0.4257612009999995,0.9307245577500822,0.3887743982848615,-1.3564857587500816,1.1988030374926417
13011,"Banks County, GA",GA,Very Low,12.404580152671755,0.10275866587,0.08295165394,0.019807011930000007,Very Low,elastic_net,0.015768123371180814,0.0011911579055204798,0.004038888558819193,0.01655294896254077,10.275866587,8.295165394,1.9807011930000007,1.5768123371180813,0.11911579055204798,0.4038888558819193,1.655294896254077
13017,"Ben Hill County, GA",GA,Very Low,25.41348600508906,0.09450431226,0.08295165394,0.011552658320000006,Very Low,elastic_net,0.021449968179569377,0.005226816571357301,-0.00989730985956937,0.02542008499402851,9.450431226,8.295165394,1.1552658320000007,2.1449968179569376,0.5226816571357301,-0.9897309859569371,2.542008499402851
13019,"Berrien County, GA",GA,Very Low,39.31297709923664,0.1492955212,0.08295165394,0.06634386726000001,Very Low,elastic_net,0.019697120935226468,0.005709878748260467,0.046646746324773544,0.023884433303030906,14.92955212,8.295165394,6.634386726000001,1.9697120935226469,0.5709878748260467,4.664674632477355,2.3884433303030908
13023,"Bleckley County, GA",GA,Very Low,25.667938931297712,0.1336612688,0.08295165394,0.050709614860000016,Very Low,elastic_net,0.0024058186277966364,0.0004911376363703594,0.04830379623220338,0.002080383023240743,13.366126880000001,8.295165394,5.070961486000002,0.24058186277966365,0.04911376363703594,4.830379623220338,0.2080383023240743
13025,"Brantley County, GA",GA,Very Low,18.28880407124682,0.08421826823,0.08295165394,0.0012666142900000094,Very Low,elastic_net,0.01676954722277707,0.0042275996097740475,-0.015502932932777061,0.020355864623455056,8.421826823,8.295165394,0.12666142900000094,1.676954722277707,0.42275996097740476,-1.550293293277706,2.0355864623455058
13027,"Brooks County, GA",GA,Very Low,42.11195928753181,0.09200242722999999,0.08295165394,0.009050773289999994,Very Low,elastic_net,0.009608318954870982,0.0025601516151847895,-0.0005575456648709877,0.008689361412117983,9.200242722999999,8.295165394,0.9050773289999994,0.9608318954870982,0.256015161518479,-0.05575456648709877,0.8689361412117983
13033,"Burke County, GA",GA,Very Low,37.30916030534351,0.101024896335,0.08295165394,0.018073242395000008,Very Low,elastic_net,0.010499707240382683,0.0029314054058727284,0.007573535154617325,0.011385351582657025,10.1024896335,8.295165394,1.8073242395000009,1.0499707240382683,0.29314054058727285,0.7573535154617326,1.1385351582657026
13035,"Butts County, GA",GA,Very Low,20.515267175572518,0.072310128645,0.08295165394,-0.010641525294999996,Very Low,elastic_net,0.01101449580352707,0.002415190991920109,-0.021656021098527066,0.012404845564818969,7.2310128645,8.295165394,-1.0641525294999996,1.1014495803527071,0.24151909919201092,-2.1656021098527067,1.240484556481897
13043,"Candler County, GA",GA,Very Low,11.577608142493638,0.11855815480000001,0.08295165394,0.035606500860000015,Very Low,elastic_net,0.008523378227867097,0.0007510527163986097,0.027083122632132917,0.006802763202398136,11.85581548,8.295165394,3.5606500860000017,0.8523378227867097,0.07510527163986097,2.7083122632132914,0.6802763202398137
13049,"Charlton County, GA",GA,Very Low,26.717557251908396,0.06895449000500001,0.08295165394,-0.013997163934999987,Very Low,elastic_net,0.019015623857917788,0.0019572165354850572,-0.033012787792917775,0.017689294033820958,6.895449000500001,8.295165394,-1.3997163934999988,1.9015623857917787,0.19572165354850574,-3.3012787792917777,1.7689294033820957
13075,"Cook County, GA",GA,Very Low,34.82824427480916,0.13554379485,0.08295165394,0.052592140910000015,Very Low,elastic_net,0.02598049525402854,0.0029472422560516136,0.026611645655971475,0.027576980650205984,13.554379485000002,8.295165394,5.259214091000001,2.598049525402854,0.29472422560516137,2.6611645655971476,2.757698065020598
13079,"Crawford County, GA",GA,Very Low,3.944020356234097,0.02154483103,0.08295165394,-0.06140682290999999,Very Low,elastic_net,0.002366148239484316,0.0020147422866656933,-0.06377297114948431,0.003053629529341185,2.154483103,8.295165394,-6.140682290999999,0.23661482394843159,0.20147422866656933,-6.377297114948431,0.3053629529341185
13085,"Dawson County, GA",GA,Very Low,21.882951653944023,0.08170245815999999,0.08295165394,-0.0012491957800000036,Very Low,elastic_net,0.008301716457307937,0.0011505221108324153,-0.00955091223730794,0.011646009602263242,8.170245816,8.295165394,-0.12491957800000036,0.8301716457307937,0.11505221108324153,-0.955091223730794,1.164600960226324
13093,"Dooly County, GA",GA,Very Low,14.949109414758269,0.25653488655,0.08295165394,0.17358323261000003,Very Low,elastic_net,0.007452990520991829,0.004031675218124928,0.1661302420890082,0.008946859865008655,25.653488655,8.295165394,17.358323261000002,0.7452990520991829,0.4031675218124928,16.61302420890082,0.8946859865008655
13105,"Elbert County, GA",GA,Very Low,30.788804071246815,0.12478607789999999,0.08295165394,0.04183442395999999,Very Low,elastic_net,0.013777737491961484,0.0008230343523960475,0.028056686468038508,0.012872526742849185,12.478607789999998,8.295165394,4.183442395999999,1.3777737491961484,0.08230343523960475,2.8056686468038508,1.2872526742849186
13107,"Emanuel County, GA",GA,Very Low,39.853689567430024,0.1270322928,0.08295165394,0.04408063886000001,Very Low,elastic_net,0.018052692722632577,0.001023563188725028,0.02602794613736743,0.018898406533822878,12.70322928,8.295165394,4.408063886000001,1.8052692722632577,0.1023563188725028,2.602794613736743,1.8898406533822878
13109,"Evans County, GA",GA,Very Low,21.914758269720103,0.1033106104,0.08295165394,0.020358956460000008,Very Low,elastic_net,0.008072712852241848,0.0013326128148386887,0.01228624360775816,0.008577116055979458,10.33106104,8.295165394,2.0358956460000006,0.8072712852241848,0.13326128148386887,1.228624360775816,0.8577116055979458
13119,"Franklin County, GA",GA,Very Low,33.078880407124686,0.10291986785,0.08295165394,0.019968213910000004,Very Low,elastic_net,0.017354053189946046,0.0031239166105927908,0.0026141607200539582,0.018047785044550863,10.291986785,8.295165394,1.9968213910000006,1.7354053189946046,0.31239166105927907,0.26141607200539585,1.8047785044550864
13133,"Greene County, GA",GA,Very Low,37.24554707379134,0.085604070565,0.08295165394,0.002652416625000001,Very Low,elastic_net,0.01477196109908172,0.002151931408670127,-0.01211954447408172,0.016060958843297075,8.560407056499999,8.295165394,0.2652416625000001,1.477196109908172,0.2151931408670127,-1.211954447408172,1.6060958843297075
13137,"Habersham County, GA",GA,Very Low,38.89949109414758,0.085171440695,0.08295165394,0.0022197867550000083,Very Low,elastic_net,0.012157626359938513,0.0021545976704960704,-0.009937839604938504,0.012339171215165598,8.5171440695,8.295165394,0.22197867550000083,1.2157626359938511,0.21545976704960704,-0.9937839604938504,1.2339171215165599
13141,"Hancock County, GA",GA,Very Low,11.863867684478372,0.087385118015,0.08295165394,0.004433464075000004,Very Low,elastic_net,0.02603978757848008,0.002980376842928737,-0.021606323503480077,0.025949806766919232,8.7385118015,8.295165394,0.44334640750000043,2.603978757848008,0.2980376842928737,-2.1606323503480076,2.594980676691923
13143,"Haralson County, GA",GA,Very Low,27.608142493638677,0.10540395550000001,0.08295165394,0.022452301560000013,Very Low,elastic_net,0.00733955036407928,0.002502619107104397,0.015112751195920732,0.007158868311631768,10.540395550000001,8.295165394,2.245230156000001,0.733955036407928,0.25026191071043974,1.511275119592073,0.7158868311631768
13147,"Hart County, GA",GA,Very Low,35.400763358778626,0.07799840248,0.08295165394,-0.004953251459999988,Very Low,elastic_net,0.010959851576090758,0.0008639775031312901,-0.015913103036090746,0.012580092771576002,7.799840248000001,8.295165394,-0.49532514599999883,1.0959851576090758,0.08639775031312902,-1.5913103036090746,1.2580092771576001
13149,"Heard County, GA",GA,Very Low,12.818066157760812,0.09800188082,0.08295165394,0.015050226880000003,Very Low,elastic_net,0.009241801225452205,0.001193592621049619,0.005808425654547799,0.008298719016812842,9.800188082,8.295165394,1.5050226880000004,0.9241801225452204,0.1193592621049619,0.5808425654547799,0.8298719016812842
13155,"Irwin County, GA",GA,Very Low,13.64503816793893,0.1275745391,0.08295165394,0.04462288516,Very Low,elastic_net,0.014273583082164717,0.0018289776450237246,0.03034930207783528,0.017095447688601863,12.757453909999999,8.295165394,4.462288516,1.4273583082164718,0.18289776450237247,3.0349302077835283,1.7095447688601864
13157,"Jackson County, GA",GA,Very Low,41.921119592875314,0.07442563245,0.08295165394,-0.008526021489999994,Very Low,elastic_net,0.02152881263769663,0.00433054385522823,-0.030054834127696623,0.020838117812708824,7.4425632450000005,8.295165394,-0.8526021489999993,2.152881263769663,0.43305438552282305,-3.0054834127696624,2.0838117812708825
13159,"Jasper County, GA",GA,Very Low,8.078880407124682,0.11129046249999999,0.08295165394,0.028338808559999998,Very Low,elastic_net,0.01836449693122011,0.004924963234730511,0.009974311628779889,0.020627772458499373,11.12904625,8.295165394,2.833880856,1.836449693122011,0.4924963234730511,0.9974311628779888,2.0627772458499374
13163,"Jefferson County, GA",GA,Very Low,25.826972010178118,0.1232749184,0.08295165394,0.04032326446000001,Very Low,elastic_net,0.012106926093760781,0.0023425971231526817,0.028216338366239227,0.01314378298065512,12.32749184,8.295165394,4.032326446000001,1.2106926093760781,0.23425971231526818,2.821633836623923,1.3143782980655119
13165,"Jenkins County, GA",GA,Very Low,10.750636132315522,0.1064827209,0.08295165394,0.02353106696,Very Low,elastic_net,0.019061742484657567,0.0017900414613303028,0.004469324475342432,0.02376026907123291,10.648272089999999,8.295165394,2.3531066959999998,1.9061742484657567,0.17900414613303028,0.4469324475342432,2.3760269071232907
13167,"Johnson County, GA",GA,Very Low,9.255725190839694,0.1659590407,0.08295165394,0.08300738676000001,Very Low,elastic_net,0.01376634321159411,0.00038679420051071186,0.0692410435484059,0.014845336652414847,16.59590407,8.295165394,8.300738676000002,1.376634321159411,0.03867942005107119,6.9241043548405905,1.4845336652414847
13169,"Jones County, GA",GA,Very Low,16.380407124681934,0.0868122887,0.08295165394,0.003860634760000009,Very Low,elastic_net,0.0013522042095919472,0.00041955404668406654,0.002508430550408062,0.001975169650310952,8.68122887,8.295165394,0.3860634760000009,0.13522042095919473,0.04195540466840665,0.2508430550408062,0.1975169650310952
13171,"Lamar County, GA",GA,Very Low,7.792620865139948,0.11457164724999999,0.08295165394,0.03161999331,Very Low,elastic_net,0.013825772365833355,0.0009845902230448001,0.01779422094416664,0.013769725204627069,11.457164724999998,8.295165394,3.1619993309999996,1.3825772365833355,0.09845902230448,1.779422094416664,1.3769725204627068
13173,"Lanier County, GA",GA,Very Low,6.774809160305344,0.09060940839500001,0.08295165394,0.007657754455000013,Very Low,elastic_net,0.02560925690281424,0.0022087960991524127,-0.017951502447814228,0.028379831769454373,9.0609408395,8.295165394,0.7657754455000012,2.560925690281424,0.22087960991524128,-1.7951502447814227,2.8379831769454373
13177,"Lee County, GA",GA,Very Low,29.389312977099237,0.038809339445,0.08295165394,-0.044142314494999994,Very Low,elastic_net,-0.003759439652904413,0.002445833681826336,-0.04038287484209558,-0.004360103559789495,3.8809339445,8.295165394,-4.414231449499999,-0.37594396529044133,0.2445833681826336,-4.038287484209558,-0.4360103559789495
13181,"Lincoln County, GA",GA,Very Low,5.534351145038168,0.039144982275,0.08295165394,-0.043806671665,Very Low,elastic_net,0.008312561688934931,0.004459068160745451,-0.05211923335393493,0.0026425337511161973,3.9144982274999998,8.295165394,-4.380667166499999,0.8312561688934931,0.4459068160745451,-5.211923335393493,0.2642533751116197
13183,"Long County, GA",GA,Very Low,8.015267175572518,0.0627376699,0.08295165394,-0.020213984039999994,Very Low,elastic_net,0.03227596723992422,0.005160819208426126,-0.052489951279924216,0.03236065935403876,6.27376699,8.295165394,-2.0213984039999993,3.227596723992422,0.5160819208426126,-5.248995127992422,3.2360659354038757
13189,"McDuffie County, GA",GA,Very Low,24.96819338422392,0.084290398985,0.08295165394,0.001338745045000006,Very Low,elastic_net,0.0021580474886464156,0.000629723537349209,-0.0008193024436464096,0.002237320649559242,8.4290398985,8.295165394,0.1338745045000006,0.21580474886464157,0.0629723537349209,-0.08193024436464096,0.2237320649559242
13193,"Macon County, GA",GA,Very Low,32.092875318066156,0.090399892535,0.08295165394,0.0074482385950000035,Very Low,elastic_net,0.020242109858477703,0.00489721114473871,-0.0127938712634777,0.0219961448486338,9.0399892535,8.295165394,0.7448238595000003,2.02421098584777,0.489721114473871,-1.27938712634777,2.19961448486338
13199,"Meriwether County, GA",GA,Very Low,19.21119592875318,0.09698529294,0.08295165394,0.014033639,Very Low,elastic_net,0.005953742468789838,0.0013253019434497717,0.008079896531210162,0.00711144126614827,9.698529294,8.295165394,1.4033639,0.5953742468789838,0.13253019434497718,0.8079896531210162,0.711144126614827
13201,"Miller County, GA",GA,Very Low,20.801526717557252,0.09716761439,0.08295165394,0.01421596045000001,Very Low,elastic_net,0.0070554576541575756,0.004170038280722385,0.007160502795842434,0.009742436526585367,9.716761439,8.295165394,1.421596045000001,0.7055457654157575,0.41700382807223846,0.7160502795842434,0.9742436526585367
13207,"Monroe County, GA",GA,Very Low,18.702290076335878,0.07267747531499999,0.08295165394,-0.010274178625000005,Very Low,elastic_net,0.008384613430602714,0.0015869761392772307,-0.018658792055602717,0.00852939700288776,7.267747531499999,8.295165394,-1.0274178625000006,0.8384613430602714,0.15869761392772308,-1.8658792055602718,0.8529397002887761
13211,"Morgan County, GA",GA,Very Low,19.37022900763359,0.093362058825,0.08295165394,0.010410404885000002,Very Low,elastic_net,0.0006050185071646655,0.0006925430500338464,0.009805386377835337,0.0026559552127903467,9.3362058825,8.295165394,1.0410404885000002,0.060501850716466556,0.06925430500338464,0.9805386377835337,0.2655955212790347
13225,"Peach County, GA",GA,Very Low,22.487277353689567,0.072480291475,0.08295165394,-0.010471362464999995,Very Low,elastic_net,0.005104698452908094,0.0010781552840400434,-0.015576060917908089,0.004047836525605548,7.2480291475,8.295165394,-1.0471362464999996,0.5104698452908094,0.10781552840400434,-1.557606091790809,0.40478365256055476
13227,"Pickens County, GA",GA,Very Low,34.79643765903308,0.087244426455,0.08295165394,0.004292772515000001,Very Low,elastic_net,0.004298352034758915,0.000674134388617678,-5.57951975891334e-06,0.004415482117585217,8.7244426455,8.295165394,0.4292772515000001,0.42983520347589144,0.0674134388617678,-0.000557951975891334,0.44154821175852166
13229,"Pierce County, GA",GA,Very Low,22.678117048346056,0.077304868095,0.08295165394,-0.005646785844999988,Very Low,elastic_net,0.010209390672413965,0.0023580536289454545,-0.01585617651741395,0.013287687083627467,7.7304868095,8.295165394,-0.5646785844999989,1.0209390672413965,0.23580536289454546,-1.5856176517413951,1.3287687083627466
13231,"Pike County, GA",GA,Very Low,8.0470737913486,0.07562215865,0.08295165394,-0.0073294952900000016,Very Low,elastic_net,5.2830356891181776e-05,0.002505918217657269,-0.007382325646891183,-5.511552632862359e-06,7.562215864999999,8.295165394,-0.7329495290000001,0.005283035689118178,0.2505918217657269,-0.7382325646891184,-0.0005511552632862359
13235,"Pulaski County, GA",GA,Very Low,18.161577608142494,0.08748173449499999,0.08295165394,0.004530080554999996,Very Low,elastic_net,-0.004537403707064447,0.004483895464397852,0.009067484262064444,-0.005366037927269175,8.7481734495,8.295165394,0.4530080554999996,-0.4537403707064447,0.4483895464397852,0.9067484262064444,-0.5366037927269175
13253,"Seminole County, GA",GA,Very Low,29.48473282442748,0.03418104717,0.08295165394,-0.048770606769999995,Very Low,elastic_net,0.010546502106918598,0.0028827628280117435,-0.059317108876918594,0.009094700098763838,3.418104717,8.295165394,-4.877060676999999,1.0546502106918598,0.28827628280117434,-5.931710887691859,0.9094700098763838
13255,"Spalding County, GA",GA,Very Low,40.87150127226463,0.10672623610000001,0.08295165394,0.023774582160000016,Very Low,elastic_net,0.0045452849281252365,0.0013281861331072308,0.01922929723187478,0.0046002126213015625,10.67262361,8.295165394,2.3774582160000017,0.45452849281252367,0.1328186133107231,1.922929723187478,0.46002126213015626
13257,"Stephens County, GA",GA,Very Low,33.42875318066158,0.10743749245,0.08295165394,0.02448583851000001,Very Low,elastic_net,0.005579131130428461,0.0021322452689498447,0.01890670737957155,0.005757709906690178,10.743749245,8.295165394,2.448583851000001,0.5579131130428461,0.21322452689498447,1.890670737957155,0.5757709906690178
13269,"Taylor County, GA",GA,Very Low,10.146310432569974,0.15082999749999998,0.08295165394,0.06787834355999998,Very Low,elastic_net,0.02300979308724195,0.001170075163306329,0.044868550472758034,0.024257258324128627,15.082999749999997,8.295165394,6.7878343559999985,2.300979308724195,0.1170075163306329,4.486855047275803,2.4257258324128625
13271,"Telfair County, GA",GA,Very Low,23.536895674300254,0.092122291465,0.08295165394,0.009170637525000011,Very Low,elastic_net,0.006184118172024588,0.0024312473864453875,0.002986519352975423,0.006393522665975972,9.2122291465,8.295165394,0.9170637525000012,0.6184118172024587,0.24312473864453876,0.2986519352975423,0.6393522665975971
13279,"Toombs County, GA",GA,Very Low,42.652671755725194,0.1395453572,0.08295165394,0.05659370326,Very Low,elastic_net,0.012776091853947022,0.0011479359193037146,0.04381761140605298,0.013942694988727931,13.954535719999999,8.295165394,5.659370326,1.2776091853947023,0.11479359193037146,4.381761140605298,1.394269498872793
13281,"Towns County, GA",GA,Very Low,39.599236641221374,0.1045525347,0.08295165394,0.02160088076000001,Very Low,elastic_net,0.012235738623194187,0.0009853380010026694,0.009365142136805824,0.014406409827602112,10.45525347,8.295165394,2.160088076000001,1.2235738623194186,0.09853380010026694,0.9365142136805824,1.4406409827602111
13287,"Turner County, GA",GA,Very Low,16.603053435114504,0.10457632035,0.08295165394,0.021624666410000007,Very Low,elastic_net,0.017725936927887608,0.0011165173613793204,0.0038987294821123987,0.016717389547200104,10.457632035,8.295165394,2.162466641000001,1.7725936927887609,0.11165173613793204,0.38987294821123986,1.6717389547200103
13289,"Twiggs County, GA",GA,Very Low,8.492366412213741,0.02802360948,0.08295165394,-0.05492804445999999,Very Low,elastic_net,0.01595500739808794,0.00164308826080547,-0.07088305185808794,0.01586659517328693,2.802360948,8.295165394,-5.492804445999999,1.5955007398087941,0.16430882608054698,-7.088305185808793,1.586659517328693
13293,"Upson County, GA",GA,Very Low,17.14376590330789,0.1146937266,0.08295165394,0.03174207266000001,Very Low,elastic_net,0.00727273859217447,0.0011628691888475014,0.02446933406782554,0.00722578996580362,11.469372660000001,8.295165394,3.1742072660000007,0.727273859217447,0.11628691888475014,2.446933406782554,0.722578996580362
13301,"Warren County, GA",GA,Very Low,5.311704834605599,-0.076401517715,0.08295165394,-0.15935317165500001,Very Low,elastic_net,0.015539559715149654,0.0031873804775366297,-0.17489273137014966,0.011152875163993851,-7.6401517715,8.295165394,-15.9353171655,1.5539559715149653,0.318738047753663,-17.489273137014965,1.1152875163993852
13303,"Washington County, GA",GA,Very Low,23.759541984732824,0.10546493895,0.08295165394,0.02251328501000001,Very Low,elastic_net,0.012509028152257904,0.0007847752637907085,0.010004256857742104,0.010891098654632704,10.546493895000001,8.295165394,2.251328501000001,1.2509028152257904,0.07847752637907085,1.0004256857742104,1.0891098654632705
13317,"Wilkes County, GA",GA,Very Low,12.913486005089059,0.1655202182,0.08295165394,0.08256856426000002,Very Low,elastic_net,0.008606024544101412,0.0025238272326905406,0.07396253971589861,0.009130306299903648,16.55202182,8.295165394,8.256856426000002,0.8606024544101412,0.2523827232690541,7.396253971589861,0.9130306299903648
13319,"Wilkinson County, GA",GA,Very Low,4.643765903307888,0.119272888415,0.08295165394,0.036321234475000005,Very Low,elastic_net,0.01697361292653806,0.0003889010870553761,0.019347621548461945,0.01845235063083468,11.9272888415,8.295165394,3.6321234475000006,1.697361292653806,0.03889010870553761,1.9347621548461944,1.845235063083468
13321,"Worth County, GA",GA,Very Low,36.48218829516539,0.055313982,0.08295165394,-0.027637671939999997,Very Low,elastic_net,0.007888028769509661,0.0014956942080612487,-0.03552570070950966,0.007338716549463796,5.5313982,8.295165394,-2.7637671939999997,0.7888028769509661,0.14956942080612487,-3.5525700709509658,0.7338716549463796
16003,"Adams County, ID",ID,Very Low,39.56743002544529,0.13919176760000002,0.08295165394,0.05624011366000002,Very Low,elastic_net,0.015361482617924431,0.0026743574886310024,0.04087863104207559,0.015297660083268067,13.919176760000001,8.295165394,5.624011366000002,1.5361482617924431,0.26743574886310023,4.0878631042075595,1.5297660083268068
16007,"Bear Lake County, ID",ID,Very Low,6.583969465648855,0.12526976765,0.08295165394,0.04231811371000001,Very Low,elastic_net,0.0006457225015109306,0.0011816009082720334,0.041672391208489076,0.0029646876987313156,12.526976765,8.295165394,4.231811371000001,0.06457225015109307,0.11816009082720334,4.167239120848907,0.29646876987313153
16009,"Benewah County, ID",ID,Very Low,19.87913486005089,0.1332853889,0.08295165394,0.05033373496,Very Low,elastic_net,0.012891594113238806,0.0016155981659909636,0.037442140846761195,0.016068162238648397,13.328538889999999,8.295165394,5.033373496,1.2891594113238807,0.16155981659909635,3.7442140846761194,1.6068162238648396
16021,"Boundary County, ID",ID,Very Low,26.08142493638677,0.085655144475,0.08295165394,0.0027034905350000055,Very Low,elastic_net,0.01934592292931209,0.0047891908326108245,-0.016642432394312085,0.019952758800436083,8.5655144475,8.295165394,0.27034905350000055,1.9345922929312092,0.47891908326108246,-1.6642432394312086,1.9952758800436083
16023,"Butte County, ID",ID,Very Low,4.421119592875318,0.18099789165000002,0.08295165394,0.09804623771000003,Very Low,elastic_net,0.01643333770247062,0.0022647009946827135,0.08161290000752941,0.022986416248456955,18.099789165,8.295165394,9.804623771000003,1.6433337702470618,0.22647009946827135,8.161290000752942,2.2986416248456956
16025,"Camas County, ID",ID,Very Low,5.979643765903308,0.2518758075,0.08295165394,0.16892415356,Very Low,elastic_net,0.029188842240660536,0.0040176588136895015,0.13973531131933947,0.03980403681024648,25.18758075,8.295165394,16.892415356,2.9188842240660535,0.40176588136895014,13.973531131933948,3.980403681024648
16029,"Caribou County, ID",ID,Very Low,7.220101781170484,0.1221888598,0.08295165394,0.03923720586,Very Low,elastic_net,0.002111048608236848,0.0020784019164078104,0.03712615725176315,0.005516785268299307,12.21888598,8.295165394,3.923720586,0.2111048608236848,0.20784019164078105,3.712615725176315,0.5516785268299307
16041,"Franklin County, ID",ID,Very Low,7.633587786259542,0.1402727986,0.08295165394,0.057321144660000004,Very Low,elastic_net,0.011032293646690746,0.0031040769079046346,0.046288851013309255,0.017299583962096403,14.02727986,8.295165394,5.7321144660000005,1.1032293646690747,0.3104076907904635,4.628885101330925,1.7299583962096403
16043,"Fremont County, ID",ID,Very Low,38.26335877862596,0.14102798570000002,0.08295165394,0.05807633176000003,Very Low,elastic_net,0.008352453059731908,0.002400310297701323,0.04972387870026812,0.009411020277362063,14.102798570000003,8.295165394,5.807633176000003,0.8352453059731908,0.2400310297701323,4.972387870026812,0.9411020277362063
16045,"Gem County, ID",ID,Very Low,34.44656488549619,0.1210622182,0.08295165394,0.03811056426000001,Very Low,elastic_net,0.01914696991730365,0.002680500488828007,0.018963594342696358,0.022263600898191446,12.10622182,8.295165394,3.811056426000001,1.914696991730365,0.2680500488828007,1.8963594342696357,2.2263600898191447
16047,"Gooding County, ID",ID,Very Low,25.44529262086514,0.11454207135,0.08295165394,0.03159041741,Very Low,elastic_net,-0.0005623050938003213,0.0023417506701730022,0.03215272250380032,0.00391586607461061,11.454207134999999,8.295165394,3.1590417410000002,-0.05623050938003213,0.23417506701730023,3.2152722503800324,0.391586607461061
16051,"Jefferson County, ID",ID,Very Low,40.108142493638674,0.1101869142,0.08295165394,0.027235260260000005,Very Low,elastic_net,8.490093629596656e-05,0.0011916287193779176,0.027150359323704038,0.003656438656883295,11.01869142,8.295165394,2.7235260260000005,0.008490093629596655,0.11916287193779176,2.715035932370404,0.36564386568832946
16053,"Jerome County, ID",ID,Very Low,21.469465648854964,0.10675223865,0.08295165394,0.023800584710000003,Very Low,elastic_net,0.009880417627270079,0.0019707803312391486,0.013920167082729924,0.011316867108315391,10.675223865,8.295165394,2.3800584710000003,0.9880417627270078,0.19707803312391486,1.3920167082729924,1.1316867108315392
16057,"Latah County, ID",ID,Very Low,33.26972010178117,0.089191759785,0.08295165394,0.00624010584500001,Very Low,elastic_net,0.0014409841546564389,0.002076983715404215,0.004799121690343571,0.004107458937432469,8.9191759785,8.295165394,0.624010584500001,0.1440984154656439,0.2076983715404215,0.47991216903435713,0.4107458937432469
16059,"Lemhi County, ID",ID,Very Low,41.4440203562341,0.06853040684,0.08295165394,-0.014421247099999993,Very Low,elastic_net,0.022645352706416974,0.002900070904734202,-0.03706659980641697,0.023928612944665403,6.853040684,8.295165394,-1.4421247099999992,2.2645352706416975,0.2900070904734202,-3.706659980641697,2.3928612944665404
16061,"Lewis County, ID",ID,Very Low,3.085241730279898,0.05212530894,0.08295165394,-0.030826344999999998,Very Low,elastic_net,0.008192009660187065,0.0011779689283115918,-0.03901835466018706,0.009658772559186644,5.2125308939999995,8.295165394,-3.0826344999999997,0.8192009660187065,0.11779689283115918,-3.9018354660187065,0.9658772559186645
16063,"Lincoln County, ID",ID,Very Low,9.064885496183205,0.1281029594,0.08295165394,0.04515130546,Very Low,elastic_net,0.009962916903046385,0.0038407283271002426,0.035188388556953616,0.015131510643724576,12.81029594,8.295165394,4.515130546,0.9962916903046385,0.38407283271002424,3.518838855695362,1.5131510643724577
16067,"Minidoka County, ID",ID,Very Low,20.483460559796438,0.13579880295,0.08295165394,0.05284714901,Very Low,elastic_net,0.008070758980719966,0.0026392812370061424,0.04477639002928003,0.009378636405167525,13.579880294999999,8.295165394,5.284714901,0.8070758980719966,0.26392812370061425,4.477639002928003,0.9378636405167525
16069,"Nez Perce County, ID",ID,Very Low,32.98346055979644,0.059764850169999995,0.08295165394,-0.02318680377,Very Low,elastic_net,-0.0029953893975306553,0.0011304735244854385,-0.020191414372469345,-0.002692991170379324,5.976485017,8.295165394,-2.318680377,-0.29953893975306556,0.11304735244854384,-2.0191414372469345,-0.2692991170379324
16071,"Oneida County, ID",ID,Very Low,1.399491094147583,0.14792950835000002,0.08295165394,0.06497785441000002,Very Low,elastic_net,0.013424116905169892,0.003055158889366377,0.05155373750483013,0.017375725726454884,14.792950835000001,8.295165394,6.497785441000002,1.3424116905169892,0.3055158889366377,5.1553737504830135,1.7375725726454885
16075,"Payette County, ID",ID,Very Low,17.111959287531807,0.12246672165,0.08295165394,0.039515067710000004,Very Low,elastic_net,0.008851739008543932,0.0019953718313220144,0.03066332870145607,0.011469266912941395,12.246672165,8.295165394,3.9515067710000005,0.8851739008543932,0.19953718313220145,3.066332870145607,1.1469266912941394
16077,"Power County, ID",ID,Very Low,16.921119592875318,0.1075273413,0.08295165394,0.02457568736,Very Low,elastic_net,0.006701921261116763,0.0016645901468182267,0.017873766098883238,0.007410088939487247,10.75273413,8.295165394,2.4575687360000003,0.6701921261116763,0.16645901468182267,1.7873766098883237,0.7410088939487247
16081,"Teton County, ID",ID,Very Low,29.452926208651398,0.12897328075,0.08295165394,0.04602162681000001,Very Low,elastic_net,0.012448186472892711,0.0057967864546278535,0.033573440337107296,0.01839466646447434,12.897328075,8.295165394,4.602162681000001,1.244818647289271,0.5796786454627854,3.3573440337107296,1.839466646447434
16087,"Washington County, ID",ID,Very Low,30.311704834605596,0.10901426165,0.08295165394,0.026062607710000005,Very Low,elastic_net,0.013721297265701518,0.002508280865785985,0.012341310444298486,0.015689846063029454,10.901426165,8.295165394,2.6062607710000005,1.3721297265701518,0.2508280865785985,1.2341310444298486,1.5689846063029453
17005,"Bond County, IL",IL,Very Low,36.22773536895674,0.06735593134500001,0.08295165394,-0.015595722594999986,Very Low,elastic_net,-0.007763242672873077,0.0012581633341371841,-0.00783247992212691,-0.009213906405347428,6.735593134500001,8.295165394,-1.5595722594999986,-0.7763242672873076,0.12581633341371842,-0.7832479922126909,-0.9213906405347428
17009,"Brown County, IL",IL,Very Low,4.739185750636132,0.06099337481,0.08295165394,-0.021958279129999994,Very Low,elastic_net,-0.0026653720190228714,0.002123233476206207,-0.01929290711097712,-0.003298762052305366,6.099337481,8.295165394,-2.1958279129999996,-0.26653720190228714,0.2123233476206207,-1.9292907110977122,-0.3298762052305366
17013,"Calhoun County, IL",IL,Very Low,6.075063613231553,0.03006996775,0.08295165394,-0.05288168619,Very Low,elastic_net,-0.007047363661897788,0.0009639139279328928,-0.04583432252810221,-0.012389239210208089,3.0069967749999997,8.295165394,-5.288168619,-0.7047363661897789,0.09639139279328927,-4.583432252810221,-1.238923921020809
17015,"Carroll County, IL",IL,Very Low,39.026717557251914,0.03763708707,0.08295165394,-0.045314566869999996,Very Low,elastic_net,-0.002140666614731387,0.0018411068462295726,-0.043173900255268606,-0.00473961581050797,3.7637087069999997,8.295165394,-4.5314566869999995,-0.21406666147313871,0.18411068462295727,-4.31739002552686,-0.473961581050797
17017,"Cass County, IL",IL,Very Low,38.645038167938935,0.06030224081,0.08295165394,-0.022649413129999997,Very Low,elastic_net,-0.007779395749825797,0.004504021453639881,-0.0148700173801742,-0.011807638515197215,6.030224081,8.295165394,-2.2649413129999996,-0.7779395749825797,0.45040214536398815,-1.48700173801742,-1.1807638515197216
17023,"Clark County, IL",IL,Very Low,27.32188295165394,0.14034881215,0.08295165394,0.05739715821000001,Very Low,elastic_net,-0.013304285773588878,0.0028983486635389437,0.07070144398358888,-0.01260913151069168,14.034881215,8.295165394,5.739715821000001,-1.3304285773588878,0.2898348663538944,7.070144398358888,-1.260913151069168
17025,"Clay County, IL",IL,Very Low,41.06234096692112,0.08275128285,0.08295165394,-0.0002003710899999983,Very Low,elastic_net,-0.0017255848145345382,0.0019645749716518703,0.0015252137245345399,-0.001623313078115375,8.275128285,8.295165394,-0.02003710899999983,-0.17255848145345382,0.196457497165187,0.15252137245345398,-0.1623313078115375
17033,"Crawford County, IL",IL,Very Low,37.02290076335878,0.1746818343,0.08295165394,0.09173018036000001,Very Low,elastic_net,0.003817142784330507,0.0007289434875001628,0.0879130375756695,0.00636090483978356,17.46818343,8.295165394,9.173018036,0.3817142784330507,0.07289434875001627,8.79130375756695,0.636090483978356
17035,"Cumberland County, IL",IL,Very Low,25.858778625954198,0.025535538845,0.08295165394,-0.057416115095,Very Low,elastic_net,-0.009410862028160147,0.003455135649159004,-0.04800525306683985,-0.011724404216455828,2.5535538845,8.295165394,-5.7416115095,-0.9410862028160147,0.3455135649159004,-4.800525306683985,-1.1724404216455828
17039,"De Witt County, IL",IL,Very Low,29.262086513994912,0.0318484334,0.08295165394,-0.051103220539999994,Very Low,elastic_net,-0.007072992796046865,0.0009642190488994673,-0.044030227743953126,-0.012634173618366811,3.18484334,8.295165394,-5.110322053999999,-0.7072992796046865,0.09642190488994673,-4.403022774395312,-1.263417361836681
17045,"Edgar County, IL",IL,Very Low,34.9236641221374,0.06468796473499999,0.08295165394,-0.018263689205000003,Very Low,elastic_net,-0.005765252507690427,0.0034440467158983043,-0.012498436697309576,-0.007776639086473551,6.468796473499999,8.295165394,-1.8263689205000002,-0.5765252507690427,0.3444046715898304,-1.2498436697309576,-0.777663908647355
17053,"Ford County, IL",IL,Very Low,26.208651399491096,0.1117876956,0.08295165394,0.028836041660000006,Very Low,elastic_net,-0.0077063357043625465,0.0038292122066078812,0.036542377364362555,-0.010555234674188304,11.17876956,8.295165394,2.8836041660000005,-0.7706335704362547,0.3829212206607881,3.6542377364362553,-1.0555234674188305
17061,"Greene County, IL",IL,Very Low,12.977099236641221,0.095882663655,0.08295165394,0.01293100971500001,Very Low,elastic_net,0.009507954237947041,0.0008037718283996864,0.0034230554770529695,0.009312312956840338,9.5882663655,8.295165394,1.293100971500001,0.9507954237947042,0.08037718283996864,0.342305547705297,0.9312312956840337
17065,"Hamilton County, IL",IL,Very Low,30.820610687022903,0.1876939383,0.08295165394,0.10474228436000001,Very Low,elastic_net,-0.00589489029438887,0.0005301496021716881,0.11063717465438888,-0.0077274297355618485,18.76939383,8.295165394,10.474228436,-0.589489029438887,0.05301496021716881,11.063717465438888,-0.7727429735561848
17067,"Hancock County, IL",IL,Very Low,31.075063613231553,0.05359477124,0.08295165394,-0.029356882699999996,Very Low,elastic_net,-0.009363989122751857,0.004790669435836589,-0.01999289357724814,-0.013615824947997146,5.359477124,8.295165394,-2.9356882699999995,-0.9363989122751857,0.4790669435836589,-1.9992893577248139,-1.3615824947997146
17069,"Hardin County, IL",IL,Very Low,8.301526717557252,0.018261429225500003,0.08295165394,-0.06469022471449999,Very Low,elastic_net,-0.013661632379146457,0.005865130596205177,-0.051028592335353534,-0.021082489297301284,1.8261429225500003,8.295165394,-6.469022471449999,-1.3661632379146458,0.5865130596205177,-5.102859233535353,-2.1082489297301286
17071,"Henderson County, IL",IL,Very Low,17.525445292620866,0.020708256119499998,0.08295165394,-0.06224339782049999,Very Low,elastic_net,-0.01821619425307174,0.004726994603253986,-0.04402720356742826,-0.02431286983564997,2.0708256119499997,8.295165394,-6.2243397820499995,-1.8216194253071738,0.47269946032539856,-4.402720356742826,-2.431286983564997
17079,"Jasper County, IL",IL,Very Low,20.419847328244277,0.011411336548,0.08295165394,-0.071540317392,Very Low,elastic_net,-0.00653711405343663,0.0023955043015791316,-0.06500320333856337,-0.008035513708018544,1.1411336548,8.295165394,-7.1540317392,-0.653711405343663,0.23955043015791316,-6.500320333856337,-0.8035513708018545
17083,"Jersey County, IL",IL,Very Low,18.861323155216287,0.061205724530000005,0.08295165394,-0.02174592940999999,Very Low,elastic_net,-0.01208023955074996,0.0011733986266115218,-0.009665689859250029,-0.014999675946652788,6.120572453,8.295165394,-2.174592940999999,-1.208023955074996,0.11733986266115218,-0.9665689859250028,-1.4999675946652788
17109,"McDonough County, IL",IL,Very Low,37.531806615776084,-0.00199864813385,0.08295165394,-0.08495030207385,Very Low,elastic_net,-0.012139262005307115,0.003435660983243288,-0.07281104006854289,-0.011815133992109433,-0.199864813385,8.295165394,-8.495030207385,-1.2139262005307117,0.34356609832432883,-7.281104006854289,-1.1815133992109432
17123,"Marshall County, IL",IL,Very Low,27.2264631043257,0.03294424276,0.08295165394,-0.050007411179999996,Very Low,elastic_net,-0.013997713828066175,0.002359822887278708,-0.03600969735193382,-0.014658434981367832,3.294424276,8.295165394,-5.000741118,-1.3997713828066174,0.2359822887278708,-3.6009697351933823,-1.4658434981367832
17129,"Menard County, IL",IL,Very Low,28.68956743002545,0.036703583895,0.08295165394,-0.04624807004499999,Very Low,elastic_net,-0.021623293336046467,0.0007299271900274248,-0.024624776708953525,-0.02728822377686204,3.6703583895000005,8.295165394,-4.624807004499999,-2.1623293336046467,0.07299271900274248,-2.4624776708953524,-2.728822377686204
17131,"Mercer County, IL",IL,Very Low,8.778625954198473,0.05447479601,0.08295165394,-0.028476857929999995,Very Low,elastic_net,-0.01732617867413412,0.00211531163482189,-0.011150679255865874,-0.017331377149998214,5.447479601,8.295165394,-2.8476857929999997,-1.732617867413412,0.21153116348218898,-1.1150679255865874,-1.7331377149998213
17133,"Monroe County, IL",IL,Very Low,41.85750636132315,0.060571380864999996,0.08295165394,-0.022380273075,Very Low,elastic_net,-0.023229135395591845,0.0027384916005114943,0.000848862320591847,-0.024440062165998214,6.057138086499999,8.295165394,-2.2380273075,-2.3229135395591847,0.27384916005114945,0.0848862320591847,-2.4440062165998215
17147,"Piatt County, IL",IL,Very Low,34.95547073791349,0.08487371392500001,0.08295165394,0.0019220599850000158,Very Low,elastic_net,-0.01241749061255853,0.0018392758635352169,0.014339550597558546,-0.014842116495076378,8.487371392500002,8.295165394,0.19220599850000158,-1.241749061255853,0.1839275863535217,1.4339550597558546,-1.4842116495076378
17149,"Pike County, IL",IL,Very Low,30.343511450381676,0.03575239172,0.08295165394,-0.047199262219999996,Very Low,elastic_net,0.00654297219907305,0.002864600384025974,-0.05374223441907305,0.005371667888773701,3.575239172,8.295165394,-4.719926222,0.6542972199073049,0.2864600384025974,-5.374223441907304,0.53716678887737
17151,"Pope County, IL",IL,Very Low,14.885496183206106,0.1609934893,0.08295165394,0.07804183535999999,Very Low,elastic_net,-0.014589098309914594,0.005149535802459371,0.09263093366991458,-0.017154222502492066,16.099348929999998,8.295165394,7.804183535999999,-1.4589098309914594,0.5149535802459371,9.263093366991457,-1.7154222502492065
17155,"Putnam County, IL",IL,Very Low,9.16030534351145,0.05672433407,0.08295165394,-0.026227319869999995,Very Low,elastic_net,-0.017361084016479914,0.0037058269447354745,-0.008866235853520081,-0.02038451341037894,5.672433407,8.295165394,-2.6227319869999994,-1.7361084016479913,0.37058269447354747,-0.8866235853520081,-2.0384513410378937
17171,"Scott County, IL",IL,Very Low,2.767175572519084,0.10358168005,0.08295165394,0.020630026110000005,Very Low,elastic_net,0.009776318796123631,0.0044121351224904485,0.010853707313876373,0.009957986019963205,10.358168005,8.295165394,2.0630026110000004,0.9776318796123631,0.44121351224904487,1.0853707313876373,0.9957986019963205
17175,"Stark County, IL",IL,Very Low,7.251908396946565,0.054330544385,0.08295165394,-0.028621109554999996,Very Low,elastic_net,-0.008096967101486377,0.003886119787352466,-0.020524142453513618,-0.008782330770711794,5.4330544385,8.295165394,-2.8621109554999995,-0.8096967101486376,0.3886119787352466,-2.0524142453513616,-0.8782330770711795
17185,"Wabash County, IL",IL,Very Low,24.84096692111959,0.085097861875,0.08295165394,0.002146207935000005,Very Low,elastic_net,0.0016180228139308658,0.00045638999069632204,0.0005281851210691393,0.0014655489421547651,8.5097861875,8.295165394,0.21462079350000052,0.16180228139308658,0.0456389990696322,0.052818512106913934,0.14655489421547652
17187,"Warren County, IL",IL,Very Low,15.489821882951654,0.05513857454,0.08295165394,-0.027813079399999996,Very Low,elastic_net,-0.012681623577969656,0.001294645607439431,-0.01513145582203034,-0.01414952047723585,5.513857454,8.295165394,-2.7813079399999996,-1.2681623577969656,0.1294645607439431,-1.513145582203034,-1.414952047723585
17191,"Wayne County, IL",IL,Very Low,40.74427480916031,0.1654396338,0.08295165394,0.08248797986000002,Very Low,elastic_net,0.002834528781159381,0.00436737738570426,0.07965345107884064,0.005467253250315475,16.54396338,8.295165394,8.248797986000001,0.2834528781159381,0.43673773857042597,7.9653451078840645,0.5467253250315475
17203,"Woodford County, IL",IL,Very Low,39.91730279898219,0.05805704166,0.08295165394,-0.024894612279999992,Very Low,elastic_net,-0.02505970695069391,0.0011429355719573188,0.00016509467069391812,-0.02427098327377369,5.805704166,8.295165394,-2.4894612279999992,-2.505970695069391,0.11429355719573188,0.01650946706939181,-2.427098327377369
18007,"Benton County, IN",IN,Very Low,4.866412213740458,0.14047504685,0.08295165394,0.05752339291000001,Very Low,elastic_net,0.0007043911180889354,0.0013289037233086222,0.05681900179191108,0.0037133653600047714,14.047504685,8.295165394,5.752339291000001,0.07043911180889353,0.1328903723308622,5.681900179191108,0.3713365360004771
18009,"Blackford County, IN",IN,Very Low,9.001272264631044,0.06394231806,0.08295165394,-0.019009335879999992,Very Low,elastic_net,0.0031702510472384937,0.0028782236032984425,-0.022179586927238485,0.001740713711053973,6.3942318060000005,8.295165394,-1.9009335879999991,0.31702510472384937,0.28782236032984426,-2.2179586927238484,0.1740713711053973
18013,"Brown County, IN",IN,Very Low,19.6882951653944,0.10015641379,0.08295165394,0.01720475985,Very Low,elastic_net,-0.002365365146079839,7.055581980181777e-05,0.01957012499607984,-0.0027005225333515672,10.015641379,8.295165394,1.7204759850000002,-0.23653651460798392,0.007055581980181777,1.957012499607984,-0.2700522533351567
18015,"Carroll County, IN",IN,Very Low,29.64376590330789,0.083947938995,0.08295165394,0.000996285055000004,Very Low,elastic_net,-0.0036547509593101986,0.0008119603081201733,0.004651036014310203,-0.005139722367551168,8.3947938995,8.295165394,0.09962850550000041,-0.36547509593101984,0.08119603081201733,0.4651036014310203,-0.5139722367551167
18021,"Clay County, IN",IN,Very Low,27.035623409669213,0.08346565101,0.08295165394,0.0005139970700000079,Very Low,elastic_net,-0.0013251136671699653,0.000989607129241181,0.0018391107371699732,-0.0022601029062301776,8.346565101,8.295165394,0.051399707000000794,-0.13251136671699654,0.0989607129241181,0.18391107371699733,-0.22601029062301775
18023,"Clinton County, IN",IN,Very Low,30.53435114503817,0.099579643935,0.08295165394,0.01662798999500001,Very Low,elastic_net,-0.004954986311151474,0.0013074773773564467,0.021582976306151483,-0.00460550794581412,9.957964393500001,8.295165394,1.662798999500001,-0.4954986311151474,0.13074773773564466,2.1582976306151482,-0.46055079458141196
18025,"Crawford County, IN",IN,Very Low,25.795165394402037,0.11527306770000001,0.08295165394,0.032321413760000015,Very Low,elastic_net,0.005142264238678,0.0011102064649240997,0.027179149521322013,0.005942476185493,11.527306770000001,8.295165394,3.2321413760000013,0.5142264238677999,0.11102064649240997,2.7179149521322015,0.5942476185493
18031,"Decatur County, IN",IN,Very Low,23.123409669211195,0.098993201595,0.08295165394,0.016041547655000002,Very Low,elastic_net,-0.008609876874775277,0.0005580615925036077,0.024651424529775277,-0.005974721318259511,9.8993201595,8.295165394,1.6041547655000001,-0.8609876874775277,0.05580615925036077,2.4651424529775277,-0.5974721318259512
18033,"DeKalb County, IN",IN,Very Low,41.31679389312977,0.085634274575,0.08295165394,0.0026826206350000076,Very Low,elastic_net,-0.003313499534886103,0.0018240014249765672,0.005996120169886111,-0.00107363383280966,8.5634274575,8.295165394,0.26826206350000076,-0.3313499534886103,0.1824001424976567,0.5996120169886111,-0.10736338328096601
18041,"Fayette County, IN",IN,Very Low,33.49236641221374,0.082637586145,0.08295165394,-0.0003140677949999976,Very Low,elastic_net,0.004416477571441701,0.00226663550330807,-0.004730545366441698,0.004913160487924109,8.2637586145,8.295165394,-0.03140677949999976,0.44164775714417004,0.226663550330807,-0.4730545366441698,0.49131604879241086
18045,"Fountain County, IN",IN,Very Low,21.246819338422394,0.09384121783,0.08295165394,0.010889563890000009,Very Low,elastic_net,0.0029831973568221707,0.0012420007119841048,0.007906366533177838,0.0054893179786522275,9.384121783000001,8.295165394,1.088956389000001,0.2983197356822171,0.12420007119841048,0.7906366533177839,0.5489317978652227
18047,"Franklin County, IN",IN,Very Low,34.223918575063614,0.06919960223999999,0.08295165394,-0.013752051700000004,Very Low,elastic_net,-0.007443064641391213,0.0023756595271006977,-0.006308987058608791,-0.007660814921003688,6.919960223999999,8.295165394,-1.3752051700000003,-0.7443064641391213,0.23756595271006978,-0.630898705860879,-0.7660814921003688
18049,"Fulton County, IN",IN,Very Low,20.197201017811707,0.06664835990000001,0.08295165394,-0.016303294039999985,Very Low,elastic_net,-0.003052006976230991,0.0015647621862410845,-0.013251287063768994,-0.0020533247236966014,6.664835990000001,8.295165394,-1.6303294039999985,-0.3052006976230991,0.15647621862410846,-1.3251287063768995,-0.20533247236966012
18055,"Greene County, IN",IN,Very Low,42.49363867684479,0.083835433545,0.08295165394,0.0008837796050000096,Very Low,elastic_net,0.002258364995162366,0.0025873407186894643,-0.0013745853901623562,0.002988717995640033,8.3835433545,8.295165394,0.08837796050000096,0.22583649951623658,0.2587340718689464,-0.13745853901623561,0.29887179956400334
18069,"Huntington County, IN",IN,Very Low,38.23155216284987,0.09310318443,0.08295165394,0.010151530490000005,Very Low,elastic_net,-0.001116700116106514,0.002589455118602584,0.011268230606106518,0.0007081019271934095,9.310318443,8.295165394,1.0151530490000005,-0.11167001161065139,0.2589455118602584,1.1268230606106517,0.07081019271934096
18073,"Jasper County, IN",IN,Very Low,32.82442748091603,0.07892122492,0.08295165394,-0.00403042901999999,Very Low,elastic_net,-0.006198115375765592,0.0007871007706876517,0.002167686355765602,-0.006213279065318536,7.892122492,8.295165394,-0.403042901999999,-0.6198115375765592,0.07871007706876518,0.2167686355765602,-0.6213279065318535
18075,"Jay County, IN",IN,Very Low,22.868956743002546,0.045305371610000006,0.08295165394,-0.03764628232999999,Very Low,elastic_net,0.0004355395606753562,0.0009683889993892884,-0.03808182189067535,0.0007432120800549573,4.530537161000001,8.295165394,-3.764628232999999,0.04355395606753562,0.09683889993892884,-3.808182189067535,0.07432120800549573
18079,"Jennings County, IN",IN,Very Low,31.90203562340967,0.1130927379,0.08295165394,0.03014108396000001,Very Low,elastic_net,-0.0002578520032473477,0.001771485321102946,0.030398935963247355,0.002966963837738774,11.30927379,8.295165394,3.014108396000001,-0.025785200324734768,0.1771485321102946,3.0398935963247355,0.2966963837738774
18099,"Marshall County, IN",IN,Very Low,41.603053435114504,0.065161015465,0.08295165394,-0.017790638474999995,Very Low,elastic_net,-0.006267791266060843,0.0015486960808844927,-0.011522847208939153,-0.007967527550660599,6.5161015465,8.295165394,-1.7790638474999996,-0.6267791266060843,0.15486960808844927,-1.1522847208939153,-0.7967527550660599
18101,"Martin County, IN",IN,Very Low,12.30916030534351,0.07230392157,0.08295165394,-0.010647732369999996,Very Low,elastic_net,-0.007730959448807282,0.0014371190975497447,-0.002916772921192714,-0.007108722029064133,7.230392157,8.295165394,-1.0647732369999996,-0.7730959448807282,0.14371190975497447,-0.2916772921192714,-0.7108722029064133
18107,"Montgomery County, IN",IN,Very Low,40.99872773536896,0.083258787265,0.08295165394,0.00030713332500000023,Very Low,elastic_net,-0.0051281986114618365,0.0010214720446759169,0.005435331936461837,-0.0023929917989968866,8.3258787265,8.295165394,0.030713332500000023,-0.5128198611461836,0.10214720446759169,0.5435331936461837,-0.23929917989968866
18111,"Newton County, IN",IN,Very Low,11.673027989821882,0.12113907985,0.08295165394,0.03818742591,Very Low,elastic_net,-0.002318280665047337,0.003774862413751127,0.04050570657504734,-0.0012224586039159826,12.113907984999999,8.295165394,3.8187425910000004,-0.2318280665047337,0.3774862413751127,4.050570657504734,-0.12224586039159827
18115,"Ohio County, IN",IN,Very Low,3.371501272264631,0.08990802516,0.08295165394,0.006956371220000007,Very Low,elastic_net,-0.01161918015417053,0.0033736882528054763,0.018575551374170537,-0.007667786859678437,8.990802516,8.295165394,0.6956371220000007,-1.161918015417053,0.3373688252805476,1.8575551374170538,-0.7667786859678437
18117,"Orange County, IN",IN,Very Low,40.48982188295165,0.08947508172499999,0.08295165394,0.006523427784999994,Very Low,elastic_net,0.006713012009888977,0.0034005679083304093,-0.0001895842248889829,0.004887981672219838,8.9475081725,8.295165394,0.6523427784999993,0.6713012009888977,0.3400567908330409,-0.01895842248889829,0.4887981672219838
18119,"Owen County, IN",IN,Very Low,35.11450381679389,0.096138455635,0.08295165394,0.013186801695,Very Low,elastic_net,0.0026876422026634803,0.0028568964411181414,0.01049915949233652,0.0020883318586394396,9.6138455635,8.295165394,1.3186801694999999,0.26876422026634805,0.28568964411181413,1.049915949233652,0.20883318586394395
18121,"Parke County, IN",IN,Very Low,27.576335877862597,0.09790297516,0.08295165394,0.014951321220000008,Very Low,elastic_net,-0.0025002386120726934,0.0007217461261574683,0.0174515598320727,-0.0018915991371465225,9.790297516,8.295165394,1.4951321220000007,-0.2500238612072693,0.07217461261574683,1.74515598320727,-0.18915991371465227
18123,"Perry County, IN",IN,Very Low,35.01908396946565,0.019772764195,0.08295165394,-0.063178889745,Very Low,elastic_net,-0.0013760971262156722,0.0011722285306033737,-0.061802792618784325,-0.0035518636558524684,1.9772764195,8.295165394,-6.3178889745,-0.1376097126215672,0.11722285306033738,-6.180279261878432,-0.35518636558524685
18125,"Pike County, IN",IN,Very Low,19.24300254452926,0.098470414885,0.08295165394,0.015518760945000001,Very Low,elastic_net,-0.007154157701538329,0.0021762930162218743,0.02267291864653833,-0.008929368555102665,9.8470414885,8.295165394,1.5518760945,-0.7154157701538328,0.21762930162218744,2.267291864653833,-0.8929368555102666
18131,"Pulaski County, IN",IN,Very Low,11.195928753180661,0.0915129959,0.08295165394,0.00856134196000001,Very Low,elastic_net,0.003446188712311728,0.0022923465332238624,0.005115153247688282,0.005751109140807239,9.15129959,8.295165394,0.8561341960000011,0.3446188712311728,0.22923465332238624,0.5115153247688282,0.5751109140807239
18135,"Randolph County, IN",IN,Very Low,31.456743002544528,0.09294035405500001,0.08295165394,0.009988700115000013,Very Low,elastic_net,-0.0008506448587533872,0.001711437881933779,0.0108393449737534,-0.0036898989955978295,9.2940354055,8.295165394,0.9988700115000013,-0.08506448587533871,0.1711437881933779,1.08393449737534,-0.36898989955978295
18139,"Rush County, IN",IN,Very Low,15.776081424936386,0.09603459116499999,0.08295165394,0.013082937224999994,Very Low,elastic_net,-0.0009818697677572202,0.001027492375947501,0.014064806992757214,-0.0009380731820475506,9.603459116499998,8.295165394,1.3082937224999993,-0.09818697677572202,0.1027492375947501,1.4064806992757215,-0.09380731820475506
18143,"Scott County, IN",IN,Very Low,22.264631043256998,0.1013000602,0.08295165394,0.018348406260000005,Very Low,elastic_net,0.013140340542496728,0.0007062886972216257,0.005208065717503277,0.013026388273671707,10.13000602,8.295165394,1.8348406260000005,1.314034054249673,0.07062886972216258,0.5208065717503276,1.3026388273671707
18147,"Spencer County, IN",IN,Very Low,39.408396946564885,0.088092589835,0.08295165394,0.005140935895000004,Very Low,elastic_net,-0.014122069157176226,0.003018599206907202,0.01926300505217623,-0.015191816528628086,8.8092589835,8.295165394,0.5140935895000004,-1.4122069157176227,0.3018599206907202,1.9263005052176227,-1.5191816528628086
18149,"Starke County, IN",IN,Very Low,24.93638676844784,0.09636063968,0.08295165394,0.013408985740000004,Very Low,elastic_net,0.005992373889144971,0.0008605901886879277,0.007416611850855033,0.005044891711672119,9.636063968,8.295165394,1.3408985740000003,0.5992373889144971,0.08605901886879277,0.7416611850855033,0.5044891711672119
18151,"Steuben County, IN",IN,Very Low,27.19465648854962,0.08701404418,0.08295165394,0.004062390240000005,Very Low,elastic_net,-0.005135644830127721,0.0013320595950733268,0.009198035070127727,-0.004920146125719124,8.701404418,8.295165394,0.4062390240000005,-0.5135644830127721,0.1332059595073327,0.9198035070127727,-0.49201461257191237
18153,"Sullivan County, IN",IN,Very Low,20.642493638676847,0.1161856964,0.08295165394,0.03323404246,Very Low,elastic_net,0.011339973833666217,0.004161046437981699,0.021894068626333786,0.013280804345935792,11.61856964,8.295165394,3.323404246,1.1339973833666217,0.4161046437981699,2.1894068626333785,1.3280804345935793
18155,"Switzerland County, IN",IN,Very Low,11.60941475826972,0.091037891165,0.08295165394,0.008086237225,Very Low,elastic_net,0.008164984766259384,0.000873949984261156,-7.874754125938334e-05,0.0067555980512520085,9.1037891165,8.295165394,0.8086237225000001,0.8164984766259384,0.0873949984261156,-0.007874754125938334,0.6755598051252009
18159,"Tipton County, IN",IN,Very Low,8.874045801526718,0.07697375934,0.08295165394,-0.005977894599999992,Very Low,elastic_net,-0.013485219299572285,0.0015149441184474674,0.0075073246995722934,-0.011081911238300372,7.697375934,8.295165394,-0.5977894599999991,-1.3485219299572284,0.15149441184474674,0.7507324699572293,-1.1081911238300373
18161,"Union County, IN",IN,Very Low,5.216284987277354,0.08548674116999999,0.08295165394,0.0025350872299999966,Very Low,elastic_net,0.002292624112137233,0.002863284244815798,0.00024246311786276344,0.0037793803330110247,8.548674117,8.295165394,0.25350872299999966,0.22926241121372332,0.2863284244815798,0.024246311786276342,0.3779380333011025
18165,"Vermillion County, IN",IN,Very Low,23.44147582697201,0.051897705530000005,0.08295165394,-0.03105394840999999,Very Low,elastic_net,0.010392106186138615,0.0016891896821082516,-0.04144605459613861,0.008598650167713355,5.189770553000001,8.295165394,-3.105394840999999,1.0392106186138614,0.16891896821082517,-4.144605459613861,0.8598650167713354
18169,"Wabash County, IN",IN,Very Low,40.966921119592875,0.078481707115,0.08295165394,-0.004469946825000001,Very Low,elastic_net,-0.008251633442400217,0.0014094219664599402,0.0037816866174002154,-0.008467439714236021,7.848170711499999,8.295165394,-0.44699468250000013,-0.8251633442400217,0.14094219664599403,0.37816866174002156,-0.8467439714236021
18171,"Warren County, IN",IN,Very Low,5.756997455470738,0.008232400166,0.08295165394,-0.07471925377399999,Very Low,elastic_net,-0.003205604494427836,0.0034689778345217592,-0.07151364927957216,-0.0068613202488667265,0.8232400165999999,8.295165394,-7.471925377399999,-0.32056044944278356,0.3468977834521759,-7.151364927957216,-0.6861320248866727
18175,"Washington County, IN",IN,Very Low,40.93511450381679,0.06835034611999999,0.08295165394,-0.014601307820000006,Very Low,elastic_net,-0.00021767596696699974,0.0012062637387402063,-0.014383631853033006,-0.001129736120553204,6.8350346119999985,8.295165394,-1.4601307820000007,-0.021767596696699972,0.12062637387402063,-1.4383631853033005,-0.1129736120553204
18179,"Wells County, IN",IN,Very Low,22.83715012722646,0.07430559138500001,0.08295165394,-0.008646062554999986,Very Low,elastic_net,-0.008269668459500803,0.0017116732955033544,-0.0003763940954991836,-0.005827246305488218,7.4305591385000005,8.295165394,-0.8646062554999987,-0.8269668459500803,0.17116732955033542,-0.03763940954991836,-0.5827246305488218
18181,"White County, IN",IN,Very Low,38.51781170483461,0.08645115729,0.08295165394,0.0034995033500000022,Very Low,elastic_net,-0.0035610778107356103,0.002498393220885891,0.007060581160735612,-0.00479316231244315,8.645115729,8.295165394,0.3499503350000002,-0.35610778107356106,0.2498393220885891,0.7060581160735612,-0.47931623124431494
18183,"Whitley County, IN",IN,Very Low,24.58651399491094,0.07919880596500001,0.08295165394,-0.003752847974999987,Very Low,elastic_net,-0.00654795678827491,0.0008933916720564324,0.0027951088132749232,-0.005823424491505289,7.9198805965000005,8.295165394,-0.3752847974999987,-0.654795678827491,0.08933916720564324,0.2795108813274923,-0.5823424491505289
19005,"Allamakee County, IA",IA,Very Low,38.199745547073796,0.129144865,0.08295165394,0.04619321106,Very Low,elastic_net,-0.003498047081644988,0.00019808850820983128,0.04969125814164499,-0.004644611716467428,12.914486499999999,8.295165394,4.619321106,-0.34980470816449877,0.019808850820983128,4.969125814164499,-0.4644611716467428
19007,"Appanoose County, IA",IA,Very Low,41.18956743002545,0.040657099345,0.08295165394,-0.04229455459499999,Very Low,elastic_net,0.001868152992536293,0.0025828274831883194,-0.044162707587536286,0.0017157250256823423,4.0657099345,8.295165394,-4.2294554595,0.1868152992536293,0.25828274831883197,-4.416270758753629,0.17157250256823423
19009,"Audubon County, IA",IA,Very Low,38.581424936386775,0.1286592617,0.08295165394,0.045707607760000005,Very Low,elastic_net,-0.008161141221322226,0.0012667441199973818,0.05386874898132223,-0.008460468361779373,12.86592617,8.295165394,4.570760776,-0.8161141221322227,0.12667441199973817,5.386874898132223,-0.8460468361779373
19011,"Benton County, IA",IA,Very Low,28.816793893129773,0.06578636694000001,0.08295165394,-0.017165286999999987,Very Low,elastic_net,-0.012395333125206872,0.000639667999129605,-0.004769953874793115,-0.013409236391676469,6.578636694000001,8.295165394,-1.7165286999999987,-1.2395333125206873,0.0639667999129605,-0.47699538747931153,-1.340923639167647
19015,"Boone County, IA",IA,Very Low,28.403307888040715,0.07706164433500001,0.08295165394,-0.005890009604999982,Very Low,elastic_net,-0.009709302474342612,0.0012053116710061642,0.0038192928693426293,-0.008930327439291764,7.7061644335000015,8.295165394,-0.5890009604999982,-0.9709302474342612,0.12053116710061641,0.3819292869342629,-0.8930327439291764
19017,"Bremer County, IA",IA,Very Low,24.55470737913486,0.047827949895,0.08295165394,-0.035123704044999995,Very Low,elastic_net,-0.01013621948747287,0.003119863627584497,-0.024987484557527126,-0.012066576619722574,4.7827949895,8.295165394,-3.5123704044999995,-1.013621948747287,0.3119863627584497,-2.4987484557527124,-1.2066576619722573
19019,"Buchanan County, IA",IA,Very Low,24.045801526717558,0.056202720505,0.08295165394,-0.026748933434999997,Very Low,elastic_net,-0.011161498148121186,0.0010181595262188123,-0.01558743528687881,-0.009248879747709776,5.6202720505,8.295165394,-2.6748933434999995,-1.1161498148121185,0.10181595262188123,-1.558743528687881,-0.9248879747709776
19021,"Buena Vista County, IA",IA,Very Low,39.281170483460556,0.1096531604,0.08295165394,0.02670150646000001,Very Low,elastic_net,0.002145227240510483,0.004127135001567821,0.024556279219489528,0.0015268716309116584,10.965316040000001,8.295165394,2.670150646000001,0.2145227240510483,0.4127135001567821,2.455627921948953,0.15268716309116584
19023,"Butler County, IA",IA,Very Low,27.099236641221374,0.037716347105,0.08295165394,-0.045235306834999996,Very Low,elastic_net,-0.006975429116607129,0.0036450253974907925,-0.038259877718392864,-0.01034927364485681,3.7716347105,8.295165394,-4.5235306835,-0.6975429116607129,0.36450253974907926,-3.8259877718392863,-1.034927364485681
19031,"Cedar County, IA",IA,Very Low,21.501272264631044,0.0425107276,0.08295165394,-0.040440926339999995,Very Low,elastic_net,-0.010512499679537208,0.0037202407405934235,-0.02992842666046279,-0.012627809546953951,4.25107276,8.295165394,-4.044092633999999,-1.0512499679537208,0.37202407405934235,-2.992842666046279,-1.2627809546953952
19035,"Cherokee County, IA",IA,Very Low,34.12849872773537,0.056693466935000006,0.08295165394,-0.02625818700499999,Very Low,elastic_net,-0.006999130512910339,0.004571908225064844,-0.01925905649208965,-0.008520447436929026,5.6693466935000005,8.295165394,-2.625818700499999,-0.699913051291034,0.4571908225064844,-1.925905649208965,-0.8520447436929026
19037,"Chickasaw County, IA",IA,Very Low,31.743002544529265,0.04054624177,0.08295165394,-0.04240541217,Very Low,elastic_net,-0.006517889633203568,0.0020415545513082717,-0.03588752253679643,-0.0065850803632359605,4.054624177,8.295165394,-4.240541217,-0.6517889633203569,0.20415545513082717,-3.588752253679643,-0.658508036323596
19039,"Clarke County, IA",IA,Very Low,18.384223918575064,0.059603294005,0.08295165394,-0.023348359934999993,Very Low,elastic_net,-0.005897916806515461,0.0006524525557758662,-0.01745044312848453,-0.006889908169894947,5.9603294005,8.295165394,-2.334835993499999,-0.5897916806515461,0.06524525557758662,-1.7450443128484532,-0.6889908169894947
19041,"Clay County, IA",IA,Very Low,36.38676844783715,0.06171660669,0.08295165394,-0.021235047249999993,Very Low,elastic_net,-0.005791920430323036,0.0002056515643706883,-0.015443126819676956,-0.0049002997484683865,6.171660669,8.295165394,-2.123504724999999,-0.5791920430323035,0.02056515643706883,-1.5443126819676956,-0.49002997484683863
19043,"Clayton County, IA",IA,Very Low,42.20737913486005,0.065117543035,0.08295165394,-0.017834110904999992,Very Low,elastic_net,-0.004464943542698107,0.000917067165828745,-0.013369167362301884,-0.005757951684702995,6.5117543035,8.295165394,-1.7834110904999991,-0.44649435426981066,0.09170671658287449,-1.3369167362301884,-0.5757951684702994
19053,"Decatur County, IA",IA,Very Low,23.60050890585242,0.046673088880000005,0.08295165394,-0.03627856505999999,Very Low,elastic_net,0.0021222825270830097,0.001482862452135825,-0.038400847587083,0.0010302294990871268,4.667308888000001,8.295165394,-3.6278565059999988,0.21222825270830098,0.1482862452135825,-3.8400847587083002,0.10302294990871268
19059,"Dickinson County, IA",IA,Very Low,36.32315521628499,0.08810946036,0.08295165394,0.005157806420000008,Very Low,elastic_net,-0.0030240948602214845,0.0013515150051128515,0.008181901280221492,-0.0026678183212890333,8.810946036,8.295165394,0.5157806420000008,-0.30240948602214845,0.13515150051128516,0.8181901280221492,-0.26678183212890333
19063,"Emmet County, IA",IA,Very Low,42.74809160305343,0.064549773775,0.08295165394,-0.018401880164999995,Very Low,elastic_net,-0.0005051436247146636,0.001491180241935497,-0.01789673654028533,-0.000958927560132105,6.4549773775,8.295165394,-1.8401880164999995,-0.05051436247146636,0.1491180241935497,-1.789673654028533,-0.0958927560132105
19069,"Franklin County, IA",IA,Very Low,21.946564885496183,0.048540694695,0.08295165394,-0.034410959245,Very Low,elastic_net,-0.006425523047345058,0.002013161671214091,-0.02798543619765494,-0.008371471802017113,4.8540694695,8.295165394,-3.4410959245,-0.6425523047345059,0.20131616712140912,-2.798543619765494,-0.8371471802017113
19071,"Fremont County, IA",IA,Very Low,14.980916030534353,0.079335131295,0.08295165394,-0.003616522644999995,Very Low,elastic_net,-0.007004163605942838,0.0017996049467322698,0.0033876409609428434,-0.008840997293681952,7.9335131295,8.295165394,-0.3616522644999995,-0.7004163605942838,0.17996049467322697,0.3387640960942844,-0.8840997293681951
19073,"Greene County, IA",IA,Very Low,31.774809160305345,0.03235259981,0.08295165394,-0.050599054129999994,Very Low,elastic_net,-0.001633172212965629,0.0011757289182869211,-0.04896588191703437,-0.002538825105126959,3.235259981,8.295165394,-5.059905412999999,-0.1633172212965629,0.11757289182869211,-4.896588191703437,-0.2538825105126959
19075,"Grundy County, IA",IA,Very Low,13.136132315521628,0.05133372304,0.08295165394,-0.031617930899999994,Very Low,elastic_net,-0.011795743109611949,0.0009818041132052758,-0.019822187790388045,-0.013917052638813529,5.133372304,8.295165394,-3.1617930899999993,-1.179574310961195,0.09818041132052759,-1.9822187790388044,-1.391705263881353
19077,"Guthrie County, IA",IA,Very Low,26.52671755725191,0.12248297165,0.08295165394,0.03953131771,Very Low,elastic_net,-0.00809045335587555,0.0010802223500897441,0.04762177106587555,-0.00921785979800546,12.248297165,8.295165394,3.953131771,-0.8090453355875551,0.10802223500897441,4.762177106587555,-0.921785979800546
19081,"Hancock County, IA",IA,Very Low,28.78498727735369,0.079964911475,0.08295165394,-0.0029867424649999974,Very Low,elastic_net,-0.0177280939304743,9.707153802915047e-05,0.014741351465474301,-0.016186027806623447,7.9964911475,8.295165394,-0.29867424649999974,-1.7728093930474298,0.009707153802915047,1.4741351465474302,-1.6186027806623446
19085,"Harrison County, IA",IA,Very Low,31.297709923664126,0.0673212033,0.08295165394,-0.01563045064,Very Low,elastic_net,-0.012896221282274264,0.0028881818347035776,-0.0027342293577257374,-0.013731835769812325,6.732120329999999,8.295165394,-1.5630450640000002,-1.2896221282274265,0.28881818347035776,-0.27342293577257376,-1.3731835769812324
19087,"Henry County, IA",IA,Very Low,30.852417302798983,0.043325492485,0.08295165394,-0.039626161454999996,Very Low,elastic_net,-0.008345908007985172,0.0018065212106483247,-0.03128025344701482,-0.009920851548013502,4.3325492484999995,8.295165394,-3.9626161454999997,-0.8345908007985172,0.18065212106483247,-3.128025344701482,-0.9920851548013502
19089,"Howard County, IA",IA,Very Low,15.585241730279897,0.03380765671,0.08295165394,-0.04914399722999999,Very Low,elastic_net,0.00020391446045541083,0.002132096574411402,-0.0493479116904554,-0.0006356628745112305,3.3807656710000002,8.295165394,-4.914399722999999,0.020391446045541082,0.2132096574411402,-4.93479116904554,-0.06356628745112305
19091,"Humboldt County, IA",IA,Very Low,24.077608142493638,0.064951730115,0.08295165394,-0.017999923825,Very Low,elastic_net,-0.0075248363410061825,0.003588090317691693,-0.010475087483993818,-0.01085136650563629,6.4951730114999995,8.295165394,-1.7999923825,-0.7524836341006182,0.35880903176916934,-1.047508748399382,-1.0851366505636288
19093,"Ida County, IA",IA,Very Low,18.352417302798983,0.0061971133585,0.08295165394,-0.0767545405815,Very Low,elastic_net,-0.004562264685575668,0.0017222448781876992,-0.07219227589592433,-0.005605395548030807,0.61971133585,8.295165394,-7.67545405815,-0.4562264685575668,0.17222448781876992,-7.219227589592434,-0.5605395548030807
19095,"Iowa County, IA",IA,Very Low,28.24427480916031,0.05480358245,0.08295165394,-0.028148071489999996,Very Low,elastic_net,-0.010627026837551479,0.0009243314096966574,-0.01752104465244852,-0.01097057312313143,5.480358245,8.295165394,-2.8148071489999995,-1.0627026837551479,0.09243314096966573,-1.7521044652448519,-1.0970573123131429
19097,"Jackson County, IA",IA,Very Low,36.06870229007634,0.050182095545,0.08295165394,-0.032769558394999995,Very Low,elastic_net,-0.010173219892999602,0.00022692903807138722,-0.022596338502000393,-0.010443282790504608,5.0182095545,8.295165394,-3.2769558394999994,-1.01732198929996,0.02269290380713872,-2.2596338502000393,-1.0443282790504609
19101,"Jefferson County, IA",IA,Very Low,27.067430025445294,0.048754712719999996,0.08295165394,-0.03419694122,Very Low,elastic_net,-0.0016221259431618493,0.0024504398308895898,-0.03257481527683815,-0.002184717927341341,4.8754712719999995,8.295165394,-3.419694122,-0.16221259431618493,0.24504398308895897,-3.257481527683815,-0.21847179273413408
19105,"Jones County, IA",IA,Very Low,32.66539440203562,0.059556981965,0.08295165394,-0.023394671974999996,Very Low,elastic_net,-0.006905818406870948,0.0028169928793430874,-0.01648885356812905,-0.008586211213800186,5.9556981965,8.295165394,-2.3394671974999994,-0.6905818406870947,0.28169928793430876,-1.648885356812905,-0.8586211213800186
19107,"Keokuk County, IA",IA,Very Low,21.85114503816794,0.07692307692,0.08295165394,-0.006028577019999995,Very Low,elastic_net,-0.0021401197691885217,0.002094852575525664,-0.0038884572508114733,-0.0020818435173110047,7.692307692,8.295165394,-0.6028577019999994,-0.21401197691885218,0.2094852575525664,-0.38884572508114734,-0.20818435173110048
19109,"Kossuth County, IA",IA,Very Low,32.25190839694657,0.038956440514999996,0.08295165394,-0.043995213425,Very Low,elastic_net,-0.010572365244597542,0.001074760761840898,-0.033422848180402455,-0.010147920276447172,3.8956440514999997,8.295165394,-4.3995213425,-1.0572365244597541,0.1074760761840898,-3.3422848180402456,-1.014792027644717
19115,"Louisa County, IA",IA,Very Low,17.4618320610687,0.04823977583,0.08295165394,-0.03471187811,Very Low,elastic_net,-0.01179844129266542,0.0015162688151331104,-0.022913436817334577,-0.013336604915666603,4.823977583,8.295165394,-3.4711878109999996,-1.179844129266542,0.15162688151331105,-2.2913436817334576,-1.3336604915666603
19117,"Lucas County, IA",IA,Very Low,29.67557251908397,0.1043481627,0.08295165394,0.021396508760000002,Very Low,elastic_net,0.011352130741965791,0.003312800272317569,0.010044378018034211,0.008274415661772047,10.434816269999999,8.295165394,2.139650876,1.1352130741965791,0.33128002723175687,1.004437801803421,0.8274415661772048
19119,"Lyon County, IA",IA,Very Low,19.1793893129771,0.0797169657,0.08295165394,-0.0032346882399999916,Very Low,elastic_net,0.0034538584376167573,0.0018818377091830288,-0.006688546677616749,0.0092631965297586,7.971696570000001,8.295165394,-0.32346882399999916,0.34538584376167575,0.18818377091830288,-0.6688546677616749,0.9263196529758599
19121,"Madison County, IA",IA,Very Low,35.52798982188295,0.06328294410499999,0.08295165394,-0.019668709835000006,Very Low,elastic_net,-0.00937382295971907,0.002386240946990378,-0.010294886875280936,-0.009580406846782356,6.328294410499999,8.295165394,-1.9668709835000007,-0.937382295971907,0.2386240946990378,-1.0294886875280935,-0.9580406846782356
19123,"Mahaska County, IA",IA,Very Low,29.739185750636132,0.081910664415,0.08295165394,-0.001040989524999994,Very Low,elastic_net,-0.009246417047917052,0.00021546848263805814,0.008205427522917058,-0.008823712556083541,8.1910664415,8.295165394,-0.1040989524999994,-0.9246417047917053,0.021546848263805814,0.8205427522917058,-0.8823712556083542
19125,"Marion County, IA",IA,Very Low,34.35114503816794,0.07634400755000001,0.08295165394,-0.0066076463899999854,Very Low,elastic_net,-0.012587006604537506,0.00036386251297727937,0.005979360214537521,-0.012471589890280337,7.634400755000001,8.295165394,-0.6607646389999986,-1.2587006604537507,0.036386251297727934,0.5979360214537521,-1.2471589890280337
19129,"Mills County, IA",IA,Very Low,18.479643765903308,0.064999021,0.08295165394,-0.01795263293999999,Very Low,elastic_net,-0.012366833001891587,0.001588930844038085,-0.005585799938108404,-0.013483002127891766,6.499902100000001,8.295165394,-1.795263293999999,-1.2366833001891586,0.1588930844038085,-0.5585799938108404,-1.3483002127891766
19131,"Mitchell County, IA",IA,Very Low,37.69083969465649,0.07615623162,0.08295165394,-0.006795422319999994,Very Low,elastic_net,-0.0057741116564723706,0.0032181393518572977,-0.0010213106635276236,-0.004038346726581789,7.615623162,8.295165394,-0.6795422319999994,-0.577411165647237,0.32181393518572976,-0.10213106635276235,-0.40383467265817885
19133,"Monona County, IA",IA,Very Low,25.095419847328245,0.06010070859,0.08295165394,-0.022850945349999992,Very Low,elastic_net,0.002030190548283325,0.002124554442619123,-0.024881135898283318,0.0007397721450857723,6.010070859000001,8.295165394,-2.2850945349999994,0.2030190548283325,0.21245544426191232,-2.4881135898283318,0.07397721450857722
19135,"Monroe County, IA",IA,Very Low,10.305343511450381,0.02575649351,0.08295165394,-0.057195160429999996,Very Low,elastic_net,-0.00846172606481666,0.0033066563596307846,-0.048733434365183334,-0.01274683309638787,2.575649351,8.295165394,-5.719516043,-0.846172606481666,0.33066563596307846,-4.873343436518334,-1.274683309638787
19137,"Montgomery County, IA",IA,Very Low,33.68320610687023,0.08905183372,0.08295165394,0.006100179780000006,Very Low,elastic_net,-0.009390120105613126,0.001749648908068266,0.015490299885613132,-0.010442506396154861,8.905183372,8.295165394,0.6100179780000006,-0.9390120105613126,0.1749648908068266,1.5490299885613132,-1.044250639615486
19141,"O'Brien County, IA",IA,Very Low,16.412213740458014,0.11378418344999999,0.08295165394,0.030832529509999998,Very Low,elastic_net,0.006159335462646084,0.0050614271678238185,0.024673194047353915,0.005834600346364894,11.378418345,8.295165394,3.083252951,0.6159335462646084,0.5061427167823819,2.4673194047353917,0.5834600346364894
19143,"Osceola County, IA",IA,Very Low,14.853689567430026,0.09217640545,0.08295165394,0.009224751510000004,Very Low,elastic_net,-0.006620615505306221,0.0012365203900313048,0.015845367015306224,-0.007086923812028797,9.217640545,8.295165394,0.9224751510000004,-0.6620615505306221,0.12365203900313049,1.5845367015306224,-0.7086923812028797
19145,"Page County, IA",IA,Very Low,40.20356234096692,0.09862525275,0.08295165394,0.01567359881000001,Very Low,elastic_net,-0.00906375061556601,0.0006628461466138171,0.02473734942556602,-0.009255092691129778,9.862525275,8.295165394,1.567359881000001,-0.9063750615566011,0.06628461466138172,2.473734942556602,-0.9255092691129778
19147,"Palo Alto County, IA",IA,Very Low,15.458015267175574,0.13972795435,0.08295165394,0.056776300409999994,Very Low,elastic_net,-0.003341961516504227,0.0006734346634847423,0.06011826192650422,-0.0007709718059230209,13.972795434999998,8.295165394,5.677630041,-0.3341961516504227,0.06734346634847423,6.011826192650422,-0.07709718059230208
19151,"Pocahontas County, IA",IA,Very Low,33.0470737913486,0.1519899901,0.08295165394,0.06903833616,Very Low,elastic_net,0.004743988218174855,0.00344213523263417,0.06429434794182515,0.008226316239753728,15.19899901,8.295165394,6.903833616000001,0.4743988218174855,0.344213523263417,6.429434794182515,0.8226316239753728
19157,"Poweshiek County, IA",IA,Very Low,31.265903307888042,0.057360879675,0.08295165394,-0.025590774264999998,Very Low,elastic_net,-0.0071738107470677055,0.0033518478441200354,-0.018416963517932292,-0.01009253946308116,5.7360879675,8.295165394,-2.5590774264999996,-0.7173810747067706,0.33518478441200356,-1.8416963517932292,-1.009253946308116
19159,"Ringgold County, IA",IA,Very Low,14.153944020356235,-0.04092321834,0.08295165394,-0.12387487227999999,Very Low,elastic_net,-0.005569518282542437,0.0016681064916261419,-0.11830535399745755,-0.005801220950367792,-4.092321834,8.295165394,-12.387487228,-0.5569518282542437,0.16681064916261418,-11.830535399745754,-0.5801220950367791
19161,"Sac County, IA",IA,Very Low,27.29007633587786,0.13164579765,0.08295165394,0.04869414371000001,Very Low,elastic_net,-0.0050136877933837825,0.003801221132579158,0.0537078315033838,-0.005484346315603297,13.164579765000001,8.295165394,4.869414371000001,-0.5013687793383782,0.38012211325791584,5.370783150338379,-0.5484346315603297
19165,"Shelby County, IA",IA,Very Low,22.7735368956743,0.033918357375,0.08295165394,-0.049033296564999995,Very Low,elastic_net,-0.012130604642580986,0.0030361715962728742,-0.03690269192241901,-0.01224339861201714,3.3918357375,8.295165394,-4.9033296564999995,-1.2130604642580987,0.3036171596272874,-3.690269192241901,-1.224339861201714
19173,"Taylor County, IA",IA,Very Low,38.48600508905852,0.08976391825,0.08295165394,0.00681226431000001,Very Low,elastic_net,0.009977491432565933,0.0016440838809284324,-0.0031652271225659223,0.00816350664968405,8.976391825,8.295165394,0.681226431000001,0.9977491432565933,0.16440838809284325,-0.31652271225659223,0.816350664968405
19177,"Van Buren County, IA",IA,Very Low,33.61959287531807,0.07228774277,0.08295165394,-0.010663911169999998,Very Low,elastic_net,-0.006826790294886107,0.004459750045870237,-0.0038371208751138914,-0.014864050923656877,7.228774276999999,8.295165394,-1.0663911169999998,-0.6826790294886107,0.44597500458702366,-0.38371208751138913,-1.4864050923656877
19181,"Warren County, IA",IA,Very Low,36.10050890585242,0.0564683728,0.08295165394,-0.026483281139999995,Very Low,elastic_net,-0.008519094885015219,0.002880851087341703,-0.017964186254984776,-0.00900649408971421,5.64683728,8.295165394,-2.6483281139999995,-0.8519094885015219,0.2880851087341703,-1.7964186254984775,-0.900649408971421
19185,"Wayne County, IA",IA,Very Low,22.010178117048344,0.07614656889,0.08295165394,-0.006805085049999993,Very Low,elastic_net,0.0036702099193496166,0.0020119732558418106,-0.010475294969349609,0.0043112385613447825,7.614656889,8.295165394,-0.6805085049999993,0.3670209919349617,0.20119732558418107,-1.047529496934961,0.43112385613447823
19189,"Winnebago County, IA",IA,Very Low,30.661577608142494,0.031175808625000002,0.08295165394,-0.05177584531499999,Very Low,elastic_net,-0.00832952857466539,0.004376539361961397,-0.043446316740334605,-0.009527090692199114,3.1175808625,8.295165394,-5.177584531499999,-0.8329528574665389,0.4376539361961397,-4.344631674033461,-0.9527090692199114
19191,"Winneshiek County, IA",IA,Very Low,36.19592875318066,0.04480999787,0.08295165394,-0.038141656069999995,Very Low,elastic_net,-0.00723245526957311,0.0040449270676838145,-0.030909200800426886,-0.008416379623651096,4.480999787,8.295165394,-3.8141656069999996,-0.723245526957311,0.40449270676838145,-3.0909200800426886,-0.8416379623651096
19195,"Worth County, IA",IA,Very Low,9.860050890585242,0.067271311015,0.08295165394,-0.015680342924999993,Very Low,elastic_net,-0.01184810013228147,0.001535087448159801,-0.0038322427927185224,-0.013689219328988655,6.7271311015,8.295165394,-1.5680342924999993,-1.1848100132281472,0.1535087448159801,-0.3832242792718522,-1.3689219328988655
19197,"Wright County, IA",IA,Very Low,41.50763358778626,0.09845551235,0.08295165394,0.015503858410000002,Very Low,elastic_net,-0.007506812906512423,0.000757244459955273,0.023010671316512424,-0.0064957484123942325,9.845551235,8.295165394,1.5503858410000002,-0.7506812906512423,0.0757244459955273,2.3010671316512425,-0.6495748412394232
20001,"Allen County, KS",KS,Very Low,15.267175572519085,0.06006269416,0.08295165394,-0.022888959779999996,Very Low,elastic_net,-0.0001642860809627747,0.000917054893999153,-0.02272467369903722,-0.00038448886628217,6.006269416,8.295165394,-2.2888959779999993,-0.01642860809627747,0.0917054893999153,-2.272467369903722,-0.038448886628217
20003,"Anderson County, KS",KS,Very Low,17.8117048346056,0.08017768825999999,0.08295165394,-0.002773965680000004,Very Low,elastic_net,-0.0031191545671231335,0.0018686476834587616,0.0003451888871231295,-0.005333910192714635,8.017768826,8.295165394,-0.2773965680000004,-0.31191545671231335,0.18686476834587615,0.03451888871231295,-0.5333910192714635
20007,"Barber County, KS",KS,Very Low,40.33078880407125,0.06497175141,0.08295165394,-0.017979902529999994,Very Low,elastic_net,-0.00954320711869606,0.006653719071869396,-0.008436695411303935,-0.014557145320258272,6.497175141,8.295165394,-1.7979902529999994,-0.954320711869606,0.6653719071869396,-0.8436695411303935,-1.4557145320258271
20011,"Bourbon County, KS",KS,Very Low,35.655216284987276,0.06366891482,0.08295165394,-0.01928273911999999,Very Low,elastic_net,-0.007026215167941223,0.0023746735973867576,-0.012256523952058767,-0.00699089691052724,6.366891482000001,8.295165394,-1.928273911999999,-0.7026215167941223,0.23746735973867575,-1.2256523952058767,-0.699089691052724
20013,"Brown County, KS",KS,Very Low,15.330788804071247,0.078952425145,0.08295165394,-0.00399922879499999,Very Low,elastic_net,0.018578147128573155,0.002549617875859227,-0.022577375923573145,0.017151292796871276,7.8952425145000005,8.295165394,-0.399922879499999,1.8578147128573155,0.2549617875859227,-2.2577375923573144,1.7151292796871276
20027,"Clay County, KS",KS,Very Low,16.444020356234095,0.07559962384,0.08295165394,-0.00735203009999999,Very Low,elastic_net,-0.0009488777808904151,0.0016174106037686372,-0.006403152319109574,-0.0019316965435102185,7.559962384,8.295165394,-0.735203009999999,-0.09488777808904152,0.16174106037686373,-0.6403152319109574,-0.19316965435102185
20031,"Coffey County, KS",KS,Very Low,35.337150127226465,0.08305684587500001,0.08295165394,0.00010519193500001245,Very Low,elastic_net,-0.01259276113905853,0.0018990472452075733,0.012697953074058542,-0.013041169502486717,8.3056845875,8.295165394,0.010519193500001245,-1.259276113905853,0.18990472452075732,1.2697953074058541,-1.3041169502486718
20051,"Ellis County, KS",KS,Very Low,32.69720101781171,0.04831362803,0.08295165394,-0.034638025909999995,Very Low,elastic_net,-0.029039321626237694,0.008146057326976978,-0.005598704283762301,-0.03492419221754592,4.831362803,8.295165394,-3.4638025909999994,-2.9039321626237693,0.8146057326976979,-0.5598704283762301,-3.492419221754592
20053,"Ellsworth County, KS",KS,Very Low,15.171755725190838,0.1103418774,0.08295165394,0.02739022346,Very Low,elastic_net,-0.0038624525389272016,0.0036267521332014403,0.031252675998927205,-0.004457544440407758,11.03418774,8.295165394,2.739022346,-0.3862452538927202,0.362675213320144,3.1252675998927204,-0.4457544440407758
20061,"Geary County, KS",KS,Very Low,40.5852417302799,0.07640118859,0.08295165394,-0.006550465349999993,Very Low,elastic_net,-0.015073956154199528,0.00514305330167518,0.008523490804199535,-0.01579770824255305,7.640118859,8.295165394,-0.6550465349999992,-1.5073956154199528,0.514305330167518,0.8523490804199535,-1.579770824255305
20067,"Grant County, KS",KS,Very Low,13.549618320610687,0.03063359235,0.08295165394,-0.05231806158999999,Very Low,elastic_net,-0.023969721650907994,0.003656383438189318,-0.028348339939092,-0.029290613055010815,3.063359235,8.295165394,-5.231806159,-2.3969721650907996,0.36563834381893184,-2.8348339939092,-2.9290613055010817
20069,"Gray County, KS",KS,Very Low,36.73664122137404,0.09122707506,0.08295165394,0.008275421120000001,Very Low,elastic_net,-0.021382635446183334,0.0014716961608447667,0.029658056566183335,-0.015046692473248,9.122707506,8.295165394,0.8275421120000002,-2.1382635446183333,0.14716961608447668,2.9658056566183335,-1.5046692473248
20073,"Greenwood County, KS",KS,Very Low,24.491094147582697,0.08061957501,0.08295165394,-0.002332078929999995,Very Low,elastic_net,-0.005354251310401615,0.001515838289596253,0.00302217238040162,-0.0052800515443204,8.061957501,8.295165394,-0.2332078929999995,-0.5354251310401615,0.1515838289596253,0.302217238040162,-0.52800515443204
20077,"Harper County, KS",KS,Very Low,31.329516539440206,0.17104068795,0.08295165394,0.08808903401,Very Low,elastic_net,-0.003722532247729515,0.0010934981475597307,0.09181156625772952,-0.004752334261041008,17.104068795,8.295165394,8.808903401,-0.37225322477295153,0.10934981475597308,9.181156625772951,-0.4752334261041008
20079,"Harvey County, KS",KS,Very Low,38.93129770992366,0.054110781319999995,0.08295165394,-0.02884087262,Very Low,elastic_net,-0.015744941003395636,0.0038733310069645733,-0.013095931616604363,-0.017650747684309465,5.411078131999999,8.295165394,-2.884087262,-1.5744941003395636,0.3873331006964573,-1.3095931616604364,-1.7650747684309465
20081,"Haskell County, KS",KS,Very Low,15.012722646310433,0.1076168382,0.08295165394,0.02466518426,Very Low,elastic_net,-4.9975206599554727e-05,0.011363387329458092,0.024715159466599555,-0.00020790531703132934,10.76168382,8.295165394,2.466518426,-0.004997520659955472,1.1363387329458092,2.4715159466599554,-0.020790531703132935
20085,"Jackson County, KS",KS,Very Low,21.533078880407125,0.07721757527,0.08295165394,-0.00573407866999999,Very Low,elastic_net,-0.011412365285480766,0.0022570680752874066,0.005678286615480777,-0.014590169373560384,7.721757527,8.295165394,-0.5734078669999989,-1.1412365285480766,0.22570680752874067,0.5678286615480777,-1.4590169373560384
20087,"Jefferson County, KS",KS,Very Low,19.65648854961832,0.09360509718000001,0.08295165394,0.010653443240000018,Very Low,elastic_net,-0.011616196172032531,0.0011801558056949485,0.022269639412032548,-0.011958986516195234,9.360509718000001,8.295165394,1.0653443240000018,-1.1616196172032531,0.11801558056949485,2.226963941203255,-1.1958986516195234
20095,"Kingman County, KS",KS,Very Low,35.55979643765903,0.08888457054,0.08295165394,0.005932916600000004,Very Low,elastic_net,-0.005230299133622177,0.001232083553369462,0.011163215733622181,-0.005214947829869632,8.888457054,8.295165394,0.5932916600000004,-0.5230299133622176,0.1232083553369462,1.116321573362218,-0.5214947829869633
20107,"Linn County, KS",KS,Very Low,12.245547073791348,0.07778575292499999,0.08295165394,-0.005165901015000002,Very Low,elastic_net,0.005549911064994217,0.000544859380069978,-0.010715812079994218,0.005304299779548699,7.778575292499999,8.295165394,-0.5165901015000002,0.5549911064994217,0.054485938006997796,-1.0715812079994218,0.5304299779548699
20113,"McPherson County, KS",KS,Very Low,39.217557251908396,0.05375390528,0.08295165394,-0.029197748659999995,Very Low,elastic_net,-0.016008248125057255,0.0008682747933054875,-0.01318950053494274,-0.014966641921688749,5.375390528,8.295165394,-2.9197748659999996,-1.6008248125057256,0.08682747933054875,-1.318950053494274,-1.4966641921688748
20115,"Marion County, KS",KS,Very Low,37.97709923664122,0.040809491165,0.08295165394,-0.04214216277499999,Very Low,elastic_net,-0.004334596775898447,0.004811744496843622,-0.037807565999101546,-0.008939943462595329,4.0809491165,8.295165394,-4.214216277499999,-0.43345967758984466,0.48117444968436224,-3.7807565999101547,-0.8939943462595329
20127,"Morris County, KS",KS,Very Low,27.449109414758272,-0.07058878269,0.08295165394,-0.15354043663,Very Low,elastic_net,-0.0016749461601064074,0.004340315165728341,-0.1518654904698936,-0.0045562128371178364,-7.058878269,8.295165394,-15.354043663,-0.16749461601064075,0.43403151657283406,-15.18654904698936,-0.4556212837117836
20133,"Neosho County, KS",KS,Very Low,32.50636132315521,0.05779246351,0.08295165394,-0.025159190429999992,Very Low,elastic_net,-0.003002862970104434,0.0024123834320788377,-0.02215632745989556,-0.0029746528232447453,5.779246351,8.295165394,-2.5159190429999994,-0.3002862970104434,0.24123834320788376,-2.2156327459895557,-0.29746528232447456
20139,"Osage County, KS",KS,Very Low,35.43256997455471,0.09193404419500001,0.08295165394,0.008982390255000014,Very Low,elastic_net,-0.008689062022891679,0.0018415506665595757,0.017671452277891693,-0.01004210630175082,9.1934044195,8.295165394,0.8982390255000015,-0.8689062022891679,0.18415506665595757,1.7671452277891693,-1.0042106301750822
20143,"Ottawa County, KS",KS,Very Low,16.889312977099237,0.08006478166,0.08295165394,-0.002886872279999994,Very Low,elastic_net,-0.004179456068368628,0.0016685481516278253,0.0012925837883686342,-0.005041399665120916,8.006478166,8.295165394,-0.2886872279999994,-0.4179456068368628,0.16685481516278253,0.12925837883686342,-0.5041399665120916
20149,"Pottawatomie County, KS",KS,Very Low,30.884223918575067,0.05269063065,0.08295165394,-0.030261023289999994,Very Low,elastic_net,-0.008618885824057475,0.0010994808867918792,-0.02164213746594252,-0.010447013764827177,5.269063065,8.295165394,-3.0261023289999995,-0.8618885824057475,0.10994808867918791,-2.164213746594252,-1.0447013764827178
20159,"Rice County, KS",KS,Very Low,28.530534351145036,0.1321644281,0.08295165394,0.049212774160000014,Very Low,elastic_net,-0.005028479193179637,0.002118527116780389,0.05424125335317965,-0.005333017795121076,13.21644281,8.295165394,4.9212774160000015,-0.5028479193179637,0.2118527116780389,5.424125335317965,-0.5333017795121077
20167,"Russell County, KS",KS,Very Low,12.53180661577608,0.027249396055,0.08295165394,-0.055702257884999995,Very Low,elastic_net,0.0005343741027936836,0.0012395278669340341,-0.056236631987793675,-0.000936407055832857,2.7249396055,8.295165394,-5.570225788499999,0.05343741027936836,0.12395278669340341,-5.623663198779368,-0.0936407055832857
20175,"Seward County, KS",KS,Very Low,42.30279898218829,0.041238351125,0.08295165394,-0.04171330281499999,Very Low,elastic_net,-0.009046792741511418,0.0015574448363058259,-0.03266651007348857,-0.013198657236811854,4.1238351125,8.295165394,-4.1713302814999995,-0.9046792741511418,0.15574448363058258,-3.266651007348857,-1.3198657236811855
20185,"Stafford County, KS",KS,Very Low,23.059796437659035,0.1111419087,0.08295165394,0.028190254760000005,Very Low,elastic_net,0.010587432467017807,0.00242111718714391,0.017602822292982198,0.014575473793518765,11.11419087,8.295165394,2.8190254760000006,1.0587432467017808,0.24211171871439102,1.7602822292982199,1.4575473793518765
20189,"Stevens County, KS",KS,Very Low,40.04452926208651,0.04523518219,0.08295165394,-0.037716471749999994,Very Low,elastic_net,-0.004433288820188216,0.0044771046624174455,-0.03328318292981178,-0.010118788925306897,4.523518219,8.295165394,-3.7716471749999996,-0.44332888201882154,0.44771046624174454,-3.328318292981178,-1.0118788925306896
20197,"Wabaunsee County, KS",KS,Very Low,14.631043256997456,0.039879325305,0.08295165394,-0.043072328635,Very Low,elastic_net,0.005456575800356504,0.005072187952450555,-0.0485289044353565,0.0009158938117288932,3.9879325304999997,8.295165394,-4.3072328634999995,0.5456575800356505,0.5072187952450555,-4.8528904435356495,0.09158938117288931
20205,"Wilson County, KS",KS,Very Low,17.970737913486005,0.072478140925,0.08295165394,-0.010473513014999991,Very Low,elastic_net,0.0024742846311885153,0.0015792580001262205,-0.012947797646188506,0.0004933523825444922,7.2478140925000005,8.295165394,-1.047351301499999,0.24742846311885153,0.15792580001262205,-1.2947797646188506,0.04933523825444922
21001,"Adair County, KY",KY,Very Low,39.44020356234097,0.07573007368,0.08295165394,-0.007221580259999999,Very Low,elastic_net,0.015538204977251167,0.0016961123509072636,-0.022759785237251168,0.014161397165980562,7.573007368,8.295165394,-0.7221580259999999,1.5538204977251167,0.16961123509072637,-2.275978523725117,1.4161397165980563
21003,"Allen County, KY",KY,Very Low,33.33333333333333,0.11494420235,0.08295165394,0.03199254841,Very Low,elastic_net,0.007048756562425408,0.0008557116913186171,0.024943791847574594,0.008857994524092694,11.494420235,8.295165394,3.199254841,0.7048756562425408,0.08557116913186172,2.4943791847574595,0.8857994524092694
21005,"Anderson County, KY",KY,Very Low,26.33587786259542,0.085059599385,0.08295165394,0.002107945445000009,Very Low,elastic_net,0.0004774888342541584,0.0034592651204452467,0.0016304566107458506,-0.001090001037236784,8.5059599385,8.295165394,0.2107945445000009,0.04774888342541584,0.3459265120445247,0.16304566107458507,-0.1090001037236784
21007,"Ballard County, KY",KY,Very Low,39.63104325699746,0.1168847865,0.08295165394,0.03393313256000001,Very Low,elastic_net,-0.0025714419286090163,0.0001864624519641754,0.036504574488609026,-0.004179741558078571,11.68847865,8.295165394,3.3933132560000008,-0.2571441928609016,0.01864624519641754,3.6504574488609025,-0.41797415580785713
21011,"Bath County, KY",KY,Very Low,13.708651399491096,0.04765765962,0.08295165394,-0.035293994319999994,Very Low,elastic_net,0.014439042831004471,0.00031639076763999486,-0.04973303715100447,0.016613253819926233,4.765765962,8.295165394,-3.5293994319999995,1.4439042831004472,0.031639076763999484,-4.973303715100447,1.6613253819926233
21017,"Bourbon County, KY",KY,Very Low,39.3765903307888,0.084570222925,0.08295165394,0.001618568984999999,Very Low,elastic_net,-0.005057499738136936,0.001205246227829163,0.006676068723136935,-0.0056843921045372486,8.4570222925,8.295165394,0.1618568984999999,-0.5057499738136936,0.1205246227829163,0.6676068723136935,-0.5684392104537248
21021,"Boyle County, KY",KY,Very Low,41.57124681933842,0.09414848318,0.08295165394,0.011196829240000011,Very Low,elastic_net,0.0022095651013681497,0.0013746921264140065,0.008987264138631861,0.001598372818095637,9.414848318,8.295165394,1.119682924000001,0.22095651013681497,0.13746921264140066,0.8987264138631861,0.1598372818095637
21023,"Bracken County, KY",KY,Very Low,12.022900763358779,0.08340841261,0.08295165394,0.0004567586700000015,Very Low,elastic_net,0.006852219465172363,0.00040144288418236866,-0.0063954607951723615,0.007478824500288979,8.340841261,8.295165394,0.04567586700000015,0.6852219465172363,0.04014428841823687,-0.6395460795172362,0.7478824500288979
21027,"Breckinridge County, KY",KY,Very Low,39.53562340966921,0.11399179225,0.08295165394,0.031040138310000007,Very Low,elastic_net,0.01044387523613514,0.0017398014073693533,0.02059626307386487,0.011024625746025847,11.399179225000001,8.295165394,3.1040138310000005,1.0443875236135138,0.17398014073693532,2.059626307386487,1.1024625746025847
21031,"Butler County, KY",KY,Very Low,18.12977099236641,0.08463541667,0.08295165394,0.0016837627300000102,Very Low,elastic_net,0.005438695132897807,0.0019140572635890111,-0.0037549324028977966,0.006512738521289451,8.463541667000001,8.295165394,0.16837627300000102,0.5438695132897807,0.1914057263589011,-0.37549324028977965,0.6512738521289452
21033,"Caldwell County, KY",KY,Very Low,38.963104325699746,0.08007598677,0.08295165394,-0.0028756671699999986,Very Low,elastic_net,-0.0034977839634402538,0.0026572020985918296,0.0006221167934402552,-0.003192024824016825,8.007598676999999,8.295165394,-0.28756671699999986,-0.34977839634402536,0.26572020985918293,0.062211679344025515,-0.31920248240168253
21039,"Carlisle County, KY",KY,Very Low,18.734096692111958,0.10988141425,0.08295165394,0.02692976031000001,Very Low,elastic_net,0.007318587160915123,0.0018780335194399124,0.019611173149084886,0.007214043374536453,10.988141425,8.295165394,2.692976031000001,0.7318587160915123,0.18780335194399123,1.9611173149084886,0.7214043374536453
21041,"Carroll County, KY",KY,Very Low,23.40966921119593,0.11030171745,0.08295165394,0.02735006351000001,Very Low,elastic_net,0.006266796957348717,0.0023906712837000583,0.021083266552651293,0.008216108105831833,11.030171745,8.295165394,2.735006351000001,0.6266796957348717,0.23906712837000582,2.108326655265129,0.8216108105831833
21045,"Casey County, KY",KY,Very Low,37.05470737913486,0.08753067083,0.08295165394,0.0045790168900000094,Very Low,elastic_net,0.009866790747113574,0.0013157233909832577,-0.005287773857113565,0.010513495447055576,8.753067083000001,8.295165394,0.45790168900000094,0.9866790747113574,0.13157233909832577,-0.5287773857113565,1.0513495447055576
21049,"Clark County, KY",KY,Very Low,38.295165394402034,0.09371130636,0.08295165394,0.010759652420000002,Very Low,elastic_net,-0.0010147784796526362,0.0010500659436548253,0.011774430899652638,2.091704853666174e-05,9.371130636,8.295165394,1.075965242,-0.10147784796526363,0.10500659436548253,1.1774430899652637,0.002091704853666174
21053,"Clinton County, KY",KY,Very Low,24.52290076335878,0.19032518525,0.08295165394,0.10737353131,Very Low,elastic_net,0.009878737778226317,0.0012939870866760983,0.09749479353177369,0.008779306916946238,19.032518525,8.295165394,10.737353131,0.9878737778226317,0.12939870866760983,9.74947935317737,0.8779306916946238
21055,"Crittenden County, KY",KY,Very Low,30.375318066157757,0.1282788176,0.08295165394,0.04532716366000002,Very Low,elastic_net,0.013719120540705537,0.000800997722367216,0.03160804311929448,0.014432633584116042,12.82788176,8.295165394,4.532716366000002,1.3719120540705538,0.0800997722367216,3.1608043119294478,1.4432633584116041
21057,"Cumberland County, KY",KY,Very Low,30.08905852417303,0.1366632653,0.08295165394,0.05371161136000001,Very Low,elastic_net,0.019906360774671613,0.004782434108629735,0.03380525058532839,0.023334370449990212,13.666326530000001,8.295165394,5.3711611360000004,1.9906360774671612,0.4782434108629735,3.380525058532839,2.3334370449990214
21061,"Edmonson County, KY",KY,Very Low,11.036895674300254,0.06966484,0.08295165394,-0.013286813939999989,Very Low,elastic_net,0.010052679002157767,0.001029473288656525,-0.023339492942157758,0.010757292252580276,6.966484,8.295165394,-1.3286813939999988,1.0052679002157767,0.1029473288656525,-2.333949294215776,1.0757292252580275
21065,"Estill County, KY",KY,Very Low,41.79389312977099,0.13680029115,0.08295165394,0.05384863721000001,Very Low,elastic_net,0.014679583016713694,0.0015469211634047625,0.03916905419328631,0.014698278191897608,13.680029115,8.295165394,5.384863721000001,1.4679583016713693,0.15469211634047625,3.9169054193286312,1.4698278191897607
21069,"Fleming County, KY",KY,Very Low,30.979643765903308,0.1267605634,0.08295165394,0.04380890946,Very Low,elastic_net,0.014705556594025788,0.0009115742283834371,0.029103352865974215,0.014911326167831284,12.67605634,8.295165394,4.380890946,1.4705556594025788,0.09115742283834372,2.9103352865974217,1.4911326167831285
21077,"Gallatin County, KY",KY,Very Low,17.270992366412212,0.083978031715,0.08295165394,0.0010263777750000036,Very Low,elastic_net,0.0015529669543141124,0.001521279335324536,-0.0005265891793141088,0.0036483343361963425,8.3978031715,8.295165394,0.10263777750000036,0.15529669543141122,0.1521279335324536,-0.05265891793141088,0.3648334336196343
21079,"Garrard County, KY",KY,Very Low,30.248091603053435,0.08770016426999999,0.08295165394,0.004748510329999997,Very Low,elastic_net,0.006317880286566033,0.0019503409292200248,-0.0015693699565660357,0.007991813835852185,8.770016427,8.295165394,0.4748510329999997,0.6317880286566033,0.19503409292200247,-0.15693699565660357,0.7991813835852185
21081,"Grant County, KY",KY,Very Low,16.28498727735369,0.056562337374999994,0.08295165394,-0.026389316565,Very Low,elastic_net,0.0029134778187361945,0.003309324792180369,-0.029302794383736196,0.004365870998220189,5.656233737499999,8.295165394,-2.6389316565,0.2913477818736194,0.33093247921803687,-2.9302794383736197,0.4365870998220189
21087,"Green County, KY",KY,Very Low,14.026717557251908,0.024884649063000003,0.08295165394,-0.05806700487699999,Very Low,elastic_net,0.01958616551171718,0.0012954918629551468,-0.07765317038871718,0.020273091733965107,2.4884649063000004,8.295165394,-5.806700487699999,1.9586165511717182,0.12954918629551468,-7.765317038871718,2.0273091733965107
21091,"Hancock County, KY",KY,Very Low,28.75318066157761,0.09907077513000001,0.08295165394,0.016119121190000016,Very Low,elastic_net,-0.005205940703336867,0.002171719011645259,0.021325061893336883,-0.005479009234114783,9.907077513,8.295165394,1.6119121190000016,-0.5205940703336867,0.2171719011645259,2.1325061893336885,-0.5479009234114783
21097,"Harrison County, KY",KY,Very Low,33.778625954198475,0.08812679021,0.08295165394,0.005175136270000005,Very Low,elastic_net,0.0015810248744341938,0.0007311029624176959,0.0035941113955658115,0.0016162193856498986,8.812679021,8.295165394,0.5175136270000005,0.15810248744341937,0.07311029624176958,0.35941113955658116,0.16162193856498985
21099,"Hart County, KY",KY,Very Low,41.12595419847328,0.09546946307,0.08295165394,0.012517809130000002,Very Low,elastic_net,0.016049219419644396,0.0044544909739494196,-0.003531410289644394,0.017958512037582024,9.546946306999999,8.295165394,1.2517809130000002,1.6049219419644396,0.445449097394942,-0.3531410289644394,1.7958512037582024
21103,"Henry County, KY",KY,Very Low,15.744274809160306,0.079642725815,0.08295165394,-0.003308928124999999,Very Low,elastic_net,0.007957948961257877,0.0006375842685048408,-0.011266877086257876,0.00696425926033206,7.9642725814999995,8.295165394,-0.3308928124999999,0.7957948961257877,0.06375842685048408,-1.1266877086257876,0.696425926033206
21105,"Hickman County, KY",KY,Very Low,35.81424936386768,0.1361607143,0.08295165394,0.05320906036000002,Very Low,elastic_net,-0.0015778656556799475,0.003323547545069324,0.054786926015679964,0.00040164594687088113,13.616071430000002,8.295165394,5.320906036000002,-0.15778656556799475,0.3323547545069324,5.478692601567996,0.040164594687088113
21109,"Jackson County, KY",KY,Very Low,24.173027989821882,0.1251095039,0.08295165394,0.04215784996000001,Very Low,elastic_net,0.02300010836839665,0.00038913339473044397,0.01915774159160336,0.025289527678761126,12.51095039,8.295165394,4.215784996000001,2.300010836839665,0.0389133394730444,1.9157741591603359,2.528952767876113
21113,"Jessamine County, KY",KY,Very Low,39.79007633587786,0.07890367583999999,0.08295165394,-0.004047978100000002,Very Low,elastic_net,-0.004256990640070642,0.0013012890619107248,0.00020901254007063986,-0.0027595468292726947,7.890367583999999,8.295165394,-0.4047978100000002,-0.4256990640070642,0.13012890619107248,0.020901254007063986,-0.2759546829272695
21123,"Larue County, KY",KY,Very Low,12.436386768447836,0.08652525053,0.08295165394,0.0035735965900000055,Very Low,elastic_net,0.010177946273952783,0.0023254961725561706,-0.006604349683952777,0.010922431966992373,8.652525053,8.295165394,0.35735965900000055,1.0177946273952783,0.23254961725561707,-0.6604349683952777,1.0922431966992374
21129,"Lee County, KY",KY,Very Low,7.506361323155216,0.1534982639,0.08295165394,0.07054660995999999,Very Low,elastic_net,0.028861633689145738,0.002062700304497391,0.041684976270854254,0.03349290047395152,15.349826389999999,8.295165394,7.054660995999999,2.886163368914574,0.2062700304497391,4.168497627085426,3.349290047395152
21135,"Lewis County, KY",KY,Very Low,41.475826972010175,0.20968350705,0.08295165394,0.12673185311000001,Very Low,elastic_net,0.02560574234914435,0.002687508777680566,0.10112611076085566,0.026234841277229068,20.968350705,8.295165394,12.673185311000001,2.560574234914435,0.2687508777680566,10.112611076085566,2.623484127722907
21137,"Lincoln County, KY",KY,Very Low,32.56997455470738,0.099282666955,0.08295165394,0.016331013015000007,Very Low,elastic_net,0.008954015878588706,0.0005416339204102214,0.0073769971364113,0.00951330924892111,9.9282666955,8.295165394,1.6331013015000007,0.8954015878588706,0.054163392041022135,0.7376997136411301,0.951330924892111
21139,"Livingston County, KY",KY,Very Low,27.131043256997454,0.1145979137,0.08295165394,0.03164625976,Very Low,elastic_net,0.0008872875845558535,0.0018065426707394457,0.03075897217544415,-0.0006987046641898939,11.45979137,8.295165394,3.1646259760000004,0.08872875845558535,0.18065426707394458,3.0758972175444153,-0.06987046641898939
21143,"Lyon County, KY",KY,Very Low,28.880407124681934,0.091173907355,0.08295165394,0.008222253415000005,Very Low,elastic_net,-0.0016440411819159553,0.0026610005915430335,0.00986629459691596,-0.0038334378157674027,9.1173907355,8.295165394,0.8222253415000005,-0.16440411819159553,0.26610005915430335,0.9866294596915961,-0.38334378157674026
21147,"McCreary County, KY",KY,Very Low,25.318066157760814,0.1094339623,0.08295165394,0.026482308360000012,Very Low,elastic_net,0.024268296395313024,0.0017815044813713273,0.0022140119646869884,0.02563873506131521,10.943396230000001,8.295165394,2.648230836000001,2.4268296395313023,0.17815044813713274,0.22140119646869882,2.5638735061315208
21149,"McLean County, KY",KY,Very Low,40.71246819338422,0.08253780735999999,0.08295165394,-0.00041384658000000185,Very Low,elastic_net,-0.0008741925471099169,0.004217305752456171,0.00046034596710991507,-0.002368004131245041,8.253780736,8.295165394,-0.041384658000000185,-0.0874192547109917,0.42173057524561713,0.046034596710991506,-0.2368004131245041
21155,"Marion County, KY",KY,Very Low,30.216284987277355,0.1067960414,0.08295165394,0.023844387460000005,Very Low,elastic_net,0.012359813754786897,0.0023029247569361774,0.011484573705213108,0.01281483772037272,10.67960414,8.295165394,2.3844387460000007,1.2359813754786897,0.23029247569361774,1.1484573705213108,1.281483772037272
21161,"Mason County, KY",KY,Very Low,39.18575063613232,0.1609550124,0.08295165394,0.07800335846000002,Very Low,elastic_net,0.006032016706437941,0.0009145411204144359,0.07197134175356208,0.006756817951471074,16.09550124,8.295165394,7.800335846000002,0.6032016706437942,0.09145411204144359,7.197134175356208,0.6756817951471074
21163,"Meade County, KY",KY,Very Low,40.903307888040715,0.07954463387999999,0.08295165394,-0.0034070200600000017,Very Low,elastic_net,0.000422308130040449,0.0004759207144814659,-0.0038293281900404507,0.0032455289819356527,7.954463387999999,8.295165394,-0.34070200600000017,0.042230813004044895,0.04759207144814659,-0.3829328190040451,0.32455289819356525
21165,"Menifee County, KY",KY,Very Low,6.202290076335878,0.12089473105000001,0.08295165394,0.037943077110000015,Very Low,elastic_net,0.017184543424227653,0.002840786917634217,0.02075853368577236,0.01798898258168651,12.089473105000001,8.295165394,3.7943077110000014,1.7184543424227654,0.2840786917634217,2.0758533685772362,1.7988982581686508
21167,"Mercer County, KY",KY,Very Low,41.412213740458014,0.09390001841000001,0.08295165394,0.010948364470000013,Very Low,elastic_net,-0.0006369988163852893,0.0006200931535886846,0.011585363286385302,0.0005502713318818362,9.390001841,8.295165394,1.0948364470000014,-0.06369988163852892,0.06200931535886846,1.1585363286385302,0.05502713318818362
21169,"Metcalfe County, KY",KY,Very Low,21.787531806615775,0.06354180229,0.08295165394,-0.01940985164999999,Very Low,elastic_net,0.020102899938076027,0.002850352492683678,-0.03951275158807602,0.022986657707582587,6.354180229000001,8.295165394,-1.940985164999999,2.0102899938076026,0.2850352492683678,-3.9512751588076016,2.2986657707582587
21171,"Monroe County, KY",KY,Very Low,26.653944020356235,0.12143975345,0.08295165394,0.03848809951,Very Low,elastic_net,0.02178715775140405,0.0004151922714452464,0.016700941758595947,0.02282486253295429,12.143975345,8.295165394,3.848809951,2.178715775140405,0.04151922714452464,1.6700941758595946,2.282486253295429
21173,"Montgomery County, KY",KY,Very Low,34.31933842239186,0.07818622219499999,0.08295165394,-0.004765431745000007,Very Low,elastic_net,0.005842649635871041,0.0019396131728410925,-0.010608081380871048,0.008636411666762543,7.818622219499999,8.295165394,-0.47654317450000067,0.5842649635871041,0.19396131728410926,-1.0608081380871048,0.8636411666762542
21175,"Morgan County, KY",KY,Very Low,22.07379134860051,0.1263443732,0.08295165394,0.043392719260000004,Very Low,elastic_net,0.0171444765410137,0.00421309747864739,0.026248242718986303,0.024433792352995195,12.63443732,8.295165394,4.339271926,1.7144476541013702,0.42130974786473896,2.62482427189863,2.4433792352995196
21181,"Nicholas County, KY",KY,Very Low,18.98854961832061,0.1060263266,0.08295165394,0.023074672660000003,Very Low,elastic_net,0.010440336726991491,0.0023159493868766313,0.012634335933008512,0.01099134429684689,10.60263266,8.295165394,2.307467266,1.044033672699149,0.23159493868766312,1.2634335933008511,1.099134429684689
21187,"Owen County, KY",KY,Very Low,15.203562340966922,0.04753528548,0.08295165394,-0.03541636845999999,Very Low,elastic_net,0.00783890383669434,0.0009013058992653585,-0.04325527229669433,0.007603283875216238,4.753528548,8.295165394,-3.5416368459999994,0.783890383669434,0.09013058992653585,-4.325527229669433,0.7603283875216238
21191,"Pendleton County, KY",KY,Very Low,29.898218829516537,0.1466433015,0.08295165394,0.06369164756,Very Low,elastic_net,0.002044033221083139,0.0008492280623926856,0.061647614338916856,0.004112795642648296,14.66433015,8.295165394,6.369164755999999,0.2044033221083139,0.08492280623926855,6.164761433891686,0.41127956426482964
21197,"Powell County, KY",KY,Very Low,31.202290076335874,0.1102578444,0.08295165394,0.027306190460000004,Very Low,elastic_net,0.007022875468893052,0.0022430796200015937,0.020283314991106954,0.00692365902228081,11.02578444,8.295165394,2.7306190460000006,0.7022875468893052,0.22430796200015937,2.0283314991106955,0.692365902228081
21203,"Rockcastle County, KY",KY,Very Low,36.1323155216285,0.10270895565,0.08295165394,0.019757301710000008,Very Low,elastic_net,0.014365061876860312,0.003891056416577856,0.005392239833139696,0.015633536331991774,10.270895565,8.295165394,1.9757301710000008,1.4365061876860312,0.3891056416577856,0.5392239833139696,1.5633536331991775
21207,"Russell County, KY",KY,Very Low,31.87022900763359,0.10187525224999999,0.08295165394,0.018923598309999998,Very Low,elastic_net,0.012236905924625554,0.00162379935985401,0.0066866923853744435,0.011572798500866437,10.187525225,8.295165394,1.8923598309999998,1.2236905924625554,0.162379935985401,0.6686692385374443,1.1572798500866437
21213,"Simpson County, KY",KY,Very Low,27.003816793893133,0.1050940387,0.08295165394,0.02214238476000001,Very Low,elastic_net,0.009622628007301782,0.002415355161677695,0.012519756752698227,0.010458933838774978,10.50940387,8.295165394,2.2142384760000007,0.9622628007301782,0.24153551616776953,1.2519756752698226,1.0458933838774978
21215,"Spencer County, KY",KY,Very Low,13.326972010178118,0.07600248572,0.08295165394,-0.006949168219999996,Very Low,elastic_net,-0.0036636135753846783,0.0026847063025129997,-0.0032855546446153177,-0.005421060470586421,7.600248572,8.295165394,-0.6949168219999996,-0.3663613575384678,0.26847063025129997,-0.3285554644615318,-0.5421060470586421
21217,"Taylor County, KY",KY,Very Low,38.708651399491096,0.1164432937,0.08295165394,0.03349163976000001,Very Low,elastic_net,0.003429958052273377,0.0016055346788230705,0.030061681707726634,0.0034374540568252896,11.644329370000001,8.295165394,3.349163976000001,0.3429958052273377,0.16055346788230704,3.0061681707726633,0.343745405682529
21219,"Todd County, KY",KY,Very Low,28.56234096692112,0.09059655597499999,0.08295165394,0.007644902034999998,Very Low,elastic_net,0.006634879938298098,0.0005073178789482953,0.0010100220967019001,0.007037744680582156,9.059655597499999,8.295165394,0.7644902034999999,0.6634879938298098,0.05073178789482953,0.10100220967019001,0.7037744680582156
21223,"Trimble County, KY",KY,Very Low,11.895674300254452,0.075355212435,0.08295165394,-0.007596441504999996,Very Low,elastic_net,-0.0025802497255112597,0.002862867343399353,-0.005016191779488735,-0.0027003653245299374,7.5355212435,8.295165394,-0.7596441504999996,-0.258024972551126,0.2862867343399353,-0.5016191779488736,-0.27003653245299375
21225,"Union County, KY",KY,Very Low,42.779898218829516,0.068324098455,0.08295165394,-0.014627555484999999,Very Low,elastic_net,0.008840301533775036,0.0005145159137245232,-0.023467857018775035,0.010195062788979466,6.8324098455,8.295165394,-1.4627555485,0.8840301533775037,0.051451591372452324,-2.3467857018775033,1.0195062788979465
21229,"Washington County, KY",KY,Very Low,16.730279898218832,0.02157184537,0.08295165394,-0.06137980857,Very Low,elastic_net,0.006739289653259509,0.0014972303768856258,-0.06811909822325951,0.005996210305953246,2.157184537,8.295165394,-6.137980857,0.6739289653259509,0.14972303768856257,-6.811909822325951,0.5996210305953247
21233,"Webster County, KY",KY,Very Low,29.230279898218832,0.1362358282,0.08295165394,0.05328417426,Very Low,elastic_net,0.01703669267252961,0.004745773950984128,0.03624748158747039,0.019093375458926445,13.62358282,8.295165394,5.328417426,1.7036692672529612,0.47457739509841285,3.624748158747039,1.9093375458926445
21239,"Woodford County, KY",KY,Very Low,40.012722646310436,0.06982458842,0.08295165394,-0.013127065519999995,Very Low,elastic_net,-0.00925477292078599,0.0025126105042730424,-0.003872292599214004,-0.009969276312858473,6.982458842,8.295165394,-1.3127065519999994,-0.9254772920785991,0.25126105042730423,-0.38722925992140045,-0.9969276312858473
22021,"Caldwell Parish, LA",LA,Very Low,10.49618320610687,0.09668508888,0.08295165394,0.013733434940000011,Very Low,elastic_net,0.0016295594261520857,0.0017373786023118728,0.012103875513847926,0.005313402121107732,9.668508888,8.295165394,1.373343494000001,0.16295594261520857,0.17373786023118729,1.2103875513847926,0.5313402121107732
22023,"Cameron Parish, LA",LA,Very Low,33.651399491094146,0.070073603815,0.08295165394,-0.012878050124999998,Very Low,elastic_net,-0.018530922531264777,0.004754816372481118,0.0056528724062647785,-0.022829709555058395,7.0073603815,8.295165394,-1.2878050124999998,-1.8530922531264777,0.4754816372481118,0.5652872406264778,-2.2829709555058395
22025,"Catahoula Parish, LA",LA,Very Low,17.016539440203562,0.2147150538,0.08295165394,0.13176339986000002,Very Low,elastic_net,0.005205766986528138,0.004045522803544274,0.12655763287347188,0.006970485873008271,21.47150538,8.295165394,13.176339986000002,0.5205766986528139,0.40455228035442736,12.655763287347188,0.6970485873008271
22027,"Claiborne Parish, LA",LA,Very Low,41.73027989821883,0.1818092524,0.08295165394,0.09885759846000002,Very Low,elastic_net,0.01330922493318077,0.0024714493915181453,0.08554837352681924,0.02474086028892775,18.18092524,8.295165394,9.885759846000001,1.330922493318077,0.24714493915181454,8.554837352681924,2.474086028892775
22029,"Concordia Parish, LA",LA,Very Low,31.552162849872772,0.1290856447,0.08295165394,0.04613399076000001,Very Low,elastic_net,0.011834804743246725,0.0019393091682693134,0.03429918601675328,0.011195304394958744,12.90856447,8.295165394,4.613399076,1.1834804743246725,0.19393091682693134,3.429918601675328,1.1195304394958745
22041,"Franklin Parish, LA",LA,Very Low,35.909669211195926,0.1049964104,0.08295165394,0.02204475646000001,Very Low,elastic_net,0.0009636135549615766,0.006168002250496916,0.021081142905038434,0.0032242618927033418,10.49964104,8.295165394,2.204475646000001,0.09636135549615765,0.6168002250496917,2.1081142905038432,0.3224261892703342
22043,"Grant Parish, LA",LA,Very Low,29.611959287531807,0.044536474185,0.08295165394,-0.038415179754999994,Very Low,elastic_net,0.013347138563862949,0.013113972480933983,-0.051762318318862945,0.012873898365740445,4.4536474185,8.295165394,-3.8415179754999995,1.3347138563862948,1.3113972480933984,-5.1762318318862945,1.2873898365740444
22049,"Jackson Parish, LA",LA,Very Low,26.176844783715016,0.066107277885,0.08295165394,-0.016844376055,Very Low,elastic_net,0.014553054217601375,0.005330284046688952,-0.031397430272601376,0.012719547401609655,6.610727788499999,8.295165394,-1.6844376054999999,1.4553054217601376,0.5330284046688952,-3.1397430272601374,1.2719547401609654
22059,"La Salle Parish, LA",LA,Very Low,12.150127226463106,0.08120615017,0.08295165394,-0.0017455037699999898,Very Low,elastic_net,0.014496999619089517,0.004712668744606919,-0.01624250338908951,0.010875857669667022,8.120615017,8.295165394,-0.17455037699999898,1.4496999619089517,0.47126687446069193,-1.6242503389089509,1.0875857669667022
22083,"Richland Parish, LA",LA,Very Low,36.67302798982188,0.018582733075,0.08295165394,-0.064368920865,Very Low,elastic_net,0.00430128842035853,0.001854704141427564,-0.06867020928535852,-0.0006621768400495852,1.8582733075,8.295165394,-6.436892086499999,0.43012884203585294,0.18547041414275642,-6.867020928535853,-0.06621768400495852
22091,"St. Helena Parish, LA",LA,Very Low,36.291348600508904,0.06822074702,0.08295165394,-0.014730906919999995,Very Low,elastic_net,0.003504523719677357,0.004298506595159322,-0.018235430639677353,-0.0004794829342634631,6.822074702,8.295165394,-1.4730906919999995,0.3504523719677357,0.42985065951593215,-1.8235430639677352,-0.04794829342634631
22121,"West Baton Rouge Parish, LA",LA,Very Low,31.838422391857506,0.053874525015,0.08295165394,-0.029077128924999994,Very Low,elastic_net,-0.008905794242441001,0.002701318578640164,-0.020171334682558995,-0.011224596467189124,5.3874525015,8.295165394,-2.9077128924999993,-0.8905794242441001,0.2701318578640164,-2.0171334682558992,-1.1224596467189123
22123,"West Carroll Parish, LA",LA,Very Low,15.394402035623408,0.08498766653,0.08295165394,0.002036012590000011,Very Low,elastic_net,0.0062110096854237655,0.004621756876404206,-0.004174997095423755,0.0030821094719260802,8.498766653,8.295165394,0.2036012590000011,0.6211009685423765,0.46217568764042055,-0.4174997095423755,0.308210947192608
22125,"West Feliciana Parish, LA",LA,Very Low,34.73282442748092,0.06889126756,0.08295165394,-0.014060386379999998,Very Low,elastic_net,-0.008628161904431393,0.0026776119209977302,-0.005432224475568605,-0.01070202661619679,6.889126756,8.295165394,-1.4060386379999998,-0.8628161904431393,0.267761192099773,-0.5432224475568604,-1.070202661619679
22127,"Winn Parish, LA",LA,Very Low,29.548346055979646,0.0752,0.08295165394,-0.007751653939999992,Very Low,elastic_net,0.012974455254380865,0.0028333184234067806,-0.020726109194380858,0.017694689477120627,7.5200000000000005,8.295165394,-0.7751653939999992,1.2974455254380866,0.28333184234067804,-2.0726109194380857,1.7694689477120626
23013,"Knox County, ME",ME,Very Low,28.5941475826972,0.079581119955,0.08295165394,-0.0033705339849999932,Very Low,elastic_net,-0.0008833464811020773,0.001653047938332854,-0.002487187503897916,0.00015982485656355102,7.9581119955,8.295165394,-0.3370533984999993,-0.08833464811020772,0.16530479383328542,-0.2487187503897916,0.015982485656355103
23015,"Lincoln County, ME",ME,Very Low,31.806615776081426,0.091454364375,0.08295165394,0.008502710435000005,Very Low,elastic_net,-0.00025362122813997397,0.001728445119526936,0.00875633166313998,0.00046042750712631795,9.1454364375,8.295165394,0.8502710435000005,-0.025362122813997398,0.1728445119526936,0.875633166313998,0.046042750712631794
23023,"Sagadahoc County, ME",ME,Very Low,23.346055979643765,0.093358046015,0.08295165394,0.010406392075000007,Very Low,elastic_net,-0.002181736848227426,0.0032557080966162237,0.012588128923227433,0.0001055198978393609,9.3358046015,8.295165394,1.0406392075000006,-0.21817368482274258,0.3255708096616224,1.2588128923227433,0.01055198978393609
23027,"Waldo County, ME",ME,Very Low,40.61704834605598,0.084499393865,0.08295165394,0.0015477399249999996,Very Low,elastic_net,0.0024999798932607863,0.0011907549381596995,-0.0009522399682607868,0.003820286225304597,8.449939386499999,8.295165394,0.15477399249999996,0.24999798932607864,0.11907549381596995,-0.09522399682607868,0.3820286225304597
24009,"Calvert County, MD",MD,Very Low,28.912213740458014,0.037868950665,0.08295165394,-0.045082703275,Very Low,elastic_net,-0.028795547773789874,0.004650301726486477,-0.016287155501210123,-0.032582032180752306,3.7868950664999996,8.295165394,-4.5082703275,-2.8795547773789876,0.46503017264864766,-1.6287155501210122,-3.2582032180752307
24023,"Garrett County, MD",MD,Very Low,15.998727735368956,0.067147524245,0.08295165394,-0.015804129694999988,Very Low,elastic_net,-0.003298099238254222,0.002944828387978297,-0.012506030456745766,-0.004316366040984817,6.7147524245,8.295165394,-1.5804129694999989,-0.3298099238254222,0.2944828387978297,-1.2506030456745765,-0.43163660409848176
24029,"Kent County, MD",MD,Very Low,27.512722646310433,0.06628312416,0.08295165394,-0.016668529779999997,Very Low,elastic_net,-0.008071114587933562,0.003006995758617764,-0.008597415192066435,-0.008326971688564371,6.628312416,8.295165394,-1.6668529779999997,-0.8071114587933562,0.30069957586177637,-0.8597415192066434,-0.8326971688564371
24035,"Queen Anne's County, MD",MD,Very Low,35.6234096692112,0.055337142199999995,0.08295165394,-0.02761451174,Very Low,elastic_net,-0.014516351604209998,0.0045622582051601515,-0.013098160135790002,-0.014497628268026187,5.533714219999999,8.295165394,-2.761451174,-1.4516351604209998,0.4562258205160151,-1.3098160135790002,-1.4497628268026186
24037,"St. Mary's County, MD",MD,Very Low,42.55725190839695,0.046773285445,0.08295165394,-0.036178368494999995,Very Low,elastic_net,-0.024868929804497453,0.002318349648430968,-0.011309438690502542,-0.028951634029748152,4.6773285445,8.295165394,-3.6178368494999993,-2.4868929804497455,0.23183496484309682,-1.1309438690502542,-2.8951634029748154
24041,"Talbot County, MD",MD,Very Low,42.36641221374045,0.08006517728000001,0.08295165394,-0.002886476659999984,Very Low,elastic_net,-0.010240616201753362,0.003708631967041463,0.007354139541753377,-0.009534039144058558,8.006517728,8.295165394,-0.2886476659999984,-1.024061620175336,0.3708631967041463,0.7354139541753377,-0.9534039144058558
25007,"Dukes County, MA",MA,Very Low,16.793893129770993,0.09180162877,0.08295165394,0.00884997483000001,Very Low,elastic_net,-0.0038074721655542514,0.004856223880675687,0.012657446995554262,-0.0021789482622313087,9.180162877,8.295165394,0.8849974830000009,-0.38074721655542515,0.4856223880675687,1.2657446995554262,-0.21789482622313086
25019,"Nantucket County, MA",MA,Very Low,38.67684478371501,0.1128391723,0.08295165394,0.029887518360000004,Very Low,elastic_net,-0.012447939382923693,0.002899633083361301,0.042335457742923695,-0.009143532941612824,11.28391723,8.295165394,2.9887518360000005,-1.2447939382923692,0.2899633083361301,4.233545774292369,-0.9143532941612823
26001,"Alcona County, MI",MI,Very Low,17.748091603053435,0.054567409545,0.08295165394,-0.028384244394999994,Very Low,elastic_net,0.00892725928286218,0.0021981770534325214,-0.03731150367786217,0.005059877544075058,5.4567409545,8.295165394,-2.8384244394999993,0.892725928286218,0.21981770534325212,-3.731150367786217,0.5059877544075059
26003,"Alger County, MI",MI,Very Low,9.60559796437659,0.076799290125,0.08295165394,-0.006152363814999992,Very Low,elastic_net,0.0031030657087998217,0.0010835792389348045,-0.009255429523799813,0.0023297963860257013,7.679929012500001,8.295165394,-0.6152363814999993,0.31030657087998215,0.10835792389348045,-0.9255429523799813,0.23297963860257012
26007,"Alpena County, MI",MI,Very Low,28.33969465648855,0.10720160545,0.08295165394,0.024249951510000006,Very Low,elastic_net,0.0009814399203504395,0.0028256115474564847,0.023268511589649567,0.000939894761665673,10.720160545,8.295165394,2.4249951510000005,0.09814399203504395,0.28256115474564847,2.3268511589649568,0.09398947616656729
26009,"Antrim County, MI",MI,Very Low,25.763358778625957,0.097963791855,0.08295165394,0.015012137915000001,Very Low,elastic_net,0.005015376695374847,0.001738527537271397,0.009996761219625155,0.005545631463877975,9.7963791855,8.295165394,1.5012137915000001,0.5015376695374847,0.1738527537271397,0.9996761219625154,0.5545631463877975
26011,"Arenac County, MI",MI,Very Low,20.32442748091603,0.09981384517,0.08295165394,0.016862191230000004,Very Low,elastic_net,0.002342777207691948,0.0035621890948098686,0.014519414022308056,0.004395373355566166,9.981384517,8.295165394,1.6862191230000003,0.2342777207691948,0.3562189094809869,1.4519414022308057,0.4395373355566166
26013,"Baraga County, MI",MI,Very Low,10.655216284987278,0.1161131228,0.08295165394,0.03316146886,Very Low,elastic_net,0.002489409148514746,0.001797692000874967,0.030672059711485254,0.004602712839930605,11.61131228,8.295165394,3.3161468860000003,0.24894091485147457,0.1797692000874967,3.0672059711485256,0.4602712839930605
26019,"Benzie County, MI",MI,Very Low,22.709923664122137,0.087877349075,0.08295165394,0.004925695135000005,Very Low,elastic_net,0.004968476364074066,0.0007051955076604272,-4.278122907406135e-05,0.005002304590360659,8.787734907499999,8.295165394,0.4925695135000005,0.49684763640740665,0.07051955076604272,-0.004278122907406135,0.5002304590360659
26029,"Charlevoix County, MI",MI,Very Low,22.328244274809162,0.2294167883,0.08295165394,0.14646513436000003,Very Low,elastic_net,-0.005923055698816719,0.0036289682030473274,0.15238819005881674,-0.0024935685853113114,22.94167883,8.295165394,14.646513436000003,-0.5923055698816719,0.36289682030473275,15.238819005881673,-0.24935685853113115
26033,"Chippewa County, MI",MI,Very Low,26.304071246819337,0.080480174555,0.08295165394,-0.002471479384999989,Very Low,elastic_net,0.00022326534538380155,0.0016048105638593467,-0.0026947447303837906,0.0009274932969920241,8.0480174555,8.295165394,-0.2471479384999989,0.022326534538380155,0.16048105638593468,-0.26947447303837907,0.09274932969920241
26039,"Crawford County, MI",MI,Very Low,18.03435114503817,0.1149088123,0.08295165394,0.03195715836,Very Low,elastic_net,0.008317343866554569,0.001218835993681681,0.023639814493445432,0.008499868564289184,11.49088123,8.295165394,3.195715836,0.831734386655457,0.12188359936816809,2.3639814493445432,0.8499868564289184
26047,"Emmet County, MI",MI,Very Low,38.13613231552163,0.1107722099,0.08295165394,0.027820555960000007,Very Low,elastic_net,0.0004055751388102698,0.0013157547979614388,0.027414980821189736,0.0019598275705143553,11.07722099,8.295165394,2.7820555960000006,0.04055751388102698,0.13157547979614387,2.741498082118974,0.19598275705143553
26051,"Gladwin County, MI",MI,Very Low,40.26717557251908,0.08787955754,0.08295165394,0.004927903600000005,Very Low,elastic_net,0.007841665938496873,0.001241093255802033,-0.002913762338496868,0.008647768955509094,8.787955754,8.295165394,0.49279036000000054,0.7841665938496873,0.1241093255802033,-0.2913762338496868,0.8647768955509094
26053,"Gogebic County, MI",MI,Very Low,25.604325699745544,0.1431249329,0.08295165394,0.06017327896000001,Very Low,elastic_net,0.0008287720573690096,0.00040321971361919175,0.059344506902630996,0.001462574337020103,14.31249329,8.295165394,6.017327896,0.08287720573690095,0.04032197136191917,5.9344506902631,0.1462574337020103
26061,"Houghton County, MI",MI,Very Low,24.30025445292621,0.11188662515,0.08295165394,0.028934971210000007,Very Low,elastic_net,-4.62750583592779e-06,0.0021866164980339827,0.028939598715835936,0.002179320133938517,11.188662515,8.295165394,2.8934971210000007,-0.00046275058359277903,0.21866164980339828,2.8939598715835935,0.2179320133938517
26069,"Iosco County, MI",MI,Very Low,37.75445292620866,0.07471216369,0.08295165394,-0.008239490249999995,Very Low,elastic_net,0.004969947007748474,0.0017804626801938383,-0.01320943725774847,0.00310817547693637,7.471216369,8.295165394,-0.8239490249999994,0.4969947007748474,0.17804626801938384,-1.3209437257748469,0.310817547693637
26079,"Kalkaska County, MI",MI,Very Low,21.278625954198475,0.095372323185,0.08295165394,0.012420669245000002,Very Low,elastic_net,0.008681106214121147,0.0007153220960094057,0.0037395630308788546,0.01127987439295857,9.5372323185,8.295165394,1.2420669245000002,0.8681106214121147,0.07153220960094057,0.37395630308788547,1.127987439295857
26083,"Keweenaw County, MI",MI,Very Low,0.66793893129771,0.095133219245,0.08295165394,0.012181565305000003,Very Low,elastic_net,0.006816102194138814,0.003739387315890335,0.005365463110861189,0.005903965551025364,9.5133219245,8.295165394,1.2181565305000004,0.6816102194138813,0.3739387315890335,0.5365463110861189,0.5903965551025364
26085,"Lake County, MI",MI,Very Low,22.041984732824428,0.1084940562,0.08295165394,0.02554240226,Very Low,elastic_net,0.02076441647867714,0.003322902526914371,0.004777985781322859,0.019972071279497166,10.849405619999999,8.295165394,2.554240226,2.076441647867714,0.3322902526914371,0.4777985781322859,1.9972071279497166
26095,"Luce County, MI",MI,Very Low,2.576335877862595,0.064700630555,0.08295165394,-0.018251023384999995,Very Low,elastic_net,0.006615685949353711,0.0017695000856753178,-0.024866709334353705,0.004038921846729389,6.4700630555,8.295165394,-1.8251023384999996,0.6615685949353711,0.1769500085675318,-2.4866709334353705,0.40389218467293886
26097,"Mackinac County, MI",MI,Very Low,9.096692111959287,0.07748030544000001,0.08295165394,-0.005471348499999987,Very Low,elastic_net,0.007104927504756387,0.004313786927118904,-0.012576276004756373,0.0035366807174882072,7.748030544000001,8.295165394,-0.5471348499999986,0.7104927504756388,0.43137869271189044,-1.2576276004756373,0.3536680717488207
26101,"Manistee County, MI",MI,Very Low,37.213740458015266,0.10725866179999999,0.08295165394,0.024307007859999993,Very Low,elastic_net,0.0028556653451145427,0.002824067888730151,0.021451342514885452,0.0040686182306747575,10.725866179999999,8.295165394,2.430700785999999,0.28556653451145425,0.2824067888730151,2.145134251488545,0.40686182306747576
26105,"Mason County, MI",MI,Very Low,25.349872773536898,0.11231146625,0.08295165394,0.02935981231000001,Very Low,elastic_net,4.0925073410568814e-05,0.001628582160655725,0.02931888723658944,-0.00014606387312839672,11.231146625000001,8.295165394,2.9359812310000013,0.004092507341056881,0.1628582160655725,2.931888723658944,-0.014606387312839673
26113,"Missaukee County, MI",MI,Very Low,11.100508905852417,0.11249123035,0.08295165394,0.029539576410000004,Very Low,elastic_net,0.006371326811776614,0.0016125413577667306,0.02316824959822339,0.008978163912283269,11.249123035,8.295165394,2.9539576410000006,0.6371326811776614,0.16125413577667305,2.316824959822339,0.8978163912283269
26119,"Montmorency County, MI",MI,Very Low,15.871501272264632,0.091750485615,0.08295165394,0.008798831675000007,Very Low,elastic_net,0.013154644421508287,0.004724898570883127,-0.004355812746508279,0.011800042214535194,9.1750485615,8.295165394,0.8798831675000007,1.3154644421508286,0.4724898570883127,-0.43558127465082797,1.1800042214535194
26127,"Oceana County, MI",MI,Very Low,33.71501272264631,0.07988227344000001,0.08295165394,-0.0030693804999999824,Very Low,elastic_net,0.0020015959585728917,0.0014756671634414806,-0.005070976458572874,0.002461415602881883,7.988227344000001,8.295165394,-0.30693804999999824,0.20015959585728918,0.14756671634414806,-0.5070976458572873,0.24614156028818832
26129,"Ogemaw County, MI",MI,Very Low,36.959287531806616,0.1073016359,0.08295165394,0.024349981960000003,Very Low,elastic_net,0.010669751367746243,0.0045970375926324,0.01368023059225376,0.010418257113857476,10.73016359,8.295165394,2.4349981960000004,1.0669751367746243,0.45970375926324,1.368023059225376,1.0418257113857476
26131,"Ontonagon County, MI",MI,Very Low,4.198473282442748,0.069052592005,0.08295165394,-0.013899061934999998,Very Low,elastic_net,0.006359595243302411,0.002424687359863694,-0.02025865717830241,0.004019707279969382,6.9052592005,8.295165394,-1.3899061934999999,0.6359595243302412,0.2424687359863694,-2.025865717830241,0.40197072799693817
26133,"Osceola County, MI",MI,Very Low,23.918575063613233,0.12586525385,0.08295165394,0.04291359991,Very Low,elastic_net,0.0052033309163119984,0.0016115560812581938,0.037710268993688005,0.008262651781541992,12.586525385,8.295165394,4.291359991,0.5203330916311999,0.1611556081258194,3.7710268993688003,0.8262651781541992
26135,"Oscoda County, MI",MI,Very Low,15.139949109414758,0.12694765149999998,0.08295165394,0.043995997559999986,Very Low,elastic_net,0.012041601293353696,0.003182632473123241,0.03195439626664629,0.012722942370164992,12.694765149999998,8.295165394,4.399599755999999,1.2041601293353696,0.3182632473123241,3.195439626664629,1.2722942370164991
26137,"Otsego County, MI",MI,Very Low,18.416030534351144,0.100463954995,0.08295165394,0.017512301055,Very Low,elastic_net,0.0007944571989759896,0.003074005916492108,0.016717843856024008,0.0014003093624599331,10.046395499499999,8.295165394,1.7512301055,0.07944571989759897,0.3074005916492108,1.6717843856024008,0.1400309362459933
26141,"Presque Isle County, MI",MI,Very Low,21.755725190839694,0.09207806383,0.08295165394,0.009126409890000006,Very Low,elastic_net,-0.004285151955544126,0.002424930264726285,0.013411561845544132,-0.003443531216943154,9.207806383,8.295165394,0.9126409890000007,-0.4285151955544126,0.2424930264726285,1.341156184554413,-0.3443531216943154
26153,"Schoolcraft County, MI",MI,Very Low,6.743002544529262,0.08660184037,0.08295165394,0.0036501864300000075,Very Low,elastic_net,0.006176501381230398,0.004452199216184775,-0.0025263149512303905,0.002161439124772802,8.660184037,8.295165394,0.36501864300000075,0.6176501381230398,0.44521992161847757,-0.25263149512303906,0.2161439124772802
26165,"Wexford County, MI",MI,Very Low,33.9058524173028,0.1387475145,0.08295165394,0.05579586056000001,Very Low,elastic_net,0.005874370847297999,0.002678265053854958,0.04992148971270201,0.0072965323391675765,13.87475145,8.295165394,5.579586056000001,0.5874370847297999,0.2678265053854958,4.9921489712702005,0.7296532339167576
27005,"Becker County, MN",MN,Very Low,37.404580152671755,0.047482486904999996,0.08295165394,-0.035469167035,Very Low,elastic_net,0.0018006478891077775,0.0009676366971756751,-0.037269814924107775,0.0015630731890657504,4.7482486905,8.295165394,-3.5469167035,0.18006478891077773,0.0967636697175675,-3.7269814924107774,0.15630731890657504
27011,"Big Stone County, MN",MN,Very Low,8.524173027989821,0.09800140448,0.08295165394,0.015049750540000004,Very Low,elastic_net,-0.009926765010215265,0.0026652056598542285,0.024976515550215267,-0.008291064063339976,9.800140448,8.295165394,1.5049750540000004,-0.9926765010215265,0.26652056598542284,2.497651555021527,-0.8291064063339977
27023,"Chippewa County, MN",MN,Very Low,36.9910941475827,0.08050198346500001,0.08295165394,-0.002449670474999985,Very Low,elastic_net,-0.012192205092308145,0.00048348387485032764,0.00974253461730816,-0.013623142301338037,8.0501983465,8.295165394,-0.24496704749999848,-1.2192205092308144,0.048348387485032764,0.9742534617308161,-1.3623142301338038
27029,"Clearwater County, MN",MN,Very Low,4.166666666666666,0.10716824024999999,0.08295165394,0.024216586309999996,Very Low,elastic_net,0.008013627075286241,0.0006790068090675994,0.016202959234713755,0.00994460887017869,10.716824025,8.295165394,2.4216586309999997,0.8013627075286242,0.06790068090675994,1.6202959234713754,0.994460887017869
27031,"Cook County, MN",MN,Very Low,11.227735368956743,0.06172282498000001,0.08295165394,-0.021228828959999987,Very Low,elastic_net,0.005510540732980387,0.0010329345447288496,-0.026739369692980373,0.0038243759989119363,6.172282498,8.295165394,-2.122882895999999,0.5510540732980387,0.10329345447288496,-2.6739369692980373,0.38243759989119364
27033,"Cottonwood County, MN",MN,Very Low,27.70356234096692,0.1085007461,0.08295165394,0.02554909216000001,Very Low,elastic_net,-0.009126721867676501,0.0014585565429331756,0.03467581402767651,-0.009882761263469134,10.85007461,8.295165394,2.554909216000001,-0.91267218676765,0.14585565429331757,3.4675814027676513,-0.9882761263469134
27039,"Dodge County, MN",MN,Very Low,14.217557251908397,0.07822179198000001,0.08295165394,-0.004729861959999984,Very Low,elastic_net,-0.01324534608919873,0.0010937443403060594,0.008515484129198746,-0.015781434958464853,7.822179198000001,8.295165394,-0.4729861959999984,-1.324534608919873,0.10937443403060594,0.8515484129198746,-1.5781434958464853
27051,"Grant County, MN",MN,Very Low,2.989821882951654,0.10396483000000001,0.08295165394,0.021013176060000013,Very Low,elastic_net,0.0016926631842330729,0.0015439712733473234,0.01932051287576694,0.0011456387950476224,10.396483,8.295165394,2.101317606000001,0.16926631842330728,0.15439712733473235,1.932051287576694,0.11456387950476224
27055,"Houston County, MN",MN,Very Low,29.51653944020356,0.0632936959,0.08295165394,-0.019657958039999993,Very Low,elastic_net,-0.009606044299793108,0.0005143123884466888,-0.010051913740206884,-0.009862175259287372,6.329369590000001,8.295165394,-1.9657958039999992,-0.9606044299793108,0.05143123884466888,-1.0051913740206884,-0.9862175259287372
27057,"Hubbard County, MN",MN,Very Low,35.17811704834606,0.062015828849999996,0.08295165394,-0.02093582509,Very Low,elastic_net,0.00274456176943692,0.002029759345317999,-0.02368038685943692,0.002972433452538197,6.201582885,8.295165394,-2.093582509,0.274456176943692,0.2029759345317999,-2.368038685943692,0.2972433452538197
27059,"Isanti County, MN",MN,Very Low,26.908396946564885,0.07882822524,0.08295165394,-0.004123428700000001,Very Low,elastic_net,-0.002196646504000794,0.00173652046452271,-0.001926782195999207,-0.002841632199207242,7.882822524,8.295165394,-0.4123428700000001,-0.21966465040007938,0.173652046452271,-0.1926782195999207,-0.2841632199207242
27063,"Jackson County, MN",MN,Very Low,22.423664122137403,0.09235756439,0.08295165394,0.009405910449999999,Very Low,elastic_net,-0.0050433455729917585,0.0008043224397985662,0.014449256022991758,-0.0034170017668918836,9.235756439,8.295165394,0.9405910449999999,-0.5043345572991759,0.08043224397985661,1.4449256022991759,-0.34170017668918834
27065,"Kanabec County, MN",MN,Very Low,21.310432569974555,0.07938128660999999,0.08295165394,-0.0035703673300000044,Very Low,elastic_net,0.0005698818548035448,0.00046180200232789215,-0.0041402491848035496,0.0010010246374185811,7.938128660999999,8.295165394,-0.35703673300000044,0.05698818548035448,0.046180200232789216,-0.41402491848035494,0.1001024637418581
27071,"Koochiching County, MN",MN,Very Low,31.48854961832061,0.104557816095,0.08295165394,0.02160616215500001,Very Low,elastic_net,-0.003349243135229933,0.003042449635367023,0.024955405290229944,-0.005518508426983976,10.4557816095,8.295165394,2.160616215500001,-0.33492431352299334,0.3042449635367023,2.4955405290229944,-0.5518508426983976
27073,"Lac qui Parle County, MN",MN,Very Low,18.797709923664122,0.1026681448,0.08295165394,0.019716490860000005,Very Low,elastic_net,-0.008285395778056898,0.0018378454515616163,0.028001886638056903,-0.00925929169032726,10.26681448,8.295165394,1.9716490860000004,-0.8285395778056898,0.18378454515616163,2.8001886638056903,-0.925929169032726
27077,"Lake of the Woods County, MN",MN,Very Low,3.530534351145039,0.0679554175,0.08295165394,-0.014996236439999991,Very Low,elastic_net,-0.0028524855307364362,0.004301961871550406,-0.012143750909263555,-0.0002691060643422768,6.79554175,8.295165394,-1.499623643999999,-0.2852485530736436,0.43019618715504054,-1.2143750909263555,-0.02691060643422768
27079,"Le Sueur County, MN",MN,Very Low,22.80534351145038,0.064088903735,0.08295165394,-0.018862750205,Very Low,elastic_net,-0.01360049097415652,0.0013798682700197295,-0.0052622592308434815,-0.014514024194345734,6.408890373499999,8.295165394,-1.8862750205,-1.3600490974156518,0.13798682700197296,-0.5262259230843481,-1.4514024194345734
27081,"Lincoln County, MN",MN,Very Low,18.193384223918574,0.081605498605,0.08295165394,-0.0013461553350000016,Very Low,elastic_net,-0.002323558808289359,0.0014704315484976973,0.0009774034732893573,-0.0033577993054635094,8.1605498605,8.295165394,-0.13461553350000016,-0.23235588082893588,0.14704315484976974,0.09774034732893573,-0.3357799305463509
27087,"Mahnomen County, MN",MN,Very Low,7.124681933842239,0.061755940300000006,0.08295165394,-0.02119571363999999,Very Low,elastic_net,0.016379595128792876,0.005046646718064195,-0.037575308768792864,0.016430972397699303,6.175594030000001,8.295165394,-2.1195713639999987,1.6379595128792876,0.5046646718064195,-3.7575308768792866,1.6430972397699302
27089,"Marshall County, MN",MN,Very Low,23.568702290076335,0.055370090635,0.08295165394,-0.027581563304999994,Very Low,elastic_net,-0.010825281406161841,0.0025737111834422087,-0.016756281898838155,-0.010775919559493323,5.5370090635,8.295165394,-2.7581563304999994,-1.0825281406161842,0.2573711183442209,-1.6756281898838155,-1.0775919559493323
27093,"Meeker County, MN",MN,Very Low,26.97201017811705,0.0836169605,0.08295165394,0.0006653065600000091,Very Low,elastic_net,-0.009386470461639531,0.0013393540678586563,0.01005177702163954,-0.009942259795281303,8.36169605,8.295165394,0.06653065600000091,-0.9386470461639531,0.13393540678586563,1.005177702163954,-0.9942259795281303
27095,"Mille Lacs County, MN",MN,Very Low,28.498727735368956,0.07016384208,0.08295165394,-0.012787811859999998,Very Low,elastic_net,0.0016334843412181763,0.0023950632770688963,-0.014421296201218174,0.002382540967424245,7.016384208,8.295165394,-1.2787811859999998,0.16334843412181763,0.23950632770688962,-1.4421296201218174,0.2382540967424245
27101,"Murray County, MN",MN,Very Low,19.81552162849873,0.06305093881,0.08295165394,-0.019900715129999996,Very Low,elastic_net,-0.011871817765996037,0.0008862216907722298,-0.008028897364003959,-0.014553784726010544,6.3050938809999995,8.295165394,-1.9900715129999997,-1.1871817765996038,0.08862216907722298,-0.802889736400396,-1.4553784726010544
27107,"Norman County, MN",MN,Very Low,14.376590330788805,0.07972443219,0.08295165394,-0.003227221749999995,Very Low,elastic_net,-0.0026241709665701055,0.0030809930092472117,-0.0006030507834298895,-0.003246383343925058,7.972443219,8.295165394,-0.3227221749999995,-0.2624170966570106,0.30809930092472115,-0.06030507834298895,-0.3246383343925058
27117,"Pipestone County, MN",MN,Very Low,14.726463104325699,0.0960503737,0.08295165394,0.013098719760000002,Very Low,elastic_net,-0.0059999087138563984,0.0010546935701075191,0.0190986284738564,-0.005621152542035126,9.60503737,8.295165394,1.3098719760000002,-0.5999908713856399,0.10546935701075191,1.90986284738564,-0.5621152542035126
27121,"Pope County, MN",MN,Very Low,20.5470737913486,0.03184691304,0.08295165394,-0.051104740899999994,Very Low,elastic_net,-0.005656612629489729,0.0009551796935119815,-0.045448128270510264,-0.004482035366936282,3.1846913040000002,8.295165394,-5.110474089999999,-0.5656612629489729,0.09551796935119815,-4.544812827051026,-0.4482035366936282
27125,"Red Lake County, MN",MN,Very Low,2.162849872773537,0.05869356068,0.08295165394,-0.024258093259999995,Very Low,elastic_net,-0.002202606356714117,0.00409939071727946,-0.02205548690328588,-0.0022068171083671597,5.869356068,8.295165394,-2.4258093259999995,-0.22026063567141171,0.409939071727946,-2.205548690328588,-0.22068171083671598
27127,"Redwood County, MN",MN,Very Low,35.05089058524173,0.06188026739500001,0.08295165394,-0.021071386544999987,Very Low,elastic_net,-0.008039429186793646,0.0020808741242051626,-0.013031957358206342,-0.009470529647841447,6.188026739500001,8.295165394,-2.1071386544999986,-0.8039429186793645,0.20808741242051626,-1.303195735820634,-0.9470529647841447
27129,"Renville County, MN",MN,Very Low,38.45419847328244,0.08684334366,0.08295165394,0.003891689720000008,Very Low,elastic_net,-0.013228969419230697,0.002080141892224543,0.017120659139230707,-0.014084619276294306,8.684334366,8.295165394,0.3891689720000008,-1.3228969419230696,0.20801418922245432,1.7120659139230707,-1.4084619276294306
27133,"Rock County, MN",MN,Very Low,9.414758269720101,0.091811421025,0.08295165394,0.008859767085000012,Very Low,elastic_net,-0.009278728923548895,0.0003418762596270292,0.01813849600854891,-0.009181712442772676,9.1811421025,8.295165394,0.8859767085000012,-0.9278728923548896,0.034187625962702924,1.8138496008548908,-0.9181712442772676
27143,"Sibley County, MN",MN,Very Low,22.96437659033079,0.07368316479,0.08295165394,-0.00926848914999999,Very Low,elastic_net,-0.009292132168110683,0.0002631045671683788,2.3643018110693775e-05,-0.01034282380409236,7.368316479000001,8.295165394,-0.926848914999999,-0.9292132168110683,0.026310456716837877,0.0023643018110693775,-1.034282380409236
27147,"Steele County, MN",MN,Very Low,37.150127226463106,0.07234097937,0.08295165394,-0.010610674569999992,Very Low,elastic_net,-0.01390858833734524,0.004413121129304918,0.0032979137673452476,-0.016740038570920785,7.2340979370000005,8.295165394,-1.0610674569999992,-1.390858833734524,0.44131211293049183,0.32979137673452474,-1.6740038570920786
27149,"Stevens County, MN",MN,Very Low,7.029262086513994,0.07155614873499999,0.08295165394,-0.011395505205000003,Very Low,elastic_net,-0.0016249710484184598,0.003211711873216326,-0.009770534156581544,-0.001477721323110901,7.155614873499999,8.295165394,-1.1395505205000003,-0.16249710484184599,0.3211711873216326,-0.9770534156581544,-0.1477721323110901
27151,"Swift County, MN",MN,Very Low,25.06361323155216,0.09033813892,0.08295165394,0.00738648498000001,Very Low,elastic_net,-0.00855782286040663,0.0007758076756576376,0.015944307840406638,-0.010656933650586196,9.033813892000001,8.295165394,0.738648498000001,-0.855782286040663,0.07758076756576376,1.5944307840406637,-1.0656933650586196
27153,"Todd County, MN",MN,Very Low,37.72264631043257,0.05086792417,0.08295165394,-0.03208372976999999,Very Low,elastic_net,-0.005652541168362048,0.001041726720952199,-0.026431188601637946,-0.005721476399618607,5.086792417,8.295165394,-3.2083729769999993,-0.5652541168362047,0.1041726720952199,-2.6431188601637947,-0.5721476399618607
27155,"Traverse County, MN",MN,Very Low,6.170483460559796,0.1809283297,0.08295165394,0.09797667576,Very Low,elastic_net,-0.006490361079606819,0.005216480464982687,0.10446703683960683,-0.005328344378629327,18.09283297,8.295165394,9.797667576,-0.6490361079606819,0.5216480464982687,10.446703683960683,-0.5328344378629327
27159,"Wadena County, MN",MN,Very Low,12.945292620865139,0.099081078675,0.08295165394,0.01612942473500001,Very Low,elastic_net,0.000949866128665784,0.0012397113815629274,0.015179558606334225,0.0007114622045942892,9.9081078675,8.295165394,1.6129424735000009,0.0949866128665784,0.12397113815629274,1.5179558606334225,0.07114622045942892
27161,"Waseca County, MN",MN,Very Low,24.681933842239186,0.06818088924999999,0.08295165394,-0.014770764690000007,Very Low,elastic_net,-0.00840875332868364,0.0022339452439114364,-0.0063620113613163665,-0.011211632659010566,6.818088924999999,8.295165394,-1.4770764690000007,-0.840875332868364,0.22339452439114363,-0.6362011361316366,-1.1211632659010566
27165,"Watonwan County, MN",MN,Very Low,23.886768447837152,0.03974874036,0.08295165394,-0.043202913579999995,Very Low,elastic_net,-0.005200992522365198,0.0011089714474472698,-0.038001921057634794,-0.0075847452197250545,3.974874036,8.295165394,-4.3202913579999995,-0.5200992522365198,0.11089714474472698,-3.8001921057634793,-0.7584745219725054
27167,"Wilkin County, MN",MN,Very Low,5.343511450381679,0.0831966248,0.08295165394,0.0002449708599999989,Very Low,elastic_net,-0.00018105336641209481,0.001183463353664991,0.0004260242264120937,0.0015513593314843252,8.31966248,8.295165394,0.02449708599999989,-0.01810533664120948,0.1183463353664991,0.04260242264120937,0.15513593314843252
27173,"Yellow Medicine County, MN",MN,Very Low,29.961832061068705,0.062474945909999996,0.08295165394,-0.02047670803,Very Low,elastic_net,-0.009226402556416102,0.002203009999900404,-0.011250305473583896,-0.008480320577624486,6.247494591,8.295165394,-2.047670803,-0.9226402556416102,0.22030099999004038,-1.1250305473583897,-0.8480320577624486
28009,"Benton County, MS",MS,Very Low,15.235368956743004,0.09689210470000001,0.08295165394,0.013940450760000014,Very Low,elastic_net,0.01785320854632232,0.003254277309938829,-0.003912757786322305,0.01738403126858238,9.68921047,8.295165394,1.3940450760000014,1.785320854632232,0.3254277309938829,-0.3912757786322305,1.738403126858238
28013,"Calhoun County, MS",MS,Very Low,27.671755725190838,0.097542979395,0.08295165394,0.014591325455000012,Very Low,elastic_net,0.009731007634220351,0.001596965042577974,0.004860317820779661,0.008215482398602035,9.7542979395,8.295165394,1.4591325455000013,0.9731007634220351,0.1596965042577974,0.48603178207796605,0.8215482398602034
28023,"Clarke County, MS",MS,Very Low,36.036895674300254,0.18619531735,0.08295165394,0.10324366341,Very Low,elastic_net,0.006410567831121885,0.002250654215936085,0.09683309557887812,0.006609177581422307,18.619531735,8.295165394,10.324366341000001,0.6410567831121885,0.22506542159360848,9.683309557887812,0.6609177581422307
28037,"Franklin County, MS",MS,Very Low,17.334605597964376,0.006080576096,0.08295165394,-0.07687107784399999,Very Low,elastic_net,0.00774320873725284,0.0008713688324140862,-0.08461428658125283,0.007604610884717844,0.6080576096,8.295165394,-7.687107784399999,0.774320873725284,0.08713688324140861,-8.461428658125284,0.7604610884717844
28041,"Greene County, MS",MS,Very Low,42.17557251908397,0.036794452145,0.08295165394,-0.04615720179499999,Very Low,elastic_net,0.007174655772407254,0.0019305783350687252,-0.05333185756740724,0.007385277984938028,3.6794452145000003,8.295165394,-4.615720179499999,0.7174655772407253,0.19305783350687253,-5.333185756740725,0.7385277984938028
28065,"Jefferson Davis County, MS",MS,Very Low,23.091603053435115,0.09849061557,0.08295165394,0.01553896163,Very Low,elastic_net,0.014710365972671717,0.0015493158158867652,0.0008285956573282835,0.016855592860082945,9.849061556999999,8.295165394,1.553896163,1.4710365972671717,0.1549315815886765,0.08285956573282835,1.6855592860082944
28077,"Lawrence County, MS",MS,Very Low,25.0,0.07880308859,0.08295165394,-0.004148565349999994,Very Low,elastic_net,0.008440303254735994,0.005711730468296088,-0.012588868604735988,0.008311988896946855,7.880308859,8.295165394,-0.4148565349999994,0.8440303254735995,0.5711730468296088,-1.2588868604735988,0.8311988896946855
28137,"Tate County, MS",MS,Very Low,41.221374045801525,0.07584928859000001,0.08295165394,-0.007102365349999987,Very Low,elastic_net,0.0026365983390493606,0.0015689122655622827,-0.009738963689049347,0.0012738861906383765,7.584928859000001,8.295165394,-0.7102365349999986,0.2636598339049361,0.15689122655622828,-0.9738963689049347,0.12738861906383764
28141,"Tishomingo County, MS",MS,Very Low,37.086513994910945,0.09319444444,0.08295165394,0.010242790500000001,Very Low,elastic_net,0.01931951765437583,0.004425645610879229,-0.009076727154375828,0.017820804045328292,9.319444444,8.295165394,1.02427905,1.9319517654375828,0.4425645610879229,-0.9076727154375828,1.7820804045328291
28143,"Tunica County, MS",MS,Very Low,36.25954198473282,0.12471631315000001,0.08295165394,0.04176465921000001,Very Low,elastic_net,-0.016839113614666213,0.005353765868255133,0.05860377282466622,-0.016415729674549014,12.471631315000002,8.295165394,4.176465921000001,-1.6839113614666212,0.5353765868255133,5.860377282466622,-1.6415729674549013
28147,"Walthall County, MS",MS,Very Low,25.540712468193384,0.08276596573,0.08295165394,-0.00018568820999999291,Very Low,elastic_net,0.020758714407686434,0.003932367769377875,-0.020944402617686427,0.0172431238127427,8.276596573,8.295165394,-0.01856882099999929,2.0758714407686436,0.39323677693778747,-2.094440261768643,1.7243123812742698
28161,"Yalobusha County, MS",MS,Very Low,19.529262086513995,0.06363882056,0.08295165394,-0.01931283337999999,Very Low,elastic_net,0.003589107837351273,0.0009080934653142506,-0.022901941217351264,0.0027169969395153346,6.3638820560000005,8.295165394,-1.9312833379999992,0.3589107837351273,0.09080934653142506,-2.2901941217351265,0.2716996939515335
29001,"Adair County, MO",MO,Very Low,28.72137404580153,0.05884016988,0.08295165394,-0.024111484059999994,Very Low,elastic_net,0.002884724409544266,0.0009004144824260447,-0.02699620846954426,0.002929081489665041,5.884016988,8.295165394,-2.4111484059999992,0.2884724409544266,0.09004144824260447,-2.699620846954426,0.29290814896650413
29003,"Andrew County, MO",MO,Very Low,22.137404580152673,0.1100289724,0.08295165394,0.02707731846,Very Low,elastic_net,-0.007545406513387773,0.0007257363175386355,0.034622724973387774,-0.008906883665979321,11.00289724,8.295165394,2.7077318459999997,-0.7545406513387773,0.07257363175386355,3.4622724973387773,-0.8906883665979322
29013,"Bates County, MO",MO,Very Low,30.47073791348601,0.07940845056500001,0.08295165394,-0.003543203374999984,Very Low,elastic_net,0.00342932664110766,0.0015977292930757852,-0.006972530016107644,0.003733388039812034,7.940845056500001,8.295165394,-0.3543203374999984,0.342932664110766,0.15977292930757853,-0.6972530016107644,0.3733388039812034
29017,"Bollinger County, MO",MO,Very Low,26.272264631043257,0.09441446393,0.08295165394,0.011462809990000003,Very Low,elastic_net,0.004972680691171453,0.0006394900919990737,0.00649012929882855,0.004352222270679571,9.441446393,8.295165394,1.1462809990000002,0.4972680691171453,0.06394900919990737,0.6490129298828551,0.4352222270679571
29025,"Caldwell County, MO",MO,Very Low,14.408396946564887,0.1108911285,0.08295165394,0.02793947456000001,Very Low,elastic_net,0.002858893291620127,0.0014164972210916407,0.025080581268379885,0.0020801662318141304,11.089112850000001,8.295165394,2.793947456000001,0.2858893291620127,0.14164972210916407,2.5080581268379887,0.20801662318141304
29033,"Carroll County, MO",MO,Very Low,32.60178117048346,0.07531914698,0.08295165394,-0.007632506959999993,Very Low,elastic_net,0.0017126802316901827,0.0005021811503329228,-0.009345187191690175,0.0011029174086731367,7.5319146980000005,8.295165394,-0.7632506959999994,0.17126802316901826,0.050218115033292286,-0.9345187191690175,0.11029174086731366
29039,"Cedar County, MO",MO,Very Low,26.049618320610683,0.10241702720000001,0.08295165394,0.019465373260000016,Very Low,elastic_net,0.011680706963683563,0.0036840143751525746,0.007784666296316453,0.01157093272595178,10.241702720000001,8.295165394,1.9465373260000016,1.1680706963683563,0.36840143751525745,0.7784666296316454,1.1570932725951781
29053,"Cooper County, MO",MO,Very Low,20.388040712468193,0.09110059836,0.08295165394,0.008148944420000012,Very Low,elastic_net,-0.003592848948836564,0.0019294926468283586,0.011741793368836576,-0.003780122916326221,9.110059836000001,8.295165394,0.8148944420000013,-0.3592848948836564,0.19294926468283585,1.1741793368836577,-0.3780122916326221
29057,"Dade County, MO",MO,Very Low,23.282442748091604,0.07475228580000001,0.08295165394,-0.008199368139999982,Very Low,elastic_net,0.010277648661561063,0.00166080440211309,-0.018477016801561046,0.006609285894452093,7.475228580000001,8.295165394,-0.8199368139999983,1.0277648661561063,0.16608044021130902,-1.8477016801561046,0.6609285894452093
29059,"Dallas County, MO",MO,Very Low,41.69847328244275,0.11431840135,0.08295165394,0.03136674741000001,Very Low,elastic_net,0.008430632943672913,0.0023173748013693724,0.022936114466327095,0.009989759156877127,11.431840135,8.295165394,3.1366747410000007,0.8430632943672913,0.23173748013693724,2.2936114466327098,0.9989759156877127
29061,"Daviess County, MO",MO,Very Low,30.05725190839695,0.15021243369999998,0.08295165394,0.06726077975999999,Very Low,elastic_net,0.0064895241067197545,0.0011178168786861878,0.06077125565328023,0.00572875762685981,15.021243369999999,8.295165394,6.726077975999998,0.6489524106719755,0.11178168786861878,6.077125565328023,0.572875762685981
29063,"DeKalb County, MO",MO,Very Low,16.030534351145036,0.1110636569,0.08295165394,0.028112002960000007,Very Low,elastic_net,-0.01359457850415449,0.004288554521903348,0.0417065814641545,-0.015531868379160093,11.10636569,8.295165394,2.811200296000001,-1.359457850415449,0.4288554521903348,4.17065814641545,-1.5531868379160092
29067,"Douglas County, MO",MO,Very Low,23.695928753180663,0.06890036572,0.08295165394,-0.01405128822,Very Low,elastic_net,0.010038521031360615,0.0010508699014038587,-0.024089809251360617,0.010242003766538329,6.890036572,8.295165394,-1.405128822,1.0038521031360614,0.10508699014038587,-2.4089809251360617,1.0242003766538328
29073,"Gasconade County, MO",MO,Very Low,31.96564885496183,0.05517139269,0.08295165394,-0.027780261249999993,Very Low,elastic_net,-0.0026874358647756727,0.0019418065827732736,-0.02509282538522432,-0.003819828813102435,5.517139269,8.295165394,-2.7780261249999993,-0.26874358647756724,0.19418065827732736,-2.509282538522432,-0.3819828813102435
29075,"Gentry County, MO",MO,Very Low,28.848600508905854,0.075533984035,0.08295165394,-0.007417669904999993,Very Low,elastic_net,0.004559278405885156,0.0001967144374768977,-0.011976948310885149,0.006025721991377867,7.5533984035,8.295165394,-0.7417669904999993,0.4559278405885156,0.01967144374768977,-1.197694831088515,0.6025721991377867
29079,"Grundy County, MO",MO,Very Low,27.86259541984733,0.1131164992,0.08295165394,0.030164845260000003,Very Low,elastic_net,0.0033467007144073854,0.0020939025586234716,0.02681814454559262,0.004196362940875036,11.31164992,8.295165394,3.016484526,0.33467007144073857,0.20939025586234716,2.681814454559262,0.41963629408750364
29085,"Hickory County, MO",MO,Very Low,23.473282442748094,0.11872657205,0.08295165394,0.03577491811000001,Very Low,elastic_net,0.020531642681486127,0.005928456692477009,0.015243275428513885,0.019651613052366523,11.872657205000001,8.295165394,3.577491811000001,2.053164268148613,0.5928456692477009,1.5243275428513885,1.9651613052366523
29087,"Holt County, MO",MO,Very Low,15.680661577608143,0.1062966713,0.08295165394,0.02334501736000001,Very Low,elastic_net,0.008691598818856706,0.004644256972657901,0.014653418541143305,0.007854378168602578,10.629667130000001,8.295165394,2.3345017360000013,0.8691598818856706,0.4644256972657901,1.4653418541143306,0.7854378168602578
29089,"Howard County, MO",MO,Very Low,13.804071246819339,0.121324402,0.08295165394,0.03837274806,Very Low,elastic_net,-0.0018603335717333972,0.000862383574600767,0.0402330816317334,-0.003431918427728984,12.1324402,8.295165394,3.8372748060000004,-0.18603335717333971,0.0862383574600767,4.02330816317334,-0.34319184277289844
29103,"Knox County, MO",MO,Very Low,21.024173027989825,0.19443636905,0.08295165394,0.11148471511000001,Very Low,elastic_net,0.0027637593907593756,0.003795781409053252,0.10872095571924063,0.003980667916981836,19.443636905,8.295165394,11.148471511,0.27637593907593755,0.3795781409053252,10.872095571924064,0.3980667916981836
29111,"Lewis County, MO",MO,Very Low,27.385496183206108,0.07643187813,0.08295165394,-0.006519775809999989,Very Low,elastic_net,0.008837126219281533,0.0006363235419347074,-0.015356902029281522,0.010392285466916017,7.643187813000001,8.295165394,-0.6519775809999989,0.8837126219281533,0.06363235419347074,-1.5356902029281523,1.0392285466916018
29115,"Linn County, MO",MO,Very Low,31.234096692111958,0.08423057118499999,0.08295165394,0.001278917244999997,Very Low,elastic_net,0.0032935268103981507,0.0010379010520829898,-0.0020146095653981537,0.0015627837938872184,8.4230571185,8.295165394,0.1278917244999997,0.3293526810398151,0.10379010520829898,-0.20146095653981538,0.15627837938872186
29117,"Livingston County, MO",MO,Very Low,23.02798982188295,0.099022548475,0.08295165394,0.016070894535000005,Very Low,elastic_net,-0.005984899516339973,0.0022197034547552915,0.022055794051339978,-0.007262708971483197,9.9022548475,8.295165394,1.6070894535000004,-0.5984899516339972,0.22197034547552916,2.2055794051339976,-0.7262708971483197
29121,"Macon County, MO",MO,Very Low,36.76844783715013,0.034746881485,0.08295165394,-0.048204772454999996,Very Low,elastic_net,-0.004204467253353537,0.0037517902121246534,-0.04400030520164646,-0.006790697809250923,3.4746881485,8.295165394,-4.820477245499999,-0.4204467253353537,0.3751790212124653,-4.400030520164646,-0.6790697809250923
29125,"Maries County, MO",MO,Very Low,20.833333333333336,0.077567596945,0.08295165394,-0.005384056994999997,Very Low,elastic_net,-0.0001818321556669542,0.0011570032951351854,-0.005202224839333043,-0.0034209183165109644,7.7567596944999995,8.295165394,-0.5384056994999997,-0.01818321556669542,0.11570032951351854,-0.5202224839333043,-0.3420918316510964
29135,"Moniteau County, MO",MO,Very Low,31.01145038167939,0.091012477965,0.08295165394,0.00806082402500001,Very Low,elastic_net,-0.008753229914257971,0.002523611523828376,0.01681405393925798,-0.010102790406746947,9.101247796500001,8.295165394,0.8060824025000011,-0.8753229914257971,0.2523611523828376,1.681405393925798,-1.0102790406746947
29137,"Monroe County, MO",MO,Very Low,21.183206106870227,0.09155778432,0.08295165394,0.008606130380000007,Very Low,elastic_net,0.015193768689189176,0.0018177698824241864,-0.006587638309189169,0.017352105376433676,9.155778432,8.295165394,0.8606130380000008,1.5193768689189175,0.18177698824241864,-0.6587638309189169,1.7352105376433675
29139,"Montgomery County, MO",MO,Very Low,38.32697201017812,0.04860740109,0.08295165394,-0.03434425284999999,Very Low,elastic_net,0.00037026648260944693,0.0011206837505295872,-0.03471451933260944,-0.0002969140593335267,4.860740109,8.295165394,-3.434425284999999,0.03702664826094469,0.11206837505295872,-3.471451933260944,-0.02969140593335267
29151,"Osage County, MO",MO,Very Low,32.91984732824427,0.024099774475,0.08295165394,-0.05885187946499999,Very Low,elastic_net,-0.00731316409286127,0.003235510447768235,-0.05153871537213872,-0.007758033557328117,2.4099774474999998,8.295165394,-5.885187946499999,-0.7313164092861271,0.3235510447768235,-5.153871537213872,-0.7758033557328117
29153,"Ozark County, MO",MO,Very Low,35.718829516539444,0.06255054645,0.08295165394,-0.02040110749,Very Low,elastic_net,0.018822684420966088,0.0010850750953319706,-0.03922379191096609,0.017834078042436207,6.2550546449999995,8.295165394,-2.040110749,1.8822684420966087,0.10850750953319706,-3.922379191096609,1.7834078042436208
29163,"Pike County, MO",MO,Very Low,40.29898218829516,0.09662396312999999,0.08295165394,0.013672309189999995,Very Low,elastic_net,-0.0010755784855161377,0.0011402724196322071,0.014747887675516134,0.0006176925605407429,9.662396312999999,8.295165394,1.3672309189999996,-0.10755784855161377,0.11402724196322071,1.4747887675516134,0.061769256054074295
29171,"Putnam County, MO",MO,Very Low,8.237913486005088,0.086989236955,0.08295165394,0.004037583014999999,Very Low,elastic_net,0.003444873694672078,0.002019105082093981,0.0005927093203279207,0.004743696195027408,8.6989236955,8.295165394,0.40375830149999986,0.3444873694672078,0.2019105082093981,0.05927093203279207,0.47436961950274076
29173,"Ralls County, MO",MO,Very Low,14.058524173027989,0.08716998207500001,0.08295165394,0.0042183281350000185,Very Low,elastic_net,0.01873107995717925,0.00451600680568326,-0.014512751822179232,0.02809930192599821,8.716998207500001,8.295165394,0.42183281350000185,1.873107995717925,0.45160068056832603,-1.4512751822179233,2.809930192599821
29175,"Randolph County, MO",MO,Very Low,35.846055979643765,0.11484177245,0.08295165394,0.03189011851000001,Very Low,elastic_net,0.0016494743277095456,0.0021547936169467093,0.030240644182290465,0.004121331531795711,11.484177245,8.295165394,3.189011851000001,0.16494743277095456,0.21547936169467094,3.0240644182290466,0.41213315317957117
29185,"St. Clair County, MO",MO,Very Low,25.636132315521625,0.1909717939,0.08295165394,0.10802013996,Very Low,elastic_net,0.017068254372990834,0.00019093813877173323,0.09095188558700916,0.01714606415101793,19.09717939,8.295165394,10.802013996,1.7068254372990834,0.019093813877173325,9.095188558700915,1.714606415101793
29205,"Shelby County, MO",MO,Very Low,15.935114503816795,0.09031242826,0.08295165394,0.007360774319999999,Very Low,elastic_net,0.012598073475082848,0.002809256626420522,-0.005237299155082848,0.016182041662985792,9.031242826,8.295165394,0.7360774319999999,1.2598073475082847,0.28092566264205215,-0.5237299155082848,1.6182041662985793
29211,"Sullivan County, MO",MO,Very Low,10.114503816793894,0.018608562909,0.08295165394,-0.064343091031,Very Low,elastic_net,0.002426146629807368,0.0114939794554637,-0.06676923766080736,0.0012029063591181052,1.8608562909,8.295165394,-6.4343091031,0.24261466298073678,1.1493979455463699,-6.676923766080736,0.12029063591181052
30007,"Broadwater County, MT",MT,Very Low,17.68447837150127,0.12319574095,0.08295165394,0.04024408701,Very Low,elastic_net,0.016846843832550175,0.004763016396053008,0.023397243177449824,0.01816837680042624,12.319574095,8.295165394,4.024408701,1.6846843832550176,0.4763016396053008,2.3397243177449822,1.816837680042624
30015,"Chouteau County, MT",MT,Very Low,39.47201017811705,0.026628797485,0.08295165394,-0.056322856454999994,Very Low,elastic_net,0.0121023505082793,0.005429599618523302,-0.06842520696327929,0.0086188278435344,2.6628797485,8.295165394,-5.6322856455,1.21023505082793,0.5429599618523302,-6.842520696327929,0.8618827843534399
30023,"Deer Lodge County, MT",MT,Very Low,17.58905852417303,0.09646771063500001,0.08295165394,0.013516056695000014,Very Low,elastic_net,0.003428225246660161,0.0007631644117552678,0.010087831448339853,0.00420816988051524,9.646771063500001,8.295165394,1.3516056695000014,0.3428225246660161,0.07631644117552677,1.0087831448339852,0.420816988051524
30039,"Granite County, MT",MT,Very Low,9.382951653944021,0.1045666139,0.08295165394,0.02161495996,Very Low,elastic_net,0.009303433178041753,0.0025227599523322507,0.012311526781958246,0.006806954364024385,10.456661389999999,8.295165394,2.1614959959999998,0.9303433178041753,0.2522759952332251,1.2311526781958246,0.6806954364024385
30043,"Jefferson County, MT",MT,Very Low,21.564885496183205,0.10222203115,0.08295165394,0.01927037721000001,Very Low,elastic_net,0.0015486860935727664,0.0015151598028515132,0.01772169111642724,0.0007097873276118,10.222203115000001,8.295165394,1.927037721000001,0.15486860935727664,0.1515159802851513,1.772169111642724,0.07097873276118
30057,"Madison County, MT",MT,Very Low,41.030534351145036,0.085452904775,0.08295165394,0.00250125083500001,Very Low,elastic_net,0.01707250780431877,0.0019196095810208558,-0.014571256969318758,0.019706885837573438,8.5452904775,8.295165394,0.250125083500001,1.7072507804318768,0.19196095810208558,-1.4571256969318758,1.9706885837573438
30059,"Meagher County, MT",MT,Very Low,2.798982188295165,0.1730081509,0.08295165394,0.09005649696,Very Low,elastic_net,0.012990450906724502,0.003377506165835987,0.0770660460532755,0.013339688738432677,17.30081509,8.295165394,9.005649695999999,1.2990450906724502,0.33775061658359873,7.706604605327549,1.3339688738432676
30061,"Mineral County, MT",MT,Very Low,7.347328244274809,0.155202982,0.08295165394,0.07225132806,Very Low,elastic_net,0.01247981789186764,0.0030473726483128973,0.059771510168132355,0.01359364327941612,15.5202982,8.295165394,7.2251328059999995,1.247981789186764,0.3047372648312897,5.977151016813235,1.3593643279416119
30065,"Musselshell County, MT",MT,Very Low,17.048346055979643,0.06101772968,0.08295165394,-0.021933924259999994,Very Low,elastic_net,0.01472538647590609,0.0016031966323540215,-0.03665931073590609,0.015865518954652793,6.101772968,8.295165394,-2.1933924259999995,1.472538647590609,0.16031966323540214,-3.6659310735906088,1.5865518954652793
30073,"Pondera County, MT",MT,Very Low,24.61832061068702,0.06892176893,0.08295165394,-0.014029885009999993,Very Low,elastic_net,0.00040030648598046335,0.00020187968836643617,-0.014430191495980457,0.0002712696633276066,6.892176893,8.295165394,-1.4029885009999994,0.04003064859804634,0.020187968836643616,-1.4430191495980456,0.027126966332760658
30077,"Powell County, MT",MT,Very Low,9.955470737913485,0.1254038816,0.08295165394,0.042452227659999994,Very Low,elastic_net,0.0007109707735521968,0.0007192154832406776,0.041741256886447795,0.003477032103327107,12.54038816,8.295165394,4.2452227659999995,0.07109707735521968,0.07192154832406776,4.1741256886447795,0.3477032103327107
30093,"Silver Bow County, MT",MT,Very Low,38.040712468193384,0.08823590339000001,0.08295165394,0.005284249450000014,Very Low,elastic_net,-0.0007394597053000844,0.0005711212039666901,0.006023709155300099,0.0015766077484434843,8.823590339,8.295165394,0.5284249450000014,-0.07394597053000844,0.057112120396669006,0.6023709155300099,0.15766077484434843
30095,"Stillwater County, MT",MT,Very Low,16.762086513994912,0.07613910327500001,0.08295165394,-0.006812550664999986,Very Low,elastic_net,-0.003471497635985862,0.0015279444801365855,-0.003341053029014124,-0.005431868063083093,7.613910327500001,8.295165394,-0.6812550664999986,-0.34714976359858624,0.15279444801365855,-0.3341053029014124,-0.5431868063083093
30097,"Sweet Grass County, MT",MT,Very Low,8.142493638676845,0.06806123841,0.08295165394,-0.014890415529999992,Very Low,elastic_net,0.0027282790033788806,0.004337088391589913,-0.017618694533378873,0.0024586196909394875,6.806123841,8.295165394,-1.4890415529999992,0.27282790033788806,0.4337088391589913,-1.7618694533378874,0.24586196909394875
30099,"Teton County, MT",MT,Very Low,19.020356234096692,0.125382924,0.08295165394,0.04243127006000001,Very Low,elastic_net,-0.0001895265822870839,0.0006784090818443743,0.042620796642287094,0.0008109952570413031,12.538292400000001,8.295165394,4.243127006000001,-0.01895265822870839,0.06784090818443743,4.262079664228709,0.0810995257041303
30101,"Toole County, MT",MT,Very Low,13.008905852417302,0.02900430654,0.08295165394,-0.0539473474,Very Low,elastic_net,0.006013492372029891,0.0018499602066260556,-0.059960839772029886,0.008493578502720726,2.900430654,8.295165394,-5.39473474,0.601349237202989,0.18499602066260556,-5.996083977202988,0.8493578502720726
31021,"Burt County, NE",NE,Very Low,20.674300254452927,0.12592703905,0.08295165394,0.04297538511,Very Low,elastic_net,-0.005854704384429341,0.0005456590467333105,0.04883008949442934,-0.005534505110637635,12.592703904999999,8.295165394,4.297538511,-0.5854704384429341,0.05456590467333105,4.883008949442933,-0.5534505110637635
31023,"Butler County, NE",NE,Very Low,24.459287531806613,0.153951715,0.08295165394,0.07100006106,Very Low,elastic_net,-0.004466404708407355,0.0018349757477529745,0.07546646576840735,-0.005174327776182774,15.395171499999998,8.295165394,7.1000061059999995,-0.4466404708407355,0.18349757477529746,7.546646576840735,-0.5174327776182773
31025,"Cass County, NE",NE,Very Low,31.043256997455472,0.07810078978,0.08295165394,-0.004850864159999996,Very Low,elastic_net,-0.010793673889391136,0.0003942622032735397,0.00594280972939114,-0.012181596017982684,7.810078978,8.295165394,-0.4850864159999996,-1.0793673889391135,0.03942622032735397,0.594280972939114,-1.2181596017982683
31027,"Cedar County, NE",NE,Very Low,21.692111959287534,0.1361721616,0.08295165394,0.05322050766000001,Very Low,elastic_net,-0.009472507196340199,0.002280933359754801,0.06269301485634021,-0.01110357262629036,13.617216160000002,8.295165394,5.322050766000001,-0.9472507196340199,0.22809333597548012,6.2693014856340215,-1.1103572626290361
31037,"Colfax County, NE",NE,Very Low,28.62595419847328,0.153433386,0.08295165394,0.07048173206000001,Very Low,elastic_net,-0.005676618476377067,0.00500505310212501,0.07615835053637708,0.0010067222029174427,15.343338600000001,8.295165394,7.048173206000001,-0.5676618476377067,0.500505310212501,7.615835053637708,0.10067222029174426
31043,"Dakota County, NE",NE,Very Low,36.00508905852418,0.089856891555,0.08295165394,0.006905237615000004,Very Low,elastic_net,-0.007370866044116595,0.0010306026062566855,0.0142761036591166,-0.01312230662230998,8.9856891555,8.295165394,0.6905237615000004,-0.7370866044116595,0.10306026062566855,1.42761036591166,-1.312230662230998
31051,"Dixon County, NE",NE,Very Low,8.842239185750635,0.036180927038,0.08295165394,-0.046770726901999994,Very Low,elastic_net,-0.00014819685530404812,0.001378352829941407,-0.04662253004669595,-0.0032449846488659196,3.6180927038,8.295165394,-4.677072690199999,-0.014819685530404811,0.13783528299414072,-4.662253004669595,-0.32449846488659195
31059,"Fillmore County, NE",NE,Very Low,20.13358778625954,0.1074431787,0.08295165394,0.024491524760000008,Very Low,elastic_net,-0.00470286118315198,0.002772469647639872,0.029194385943151987,0.002531797733206448,10.74431787,8.295165394,2.449152476000001,-0.47028611831519795,0.2772469647639872,2.919438594315199,0.2531797733206448
31067,"Gage County, NE",NE,Very Low,40.55343511450381,0.0729054891,0.08295165394,-0.010046164839999996,Very Low,elastic_net,-0.006168221370622783,0.0019774962406425814,-0.0038779434693772133,-0.00749868957070084,7.29054891,8.295165394,-1.0046164839999996,-0.6168221370622783,0.19774962406425814,-0.38779434693772136,-0.749868957070084
31073,"Gosper County, NE",NE,Very Low,9.82824427480916,0.22599459355,0.08295165394,0.14304293961000003,Very Low,elastic_net,-0.014549719165101588,0.0031476210263686752,0.15759265877510162,-0.01513901466670186,22.599459355,8.295165394,14.304293961000003,-1.454971916510159,0.31476210263686755,15.759265877510162,-1.513901466670186
31081,"Hamilton County, NE",NE,Very Low,42.62086513994911,0.0727331492,0.08295165394,-0.010218504739999995,Very Low,elastic_net,-0.004682439973187206,0.002499464152837915,-0.005536064766812789,-0.004159878346692552,7.27331492,8.295165394,-1.0218504739999994,-0.46824399731872063,0.2499464152837915,-0.5536064766812789,-0.4159878346692552
31093,"Howard County, NE",NE,Very Low,24.204834605597963,0.070113720935,0.08295165394,-0.012837933004999996,Very Low,elastic_net,0.005481828954523466,0.001775750691836156,-0.01831976195952346,0.00390337051765408,7.0113720934999995,8.295165394,-1.2837933004999997,0.5481828954523466,0.1775750691836156,-1.8319761959523462,0.390337051765408
31095,"Jefferson County, NE",NE,Very Low,24.109414758269722,0.1090150745,0.08295165394,0.02606342056000001,Very Low,elastic_net,0.0006049944583783268,0.002638971652802909,0.025458426101621683,-0.0003444925952255371,10.90150745,8.295165394,2.606342056000001,0.06049944583783268,0.2638971652802909,2.5458426101621683,-0.03444925952255371
31097,"Johnson County, NE",NE,Very Low,4.580152671755725,-0.02953802037,0.08295165394,-0.11248967431,Very Low,elastic_net,0.014913511597856947,0.0017030740890022454,-0.12740318590785693,0.009455485696437503,-2.953802037,8.295165394,-11.248967430999999,1.4913511597856948,0.17030740890022456,-12.740318590785693,0.9455485696437502
31099,"Kearney County, NE",NE,Very Low,30.947837150127228,0.065032834165,0.08295165394,-0.017918819774999997,Very Low,elastic_net,-0.013489638750468878,0.003486927569455234,-0.004429181024531119,-0.01414731870681019,6.5032834164999995,8.295165394,-1.7918819774999997,-1.3489638750468878,0.34869275694552343,-0.4429181024531119,-1.414731870681019
31105,"Kimball County, NE",NE,Very Low,7.569974554707379,0.1489741302,0.08295165394,0.06602247626,Very Low,elastic_net,0.009771138712661907,0.004493104332985832,0.0562513375473381,0.009688070239976643,14.89741302,8.295165394,6.6022476260000005,0.9771138712661908,0.4493104332985832,5.62513375473381,0.9688070239976643
31107,"Knox County, NE",NE,Very Low,29.70737913486005,-0.12512729705,0.08295165394,-0.20807895099,Very Low,elastic_net,0.0006260013350793452,0.003192702090432491,-0.20870495232507935,-0.0071014323278968065,-12.512729705,8.295165394,-20.807895099,0.06260013350793452,0.3192702090432491,-20.870495232507935,-0.7101432327896806
31123,"Morrill County, NE",NE,Very Low,27.83078880407125,0.1533364828,0.08295165394,0.07038482886000001,Very Low,elastic_net,0.0026278990773881197,0.0008268516574236019,0.06775692978261189,0.0040287299800832,15.33364828,8.295165394,7.0384828860000015,0.26278990773881195,0.08268516574236019,6.775692978261189,0.40287299800832005
31127,"Nemaha County, NE",NE,Very Low,13.39058524173028,0.14473369495,0.08295165394,0.06178204101,Very Low,elastic_net,0.011291441959019039,0.0014839938096882616,0.05049059905098096,0.013520733336482757,14.473369495,8.295165394,6.1782041009999995,1.129144195901904,0.14839938096882616,5.049059905098096,1.3520733336482758
31131,"Otoe County, NE",NE,Very Low,18.00254452926209,0.051867685585000003,0.08295165394,-0.03108396835499999,Very Low,elastic_net,-0.003229631209509865,0.0002677609971454618,-0.027854337145490127,-0.0033045185319748966,5.186768558500001,8.295165394,-3.108396835499999,-0.3229631209509865,0.026776099714546184,-2.7854337145490127,-0.33045185319748965
31139,"Pierce County, NE",NE,Very Low,14.185750636132315,0.07510277538,0.08295165394,-0.007848878559999994,Very Low,elastic_net,-0.013618412877389933,0.003422069919197024,0.005769534317389939,-0.01154053618029531,7.510277538,8.295165394,-0.7848878559999994,-1.3618412877389934,0.3422069919197024,0.5769534317389938,-1.154053618029531
31143,"Polk County, NE",NE,Very Low,25.699745547073793,0.1146585425,0.08295165394,0.03170688856000001,Very Low,elastic_net,-0.005982337156121931,0.001440104697416618,0.03768922571612194,-0.006525471914468171,11.46585425,8.295165394,3.170688856000001,-0.5982337156121931,0.1440104697416618,3.768922571612194,-0.652547191446817
31151,"Saline County, NE",NE,Very Low,42.39821882951654,0.0784379909,0.08295165394,-0.0045136630399999905,Very Low,elastic_net,-0.007386156699489117,0.0015315347342119247,0.0028724936594891268,-0.007764295343280063,7.84379909,8.295165394,-0.45136630399999905,-0.7386156699489117,0.15315347342119248,0.2872493659489127,-0.7764295343280063
31155,"Saunders County, NE",NE,Very Low,29.103053435114507,0.058330531075,0.08295165394,-0.024621122864999997,Very Low,elastic_net,-0.0077015132741018524,0.002810312877200674,-0.016919609590898145,-0.009132513269008906,5.8330531075,8.295165394,-2.4621122864999996,-0.7701513274101852,0.28103128772006736,-1.6919609590898146,-0.9132513269008905
31159,"Seward County, NE",NE,Very Low,24.87277353689567,0.053212796209999996,0.08295165394,-0.02973885773,Very Low,elastic_net,-0.015012540324821024,0.0017531043359518908,-0.014726317405178975,-0.017586899627869523,5.3212796209999995,8.295165394,-2.9738857729999997,-1.5012540324821024,0.17531043359518908,-1.4726317405178975,-1.7586899627869523
31167,"Stanton County, NE",NE,Very Low,16.221374045801525,0.04513663092,0.08295165394,-0.03781502302,Very Low,elastic_net,-0.014124090337241232,0.0020067371360191003,-0.023690932682758764,-0.01598571404849344,4.513663092,8.295165394,-3.781502302,-1.4124090337241233,0.20067371360191003,-2.3690932682758765,-1.598571404849344
31177,"Washington County, NE",NE,Very Low,25.508905852417303,0.071102756315,0.08295165394,-0.011848897624999993,Very Low,elastic_net,-0.014987818024070685,0.0008754990639194045,0.0031389203990706913,-0.016935859505882084,7.1102756315,8.295165394,-1.1848897624999992,-1.4987818024070685,0.08754990639194045,0.31389203990706915,-1.6935859505882083
32013,"Humboldt County, NV",NV,Very Low,40.839694656488554,0.0674034473,0.08295165394,-0.015548206639999992,Very Low,elastic_net,-0.006933034115297092,0.002240113906074196,-0.0086151725247029,-0.005693534590434475,6.74034473,8.295165394,-1.5548206639999993,-0.6933034115297092,0.2240113906074196,-0.86151725247029,-0.5693534590434475
32015,"Lander County, NV",NV,Very Low,16.984732824427482,0.0470396384,0.08295165394,-0.035912015539999995,Very Low,elastic_net,-0.027513157554202583,0.0028375870452929703,-0.008398857985797412,-0.031363799216312056,4.70396384,8.295165394,-3.5912015539999995,-2.7513157554202583,0.283758704529297,-0.8398857985797412,-3.136379921631206
32017,"Lincoln County, NV",NV,Very Low,25.922391857506362,0.1254422293,0.08295165394,0.04249057536000002,Very Low,elastic_net,-0.004184629544060875,0.0007980572154275614,0.046675204904060894,-0.007083442887112622,12.544222930000002,8.295165394,4.249057536000002,-0.4184629544060875,0.07980572154275614,4.66752049040609,-0.7083442887112622
32021,"Mineral County, NV",NV,Very Low,9.79643765903308,0.1226661024,0.08295165394,0.03971444846000001,Very Low,elastic_net,0.009114219939743077,0.0012529763761952824,0.030600228520256935,0.006776833652268255,12.26661024,8.295165394,3.971444846000001,0.9114219939743077,0.12529763761952825,3.0600228520256936,0.6776833652268255
32027,"Pershing County, NV",NV,Very Low,6.011450381679389,0.1084594157,0.08295165394,0.02550776176000001,Very Low,elastic_net,-0.0006488134487076278,0.0004917960118728325,0.02615657520870764,0.002800615414294563,10.84594157,8.295165394,2.550776176000001,-0.06488134487076279,0.049179601187283255,2.615657520870764,0.2800615414294563
32029,"Storey County, NV",NV,Very Low,25.159033078880405,0.09166608961,0.08295165394,0.008714435670000006,Very Low,elastic_net,-0.0035204812213697266,0.004304244279454131,0.012234916891369733,-0.005057539560553527,9.166608961,8.295165394,0.8714435670000007,-0.3520481221369727,0.43042442794541313,1.2234916891369734,-0.5057539560553527
32033,"White Pine County, NV",NV,Very Low,12.5,0.08419020544,0.08295165394,0.0012385515000000041,Very Low,elastic_net,-0.0087259822412893,0.0024081049324867474,0.009964533741289304,-0.007328461268438936,8.419020544,8.295165394,0.12385515000000041,-0.87259822412893,0.24081049324867473,0.9964533741289303,-0.7328461268438936
33019,"Sullivan County, NH",NH,Very Low,37.56361323155216,0.09789485107000001,0.08295165394,0.014943197130000016,Very Low,elastic_net,-0.008232637815939794,0.005634084878598406,0.023175834945939812,-0.008759216840180302,9.789485107,8.295165394,1.4943197130000017,-0.8232637815939794,0.5634084878598405,2.3175834945939813,-0.8759216840180303
35003,"Catron County, NM",NM,Very Low,36.6412213740458,0.080317124315,0.08295165394,-0.0026345296249999928,Very Low,elastic_net,0.016095763542026204,0.003974053664327934,-0.018730293167026197,0.014138006491144323,8.0317124315,8.295165394,-0.2634529624999993,1.6095763542026205,0.3974053664327934,-1.8730293167026197,1.4138006491144324
35028,"Los Alamos County, NM",NM,Very Low,3.594147582697201,0.092098679655,0.08295165394,0.009147025715000007,Very Low,elastic_net,-0.043245788054908134,0.0019920437238767183,0.05239281376990814,-0.04448279276031667,9.2098679655,8.295165394,0.9147025715000007,-4.324578805490813,0.19920437238767183,5.239281376990814,-4.448279276031667
35037,"Quay County, NM",NM,Very Low,25.954198473282442,-0.02390154291,0.08295165394,-0.10685319685,Very Low,elastic_net,0.03324924493329501,0.007530706776452871,-0.140102441783295,0.028018673036921293,-2.390154291,8.295165394,-10.685319685,3.324924493329501,0.753070677645287,-14.0102441783295,2.8018673036921293
36041,"Hamilton County, NY",NY,Very Low,15.108142493638677,0.11850919525,0.08295165394,0.03555754131000001,Very Low,elastic_net,-0.009015155378193423,0.002065931759510604,0.044572696688193435,-0.010785466808312721,11.850919525,8.295165394,3.555754131000001,-0.9015155378193423,0.20659317595106041,4.457269668819343,-1.078546680831272
36049,"Lewis County, NY",NY,Very Low,24.71374045801527,0.059135250375000004,0.08295165394,-0.02381640356499999,Very Low,elastic_net,-0.010005623024507358,0.0013519919102631382,-0.013810780540492633,-0.009487689672903752,5.9135250375,8.295165394,-2.3816403564999993,-1.0005623024507357,0.1351991910263138,-1.3810780540492633,-0.9487689672903752
36073,"Orleans County, NY",NY,Very Low,17.87531806615776,0.07399097330500001,0.08295165394,-0.008960680634999982,Very Low,elastic_net,-0.0043144839718558545,0.002520511787450941,-0.004646196663144127,-0.004911727578922168,7.399097330500001,8.295165394,-0.8960680634999982,-0.4314483971855855,0.2520511787450941,-0.4646196663144127,-0.4911727578922168
36079,"Putnam County, NY",NY,Very Low,39.82188295165394,0.057202267535000004,0.08295165394,-0.02574938640499999,Very Low,elastic_net,-0.03214828888517108,0.006892637733188818,0.006398902480171088,-0.03249246339054822,5.7202267535,8.295165394,-2.574938640499999,-3.214828888517108,0.6892637733188818,0.6398902480171088,-3.249246339054822
36095,"Schoharie County, NY",NY,Very Low,41.348600508905854,0.07531529179499999,0.08295165394,-0.007636362145000006,Very Low,elastic_net,-0.012789968780884555,0.0026447781429953794,0.00515360663588455,-0.011775487474118539,7.531529179499999,8.295165394,-0.7636362145000006,-1.2789968780884555,0.26447781429953793,0.515360663588455,-1.177548747411854
36097,"Schuyler County, NY",NY,Very Low,16.253180661577606,0.044759417775,0.08295165394,-0.038192236165,Very Low,elastic_net,-0.00805897741174825,0.0042538028465484495,-0.03013325875325175,-0.008642026606028459,4.4759417775,8.295165394,-3.8192236164999995,-0.805897741174825,0.42538028465484495,-3.013325875325175,-0.8642026606028459
36099,"Seneca County, NY",NY,Very Low,41.82569974554708,0.07312459198,0.08295165394,-0.009827061959999994,Very Low,elastic_net,-0.006707678355669301,0.000915011103497569,-0.003119383604330693,-0.0069285351416297734,7.312459198,8.295165394,-0.9827061959999994,-0.6707678355669301,0.0915011103497569,-0.31193836043306933,-0.6928535141629774
36121,"Wyoming County, NY",NY,Very Low,41.25318066157761,0.079683680205,0.08295165394,-0.0032679737349999988,Very Low,elastic_net,-0.01548387165306421,0.001640839048145552,0.012215897918064211,-0.01554633877605345,7.9683680205,8.295165394,-0.3267973734999999,-1.548387165306421,0.1640839048145552,1.2215897918064211,-1.554633877605345
37005,"Alleghany County, NC",NC,Very Low,34.66921119592875,0.12227297035000001,0.08295165394,0.039321316410000015,Very Low,elastic_net,0.01884700441047658,0.0011823770548668267,0.020474311999523435,0.018471499048380125,12.227297035000001,8.295165394,3.9321316410000016,1.884700441047658,0.11823770548668266,2.0474311999523436,1.8471499048380124
37029,"Camden County, NC",NC,Very Low,2.544529262086514,0.05685805766,0.08295165394,-0.026093596279999992,Very Low,elastic_net,0.016654467186320302,0.004709248049725387,-0.04274806346632029,0.02047791022295905,5.6858057660000005,8.295165394,-2.609359627999999,1.6654467186320303,0.4709248049725387,-4.274806346632029,2.047791022295905
37033,"Caswell County, NC",NC,Very Low,22.360050890585242,0.07877428562,0.08295165394,-0.0041773683199999995,Very Low,elastic_net,0.004187234062892447,0.0014279864471214978,-0.008364602382892446,0.0037685490654373096,7.8774285619999995,8.295165394,-0.41773683199999995,0.4187234062892447,0.14279864471214979,-0.8364602382892445,0.37685490654373094
37041,"Chowan County, NC",NC,Very Low,34.28753180661578,0.08335973854,0.08295165394,0.000408084600000011,Very Low,elastic_net,0.011864831539954929,0.0008127354118074883,-0.011456746939954918,0.008661195917899354,8.335973854,8.295165394,0.0408084600000011,1.186483153995493,0.08127354118074882,-1.1456746939954918,0.8661195917899354
37043,"Clay County, NC",NC,Very Low,26.8765903307888,0.07575872856499999,0.08295165394,-0.007192925375000006,Very Low,elastic_net,0.0187246214926981,0.001088774242187261,-0.025917546867698107,0.018604467534787106,7.575872856499998,8.295165394,-0.7192925375000006,1.8724621492698101,0.1088774242187261,-2.5917546867698107,1.8604467534787106
37053,"Currituck County, NC",NC,Very Low,18.06615776081425,0.07146300607,0.08295165394,-0.011488647869999993,Very Low,elastic_net,0.019040547069658798,0.0009991120537028045,-0.03052919493965879,0.014769055135973314,7.146300607000001,8.295165394,-1.1488647869999993,1.9040547069658798,0.09991120537028045,-3.052919493965879,1.4769055135973315
37059,"Davie County, NC",NC,Very Low,41.66666666666667,0.0713205561,0.08295165394,-0.011631097839999993,Very Low,elastic_net,0.002048485587923149,0.002196547713656775,-0.013679583427923142,0.003217122394820317,7.13205561,8.295165394,-1.1631097839999993,0.2048485587923149,0.2196547713656775,-1.367958342792314,0.3217122394820317
37073,"Gates County, NC",NC,Very Low,10.464376590330788,0.11211243695,0.08295165394,0.02916078301000001,Very Low,elastic_net,0.004430153759833652,0.002167744907575912,0.024730629250166357,0.005543301092823324,11.211243695,8.295165394,2.916078301000001,0.44301537598336516,0.2167744907575912,2.473062925016636,0.5543301092823324
37075,"Graham County, NC",NC,Very Low,20.06997455470738,0.1300890354,0.08295165394,0.04713738146,Very Low,elastic_net,0.0052602528335915595,0.0017415428484591244,0.041877128626408446,0.005544061393991187,13.00890354,8.295165394,4.713738146,0.526025283359156,0.17415428484591244,4.187712862640844,0.5544061393991188
37115,"Madison County, NC",NC,Very Low,27.353689567430024,0.077692262175,0.08295165394,-0.005259391764999996,Very Low,elastic_net,0.008175753143742606,0.0013095782506681681,-0.013435144908742602,0.009182655483948303,7.7692262175,8.295165394,-0.5259391764999997,0.8175753143742606,0.1309578250668168,-1.3435144908742602,0.9182655483948303
37121,"Mitchell County, NC",NC,Very Low,23.950381679389313,0.1088101088,0.08295165394,0.025858454860000005,Very Low,elastic_net,0.005191573006783579,0.00019853282601690713,0.020666881853216426,0.005297918643558141,10.88101088,8.295165394,2.5858454860000006,0.5191573006783579,0.01985328260169071,2.0666881853216426,0.5297918643558142
37143,"Perquimans County, NC",NC,Very Low,37.659033078880405,0.08571224373,0.08295165394,0.0027605897900000037,Very Low,elastic_net,0.008197755245705233,0.0011582335721045827,-0.0054371654557052295,0.007732129260876994,8.571224373,8.295165394,0.27605897900000037,0.8197755245705233,0.11582335721045828,-0.543716545570523,0.7732129260876994
37145,"Person County, NC",NC,Very Low,41.539440203562336,0.07919577914,0.08295165394,-0.003755874799999989,Very Low,elastic_net,0.00399517851014279,0.0017929350185872275,-0.0077510533101427794,0.0027643015011281032,7.919577914,8.295165394,-0.3755874799999989,0.399517851014279,0.17929350185872275,-0.7751053310142779,0.2764301501128103
37149,"Polk County, NC",NC,Very Low,36.92748091603054,0.08487253684,0.08295165394,0.0019208829000000038,Very Low,elastic_net,0.002638245052549193,0.0004471157812918997,-0.000717362152549189,0.0031350940970647665,8.487253684,8.295165394,0.19208829000000038,0.2638245052549193,0.04471157812918997,-0.0717362152549189,0.31350940970647667
37169,"Stokes County, NC",NC,Very Low,39.726463104325695,0.07347895911999999,0.08295165394,-0.009472694820000002,Very Low,elastic_net,0.006194677769230761,0.001487445957730438,-0.015667372589230764,0.006784336594930261,7.347895911999999,8.295165394,-0.9472694820000003,0.6194677769230761,0.1487445957730438,-1.5667372589230764,0.678433659493026
37197,"Yadkin County, NC",NC,Very Low,38.3587786259542,0.10634640000000001,0.08295165394,0.023394746060000013,Very Low,elastic_net,0.0036753872012835983,0.001199156884077309,0.019719358858716413,0.0038979902656285734,10.634640000000001,8.295165394,2.3394746060000013,0.3675387201283598,0.1199156884077309,1.9719358858716414,0.38979902656285736
37199,"Yancey County, NC",NC,Very Low,42.23918575063613,0.11655839444999999,0.08295165394,0.03360674051,Very Low,elastic_net,0.004861813775569971,0.0010904115262532095,0.028744926734430028,0.005272861616240505,11.655839445,8.295165394,3.3606740509999997,0.4861813775569971,0.10904115262532095,2.8744926734430027,0.5272861616240505
38009,"Bottineau County, ND",ND,Very Low,18.670483460559797,0.2008405213,0.08295165394,0.11788886736,Very Low,elastic_net,-0.003965072546638089,0.0007401875234451964,0.12185393990663809,-0.0020058022399130244,20.08405213,8.295165394,11.788886736,-0.3965072546638089,0.07401875234451964,12.18539399066381,-0.20058022399130243
38025,"Dunn County, ND",ND,Very Low,10.782442748091603,0.00595304747195,0.08295165394,-0.07699860646805,Very Low,elastic_net,-0.0006302163783108871,0.0013457276202009187,-0.07636839008973911,-0.007590106889421305,0.595304747195,8.295165394,-7.699860646805,-0.06302163783108872,0.13457276202009189,-7.6368390089739115,-0.7590106889421305
38045,"LaMoure County, ND",ND,Very Low,10.941475826972011,0.07068460262,0.08295165394,-0.01226705132,Very Low,elastic_net,-0.00138938353097211,0.0023677831931763187,-0.01087766778902789,1.0213840487408423e-05,7.068460261999999,8.295165394,-1.226705132,-0.138938353097211,0.23677831931763188,-1.087766778902789,0.0010213840487408423
38049,"McHenry County, ND",ND,Very Low,11.736641221374047,-0.06402970265,0.08295165394,-0.14698135659,Very Low,elastic_net,-0.008896903268115883,0.001737697555802184,-0.13808445332188413,-0.01066220190468925,-6.402970265,8.295165394,-14.698135659,-0.8896903268115883,0.1737697555802184,-13.808445332188413,-1.066220190468925
38053,"McKenzie County, ND",ND,Very Low,25.03180661577608,0.01684754688,0.08295165394,-0.06610410706,Very Low,elastic_net,-0.008306697673209478,0.004502347405994344,-0.057797409386790524,-0.005740384267088017,1.6847546880000002,8.295165394,-6.610410706,-0.8306697673209478,0.4502347405994344,-5.779740938679052,-0.5740384267088017
38057,"Mercer County, ND",ND,Very Low,13.867684478371501,0.04845376652,0.08295165394,-0.03449788742,Very Low,elastic_net,-0.021687382739027317,0.0009471328565654983,-0.012810504680972681,-0.023976873105736627,4.845376652,8.295165394,-3.449788742,-2.168738273902732,0.09471328565654982,-1.281050468097268,-2.3976873105736627
38061,"Mountrail County, ND",ND,Very Low,21.374045801526716,0.04870660621,0.08295165394,-0.03424504772999999,Very Low,elastic_net,-0.014477237180086255,0.010038876458041546,-0.019767810549913736,-0.013077453149256204,4.870660621000001,8.295165394,-3.4245047729999993,-1.4477237180086255,1.0038876458041546,-1.9767810549913736,-1.3077453149256204
38067,"Pembina County, ND",ND,Very Low,20.928753180661577,0.1470588235,0.08295165394,0.06410716956,Very Low,elastic_net,-0.020146448090879024,0.0018848313222617063,0.08425361765087902,-0.02038655654870339,14.70588235,8.295165394,6.410716956,-2.0146448090879026,0.18848313222617064,8.425361765087903,-2.0386556548703387
38069,"Pierce County, ND",ND,Very Low,3.244274809160305,0.033310711465000004,0.08295165394,-0.04964094247499999,Very Low,elastic_net,-0.008095433127161308,0.004228717723344222,-0.04154550934783868,-0.017472688157754147,3.3310711465000002,8.295165394,-4.964094247499999,-0.8095433127161309,0.4228717723344222,-4.1545509347838685,-1.7472688157754146
38071,"Ramsey County, ND",ND,Very Low,18.3206106870229,0.02478138939,0.08295165394,-0.058170264549999996,Very Low,elastic_net,-0.010506943377854537,0.0012890067312746124,-0.04766332117214546,-0.014151304710502188,2.478138939,8.295165394,-5.817026455,-1.0506943377854536,0.12890067312746123,-4.766332117214546,-1.4151304710502188
38073,"Ransom County, ND",ND,Very Low,13.19974554707379,0.07719747624500001,0.08295165394,-0.005754177694999987,Very Low,elastic_net,-0.014257429887546894,0.0021339286913116336,0.008503252192546907,-0.014149280472704931,7.719747624500001,8.295165394,-0.5754177694999987,-1.4257429887546893,0.21339286913116337,0.8503252192546906,-1.414928047270493
38075,"Renville County, ND",ND,Very Low,1.526717557251908,0.1357331566,0.08295165394,0.05278150265999999,Very Low,elastic_net,0.0004923683428306825,0.004846313286590873,0.05228913431716931,0.0044494895712051145,13.573315659999999,8.295165394,5.278150265999999,0.049236834283068256,0.4846313286590873,5.228913431716931,0.44494895712051147
38077,"Richland County, ND",ND,Very Low,35.30534351145038,0.09438232348,0.08295165394,0.011430669540000007,Very Low,elastic_net,-0.0058945004341388225,0.004074725723876937,0.01732516997413883,-0.007460024315939695,9.438232348,8.295165394,1.1430669540000007,-0.5894500434138823,0.4074725723876937,1.732516997413883,-0.7460024315939695
38081,"Sargent County, ND",ND,Very Low,7.442748091603053,-0.015419186917,0.08295165394,-0.098370840857,Very Low,elastic_net,-0.009155050874390171,0.002332804560424548,-0.08921578998260983,-0.008447923572948442,-1.5419186917,8.295165394,-9.8370840857,-0.9155050874390172,0.2332804560424548,-8.921578998260983,-0.8447923572948441
38089,"Stark County, ND",ND,Very Low,37.340966921119595,0.01292580603,0.08295165394,-0.07002584791,Very Low,elastic_net,-0.01630247015786462,0.002128438941778808,-0.05372337775213537,-0.01626424053995133,1.292580603,8.295165394,-7.002584790999999,-1.630247015786462,0.2128438941778808,-5.372337775213537,-1.626424053995133
38097,"Traill County, ND",ND,Very Low,11.005089058524172,0.09514902265,0.08295165394,0.012197368710000003,Very Low,elastic_net,-0.01432083963428648,0.0050253637444948865,0.026518208344286483,-0.01685469224589164,9.514902265,8.295165394,1.2197368710000003,-1.432083963428648,0.5025363744494886,2.6518208344286482,-1.685469224589164
38099,"Walsh County, ND",ND,Very Low,29.00763358778626,0.16165311005,0.08295165394,0.07870145611,Very Low,elastic_net,-0.008173705337347762,0.0005310536432520736,0.08687516144734776,-0.008044317627011705,16.165311005,8.295165394,7.870145611,-0.8173705337347762,0.05310536432520736,8.687516144734776,-0.8044317627011706
39011,"Auglaize County, OH",OH,Very Low,41.76208651399491,0.07072022623499999,0.08295165394,-0.012231427705000006,Very Low,elastic_net,-0.012245006171648328,0.001625012720625112,1.3578466648322615e-05,-0.01249903620073104,7.072022623499999,8.295165394,-1.2231427705000006,-1.224500617164833,0.1625012720625112,0.0013578466648322615,-1.249903620073104
39019,"Carroll County, OH",OH,Very Low,19.942748091603054,0.080376102355,0.08295165394,-0.0025755515849999883,Very Low,elastic_net,-0.007968349248342636,0.0016771483742058983,0.005392797663342648,-0.008284795050708631,8.0376102355,8.295165394,-0.2575551584999988,-0.7968349248342635,0.16771483742058982,0.5392797663342648,-0.8284795050708631
39021,"Champaign County, OH",OH,Very Low,26.74936386768448,0.08965693261499999,0.08295165394,0.006705278674999995,Very Low,elastic_net,-0.00800578549490541,0.0021086828714292085,0.014711064169905405,-0.007646509925686957,8.965693261499998,8.295165394,0.6705278674999995,-0.800578549490541,0.21086828714292086,1.4711064169905406,-0.7646509925686957
39027,"Clinton County, OH",OH,Very Low,34.00127226463104,0.08454235166,0.08295165394,0.001590697720000006,Very Low,elastic_net,-0.006215637400693536,0.001043253692586922,0.007806335120693542,-0.005996560612430186,8.454235166,8.295165394,0.1590697720000006,-0.6215637400693536,0.1043253692586922,0.7806335120693542,-0.5996560612430186
39033,"Crawford County, OH",OH,Very Low,35.24173027989822,0.10925414635,0.08295165394,0.026302492410000003,Very Low,elastic_net,0.0014802812121130502,0.0018473034332979735,0.024822211197886954,0.0037383529428006435,10.925414635,8.295165394,2.6302492410000005,0.148028121211305,0.18473034332979735,2.4822211197886954,0.37383529428006435
39039,"Defiance County, OH",OH,Very Low,41.88931297709924,0.059120002559999996,0.08295165394,-0.02383165138,Very Low,elastic_net,-0.01154403937688571,0.0007620047821847239,-0.01228761200311429,-0.010806607521126837,5.912000256,8.295165394,-2.383165138,-1.1544039376885709,0.0762004782184724,-1.228761200311429,-1.0806607521126836
39047,"Fayette County, OH",OH,Very Low,25.890585241730278,0.1127259799,0.08295165394,0.02977432596,Very Low,elastic_net,0.00016443162761481766,0.0013125828619589396,0.029609894332385183,0.0007507337524896192,11.27259799,8.295165394,2.977432596,0.016443162761481767,0.13125828619589397,2.9609894332385185,0.07507337524896192
39051,"Fulton County, OH",OH,Very Low,33.5559796437659,0.05298406926,0.08295165394,-0.029967584679999992,Very Low,elastic_net,-0.011200661928573155,0.003318872758935342,-0.018766922751426836,-0.01138395885105882,5.298406926,8.295165394,-2.9967584679999995,-1.1200661928573155,0.33188727589353423,-1.8766922751426836,-1.138395885105882
39059,"Guernsey County, OH",OH,Very Low,37.5,0.07011740159999999,0.08295165394,-0.012834252340000005,Very Low,elastic_net,-0.00010938415710022207,0.00019704022909795583,-0.012724868182899782,0.0007158793041050257,7.011740159999999,8.295165394,-1.2834252340000005,-0.010938415710022208,0.019704022909795584,-1.2724868182899782,0.07158793041050257
39065,"Hardin County, OH",OH,Very Low,24.427480916030532,0.07463840132499999,0.08295165394,-0.008313252615000002,Very Low,elastic_net,-0.0015357265471068022,0.0005724964826563141,-0.0067775260678932005,-8.860329964402122e-05,7.4638401325,8.295165394,-0.8313252615000002,-0.1535726547106802,0.05724964826563141,-0.67775260678932,-0.00886032996440212
39067,"Harrison County, OH",OH,Very Low,11.41857506361323,0.066971541055,0.08295165394,-0.015980112884999995,Very Low,elastic_net,0.0018315350041381954,0.0010911197146583867,-0.01781164788913819,0.0019330864459739376,6.6971541055,8.295165394,-1.5980112884999995,0.18315350041381956,0.10911197146583868,-1.781164788913819,0.19330864459739375
39069,"Henry County, OH",OH,Very Low,33.81043256997455,0.07938700564500001,0.08295165394,-0.0035646482949999864,Very Low,elastic_net,-0.00868744983817988,0.0005018163512130471,0.005122801543179893,-0.008067367922319029,7.938700564500001,8.295165394,-0.35646482949999864,-0.8687449838179879,0.05018163512130471,0.5122801543179893,-0.8067367922319029
39079,"Jackson County, OH",OH,Very Low,35.75063613231552,0.12368570834999999,0.08295165394,0.04073405441,Very Low,elastic_net,0.0047834747064962645,0.002226591505515988,0.03595057970350373,0.006845088403207919,12.368570835,8.295165394,4.073405441,0.47834747064962646,0.2226591505515988,3.595057970350373,0.684508840320792
39097,"Madison County, OH",OH,Very Low,24.904580152671755,0.074230621735,0.08295165394,-0.008721032204999993,Very Low,elastic_net,-0.005083730510822361,0.0015216176314090974,-0.003637301694177632,-0.004181435446305734,7.4230621735,8.295165394,-0.8721032204999992,-0.5083730510822361,0.15216176314090973,-0.3637301694177632,-0.41814354463057346
39107,"Mercer County, OH",OH,Very Low,31.647582697201017,0.06776965577499999,0.08295165394,-0.015181998165000002,Very Low,elastic_net,-0.012806085000768809,0.0007488934265664127,-0.002375913164231193,-0.011496299542523361,6.7769655774999995,8.295165394,-1.5181998165000001,-1.2806085000768808,0.07488934265664127,-0.23759131642311931,-1.149629954252336
39111,"Monroe County, OH",OH,Very Low,27.25826972010178,0.09814148996,0.08295165394,0.01518983602,Very Low,elastic_net,0.001600275474144627,0.0007855840067122118,0.013589560545855374,0.0012935512457357763,9.814148996,8.295165394,1.518983602,0.1600275474144627,0.07855840067122118,1.3589560545855373,0.12935512457357765
39115,"Morgan County, OH",OH,Very Low,18.22519083969466,0.13737358575,0.08295165394,0.054421931810000004,Very Low,elastic_net,0.003136608792503609,0.0012309557366161409,0.051285323017496394,0.003752671409059375,13.737358575,8.295165394,5.442193181,0.3136608792503609,0.12309557366161408,5.128532301749639,0.3752671409059375
39117,"Morrow County, OH",OH,Very Low,24.395674300254452,0.09472931665,0.08295165394,0.011777662710000011,Very Low,elastic_net,-0.0018022598642551456,0.00016969123160905073,0.013579922574255157,-0.0008369103823367096,9.472931665,8.295165394,1.1777662710000012,-0.18022598642551457,0.016969123160905073,1.3579922574255157,-0.08369103823367095
39121,"Noble County, OH",OH,Very Low,13.454198473282442,0.05391651564,0.08295165394,-0.029035138299999992,Very Low,elastic_net,0.002139195364584648,0.00023626217482563302,-0.03117433366458464,0.0012312782394096663,5.391651564,8.295165394,-2.903513829999999,0.21391953645846482,0.023626217482563303,-3.117433366458464,0.12312782394096664
39125,"Paulding County, OH",OH,Very Low,21.151399491094146,0.07636614243,0.08295165394,-0.006585511509999989,Very Low,elastic_net,-0.005449575405912118,0.002662734580383762,-0.0011359361040878709,-0.006440739921498087,7.636614243,8.295165394,-0.6585511509999988,-0.5449575405912118,0.2662734580383762,-0.11359361040878709,-0.6440739921498086
39127,"Perry County, OH",OH,Very Low,25.986005089058523,0.10604553505,0.08295165394,0.023093881110000006,Very Low,elastic_net,0.0015585023968852103,0.0006571925266715675,0.021535378713114797,0.0015310297727857544,10.604553505,8.295165394,2.3093881110000005,0.15585023968852102,0.06571925266715675,2.15353787131148,0.15310297727857544
39137,"Putnam County, OH",OH,Very Low,32.85623409669211,0.07008827076999999,0.08295165394,-0.012863383170000006,Very Low,elastic_net,-0.013273535436316562,0.002145299093102451,0.00041015226631655605,-0.012557894737985825,7.0088270769999985,8.295165394,-1.2863383170000007,-1.3273535436316561,0.2145299093102451,0.041015226631655605,-1.2557894737985826
39159,"Union County, OH",OH,Very Low,32.729007633587784,0.07100815145,0.08295165394,-0.011943502489999994,Very Low,elastic_net,-0.005937407083633917,0.000772841399839712,-0.0060060954063660766,-0.005704306186675692,7.100815145,8.295165394,-1.1943502489999993,-0.5937407083633917,0.0772841399839712,-0.6006095406366077,-0.5704306186675693
39161,"Van Wert County, OH",OH,Very Low,20.10178117048346,0.089060313815,0.08295165394,0.006108659875000005,Very Low,elastic_net,-0.0047420055766914234,0.0017858229376574736,0.01085066545169143,-0.005212502600229476,8.9060313815,8.295165394,0.6108659875000005,-0.4742005576691423,0.17858229376574736,1.085066545169143,-0.5212502600229476
39163,"Vinton County, OH",OH,Very Low,11.80025445292621,0.09279581248,0.08295165394,0.009844158540000009,Very Low,elastic_net,0.007773292379680471,8.836346468157673e-05,0.0020708661603195374,0.006612262822998734,9.279581248,8.295165394,0.9844158540000009,0.7773292379680471,0.008836346468157672,0.20708661603195375,0.6612262822998735
39175,"Wyandot County, OH",OH,Very Low,17.39821882951654,0.038967506285,0.08295165394,-0.04398414765499999,Very Low,elastic_net,-0.006982776628900501,0.0015484934105000593,-0.03700137102609949,-0.00684909856891474,3.8967506285,8.295165394,-4.398414765499999,-0.6982776628900501,0.15484934105000592,-3.7001371026099488,-0.684909856891474
40005,"Atoka County, OK",OK,Very Low,30.407124681933844,0.1285252554,0.08295165394,0.045573601460000016,Very Low,elastic_net,0.01982417731493433,0.0030539447082794666,0.025749424145065685,0.023167128334970435,12.85252554,8.295165394,4.5573601460000015,1.982417731493433,0.3053944708279467,2.5749424145065687,2.3167128334970437
40011,"Blaine County, OK",OK,Very Low,32.347328244274806,0.1120128883,0.08295165394,0.029061234360000007,Very Low,elastic_net,-0.000332725959427004,0.0035693713210055576,0.029393960319427013,-0.0002643120297434766,11.20128883,8.295165394,2.9061234360000006,-0.0332725959427004,0.3569371321005558,2.9393960319427013,-0.026431202974347662
40029,"Coal County, OK",OK,Very Low,32.410941475826974,0.18819714645,0.08295165394,0.10524549251,Very Low,elastic_net,0.017659218972411288,0.0027568836496633894,0.08758627353758872,0.020766725215252854,18.819714644999998,8.295165394,10.524549251,1.7659218972411288,0.2756883649663389,8.758627353758872,2.0766725215252855
40033,"Cotton County, OK",OK,Very Low,4.89821882951654,0.2018796992,0.08295165394,0.11892804526000002,Very Low,elastic_net,0.0006807450815337355,0.0018887960445328241,0.11824730017846628,0.0003246084053870179,20.18796992,8.295165394,11.892804526000003,0.06807450815337354,0.18887960445328242,11.824730017846628,0.03246084053870179
40045,"Ellis County, OK",OK,Very Low,24.77735368956743,0.1320754717,0.08295165394,0.04912381776000001,Very Low,elastic_net,-0.005938088346769041,0.0015939212129692374,0.055061906106769046,-0.006155565782890251,13.20754717,8.295165394,4.912381776000001,-0.593808834676904,0.15939212129692373,5.506190610676905,-0.6155565782890251
40053,"Grant County, OK",OK,Very Low,27.767175572519083,0.15034030815,0.08295165394,0.06738865421,Very Low,elastic_net,-0.0006588195009998854,0.0033444247171974255,0.06804747371099988,-0.00031533879895278443,15.034030815,8.295165394,6.738865421,-0.06588195009998854,0.33444247171974256,6.804747371099988,-0.03153387989527844
40055,"Greer County, OK",OK,Very Low,17.080152671755723,0.040764453435,0.08295165394,-0.042187200504999994,Very Low,elastic_net,0.003945595265104974,0.0012891366776046158,-0.04613279577010497,0.0033565869198242506,4.0764453435,8.295165394,-4.218720050499999,0.3945595265104974,0.1289136677604616,-4.613279577010497,0.33565869198242504
40061,"Haskell County, OK",OK,Very Low,30.50254452926209,0.07737631338,0.08295165394,-0.005575340559999989,Very Low,elastic_net,0.009192995004108506,0.0016109485393547215,-0.014768335564108495,0.008741943604686372,7.737631338000001,8.295165394,-0.5575340559999988,0.9192995004108506,0.16109485393547215,-1.4768335564108495,0.8741943604686373
40063,"Hughes County, OK",OK,Very Low,34.033078880407125,0.01340336082485,0.08295165394,-0.06954829311515,Very Low,elastic_net,0.004247312742098036,0.0034655552028626728,-0.07379560585724804,0.0005262348404780376,1.3403360824850001,8.295165394,-6.954829311515,0.4247312742098036,0.3465555202862673,-7.3795605857248034,0.052623484047803766
40067,"Jefferson County, OK",OK,Very Low,20.896946564885496,0.010386039557,0.08295165394,-0.072565614383,Very Low,elastic_net,0.017980736848085082,0.0022820701982673016,-0.09054635123108508,0.01848976008445603,1.0386039557,8.295165394,-7.2565614382999994,1.7980736848085082,0.22820701982673017,-9.054635123108508,1.848976008445603
40069,"Johnston County, OK",OK,Very Low,25.38167938931298,0.20858370275,0.08295165394,0.12563204881,Very Low,elastic_net,0.01843031244636342,0.004674791972548765,0.10720173636363658,0.020051532237768975,20.858370275,8.295165394,12.563204881,1.843031244636342,0.46747919725487647,10.720173636363658,2.0051532237768974
40075,"Kiowa County, OK",OK,Very Low,35.782442748091604,-0.0056763037825,0.08295165394,-0.0886279577225,Very Low,elastic_net,0.01438501498169549,0.0011313687883434942,-0.10301297270419549,0.012966929653990846,-0.5676303782500001,8.295165394,-8.86279577225,1.438501498169549,0.11313687883434942,-10.301297270419548,1.2966929653990846
40077,"Latimer County, OK",OK,Very Low,34.63740458015267,0.10672761659999999,0.08295165394,0.023775962659999997,Very Low,elastic_net,0.0038932239732167423,0.0013714793841669575,0.019882738686783256,0.00320804812444046,10.672761659999999,8.295165394,2.377596266,0.38932239732167423,0.13714793841669576,1.9882738686783257,0.320804812444046
40085,"Love County, OK",OK,Very Low,21.119592875318066,0.14136875,0.08295165394,0.05841709605999999,Very Low,elastic_net,0.003960577059124406,0.0017927242334092033,0.054456519000875586,0.004717339543202287,14.136874999999998,8.295165394,5.841709605999999,0.39605770591244055,0.17927242334092033,5.445651900087559,0.4717339543202287
40093,"Major County, OK",OK,Very Low,34.19211195928753,0.07393640232,0.08295165394,-0.009015251619999998,Very Low,elastic_net,-0.003950623151035494,0.002668579018665397,-0.005064628468964503,-0.004109106500209176,7.393640232,8.295165394,-0.9015251619999998,-0.39506231510354944,0.2668579018665397,-0.5064628468964504,-0.4109106500209176
40099,"Murray County, OK",OK,Very Low,32.538167938931295,0.10471843245,0.08295165394,0.02176677851,Very Low,elastic_net,-0.0016782152898302295,0.0025715903746422702,0.02344499379983023,-0.005060453960676812,10.471843244999999,8.295165394,2.176677851,-0.16782152898302294,0.257159037464227,2.344499379983023,-0.5060453960676812
40105,"Nowata County, OK",OK,Very Low,40.776081424936386,0.016141055379999998,0.08295165394,-0.06681059855999999,Very Low,elastic_net,0.0012328053551271887,0.000996485138531055,-0.06804340391512718,-0.0011846449660176527,1.6141055379999998,8.295165394,-6.681059855999999,0.12328053551271888,0.0996485138531055,-6.804340391512718,-0.11846449660176527
40107,"Okfuskee County, OK",OK,Very Low,40.394402035623415,0.06223211948,0.08295165394,-0.020719534459999994,Very Low,elastic_net,0.01111491141462203,0.0020842845463954836,-0.031834445874622024,0.010125122077409265,6.223211948,8.295165394,-2.0719534459999993,1.1114911414622028,0.20842845463954837,-3.183444587462202,1.0125122077409265
40127,"Pushmataha County, OK",OK,Very Low,32.79262086513995,0.009610791769999998,0.08295165394,-0.07334086216999999,Very Low,elastic_net,0.01931945428356149,0.0004900761268899818,-0.09266031645356149,0.017893722772480965,0.9610791769999998,8.295165394,-7.334086216999999,1.931945428356149,0.04900761268899818,-9.266031645356149,1.7893722772480964
40129,"Roger Mills County, OK",OK,Very Low,23.18702290076336,-0.020043466965,0.08295165394,-0.10299512090499999,Very Low,elastic_net,0.0021583857096895936,0.004756319138689982,-0.10515350661468958,-0.0008658787428219479,-2.0043466965,8.295165394,-10.299512090499999,0.21583857096895936,0.4756319138689982,-10.515350661468958,-0.08658787428219479
40141,"Tillman County, OK",OK,Very Low,13.42239185750636,0.10613446339999999,0.08295165394,0.023182809459999995,Very Low,elastic_net,0.00770361516655713,0.0011152486521585118,0.015479194293442865,0.007047575253893675,10.61344634,8.295165394,2.3182809459999993,0.770361516655713,0.11152486521585117,1.5479194293442866,0.7047575253893674
40149,"Washita County, OK",OK,Very Low,31.93384223918575,0.096355476325,0.08295165394,0.013403822385,Very Low,elastic_net,-0.005791845057623442,0.0010591392469745612,0.01919566744262344,-0.006338430539923204,9.6355476325,8.295165394,1.3403822385,-0.5791845057623441,0.10591392469745611,1.919566744262344,-0.6338430539923204
40153,"Woodward County, OK",OK,Very Low,41.63486005089059,0.02304640538,0.08295165394,-0.05990524856,Very Low,elastic_net,-0.005525249227267946,0.0006699899007490585,-0.054379999332732055,-0.008103469898649272,2.304640538,8.295165394,-5.9905248559999995,-0.5525249227267947,0.06699899007490585,-5.437999933273206,-0.8103469898649271
41013,"Crook County, OR",OR,Very Low,33.587786259541986,0.09326038523499999,0.08295165394,0.010308731294999998,Very Low,elastic_net,0.013379214220677694,0.003972014811376878,-0.0030704829256776953,0.013447702053757265,9.3260385235,8.295165394,1.0308731294999998,1.3379214220677693,0.39720148113768783,-0.30704829256776955,1.3447702053757264
41021,"Gilliam County, OR",OR,Very Low,2.735368956743003,0.03447771898,0.08295165394,-0.04847393495999999,Very Low,elastic_net,0.010172003282972185,0.003946930388286737,-0.05864593824297218,0.00996570867767547,3.447771898,8.295165394,-4.847393496,1.0172003282972184,0.39469303882867374,-5.864593824297218,0.996570867767547
41023,"Grant County, OR",OR,Very Low,32.12468193384224,0.041767947885000004,0.08295165394,-0.04118370605499999,Very Low,elastic_net,0.006249634529862838,0.0021600830254236755,-0.04743334058486283,0.003914463059342386,4.1767947885000005,8.295165394,-4.118370605499999,0.6249634529862838,0.21600830254236755,-4.743334058486283,0.3914463059342386
41027,"Hood River County, OR",OR,Very Low,32.06106870229007,0.061488412125,0.08295165394,-0.021463241814999992,Very Low,elastic_net,-0.010342110907415958,0.0017947097369663582,-0.011121130907584034,-0.011208254348729298,6.148841212500001,8.295165394,-2.1463241814999994,-1.0342110907415958,0.1794709736966358,-1.1121130907584034,-1.1208254348729298
41031,"Jefferson County, OR",OR,Very Low,29.866412213740457,0.10814530894999999,0.08295165394,0.025193655009999996,Very Low,elastic_net,0.0036230869395828765,0.004206904721463331,0.02157056807041712,0.005741340127452773,10.814530894999999,8.295165394,2.519365501,0.36230869395828763,0.4206904721463331,2.157056807041712,0.5741340127452773
41037,"Lake County, OR",OR,Very Low,19.083969465648856,0.15033532935,0.08295165394,0.06738367541,Very Low,elastic_net,0.008074558742585801,0.004403182885397596,0.059309116667414195,0.008203284158271687,15.033532934999998,8.295165394,6.738367541,0.8074558742585801,0.4403182885397596,5.9309116667414195,0.8203284158271688
41045,"Malheur County, OR",OR,Very Low,34.764631043257,0.11547210205,0.08295165394,0.03252044811,Very Low,elastic_net,0.00894243839096741,0.0028654157206007623,0.023578009719032594,0.010903434946597809,11.547210204999999,8.295165394,3.252044811,0.894243839096741,0.28654157206007624,2.3578009719032593,1.090343494659781
41049,"Morrow County, OR",OR,Very Low,26.3676844783715,0.08051387407999999,0.08295165394,-0.002437779860000003,Very Low,elastic_net,-0.00013471906616553537,0.002035262153821214,-0.0023030607938344673,0.0014441518452242633,8.051387408,8.295165394,-0.24377798600000028,-0.013471906616553536,0.2035262153821214,-0.23030607938344674,0.14441518452242633
41063,"Wallowa County, OR",OR,Very Low,33.969465648854964,0.11008685525,0.08295165394,0.02713520131000001,Very Low,elastic_net,0.0011930741491422753,0.0010765681188590458,0.025942127160857736,-0.0005713197233957283,11.008685525,8.295165394,2.713520131000001,0.11930741491422753,0.10765681188590459,2.5942127160857735,-0.05713197233957283
42023,"Cameron County, PA",PA,Very Low,12.627226463104327,0.057964159315,0.08295165394,-0.024987494624999995,Very Low,elastic_net,-0.002693538775050441,0.0052462456597222075,-0.022293955849949552,-0.004459387478295534,5.7964159315,8.295165394,-2.4987494624999993,-0.2693538775050441,0.5246245659722207,-2.2293955849949554,-0.4459387478295534
42031,"Clarion County, PA",PA,Very Low,30.025445292620866,0.08733485539,0.08295165394,0.004383201449999999,Very Low,elastic_net,0.005984637386943911,0.00044494762988562517,-0.0016014359369439122,0.006918897560277906,8.733485539,8.295165394,0.4383201449999999,0.5984637386943911,0.04449476298856252,-0.1601435936943912,0.6918897560277906
42053,"Forest County, PA",PA,Very Low,19.91094147582697,0.1069191945,0.08295165394,0.02396754056,Very Low,elastic_net,0.03908224441630188,0.015703781170324765,-0.015114703856301877,0.04344380450934745,10.69191945,8.295165394,2.396754056,3.9082244416301877,1.5703781170324764,-1.5114703856301877,4.344380450934745
42057,"Fulton County, PA",PA,Very Low,7.760814249363868,0.03430415756,0.08295165394,-0.048647496379999995,Very Low,elastic_net,-0.004466098465337016,0.0016942247157393925,-0.04418139791466298,-0.005594529942133879,3.430415756,8.295165394,-4.864749637999999,-0.4466098465337016,0.16942247157393925,-4.418139791466298,-0.5594529942133879
42067,"Juniata County, PA",PA,Very Low,38.80407124681934,0.06350982058,0.08295165394,-0.019441833359999994,Very Low,elastic_net,-0.009504172038749308,0.0002701969009103092,-0.009937661321250686,-0.008865137531124726,6.3509820580000005,8.295165394,-1.9441833359999994,-0.9504172038749308,0.027019690091030918,-0.9937661321250686,-0.8865137531124726
42093,"Montour County, PA",PA,Very Low,14.662849872773537,0.050447063535,0.08295165394,-0.03250459040499999,Very Low,elastic_net,-0.011476770306086286,0.0038843688413114446,-0.021027820098913706,-0.012573162101964587,5.0447063535000005,8.295165394,-3.250459040499999,-1.1476770306086286,0.38843688413114447,-2.1027820098913708,-1.2573162101964586
42105,"Potter County, PA",PA,Very Low,28.148854961832058,0.06381721578,0.08295165394,-0.01913443815999999,Very Low,elastic_net,0.0010327507902976464,0.002399587319398287,-0.020167188950297635,0.002041104510512227,6.3817215780000005,8.295165394,-1.913443815999999,0.10327507902976464,0.23995873193982867,-2.0167188950297636,0.2041104510512227
42113,"Sullivan County, PA",PA,Very Low,10.71882951653944,0.051035940965,0.08295165394,-0.031915712974999996,Very Low,elastic_net,-0.005298386744813828,0.0045650964648636565,-0.02661732623018617,-0.006509634739311168,5.1035940965,8.295165394,-3.1915712974999995,-0.5298386744813828,0.45650964648636566,-2.661732623018617,-0.6509634739311168
44001,"Bristol County, RI",RI,Very Low,19.40203562340967,0.06730409644,0.08295165394,-0.015647557499999992,Very Low,elastic_net,-0.02444629990931089,0.001719205175164693,0.0087987424093109,-0.027305977011730605,6.730409644,8.295165394,-1.5647557499999993,-2.444629990931089,0.1719205175164693,0.8798742409310899,-2.7305977011730604
44005,"Newport County, RI",RI,Very Low,36.418575063613225,0.08415714456500001,0.08295165394,0.0012054906250000136,Very Low,elastic_net,-0.023611045996680197,0.007569617825844159,0.02481653662168021,-0.028835743545541897,8.415714456500002,8.295165394,0.12054906250000136,-2.3611045996680198,0.7569617825844159,2.481653662168021,-2.88357435455419
45037,"Edgefield County, SC",SC,Very Low,21.978371501272264,0.08615068079999999,0.08295165394,0.0031990268599999955,Very Low,elastic_net,0.009062977501705394,0.0018151597141539857,-0.005863950641705399,0.00988228302579819,8.615068079999999,8.295165394,0.31990268599999955,0.9062977501705394,0.18151597141539857,-0.5863950641705399,0.9882283025798191
45061,"Lee County, SC",SC,Very Low,35.973282442748086,0.15546578255,0.08295165394,0.07251412860999999,Very Low,elastic_net,0.026887815214361704,0.0031459017661957566,0.04562631339563829,0.028180605015531192,15.546578254999998,8.295165394,7.2514128609999995,2.6887815214361703,0.31459017661957567,4.562631339563829,2.818060501553119
45065,"McCormick County, SC",SC,Very Low,9.541984732824428,0.11829200249999999,0.08295165394,0.03534034856,Very Low,elastic_net,0.010594121878234388,0.004918259087513569,0.024746226681765612,0.009546235530412926,11.82920025,8.295165394,3.534034856,1.0594121878234388,0.4918259087513569,2.4746226681765613,0.9546235530412925
46009,"Bon Homme County, SD",SD,Very Low,10.846055979643767,0.06344575249000001,0.08295165394,-0.019505901449999988,Very Low,elastic_net,0.00457462620446203,0.004495391955459455,-0.024080527654462017,0.0051167459429203605,6.344575249000001,8.295165394,-1.9505901449999987,0.457462620446203,0.4495391955459455,-2.4080527654462016,0.5116745942920361
46019,"Butte County, SD",SD,Very Low,23.25063613231552,0.089066688815,0.08295165394,0.006115034875000008,Very Low,elastic_net,0.006450343470782045,0.0031719965065334795,-0.00033530859578203686,0.007454157447602921,8.9066688815,8.295165394,0.6115034875000008,0.6450343470782045,0.31719965065334793,-0.03353085957820369,0.7454157447602922
46027,"Clay County, SD",SD,Very Low,20.451653944020357,0.06812376556,0.08295165394,-0.014827888380000001,Very Low,elastic_net,-0.0047539524547099725,0.0024930144990497646,-0.010073935925290028,-0.004040296875421797,6.812376555999999,8.295165394,-1.482788838,-0.47539524547099726,0.24930144990497646,-1.0073935925290027,-0.4040296875421797
46033,"Custer County, SD",SD,Very Low,16.348600508905854,0.1043325172,0.08295165394,0.021380863260000008,Very Low,elastic_net,0.009510300856654079,0.0013010591221520734,0.011870562403345929,0.007413815128809615,10.43325172,8.295165394,2.1380863260000007,0.9510300856654078,0.13010591221520734,1.187056240334593,0.7413815128809614
46035,"Davison County, SD",SD,Very Low,39.24936386768448,0.062522564945,0.08295165394,-0.020429088994999997,Very Low,elastic_net,-0.008809443227773847,0.00032920629151017496,-0.01161964576722615,-0.007128447439820683,6.2522564945,8.295165394,-2.0429088994999995,-0.8809443227773847,0.0329206291510175,-1.161964576722615,-0.7128447439820683
46037,"Day County, SD",SD,Very Low,27.639949109414758,0.1630952381,0.08295165394,0.08014358416000002,Very Low,elastic_net,-0.00017719658388807097,0.002792210970673908,0.08032078074388808,0.0006675124936134991,16.30952381,8.295165394,8.014358416000002,-0.017719658388807097,0.2792210970673908,8.032078074388808,0.06675124936134991
46039,"Deuel County, SD",SD,Very Low,6.870229007633588,0.10203301219,0.08295165394,0.01908135825,Very Low,elastic_net,-0.007735821834062205,0.00040029258185333023,0.026817180084062205,-0.006853284901370512,10.203301219,8.295165394,1.908135825,-0.7735821834062205,0.040029258185333025,2.6817180084062207,-0.6853284901370512
46045,"Edmunds County, SD",SD,Very Low,6.965648854961833,0.2881955824,0.08295165394,0.20524392846,Very Low,elastic_net,-0.00636273798431227,0.004796487298928251,0.21160666644431228,0.0004490873443741114,28.81955824,8.295165394,20.524392846,-0.636273798431227,0.47964872989282514,21.160666644431227,0.04490873443741114
46047,"Fall River County, SD",SD,Very Low,30.916030534351147,0.1259034966,0.08295165394,0.04295184266,Very Low,elastic_net,0.00704223693752857,0.0008889408375223488,0.035909605722471434,0.007453152134446203,12.59034966,8.295165394,4.295184266000001,0.704223693752857,0.08889408375223488,3.5909605722471434,0.7453152134446203
46051,"Grant County, SD",SD,Very Low,18.893129770992367,0.015548331171000001,0.08295165394,-0.06740332276899999,Very Low,elastic_net,-0.009750462694194969,0.00246870896262237,-0.057652860074805024,-0.010426834275953038,1.5548331171,8.295165394,-6.740332276899999,-0.9750462694194969,0.246870896262237,-5.765286007480502,-1.0426834275953039
46057,"Hamlin County, SD",SD,Very Low,9.987277353689567,-0.007873334538,0.08295165394,-0.090824988478,Very Low,elastic_net,-0.0033852104440324146,0.0013189869882810315,-0.08743977803396757,-0.00392438130392066,-0.7873334538,8.295165394,-9.0824988478,-0.3385210444032415,0.13189869882810315,-8.743977803396758,-0.392438130392066
46065,"Hughes County, SD",SD,Very Low,16.475826972010175,0.027367451634999998,0.08295165394,-0.055584202305,Very Low,elastic_net,-0.01298248607191947,0.002670807480392531,-0.042601716233080525,-0.016595566780446117,2.7367451634999997,8.295165394,-5.5584202304999994,-1.298248607191947,0.26708074803925314,-4.260171623308053,-1.6595566780446116
46079,"Lake County, SD",SD,Very Low,32.63358778625955,0.061282859325,0.08295165394,-0.021668794614999994,Very Low,elastic_net,-0.014055519259350705,0.0010483672228518513,-0.007613275355649289,-0.015648764468296977,6.1282859325,8.295165394,-2.1668794614999993,-1.4055519259350704,0.10483672228518512,-0.7613275355649288,-1.5648764468296976
46101,"Moody County, SD",SD,Very Low,26.94020356234097,0.11273176139999999,0.08295165394,0.029780107459999997,Very Low,elastic_net,-0.007867336105058896,0.004370941115859262,0.03764744356505889,-0.007160506566499173,11.273176139999999,8.295165394,2.978010746,-0.7867336105058896,0.4370941115859262,3.764744356505889,-0.7160506566499173
46109,"Roberts County, SD",SD,Very Low,37.786259541984734,0.1513212424,0.08295165394,0.06836958846,Very Low,elastic_net,-0.0019920315831500383,0.004067421264693258,0.07036162004315004,-0.002959010044627267,15.13212424,8.295165394,6.836958846000001,-0.19920315831500382,0.4067421264693258,7.0361620043150035,-0.2959010044627267
46125,"Turner County, SD",SD,Very Low,23.982188295165393,0.092233023785,0.08295165394,0.009281369845000012,Very Low,elastic_net,-0.0032939091235486373,0.0018381079454118576,0.01257527896854865,-0.002079331221481689,9.223302378500001,8.295165394,0.9281369845000011,-0.32939091235486373,0.18381079454118576,1.2575278968548649,-0.20793312214816892
46127,"Union County, SD",SD,Very Low,37.11832061068702,0.081818210985,0.08295165394,-0.0011334429549999941,Very Low,elastic_net,-0.00992782896046248,0.0070337263576545125,0.008794386005462486,-0.0033661320017788245,8.1818210985,8.295165394,-0.11334429549999941,-0.992782896046248,0.7033726357654513,0.8794386005462486,-0.33661320017788243
47005,"Benton County, TN",TN,Very Low,39.05852417302799,0.10832890605,0.08295165394,0.025377252110000012,Very Low,elastic_net,0.01414071101693031,0.0023200914911363176,0.011236541093069702,0.012092762529247457,10.832890605000001,8.295165394,2.537725211000001,1.414071101693031,0.23200914911363177,1.1236541093069703,1.2092762529247456
47007,"Bledsoe County, TN",TN,Very Low,24.141221374045802,0.10516849425,0.08295165394,0.02221684031,Very Low,elastic_net,0.013783172268298763,0.0040081917613386505,0.008433668041701236,0.018024117826381095,10.516849425,8.295165394,2.221684031,1.3783172268298762,0.40081917613386503,0.8433668041701237,1.8024117826381094
47015,"Cannon County, TN",TN,Very Low,22.900763358778626,0.094403383955,0.08295165394,0.011451730015000008,Very Low,elastic_net,0.005816252572989788,0.0005818480857412004,0.005635477442010221,0.007898309757858277,9.4403383955,8.295165394,1.1451730015000008,0.5816252572989787,0.05818480857412004,0.563547744201022,0.7898309757858277
47027,"Clay County, TN",TN,Very Low,13.295165394402037,0.1334120425,0.08295165394,0.05046038856,Very Low,elastic_net,0.016985585345505125,0.0015823349681986676,0.03347480321449488,0.018450713725595844,13.341204249999999,8.295165394,5.046038856,1.6985585345505125,0.15823349681986676,3.347480321449488,1.8450713725595844
47039,"Decatur County, TN",TN,Very Low,38.42239185750636,0.1176317481,0.08295165394,0.03468009416000001,Very Low,elastic_net,0.012131792940575264,0.0012428861562599472,0.022548301219424742,0.012109100129252714,11.76317481,8.295165394,3.468009416000001,1.2131792940575263,0.12428861562599472,2.254830121942474,1.2109100129252715
47041,"DeKalb County, TN",TN,Very Low,25.47709923664122,0.11133058955,0.08295165394,0.028378935610000003,Very Low,elastic_net,0.014450144743367267,0.004621213124112834,0.013928790866632736,0.015255963671022967,11.133058955,8.295165394,2.8378935610000005,1.4450144743367266,0.46212131241128335,1.3928790866632736,1.5255963671022967
47049,"Fentress County, TN",TN,Very Low,28.435114503816795,0.13216090255,0.08295165394,0.04920924860999999,Very Low,elastic_net,0.018982222175401613,0.00192231628045934,0.03022702643459838,0.02067729264412372,13.216090255,8.295165394,4.920924861,1.8982222175401613,0.19223162804593402,3.022702643459838,2.067729264412372
47057,"Grainger County, TN",TN,Very Low,18.606870229007633,0.09105131047000001,0.08295165394,0.008099656530000013,Very Low,elastic_net,0.014228036038360337,0.002534906576056781,-0.006128379508360324,0.015224055052621631,9.105131047,8.295165394,0.8099656530000012,1.4228036038360337,0.25349065760567807,-0.6128379508360324,1.5224055052621632
47061,"Grundy County, TN",TN,Very Low,34.25572519083969,0.14432574225,0.08295165394,0.061374088310000005,Very Low,elastic_net,0.015451496633625118,0.0008608287639816124,0.045922591676374885,0.0179212404966267,14.432574225,8.295165394,6.137408831,1.5451496633625117,0.08608287639816123,4.592259167637488,1.79212404966267
47067,"Hancock County, TN",TN,Very Low,11.927480916030534,-0.016029808649,0.08295165394,-0.098981462589,Very Low,elastic_net,0.025272605350015697,0.0015179138080085245,-0.1242540679390157,0.021261605090072012,-1.6029808649,8.295165394,-9.898146258899999,2.5272605350015698,0.15179138080085244,-12.425406793901569,2.1261605090072013
47083,"Houston County, TN",TN,Very Low,13.104325699745548,0.1235923322,0.08295165394,0.04064067826000001,Very Low,elastic_net,0.014136709043261949,0.002477620836257548,0.02650396921673806,0.015484812825973134,12.35923322,8.295165394,4.0640678260000005,1.4136709043261948,0.24776208362575478,2.650396921673806,1.5484812825973133
47087,"Jackson County, TN",TN,Very Low,22.519083969465647,0.08038844546,0.08295165394,-0.0025632084799999955,Very Low,elastic_net,0.019283744414434163,0.0006107629485692812,-0.021846952894434158,0.018281494656488487,8.038844546,8.295165394,-0.25632084799999955,1.9283744414434163,0.06107629485692812,-2.184695289443416,1.8281494656488488
47091,"Johnson County, TN",TN,Very Low,28.18066157760814,0.11141456394999999,0.08295165394,0.028462910009999995,Very Low,elastic_net,0.016194926609095637,0.0014438927669218227,0.012267983400904358,0.01781507654623977,11.141456394999999,8.295165394,2.8462910009999995,1.6194926609095637,0.14438927669218227,1.2267983400904359,1.7815076546239772
47101,"Lewis County, TN",TN,Very Low,13.931297709923665,0.1383764652,0.08295165394,0.05542481126,Very Low,elastic_net,0.014422819049328366,0.0015560257828455915,0.041001992210671634,0.014895596386380557,13.83764652,8.295165394,5.542481126,1.4422819049328366,0.15560257828455915,4.100199221067164,1.4895596386380556
47111,"Macon County, TN",TN,Very Low,34.57379134860051,0.10472727915,0.08295165394,0.02177562521000001,Very Low,elastic_net,0.018614137856100384,0.0032857930689195003,0.003161487353899626,0.020018510972738397,10.472727915,8.295165394,2.177562521000001,1.8614137856100383,0.32857930689195003,0.3161487353899626,2.0018510972738395
47121,"Meigs County, TN",TN,Very Low,12.72264631043257,0.081945159595,0.08295165394,-0.0010064943449999975,Very Low,elastic_net,0.015581124778815155,0.0032965821699011922,-0.01658761912381515,0.015105936474665937,8.1945159595,8.295165394,-0.10064943449999975,1.5581124778815154,0.3296582169901192,-1.658761912381515,1.5105936474665937
47127,"Moore County, TN",TN,Very Low,9.923664122137405,0.056704129895,0.08295165394,-0.026247524044999998,Very Low,elastic_net,0.002466379185160725,0.0019799254013652626,-0.028713903230160723,0.0014357953230068527,5.6704129895,8.295165394,-2.6247524044999997,0.24663791851607253,0.19799254013652626,-2.8713903230160724,0.14357953230068526
47129,"Morgan County, TN",TN,Very Low,19.052162849872772,0.12510490824999998,0.08295165394,0.042153254309999985,Very Low,elastic_net,0.011342372295668037,0.003715797205133003,0.03081088201433195,0.01409256085622975,12.510490824999998,8.295165394,4.215325430999998,1.1342372295668037,0.3715797205133003,3.081088201433195,1.409256085622975
47133,"Overton County, TN",TN,Very Low,22.232824427480917,0.101702023845,0.08295165394,0.01875036990500001,Very Low,elastic_net,0.01574503245048801,0.0019507909839806266,0.0030053374545119978,0.0190066974805294,10.1702023845,8.295165394,1.8750369905000008,1.574503245048801,0.19507909839806264,0.30053374545119976,1.90066974805294
47135,"Perry County, TN",TN,Very Low,33.396946564885496,0.2052208208,0.08295165394,0.12226916686000001,Very Low,elastic_net,0.012186902540241079,0.0010872646620329733,0.11008226431975894,0.012852939840086277,20.52208208,8.295165394,12.226916686000001,1.2186902540241078,0.10872646620329733,11.008226431975894,1.2852939840086277
47137,"Pickett County, TN",TN,Very Low,4.611959287531807,0.05487371982,0.08295165394,-0.028077934119999995,Very Low,elastic_net,0.010261710520501838,0.0017090972445257813,-0.03833964464050183,0.008570477421731879,5.487371982,8.295165394,-2.8077934119999997,1.0261710520501839,0.17090972445257813,-3.833964464050183,0.8570477421731879
47139,"Polk County, TN",TN,Very Low,31.170483460559794,0.09754329819,0.08295165394,0.014591644250000008,Very Low,elastic_net,0.010618396179293893,0.0011137425187608982,0.003973248070706115,0.011023644646533454,9.754329819,8.295165394,1.4591644250000009,1.0618396179293892,0.11137425187608982,0.3973248070706115,1.1023644646533455
47151,"Scott County, TN",TN,Very Low,26.11323155216285,0.1104443534,0.08295165394,0.027492699460000006,Very Low,elastic_net,0.01854200816610239,0.0012995921793917686,0.008950691293897615,0.018087250489628153,11.04443534,8.295165394,2.7492699460000005,1.854200816610239,0.12995921793917686,0.8950691293897615,1.8087250489628153
47159,"Smith County, TN",TN,Very Low,18.765903307888042,0.092553233125,0.08295165394,0.009601579185,Very Low,elastic_net,0.014589208278493623,0.004121544777570921,-0.004987629093493623,0.014619161979211967,9.2553233125,8.295165394,0.9601579185,1.4589208278493624,0.41215447775709213,-0.4987629093493623,1.4619161979211968
47161,"Stewart County, TN",TN,Very Low,29.357506361323153,0.079487000055,0.08295165394,-0.003464653884999988,Very Low,elastic_net,0.01672053263577763,0.002191069343981977,-0.02018518652077762,0.01695014352773781,7.948700005500001,8.295165394,-0.3464653884999988,1.6720532635777632,0.2191069343981977,-2.018518652077762,1.6950143527737809
47169,"Trousdale County, TN",TN,Very Low,6.106870229007633,0.078751085005,0.08295165394,-0.004200568934999996,Very Low,elastic_net,0.03671279225799159,0.002631870984043581,-0.04091336119299158,0.03943635315110458,7.8751085005,8.295165394,-0.4200568934999996,3.6712792257991587,0.2631870984043581,-4.091336119299158,3.943635315110458
47171,"Unicoi County, TN",TN,Very Low,10.591603053435113,0.079723696805,0.08295165394,-0.003227957135000001,Very Low,elastic_net,0.00896725018281313,0.001311261316441795,-0.012195207317813131,0.008288178454710056,7.972369680499999,8.295165394,-0.3227957135000001,0.896725018281313,0.1311261316441795,-1.219520731781313,0.8288178454710057
47173,"Union County, TN",TN,Very Low,12.881679389312978,0.10165478645,0.08295165394,0.018703132510000012,Very Low,elastic_net,0.00839232022301406,0.0009873809717929765,0.010310812286985951,0.010412179026043092,10.165478645,8.295165394,1.8703132510000011,0.839232022301406,0.09873809717929766,1.031081228698595,1.0412179026043091
47175,"Van Buren County, TN",TN,Very Low,2.671755725190839,0.08255966919999999,0.08295165394,-0.0003919847400000037,Very Low,elastic_net,0.014886376580622918,0.003387748165701153,-0.015278361320622921,0.014956126530565968,8.255966919999999,8.295165394,-0.03919847400000037,1.4886376580622918,0.3387748165701153,-1.5278361320622922,1.4956126530565967
47185,"White County, TN",TN,Very Low,38.54961832061068,0.1134018607,0.08295165394,0.03045020676,Very Low,elastic_net,0.01912148091295222,0.0029100082641563985,0.01132872584704778,0.020444491661358703,11.34018607,8.295165394,3.045020676,1.912148091295222,0.29100082641563985,1.132872584704778,2.04444916613587
48003,"Andrews County, TX",TX,Very Low,8.969465648854962,0.03489870937,0.08295165394,-0.04805294456999999,Very Low,elastic_net,-0.013957141994395357,0.005582681717382164,-0.034095802575604635,-0.01407637820806108,3.489870937,8.295165394,-4.805294457,-1.3957141994395357,0.5582681717382164,-3.4095802575604637,-1.407637820806108
48009,"Archer County, TX",TX,Very Low,7.697201017811704,0.09096688725499999,0.08295165394,0.008015233314999995,Very Low,elastic_net,-0.0038285103033817275,0.0021315146165907122,0.011843743618381723,0.00023608698096235555,9.096688725499998,8.295165394,0.8015233314999994,-0.38285103033817275,0.21315146165907123,1.1843743618381724,0.023608698096235555
48011,"Armstrong County, TX",TX,Very Low,20.0381679389313,0.1444573221,0.08295165394,0.06150566816000001,Very Low,elastic_net,-0.01057233102673652,0.0013877286849350824,0.07207799918673653,-0.010639441664114171,14.445732210000001,8.295165394,6.150566816000001,-1.057233102673652,0.13877286849350823,7.207799918673653,-1.063944166411417
48017,"Bailey County, TX",TX,Very Low,42.43002544529262,0.09248873557500001,0.08295165394,0.009537081635000014,Very Low,elastic_net,-0.007463040602539542,0.0031656712470363034,0.017000122237539557,-0.00655171793926085,9.248873557500001,8.295165394,0.9537081635000013,-0.7463040602539542,0.31656712470363035,1.7000122237539557,-0.655171793926085
48031,"Blanco County, TX",TX,Very Low,33.01526717557252,0.06306898343,0.08295165394,-0.019882670509999992,Very Low,elastic_net,0.009291095211321041,0.006302182025103816,-0.029173765721321035,0.008503287273230577,6.306898343,8.295165394,-1.9882670509999991,0.9291095211321041,0.6302182025103815,-2.9173765721321034,0.8503287273230578
48035,"Bosque County, TX",TX,Very Low,36.895674300254456,0.07546547575,0.08295165394,-0.007486178189999998,Very Low,elastic_net,0.004331727840251883,0.00225952314736227,-0.01181790603025188,0.000421580416025358,7.546547575,8.295165394,-0.7486178189999998,0.43317278402518833,0.225952314736227,-1.1817906030251881,0.0421580416025358
48043,"Brewster County, TX",TX,Very Low,21.055979643765905,0.06309148655499999,0.08295165394,-0.019860167385000002,Very Low,elastic_net,0.002073758643443707,0.0037736543840078533,-0.02193392602844371,-0.0025700157227616675,6.3091486555,8.295165394,-1.9860167385000003,0.2073758643443707,0.37736543840078535,-2.1933926028443707,-0.25700157227616677
48051,"Burleson County, TX",TX,Very Low,29.134860050890588,0.054685698095,0.08295165394,-0.028265955844999996,Very Low,elastic_net,0.007375327927848815,0.004122926326929342,-0.03564128377284881,0.005724812100012598,5.4685698095,8.295165394,-2.8265955844999997,0.7375327927848815,0.4122926326929342,-3.564128377284881,0.5724812100012598
48059,"Callahan County, TX",TX,Very Low,14.694656488549619,0.06814157204499999,0.08295165394,-0.014810081895000007,Very Low,elastic_net,0.004733208400078122,0.0016425582199361647,-0.01954329029507813,0.006528369988371736,6.814157204499999,8.295165394,-1.4810081895000007,0.47332084000781216,0.16425582199361646,-1.954329029507813,0.6528369988371736
48063,"Camp County, TX",TX,Very Low,39.344783715012724,0.091888815575,0.08295165394,0.00893716163500001,Very Low,elastic_net,0.009691151745623674,0.0034221915840341177,-0.0007539901106236643,0.010704991344545403,9.1888815575,8.295165394,0.893716163500001,0.9691151745623674,0.34221915840341177,-0.07539901106236643,1.0704991344545403
48065,"Carson County, TX",TX,Very Low,25.222646310432573,0.09989929507,0.08295165394,0.01694764113000001,Very Low,elastic_net,-0.01763213825882752,0.002991689795428899,0.03457977938882753,-0.020118159360437225,9.989929507000001,8.295165394,1.694764113000001,-1.763213825882752,0.2991689795428899,3.457977938882753,-2.0118159360437224
48069,"Castro County, TX",TX,Very Low,34.4147582697201,0.058465311335,0.08295165394,-0.024486342604999996,Very Low,elastic_net,-0.0008884883122825993,0.005932164534094169,-0.023597854292717397,-0.0007374022746830086,5.8465311335,8.295165394,-2.4486342604999995,-0.08884883122825993,0.593216453409417,-2.3597854292717395,-0.07374022746830086
48077,"Clay County, TX",TX,Very Low,14.28117048346056,0.0686697773,0.08295165394,-0.014281876639999996,Very Low,elastic_net,-0.0027497708698740082,0.0005536176967402698,-0.011532105770125988,-0.00218192679534719,6.8669777299999994,8.295165394,-1.4281876639999997,-0.2749770869874008,0.05536176967402698,-1.1532105770125989,-0.218192679534719
48081,"Coke County, TX",TX,Very Low,3.657760814249364,0.1609751935,0.08295165394,0.07802353956000001,Very Low,elastic_net,0.01615340691324214,0.00866043109792161,0.061870132646757864,0.020341366277987324,16.09751935,8.295165394,7.802353956000001,1.615340691324214,0.8660431097921609,6.1870132646757865,2.0341366277987323
48083,"Coleman County, TX",TX,Very Low,20.610687022900763,0.17847788525000002,0.08295165394,0.09552623131000003,Very Low,elastic_net,0.011369365104054424,0.0010553528505401638,0.0841568662059456,0.012975879856074624,17.847788525000002,8.295165394,9.552623131000002,1.1369365104054423,0.10553528505401638,8.41568662059456,1.2975879856074624
48103,"Crane County, TX",TX,Very Low,1.145038167938931,0.05186470897,0.08295165394,-0.031086944969999995,Very Low,elastic_net,-0.010149817554760293,0.003164344501221616,-0.020937127415239704,-0.010456398684092663,5.1864708969999995,8.295165394,-3.1086944969999997,-1.0149817554760294,0.3164344501221616,-2.0937127415239702,-1.0456398684092663
48107,"Crosby County, TX",TX,Very Low,23.727735368956743,0.012381215783,0.08295165394,-0.070570438157,Very Low,elastic_net,0.0020266461388676322,0.002036193222913621,-0.07259708429586763,0.002534813072852865,1.2381215783,8.295165394,-7.057043815699999,0.2026646138867632,0.20361932229136212,-7.259708429586762,0.2534813072852865
48115,"Dawson County, TX",TX,Very Low,38.74045801526718,0.09118134360499999,0.08295165394,0.008229689664999998,Very Low,elastic_net,0.016631718640800843,0.0024309043955652327,-0.008402028975800845,0.01542980122053776,9.1181343605,8.295165394,0.8229689664999997,1.6631718640800843,0.24309043955652326,-0.8402028975800845,1.542980122053776
48119,"Delta County, TX",TX,Very Low,8.9058524173028,0.09646397512,0.08295165394,0.013512321180000009,Very Low,elastic_net,0.006454614000401056,0.0026946036392758634,0.007057707179598953,0.005972023558371818,9.646397512,8.295165394,1.3512321180000009,0.6454614000401055,0.2694603639275863,0.7057707179598953,0.5972023558371818
48127,"Dimmit County, TX",TX,Very Low,35.87786259541985,0.03943723944,0.08295165394,-0.043514414499999994,Very Low,elastic_net,0.010730795438896995,0.0039786353823623765,-0.05424520993889699,0.009138901218511889,3.9437239440000003,8.295165394,-4.351441449999999,1.0730795438896994,0.39786353823623766,-5.424520993889699,0.9138901218511889
48133,"Eastland County, TX",TX,Very Low,41.157760814249365,0.1024176967,0.08295165394,0.01946604276000001,Very Low,elastic_net,0.010167509780199797,0.0003667779262778786,0.009298532979800213,0.013367680752382554,10.24176967,8.295165394,1.946604276000001,1.0167509780199797,0.036677792627787864,0.9298532979800214,1.3367680752382554
48145,"Falls County, TX",TX,Very Low,26.240458015267176,0.10862285925000001,0.08295165394,0.025671205310000014,Very Low,elastic_net,0.014910502609944481,0.0031840725396243474,0.010760702700055533,0.016603838266492442,10.862285925,8.295165394,2.5671205310000014,1.491050260994448,0.31840725396243474,1.0760702700055533,1.660383826649244
48153,"Floyd County, TX",TX,Very Low,30.725190839694655,0.072791851925,0.08295165394,-0.010159802014999997,Very Low,elastic_net,-0.0029439752288552604,0.004278974676844573,-0.007215826786144736,-0.004954294989982281,7.2791851925,8.295165394,-1.0159802014999997,-0.29439752288552606,0.4278974676844573,-0.7215826786144736,-0.4954294989982281
48159,"Franklin County, TX",TX,Very Low,24.80916030534351,0.03224575767,0.08295165394,-0.050705896269999995,Very Low,elastic_net,0.005682485810393279,0.0018529386107045817,-0.056388382080393276,0.004652463533465308,3.224575767,8.295165394,-5.0705896269999995,0.5682485810393278,0.18529386107045817,-5.638838208039328,0.4652463533465308
48169,"Garza County, TX",TX,Very Low,20.006361323155218,0.16147596475,0.08295165394,0.07852431081000001,Very Low,elastic_net,-0.026206140485266576,0.0014482023211920523,0.10473045129526659,-0.022091595067837793,16.147596475,8.295165394,7.8524310810000015,-2.6206140485266576,0.14482023211920522,10.473045129526659,-2.2091595067837795
48175,"Goliad County, TX",TX,Very Low,22.58269720101781,0.05507556583500001,0.08295165394,-0.027876088104999988,Very Low,elastic_net,-0.011998963312705772,0.0032193266563658547,-0.015877124792294216,-0.013566890567479083,5.5075565835,8.295165394,-2.7876088104999988,-1.1998963312705773,0.32193266563658546,-1.5877124792294215,-1.3566890567479082
48193,"Hamilton County, TX",TX,Very Low,12.849872773536896,0.11226731875,0.08295165394,0.029315664810000003,Very Low,elastic_net,0.007970291984800154,0.0025820552991756727,0.021345372825199847,0.012972710148920602,11.226731875,8.295165394,2.9315664810000004,0.7970291984800154,0.2582055299175673,2.1345372825199846,1.29727101489206
48207,"Haskell County, TX",TX,Very Low,11.704834605597965,0.073647606195,0.08295165394,-0.009304047744999988,Very Low,elastic_net,0.009237099900883582,0.002310600715689798,-0.01854114764588357,0.007705109918534888,7.364760619500001,8.295165394,-0.9304047744999988,0.9237099900883582,0.2310600715689798,-1.854114764588357,0.7705109918534888
48237,"Jack County, TX",TX,Very Low,11.38676844783715,0.1052592338,0.08295165394,0.02230757986000001,Very Low,elastic_net,0.0075577157838608395,0.0020609657604605887,0.01474986407613917,0.009499415181119636,10.52592338,8.295165394,2.230757986000001,0.755771578386084,0.20609657604605888,1.474986407613917,0.9499415181119636
48243,"Jeff Davis County, TX",TX,Very Low,2.926208651399491,0.035156125215,0.08295165394,-0.047795528724999994,Very Low,elastic_net,-0.010689291717288543,0.004993260308743027,-0.03710623700771145,-0.014522148055101578,3.5156125215,8.295165394,-4.779552872499999,-1.0689291717288543,0.4993260308743027,-3.710623700771145,-1.4522148055101578
48253,"Jones County, TX",TX,Very Low,37.94529262086514,0.03942439077,0.08295165394,-0.04352726317,Very Low,elastic_net,0.009300900456942705,0.0008928641380701556,-0.052828163626942704,0.01221211839177859,3.942439077,8.295165394,-4.352726317,0.9300900456942705,0.08928641380701556,-5.282816362694271,1.221211839177859
48271,"Kinney County, TX",TX,Very Low,2.194656488549618,0.12939551059999999,0.08295165394,0.04644385665999999,Very Low,elastic_net,0.008402872390920189,0.003577004043605368,0.0380409842690798,0.010471516487439068,12.93955106,8.295165394,4.644385665999999,0.8402872390920189,0.3577004043605368,3.80409842690798,1.0471516487439068
48281,"Lampasas County, TX",TX,Very Low,29.930025445292618,0.05992433701,0.08295165394,-0.023027316929999993,Very Low,elastic_net,0.004483120474511115,0.0023342422169458643,-0.027510437404511107,0.00607268310078189,5.992433701,8.295165394,-2.3027316929999992,0.4483120474511115,0.23342422169458643,-2.7510437404511108,0.607268310078189
48287,"Lee County, TX",TX,Very Low,40.458015267175576,0.078553039055,0.08295165394,-0.004398614884999999,Very Low,elastic_net,0.00014843022508549,0.0010449385244691598,-0.004547045110085489,-0.0005414097349200544,7.8553039055,8.295165394,-0.4398614884999999,0.014843022508549,0.10449385244691597,-0.4547045110085489,-0.05414097349200544
48297,"Live Oak County, TX",TX,Very Low,33.74681933842239,0.10253824780000001,0.08295165394,0.019586593860000015,Very Low,elastic_net,-0.0033094201122375946,0.004202523293279753,0.02289601397223761,-0.0044488706151699,10.25382478,8.295165394,1.9586593860000014,-0.33094201122375944,0.42025232932797524,2.2896013972237608,-0.44488706151699
48305,"Lynn County, TX",TX,Very Low,22.99618320610687,0.1274193811,0.08295165394,0.04446772716000001,Very Low,elastic_net,0.004786708651715005,0.0008766520886461214,0.03968101850828501,0.00841039268380312,12.741938110000001,8.295165394,4.446772716000001,0.4786708651715005,0.08766520886461214,3.968101850828501,0.841039268380312
48307,"McCulloch County, TX",TX,Very Low,10.05089058524173,0.096412134745,0.08295165394,0.013460480805000008,Very Low,elastic_net,0.00692559683397103,0.00197868765883486,0.006534883971028978,0.0091858363531933,9.6412134745,8.295165394,1.3460480805000008,0.692559683397103,0.197868765883486,0.6534883971028977,0.9185836353193301
48313,"Madison County, TX",TX,Very Low,34.891857506361326,0.1078090371,0.08295165394,0.02485738316000001,Very Low,elastic_net,0.015456179247910422,0.0029852110583658354,0.009401203912089588,0.01726467181093392,10.78090371,8.295165394,2.485738316000001,1.5456179247910422,0.29852110583658353,0.9401203912089588,1.726467181093392
48315,"Marion County, TX",TX,Very Low,29.166666666666668,0.055829956289999996,0.08295165394,-0.02712169765,Very Low,elastic_net,0.007690336406297485,0.002159934407794744,-0.034812034056297486,0.004269151284485138,5.582995629,8.295165394,-2.7121697649999996,0.7690336406297485,0.21599344077947438,-3.4812034056297487,0.4269151284485138
48319,"Mason County, TX",TX,Very Low,10.973282442748092,0.02646697405,0.08295165394,-0.05648467988999999,Very Low,elastic_net,0.018231786904059716,0.0024716895344096615,-0.07471646679405972,0.013617593900464143,2.6466974050000003,8.295165394,-5.648467988999999,1.8231786904059715,0.24716895344096615,-7.471646679405971,1.3617593900464142
48333,"Mills County, TX",TX,Very Low,5.597964376590331,0.02252374109,0.08295165394,-0.060427912849999994,Very Low,elastic_net,0.0039155585129098365,0.0003350086745112025,-0.06434347136290983,0.003054088385391872,2.2523741090000002,8.295165394,-6.042791285,0.39155585129098364,0.03350086745112025,-6.434347136290983,0.3054088385391872
48343,"Morris County, TX",TX,Very Low,34.541984732824424,0.05912435496,0.08295165394,-0.023827298979999995,Very Low,elastic_net,0.010558929520878953,0.0007700051218231328,-0.03438622850087895,0.010300231765232502,5.912435496,8.295165394,-2.3827298979999996,1.0558929520878952,0.07700051218231328,-3.438622850087895,1.0300231765232502
48351,"Newton County, TX",TX,Very Low,27.16284987277354,0.2218806105,0.08295165394,0.13892895655999998,Very Low,elastic_net,0.01743622402429933,0.0027279001525626566,0.12149273253570066,0.02163664482211908,22.188061049999998,8.295165394,13.892895655999999,1.743622402429933,0.27279001525626567,12.149273253570065,2.163664482211908
48353,"Nolan County, TX",TX,Very Low,37.849872773536894,0.06335772618499999,0.08295165394,-0.019593927755000004,Very Low,elastic_net,-0.001572926095176897,0.0007797138733995039,-0.018021001659823108,-0.002874694003937084,6.335772618499999,8.295165394,-1.9593927755000005,-0.1572926095176897,0.07797138733995039,-1.8021001659823108,-0.2874694003937084
48357,"Ochiltree County, TX",TX,Very Low,34.86005089058524,0.033861552525,0.08295165394,-0.049090101415,Very Low,elastic_net,-0.001519439807396299,0.004633586645591469,-0.0475706616076037,-0.00197556095422259,3.3861552524999996,8.295165394,-4.9090101415,-0.1519439807396299,0.46335866455914687,-4.7570661607603695,-0.19755609542225902
48377,"Presidio County, TX",TX,Very Low,10.241730279898219,0.08518400787,0.08295165394,0.00223235393,Very Low,elastic_net,0.006772018692555194,0.008465401702680985,-0.004539664762555194,0.0039111866546199265,8.518400787,8.295165394,0.223235393,0.6772018692555194,0.8465401702680986,-0.4539664762555194,0.39111866546199264
48379,"Rains County, TX",TX,Very Low,14.09033078880407,0.09445058537,0.08295165394,0.011498931430000012,Very Low,elastic_net,0.01785595717916736,0.0035209313251721216,-0.0063570257491673485,0.016922859444121974,9.445058537000001,8.295165394,1.1498931430000012,1.785595717916736,0.35209313251721214,-0.6357025749167349,1.6922859444121974
48385,"Real County, TX",TX,Very Low,42.589058524173026,0.091980943915,0.08295165394,0.009029289975000007,Very Low,elastic_net,0.0021535975770089048,0.00982878416174915,0.006875692397991103,-0.0035905714410169355,9.1980943915,8.295165394,0.9029289975000008,0.21535975770089047,0.9828784161749151,0.6875692397991103,-0.35905714410169354
48389,"Reeves County, TX",TX,Very Low,19.147582697201017,0.10278571859999999,0.08295165394,0.019834064659999998,Very Low,elastic_net,0.0006938584024182723,0.005853197091979736,0.019140206257581727,0.0017819343999109028,10.27857186,8.295165394,1.9834064659999997,0.06938584024182723,0.5853197091979736,1.9140206257581727,0.17819343999109027
48391,"Refugio County, TX",TX,Very Low,37.468193384223916,0.08527842021,0.08295165394,0.0023267662700000025,Very Low,elastic_net,0.0005995589357759089,0.0014534342072207351,0.0017272073342240934,-0.0036786356181089577,8.527842021,8.295165394,0.23267662700000025,0.059955893577590895,0.1453434207220735,0.17272073342240934,-0.36786356181089575
48395,"Robertson County, TX",TX,Very Low,29.580152671755727,0.056873230025,0.08295165394,-0.026078423914999996,Very Low,elastic_net,0.00040895138066038804,0.0036341269473478795,-0.026487375295660386,-0.0018137759643156862,5.6873230024999994,8.295165394,-2.6078423914999997,0.040895138066038804,0.36341269473478793,-2.6487375295660387,-0.18137759643156862
48399,"Runnels County, TX",TX,Very Low,26.494910941475823,0.036949279695000004,0.08295165394,-0.04600237424499999,Very Low,elastic_net,0.0011877019960244227,0.0027149260218397426,-0.04719007624102441,0.0003569086455929183,3.6949279695,8.295165394,-4.6002374244999995,0.11877019960244227,0.27149260218397425,-4.719007624102441,0.03569086455929183
48403,"Sabine County, TX",TX,Very Low,22.105597964376592,0.05570036142,0.08295165394,-0.027251292519999998,Very Low,elastic_net,0.019770737777956026,0.0021992553358932774,-0.04702203029795603,0.01761224896385051,5.570036141999999,8.295165394,-2.725129252,1.9770737777956027,0.21992553358932773,-4.702203029795602,1.761224896385051
48405,"San Augustine County, TX",TX,Very Low,17.62086513994911,0.1026201245,0.08295165394,0.019668470560000012,Very Low,elastic_net,0.007158013807505283,0.003676066481457244,0.01251045675249473,0.008938473624620046,10.26201245,8.295165394,1.966847056000001,0.7158013807505282,0.36760664814572436,1.251045675249473,0.8938473624620046
48425,"Somervell County, TX",TX,Very Low,10.814249363867685,0.06288986690000001,0.08295165394,-0.020061787039999987,Very Low,elastic_net,0.0020699148487400257,0.0026291442592136726,-0.022131701888740012,-0.0007526293266371831,6.288986690000001,8.295165394,-2.0061787039999985,0.20699148487400257,0.26291442592136727,-2.213170188874001,-0.07526293266371831
48429,"Stephens County, TX",TX,Very Low,9.223918575063614,0.1561155434,0.08295165394,0.07316388946,Very Low,elastic_net,0.01376532453456128,0.0035268590158240194,0.05939856492543873,0.016158140397397148,15.61155434,8.295165394,7.316388946000001,1.3765324534561278,0.35268590158240193,5.939856492543873,1.6158140397397147
48435,"Sutton County, TX",TX,Very Low,7.061068702290077,0.07029147133,0.08295165394,-0.012660182610000001,Very Low,elastic_net,-0.0020591624731130832,0.0035256743939484484,-0.010601020136886918,-0.010888494582765465,7.0291471329999995,8.295165394,-1.2660182610000001,-0.2059162473113083,0.35256743939484486,-1.0601020136886918,-1.0888494582765464
48437,"Swisher County, TX",TX,Very Low,37.43638676844784,0.095523947755,0.08295165394,0.01257229381500001,Very Low,elastic_net,0.005092322803598757,0.002525638730451376,0.007479971011401253,0.008479362784574767,9.5523947755,8.295165394,1.257229381500001,0.5092322803598757,0.25256387304513755,0.7479971011401253,0.8479362784574767
48475,"Ward County, TX",TX,Very Low,15.362595419847327,0.04391971755,0.08295165394,-0.039031936389999994,Very Low,elastic_net,0.005369498354771966,0.004100658561770428,-0.044401434744771956,0.0038136358016714177,4.391971755,8.295165394,-3.9031936389999995,0.5369498354771965,0.4100658561770428,-4.440143474477195,0.3813635801671418
48483,"Wheeler County, TX",TX,Very Low,41.28498727735369,0.042386933115000004,0.08295165394,-0.04056472082499999,Very Low,elastic_net,-0.01051790744272497,0.004904086393399301,-0.030046813382275023,-0.009708967519068665,4.2386933115000005,8.295165394,-4.056472082499999,-1.051790744272497,0.4904086393399301,-3.004681338227502,-0.9708967519068665
48495,"Winkler County, TX",TX,Very Low,4.134860050890586,0.06802067762,0.08295165394,-0.014930976319999997,Very Low,elastic_net,-0.008111728270285994,0.006618402871016745,-0.006819248049714004,-0.0009761036773639671,6.802067762,8.295165394,-1.4930976319999998,-0.8111728270285994,0.6618402871016744,-0.6819248049714004,-0.09761036773639671
48503,"Young County, TX",TX,Very Low,36.354961832061065,0.05198867455,0.08295165394,-0.030962979389999992,Very Low,elastic_net,-0.008942718507739547,0.0016588200354798546,-0.022020260882260445,-0.008199241399122974,5.198867455,8.295165394,-3.0962979389999994,-0.8942718507739547,0.16588200354798546,-2.2020260882260443,-0.8199241399122974
48505,"Zapata County, TX",TX,Very Low,31.361323155216287,0.050153942695,0.08295165394,-0.03279771124499999,Very Low,elastic_net,-0.007497705507296298,0.0030703287493512046,-0.025300005737703694,-0.011847192722452944,5.0153942695,8.295165394,-3.2797711244999994,-0.7497705507296298,0.30703287493512044,-2.5300005737703692,-1.1847192722452944
49001,"Beaver County, UT",UT,Very Low,10.368956743002544,0.13068633255,0.08295165394,0.04773467861000001,Very Low,elastic_net,-0.004720995147338993,0.0015017096673657388,0.052455673757339005,-0.005498655754074317,13.068633255,8.295165394,4.773467861000001,-0.4720995147338993,0.15017096673657387,5.2455673757339,-0.5498655754074316
49007,"Carbon County, UT",UT,Very Low,8.68320610687023,0.12480108395,0.08295165394,0.04184943001000001,Very Low,elastic_net,0.0047948765521743965,0.0025848282356063026,0.037054553457825615,0.006135362705873766,12.480108395,8.295165394,4.184943001000001,0.47948765521743963,0.25848282356063024,3.7054553457825614,0.6135362705873766
49009,"Daggett County, UT",UT,Very Low,3.689567430025445,0.09967818428,0.08295165394,0.016726530340000004,Very Low,elastic_net,-0.0023864734436791287,0.006955664108765741,0.019113003783679132,0.001950511027057483,9.967818428,8.295165394,1.6726530340000003,-0.23864734436791288,0.6955664108765741,1.9113003783679132,0.1950511027057483
49013,"Duchesne County, UT",UT,Very Low,7.601781170483461,0.06672603858500001,0.08295165394,-0.016225615354999987,Very Low,elastic_net,-0.004826905664597816,0.0015907197447268184,-0.01139870969040217,-0.003799588101112701,6.6726038585000005,8.295165394,-1.6225615354999987,-0.48269056645978164,0.15907197447268184,-1.139870969040217,-0.3799588101112701
49015,"Emery County, UT",UT,Very Low,6.997455470737914,0.108080915,0.08295165394,0.025129261060000005,Very Low,elastic_net,-0.00958869392230945,0.00018713495670142884,0.03471795498230945,-0.00824113348527287,10.8080915,8.295165394,2.5129261060000005,-0.958869392230945,0.018713495670142882,3.471795498230945,-0.824113348527287
49017,"Garfield County, UT",UT,Very Low,37.62722646310432,0.05553956835,0.08295165394,-0.027412085589999996,Very Low,elastic_net,0.008742158764006046,0.0016890726623291453,-0.03615424435400604,0.008081867998000212,5.553956835,8.295165394,-2.7412085589999995,0.8742158764006046,0.16890726623291452,-3.615424435400604,0.8081867998000212
49019,"Grand County, UT",UT,Very Low,10.2735368956743,0.09623789859500001,0.08295165394,0.013286244655000015,Very Low,elastic_net,0.01047897146598527,0.0063095749770541555,0.0028072731890147456,0.013454883300193133,9.6237898595,8.295165394,1.3286244655000015,1.047897146598527,0.6309574977054155,0.28072731890147457,1.3454883300193132
49023,"Juab County, UT",UT,Very Low,15.298982188295165,0.09896775096499999,0.08295165394,0.016016097024999995,Very Low,elastic_net,0.007727408821702165,0.0010794849098828955,0.008288688203297829,0.011879674925695527,9.896775096499999,8.295165394,1.6016097024999996,0.7727408821702165,0.10794849098828956,0.8288688203297829,1.1879674925695527
49025,"Kane County, UT",UT,Very Low,39.662849872773535,0.0875860781,0.08295165394,0.004634424160000011,Very Low,elastic_net,0.01869015514054934,0.0028532831004730837,-0.014055730980549328,0.019466983771054682,8.75860781,8.295165394,0.46344241600000113,1.869015514054934,0.28532831004730835,-1.4055730980549328,1.9466983771054682
49027,"Millard County, UT",UT,Very Low,22.169211195928753,0.12171171955,0.08295165394,0.038760065610000005,Very Low,elastic_net,0.002459504489770861,0.0012002478590779932,0.03630056112022914,0.004174514296690236,12.171171955,8.295165394,3.8760065610000005,0.2459504489770861,0.12002478590779932,3.6300561120229142,0.41745142966902354
49029,"Morgan County, UT",UT,Very Low,3.466921119592875,0.075661411635,0.08295165394,-0.007290242305,Very Low,elastic_net,-0.007481595318054881,0.008290295464121956,0.00019135301305488097,-0.007434864408637028,7.566141163499999,8.295165394,-0.7290242305,-0.7481595318054881,0.8290295464121956,0.019135301305488097,-0.7434864408637029
49033,"Rich County, UT",UT,Very Low,0.826972010178117,0.08346864896,0.08295165394,0.0005169950200000079,Very Low,elastic_net,0.0029636494587571565,0.0020845816192928794,-0.0024466544387571486,0.007039620696642906,8.346864896,8.295165394,0.051699502000000785,0.29636494587571566,0.20845816192928796,-0.24466544387571487,0.7039620696642905
49037,"San Juan County, UT",UT,Very Low,26.81297709923664,0.1008864563,0.08295165394,0.01793480236,Very Low,elastic_net,0.00018376382011149996,0.0008770805313418935,0.017751038539888502,-0.000533068558027468,10.08864563,8.295165394,1.7934802360000002,0.018376382011149994,0.08770805313418935,1.7751038539888502,-0.0533068558027468
49039,"Sanpete County, UT",UT,Very Low,38.61323155216285,0.10396776365,0.08295165394,0.02101610971000001,Very Low,elastic_net,0.009179903953860119,0.0006015052059225553,0.01183620575613989,0.013233956139024953,10.396776365000001,8.295165394,2.101610971000001,0.9179903953860119,0.06015052059225553,1.1836205756139888,1.3233956139024954
49041,"Sevier County, UT",UT,Very Low,22.74173027989822,0.08223232285,0.08295165394,-0.0007193310899999972,Very Low,elastic_net,0.00620792437985708,0.0032882640996029244,-0.006927255469857077,0.006345192578854856,8.223232285,8.295165394,-0.07193310899999972,0.6207924379857079,0.32882640996029244,-0.6927255469857077,0.6345192578854856
49047,"Uintah County, UT",UT,Very Low,3.975826972010178,0.086046060725,0.08295165394,0.0030944067850000034,Very Low,elastic_net,-0.004976068690938216,0.002430085899273408,0.00807047547593822,-0.00537859082191024,8.6046060725,8.295165394,0.30944067850000034,-0.49760686909382157,0.2430085899273408,0.807047547593822,-0.5378590821910241
49051,"Wasatch County, UT",UT,Very Low,33.524173027989825,0.1049478445,0.08295165394,0.021996190560000003,Very Low,elastic_net,0.0004672653403659313,0.003357443001955268,0.021528925219634072,0.0061074528183344325,10.49478445,8.295165394,2.1996190560000004,0.04672653403659313,0.3357443001955268,2.152892521963407,0.6107452818334432
49055,"Wayne County, UT",UT,Very Low,1.876590330788804,0.10811077353,0.08295165394,0.02515911959,Very Low,elastic_net,0.005336844503581993,0.0063574099819267895,0.01982227508641801,0.008631549317397534,10.811077353,8.295165394,2.5159119590000003,0.5336844503581993,0.6357409981926789,1.9822275086418009,0.8631549317397534
50001,"Addison County, VT",VT,Very Low,26.78117048346056,0.059519383385,0.08295165394,-0.023432270554999995,Very Low,elastic_net,-0.010287248207818287,0.003031089612286423,-0.013145022347181708,-0.011825286229047141,5.9519383385,8.295165394,-2.3432270554999994,-1.0287248207818287,0.3031089612286423,-1.3145022347181707,-1.182528622904714
50005,"Caledonia County, VT",VT,Very Low,30.15267175572519,0.12199320875,0.08295165394,0.039041554810000004,Very Low,elastic_net,-0.0027898544820852723,0.0026328803528044356,0.04183140929208527,-0.004706580975505542,12.199320875,8.295165394,3.9041554810000005,-0.2789854482085272,0.26328803528044353,4.183140929208527,-0.4706580975505542
50009,"Essex County, VT",VT,Very Low,3.212468193384224,0.1127332257,0.08295165394,0.02978157176,Very Low,elastic_net,0.004206178163281597,0.002005218990825237,0.025575393596718402,0.006343015330232176,11.27332257,8.295165394,2.978157176,0.4206178163281597,0.20052189908252369,2.55753935967184,0.6343015330232177
50011,"Franklin County, VT",VT,Very Low,29.198473282442748,0.06820770076999999,0.08295165394,-0.014743953170000004,Very Low,elastic_net,-0.0033851925301431594,0.0007426272579533601,-0.011358760639856845,-0.004089732000636403,6.820770076999999,8.295165394,-1.4743953170000004,-0.33851925301431596,0.07426272579533601,-1.1358760639856846,-0.4089732000636403
50013,"Grand Isle County, VT",VT,Very Low,1.908396946564886,0.09068798277,0.08295165394,0.00773632883,Very Low,elastic_net,-0.005572810707004906,0.0015651123118048326,0.013309139537004907,-0.0029522260288720355,9.068798276999999,8.295165394,0.773632883,-0.5572810707004906,0.15651123118048327,1.3309139537004906,-0.29522260288720353
50015,"Lamoille County, VT",VT,Very Low,18.25699745547074,0.11990553845,0.08295165394,0.03695388451000001,Very Low,elastic_net,0.002827746553968589,0.0036991726247625864,0.03412613795603142,0.00556633815804823,11.990553845,8.295165394,3.695388451000001,0.28277465539685886,0.36991726247625867,3.412613795603142,0.5566338158048231
50017,"Orange County, VT",VT,Very Low,26.431297709923662,0.083808804955,0.08295165394,0.0008571510150000017,Very Low,elastic_net,-0.0054654703671102025,0.0018978641824946223,0.006322621382110204,-0.0055739893626378,8.3808804955,8.295165394,0.08571510150000017,-0.5465470367110202,0.1897864182494622,0.6322621382110204,-0.55739893626378
50019,"Orleans County, VT",VT,Very Low,36.83206106870229,0.075286355485,0.08295165394,-0.007665298454999997,Very Low,elastic_net,0.0005251296445367292,0.0004657597732685929,-0.008190428099536726,0.002563135570047966,7.5286355485,8.295165394,-0.7665298454999997,0.052512964453672914,0.046575977326859294,-0.8190428099536726,0.25631355700479663
51005,"Alleghany County, VA",VA,Very Low,38.07251908396946,0.07746414977499999,0.08295165394,-0.005487504165000004,Very Low,elastic_net,0.007710167941426885,0.001817574992984877,-0.013197672106426889,0.008172296171831019,7.746414977499999,8.295165394,-0.5487504165000003,0.7710167941426884,0.1817574992984877,-1.3197672106426888,0.8172296171831019
51007,"Amelia County, VA",VA,Very Low,11.959287531806616,0.089684183675,0.08295165394,0.006732529735000006,Very Low,elastic_net,0.006091566658242217,0.0027548582170275272,0.000640963076757789,0.00846141516719184,8.9684183675,8.295165394,0.6732529735000006,0.6091566658242218,0.2754858217027527,0.0640963076757789,0.846141516719184
51009,"Amherst County, VA",VA,Very Low,20.99236641221374,0.07473901517,0.08295165394,-0.008212638769999989,Very Low,elastic_net,-0.004030381210920939,0.0025074652758184505,-0.0041822575590790495,-0.004737891141781337,7.473901517000001,8.295165394,-0.8212638769999989,-0.4030381210920939,0.25074652758184507,-0.41822575590790495,-0.4737891141781337
51011,"Appomattox County, VA",VA,Very Low,5.089058524173027,0.10551205375,0.08295165394,0.022560399810000006,Very Low,elastic_net,0.00252032109992608,0.0034207946883081305,0.020040078710073926,0.0017373988957465954,10.551205375,8.295165394,2.2560399810000007,0.252032109992608,0.3420794688308131,2.0040078710073925,0.17373988957465955
51017,"Bath County, VA",VA,Very Low,5.375318066157761,0.01361819195,0.08295165394,-0.06933346199,Very Low,elastic_net,0.0080190327423639,0.003194639400265044,-0.0773524947323639,0.005491552392296192,1.361819195,8.295165394,-6.933346199,0.80190327423639,0.3194639400265044,-7.73524947323639,0.5491552392296193
51021,"Bland County, VA",VA,Very Low,13.040712468193385,0.07140852012,0.08295165394,-0.011543133819999996,Very Low,elastic_net,-0.007836996163254699,0.00011949909422086345,-0.003706137656745297,-0.005621549591401086,7.140852012,8.295165394,-1.1543133819999996,-0.7836996163254698,0.011949909422086345,-0.3706137656745297,-0.5621549591401086
51023,"Botetourt County, VA",VA,Very Low,18.09796437659033,0.065651272745,0.08295165394,-0.017300381194999992,Very Low,elastic_net,-0.011180254790593978,0.002367769792649264,-0.006120126404406014,-0.010722453318417802,6.5651272745,8.295165394,-1.7300381194999992,-1.1180254790593978,0.23677697926492638,-0.6120126404406014,-1.0722453318417802
51025,"Brunswick County, VA",VA,Very Low,28.117048346055977,0.1187348297,0.08295165394,0.03578317576000001,Very Low,elastic_net,0.020519044700226037,0.0021850720849105054,0.01526413105977397,0.020861367316850333,11.87348297,8.295165394,3.5783175760000008,2.051904470022604,0.21850720849105054,1.526413105977397,2.086136731685033
51029,"Buckingham County, VA",VA,Very Low,18.956743002544528,0.090483518995,0.08295165394,0.007531865055000003,Very Low,elastic_net,0.006246515217891636,0.001804817221531216,0.0012853498371083669,0.005173512420939006,9.0483518995,8.295165394,0.7531865055000003,0.6246515217891636,0.18048172215312158,0.1285349837108367,0.5173512420939006
51031,"Campbell County, VA",VA,Very Low,31.99745547073791,0.06346985152,0.08295165394,-0.01948180242,Very Low,elastic_net,0.00233888542844217,0.0008022803568981642,-0.02182068784844217,0.003751452902882849,6.346985151999999,8.295165394,-1.9481802419999998,0.233888542844217,0.08022803568981642,-2.182068784844217,0.3751452902882849
51033,"Caroline County, VA",VA,Very Low,20.706106870229007,0.07740158524,0.08295165394,-0.005550068699999994,Very Low,elastic_net,0.0006170333091311122,0.003151914182517157,-0.006167102009131106,0.0013295411209807107,7.740158524,8.295165394,-0.5550068699999994,0.06170333091311122,0.3151914182517157,-0.6167102009131107,0.13295411209807106
51036,"Charles City County, VA",VA,Very Low,9.319338422391857,0.0638793874,0.08295165394,-0.019072266539999994,Very Low,elastic_net,-0.00804109464703807,0.003212623943561698,-0.011031171892961924,-0.010138207995019768,6.38793874,8.295165394,-1.9072266539999994,-0.804109464703807,0.32126239435616977,-1.1031171892961924,-1.0138207995019768
51037,"Charlotte County, VA",VA,Very Low,17.36641221374046,0.08804696511,0.08295165394,0.005095311170000005,Very Low,elastic_net,0.00615928219834148,0.0008793400828090962,-0.0010639710283414745,0.0051091589505180895,8.804696511,8.295165394,0.5095311170000005,0.615928219834148,0.08793400828090962,-0.10639710283414745,0.5109158950518089
51043,"Clarke County, VA",VA,Very Low,6.933842239185751,0.07325803405,0.08295165394,-0.009693619889999991,Very Low,elastic_net,-0.01923846837725853,0.0036052331133515753,0.00954484848725854,-0.02012271401070509,7.325803405,8.295165394,-0.9693619889999991,-1.923846837725853,0.3605233113351575,0.954484848725854,-2.012271401070509
51045,"Craig County, VA",VA,Very Low,6.23409669211196,0.09417980874500001,0.08295165394,0.011228154805000015,Very Low,elastic_net,-0.0016572340620072967,0.0025372460408645174,0.012885388867007313,-0.004857037440046016,9.417980874500001,8.295165394,1.1228154805000015,-0.16572340620072967,0.25372460408645175,1.2885388867007312,-0.4857037440046016
51049,"Cumberland County, VA",VA,Very Low,19.720101781170484,0.12266364739999999,0.08295165394,0.03971199346,Very Low,elastic_net,0.009906252831441404,0.002657153421157707,0.02980574062855859,0.009738301704867499,12.266364739999998,8.295165394,3.9711993459999997,0.9906252831441404,0.2657153421157707,2.980574062855859,0.9738301704867499
51051,"Dickenson County, VA",VA,Very Low,17.938931297709924,0.077890289695,0.08295165394,-0.005061364244999991,Very Low,elastic_net,0.014236865634954757,0.00271087657758214,-0.019298229879954748,0.016121678045423395,7.7890289695,8.295165394,-0.5061364244999991,1.4236865634954756,0.27108765775821403,-1.929822987995475,1.6121678045423395
51053,"Dinwiddie County, VA",VA,Very Low,19.338422391857506,0.07893986693999999,0.08295165394,-0.004011787000000003,Very Low,elastic_net,0.0014183746633906907,0.0012049404282946088,-0.005430161663390693,0.0009659570290210409,7.893986693999999,8.295165394,-0.4011787000000003,0.14183746633906907,0.12049404282946088,-0.5430161663390694,0.09659570290210409
51057,"Essex County, VA",VA,Very Low,18.575063613231553,0.07463699642499999,0.08295165394,-0.008314657515000004,Very Low,elastic_net,0.004644343913701812,0.003311910641253475,-0.012959001428701815,0.002363615908130317,7.463699642499999,8.295165394,-0.8314657515000003,0.46443439137018117,0.3311910641253475,-1.2959001428701815,0.2363615908130317
51063,"Floyd County, VA",VA,Very Low,6.615776081424936,0.03539693517,0.08295165394,-0.04755471877,Very Low,elastic_net,0.0021705323265899293,0.000846641835596519,-0.04972525109658993,0.0014207295495283863,3.539693517,8.295165394,-4.755471877,0.21705323265899293,0.0846641835596519,-4.972525109658993,0.14207295495283861
51065,"Fluvanna County, VA",VA,Very Low,13.486005089058525,0.0678762855,0.08295165394,-0.01507536844,Very Low,elastic_net,-0.0059279647623551165,0.0030122926862107455,-0.009147403677644883,-0.004312097841205178,6.787628549999999,8.295165394,-1.507536844,-0.5927964762355117,0.3012292686210746,-0.9147403677644883,-0.43120978412051786
51071,"Giles County, VA",VA,Very Low,16.571246819338423,0.07459265775,0.08295165394,-0.008358996189999995,Very Low,elastic_net,-0.0022445740236364683,0.004008454509506853,-0.006114422166363527,-0.0005655924717793569,7.4592657749999995,8.295165394,-0.8358996189999995,-0.22445740236364684,0.4008454509506853,-0.6114422166363527,-0.05655924717793569
51073,"Gloucester County, VA",VA,Very Low,22.614503816793892,0.055131786020000004,0.08295165394,-0.02781986791999999,Very Low,elastic_net,-0.005499050561670832,0.001946991123085488,-0.022320817358329158,-0.005712879100497291,5.513178602,8.295165394,-2.781986791999999,-0.5499050561670832,0.19469911230854878,-2.232081735832916,-0.5712879100497291
51075,"Goochland County, VA",VA,Very Low,15.521628498727736,0.06477580839,0.08295165394,-0.01817584555,Very Low,elastic_net,-0.0024082721922017263,0.002328473060152378,-0.015767573357798274,-0.001925705361484692,6.477580839,8.295165394,-1.817584555,-0.24082721922017264,0.23284730601523781,-1.5767573357798275,-0.1925705361484692
51077,"Grayson County, VA",VA,Very Low,24.650127226463102,0.11478120480000001,0.08295165394,0.031829550860000014,Very Low,elastic_net,0.013102968191517655,0.00423866133125853,0.01872658266848236,0.014714786499058583,11.478120480000001,8.295165394,3.1829550860000015,1.3102968191517657,0.423866133125853,1.8726582668482359,1.4714786499058583
51079,"Greene County, VA",VA,Very Low,9.287531806615776,0.061551958085,0.08295165394,-0.021399695854999998,Very Low,elastic_net,-0.00023057462234420153,0.0009301002592447395,-0.021169121232655796,0.0006724812689339115,6.155195808499999,8.295165394,-2.1399695855,-0.023057462234420154,0.09301002592447395,-2.1169121232655796,0.06724812689339116
51081,"Greensville County, VA",VA,Very Low,17.779898218829516,0.1558368093,0.08295165394,0.07288515536,Very Low,elastic_net,0.03942479667459099,0.004231098036513533,0.033460358685409,0.04324265009851919,15.58368093,8.295165394,7.288515535999999,3.942479667459099,0.42310980365135326,3.3460358685409,4.32426500985192
51091,"Highland County, VA",VA,Very Low,2.512722646310432,0.02186488947,0.08295165394,-0.06108676447,Very Low,elastic_net,-0.00797097716559249,0.006581445935535772,-0.05311578730440751,-0.011330825705573573,2.186488947,8.295165394,-6.108676447,-0.797097716559249,0.6581445935535772,-5.311578730440751,-1.1330825705573573
51093,"Isle of Wight County, VA",VA,Very Low,37.913486005089055,0.056011944655,0.08295165394,-0.026939709284999995,Very Low,elastic_net,-0.00576148437095958,0.002312922740509398,-0.021178224914040415,-0.009293562369713937,5.6011944655,8.295165394,-2.6939709284999993,-0.576148437095958,0.2312922740509398,-2.1178224914040413,-0.9293562369713937
51097,"King & Queen County, VA",VA,Very Low,16.189567430025445,0.1013504655,0.08295165394,0.018398811560000006,Very Low,elastic_net,-0.008801914541699927,0.0015528443748235737,0.027200726101699935,-0.00985667498679531,10.13504655,8.295165394,1.8398811560000006,-0.8801914541699927,0.15528443748235737,2.7200726101699937,-0.985667498679531
51099,"King George County, VA",VA,Very Low,12.754452926208652,0.048969993005000004,0.08295165394,-0.03398166093499999,Very Low,elastic_net,-0.012329880163398449,0.0024827348581251607,-0.021651780771601542,-0.013150657937775928,4.8969993005,8.295165394,-3.398166093499999,-1.2329880163398448,0.24827348581251607,-2.1651780771601543,-1.3150657937775927
51101,"King William County, VA",VA,Very Low,8.269720101781171,0.061237992150000004,0.08295165394,-0.02171366178999999,Very Low,elastic_net,0.001520896654768291,0.0016664135702611816,-0.023234558444768284,0.0007996330251032629,6.123799215,8.295165394,-2.171366178999999,0.1520896654768291,0.16664135702611815,-2.3234558444768285,0.0799633025103263
51103,"Lancaster County, VA",VA,Very Low,32.283715012722645,0.06891766716,0.08295165394,-0.014033986779999993,Very Low,elastic_net,-0.0027845203772214693,0.0015528859552974212,-0.011249466402778524,-0.005341282405325043,6.891766716,8.295165394,-1.4033986779999994,-0.27845203772214694,0.1552885955297421,-1.1249466402778523,-0.5341282405325043
51109,"Louisa County, VA",VA,Very Low,32.1882951653944,0.07639623761,0.08295165394,-0.006555416329999994,Very Low,elastic_net,0.007354439405935466,0.0034593850653513477,-0.01390985573593546,0.006866026349275398,7.639623761,8.295165394,-0.6555416329999995,0.7354439405935466,0.34593850653513475,-1.3909855735935461,0.6866026349275398
51111,"Lunenburg County, VA",VA,Very Low,19.84732824427481,0.10184652362999999,0.08295165394,0.018894869689999996,Very Low,elastic_net,0.013241075993752396,0.0038089888842952864,0.0056537936962476,0.010928978260383214,10.184652363,8.295165394,1.8894869689999996,1.3241075993752396,0.3808988884295286,0.56537936962476,1.0928978260383213
51113,"Madison County, VA",VA,Very Low,8.428753180661577,0.08803336787,0.08295165394,0.005081713930000009,Very Low,elastic_net,-0.004052012138362447,0.001698678428904182,0.009133726068362456,-0.003381782940073766,8.803336787000001,8.295165394,0.5081713930000009,-0.40520121383624474,0.1698678428904182,0.9133726068362457,-0.3381782940073766
51115,"Mathews County, VA",VA,Very Low,12.181933842239186,0.1090446335,0.08295165394,0.026092979560000007,Very Low,elastic_net,-0.010011737715335204,0.004434723531932565,0.03610471727533521,-0.014284065432772164,10.90446335,8.295165394,2.6092979560000007,-1.0011737715335205,0.44347235319325645,3.610471727533521,-1.4284065432772164
51119,"Middlesex County, VA",VA,Very Low,23.791348600508904,0.07205720608,0.08295165394,-0.01089444785999999,Very Low,elastic_net,0.002739386902761185,0.0012571362082579834,-0.013633834762761175,0.0007860529626180536,7.205720608000001,8.295165394,-1.089444785999999,0.2739386902761185,0.12571362082579834,-1.3633834762761174,0.07860529626180536
51125,"Nelson County, VA",VA,Very Low,34.096692111959285,0.06098157195,0.08295165394,-0.021970081989999994,Very Low,elastic_net,-0.004870047684019385,0.003027188460990427,-0.01710003430598061,-0.00866091703941539,6.098157195,8.295165394,-2.1970081989999994,-0.4870047684019385,0.3027188460990427,-1.710003430598061,-0.866091703941539
51127,"New Kent County, VA",VA,Very Low,14.122137404580155,0.06134591835,0.08295165394,-0.021605735589999994,Very Low,elastic_net,0.0010040973813046422,0.003314166945123896,-0.022609832971304637,-0.00028620964071742546,6.134591835,8.295165394,-2.1605735589999995,0.10040973813046422,0.33141669451238964,-2.2609832971304638,-0.028620964071742545
51133,"Northumberland County, VA",VA,Very Low,39.98091603053435,0.095050566285,0.08295165394,0.012098912345000004,Very Low,elastic_net,0.001401891447220171,0.0014164312776534292,0.010697020897779833,-0.000383082643993445,9.5050566285,8.295165394,1.2098912345000004,0.1401891447220171,0.14164312776534294,1.0697020897779832,-0.038308264399344504
51135,"Nottoway County, VA",VA,Very Low,28.975826972010175,0.12027555825,0.08295165394,0.03732390431,Very Low,elastic_net,0.011047496511640718,0.0018104342897379347,0.026276407798359283,0.011721951342016776,12.027555825,8.295165394,3.7323904310000002,1.1047496511640718,0.18104342897379347,2.6276407798359283,1.1721951342016776
51137,"Orange County, VA",VA,Very Low,25.572519083969464,0.062119159975000005,0.08295165394,-0.02083249396499999,Very Low,elastic_net,-0.0014856505532474136,0.0014730117047930874,-0.019346843411752575,-0.00025126428359520717,6.2119159975,8.295165394,-2.083249396499999,-0.14856505532474137,0.14730117047930874,-1.9346843411752574,-0.025126428359520718
51139,"Page County, VA",VA,Very Low,37.88167938931298,0.08140428173,0.08295165394,-0.0015473722099999948,Very Low,elastic_net,0.003596501138156524,0.001353646777420608,-0.0051438733481565194,0.003958763020108928,8.140428173,8.295165394,-0.15473722099999948,0.35965011381565243,0.1353646777420608,-0.5143873348156519,0.3958763020108928
51141,"Patrick County, VA",VA,Very Low,20.865139949109416,0.1234768101,0.08295165394,0.040525156160000006,Very Low,elastic_net,0.00020232802069758546,0.0015823547885579258,0.04032282813930242,0.001043694798912755,12.34768101,8.295165394,4.052515616000001,0.020232802069758547,0.1582354788557926,4.032282813930242,0.10436947989127549
51145,"Powhatan County, VA",VA,Very Low,21.087786259541986,0.06435649457,0.08295165394,-0.01859515936999999,Very Low,elastic_net,-0.010140455556025822,0.0017107261016255373,-0.008454703813974167,-0.011163479497161337,6.435649457,8.295165394,-1.859515936999999,-1.0140455556025822,0.17107261016255373,-0.8454703813974167,-1.1163479497161337
51147,"Prince Edward County, VA",VA,Very Low,32.37913486005089,0.062845146085,0.08295165394,-0.020106507854999997,Very Low,elastic_net,0.010635089691286882,0.003167669184993273,-0.03074159754628688,0.008485111557612024,6.284514608499999,8.295165394,-2.0106507854999998,1.0635089691286883,0.3167669184993273,-3.074159754628688,0.8485111557612024
51149,"Prince George County, VA",VA,Very Low,13.899491094147582,0.07153919506,0.08295165394,-0.01141245887999999,Very Low,elastic_net,-0.008609166891320248,0.003129814309111989,-0.0028032919886797417,-0.00743999560566797,7.153919506,8.295165394,-1.141245887999999,-0.8609166891320248,0.3129814309111989,-0.28032919886797414,-0.7439995605667971
51157,"Rappahannock County, VA",VA,Very Low,6.902035623409669,0.047620526405,0.08295165394,-0.03533112753499999,Very Low,elastic_net,-0.013258456606634828,0.002639245494608283,-0.022072670928365165,-0.015454215501569578,4.7620526405,8.295165394,-3.5331127534999993,-1.3258456606634828,0.2639245494608283,-2.2072670928365166,-1.5454215501569577
51159,"Richmond City County, VA",VA,Very Low,10.432569974554708,0.05877539584,0.08295165394,-0.024176258099999993,Very Low,elastic_net,0.010983601915112539,0.0027341368603724264,-0.03515986001511253,0.015021191918765124,5.877539584,8.295165394,-2.417625809999999,1.098360191511254,0.27341368603724264,-3.515986001511253,1.5021191918765124
51163,"Rockbridge County, VA",VA,Very Low,33.30152671755725,0.075188436645,0.08295165394,-0.0077632172949999995,Very Low,elastic_net,0.003118167931817376,0.0006714888574115197,-0.010881385226817376,0.0031888360411740898,7.518843664499999,8.295165394,-0.7763217295,0.3118167931817376,0.06714888574115198,-1.0881385226817375,0.31888360411740896
51167,"Russell County, VA",VA,Very Low,36.54580152671756,0.078094659275,0.08295165394,-0.004856994664999989,Very Low,elastic_net,0.011889189210781373,0.002997818019851928,-0.016746183875781362,0.01298907165491079,7.809465927500001,8.295165394,-0.4856994664999989,1.1889189210781372,0.2997818019851928,-1.6746183875781362,1.298907165491079
51169,"Scott County, VA",VA,Very Low,41.9529262086514,0.087077728715,0.08295165394,0.004126074775000002,Very Low,elastic_net,0.010690000067957055,0.001203202016866091,-0.006563925292957053,0.009982685121838255,8.7077728715,8.295165394,0.4126074775000002,1.0690000067957055,0.1203202016866091,-0.6563925292957052,0.9982685121838255
51175,"Southampton County, VA",VA,Very Low,29.802798982188293,0.09217946576,0.08295165394,0.009227811820000001,Very Low,elastic_net,0.008614756929483644,0.0017203459864730335,0.0006130548905163569,0.009243100943205107,9.217946576,8.295165394,0.922781182,0.8614756929483645,0.17203459864730336,0.061305489051635687,0.9243100943205107
51181,"Surry County, VA",VA,Very Low,4.707379134860051,0.1172793764,0.08295165394,0.03432772246,Very Low,elastic_net,-0.008600631548138227,0.0033459944926746785,0.04292835400813823,-0.008584291266807348,11.72793764,8.295165394,3.4327722460000003,-0.8600631548138227,0.3345994492674679,4.292835400813823,-0.8584291266807348
51183,"Sussex County, VA",VA,Very Low,13.231552162849871,0.05363668198,0.08295165394,-0.02931497195999999,Very Low,elastic_net,0.011979720789885627,0.0017285488747705812,-0.04129469274988562,0.01246954916338999,5.363668198,8.295165394,-2.931497195999999,1.1979720789885626,0.17285488747705813,-4.129469274988562,1.246954916338999
51187,"Warren County, VA",VA,Very Low,31.583969465648853,0.06246007178,0.08295165394,-0.020491582159999994,Very Low,elastic_net,-0.00293645171446315,0.0009494587050274202,-0.017555130445536842,-0.002521292982570783,6.246007178,8.295165394,-2.0491582159999995,-0.293645171446315,0.09494587050274202,-1.7555130445536842,-0.2521292982570783
51193,"Westmoreland County, VA",VA,Very Low,37.37277353689568,0.08014996064499999,0.08295165394,-0.0028016932950000045,Very Low,elastic_net,0.007535021071781618,0.001830187632843598,-0.010336714366781623,0.007084060166301172,8.014996064499998,8.295165394,-0.28016932950000045,0.7535021071781618,0.18301876328435981,-1.0336714366781623,0.7084060166301173
51520,"Bristol, VA",VA,Very Low,8.619592875318066,0.10395944415,0.08295165394,0.021007790210000002,Very Low,elastic_net,0.006068745588392156,0.004493491894153345,0.014939044621607847,0.006348310205935492,10.395944414999999,8.295165394,2.100779021,0.6068745588392156,0.44934918941533447,1.4939044621607847,0.6348310205935492
51530,"Buena Vista, VA",VA,Very Low,3.276081424936387,0.11707227640000001,0.08295165394,0.034120622460000014,Very Low,elastic_net,0.017950763794124445,0.0028804051298495946,0.01616985866587557,0.020583834976552244,11.707227640000001,8.295165394,3.4120622460000014,1.7950763794124445,0.2880405129849595,1.616985866587557,2.058383497655224
51540,"Charlottesville, VA",VA,Very Low,24.33206106870229,0.0751233217,0.08295165394,-0.00782833224,Very Low,elastic_net,-0.01845749254797131,0.0016610053024121326,0.01062916030797131,-0.02080262356135517,7.51233217,8.295165394,-0.782833224,-1.845749254797131,0.16610053024121327,1.062916030797131,-2.080262356135517
51570,"Colonial Heights, VA",VA,Very Low,6.043256997455471,0.089034812845,0.08295165394,0.006083158905000011,Very Low,elastic_net,-0.007601313063469165,0.0017469334826909866,0.013684471968469177,-0.009913255063852145,8.9034812845,8.295165394,0.608315890500001,-0.7601313063469165,0.17469334826909866,1.3684471968469176,-0.9913255063852145
51580,"Covington, VA",VA,Very Low,9.669211195928753,0.04283510804,0.08295165394,-0.040116545899999995,Very Low,elastic_net,0.01825555830571257,0.003220071949647572,-0.058372104205712566,0.022431679633127272,4.283510804,8.295165394,-4.011654589999999,1.8255558305712571,0.3220071949647572,-5.837210420571257,2.243167963312727
51610,"Falls Church, VA",VA,Very Low,1.622137404580153,0.04503174439,0.08295165394,-0.03791990954999999,Very Low,elastic_net,-0.06306000133536796,0.011020598302686969,0.02514009178536797,-0.067798768447293,4.503174439,8.295165394,-3.7919909549999993,-6.306000133536796,1.1020598302686968,2.5140091785367966,-6.7798768447293005
51620,"Franklin City County, VA",VA,Very Low,7.538167938931298,0.090468001735,0.08295165394,0.007516347795000003,Very Low,elastic_net,-0.002918240168080626,0.00336740259942055,0.01043458796308063,0.001078472667661006,9.0468001735,8.295165394,0.7516347795000002,-0.29182401680806264,0.336740259942055,1.043458796308063,0.1078472667661006
51630,"Fredericksburg, VA",VA,Very Low,8.71501272264631,0.063251920075,0.08295165394,-0.019699733865,Very Low,elastic_net,-0.02914811924481861,0.0039047029182937543,0.00944838537981861,-0.03030771643697298,6.325192007499999,8.295165394,-1.9699733865,-2.914811924481861,0.3904702918293754,0.9448385379818611,-3.0307716436972982
51640,"Galax, VA",VA,Very Low,6.806615776081425,0.11570410545,0.08295165394,0.03275245151,Very Low,elastic_net,0.01414635022185022,0.0005238862082954986,0.01860610128814978,0.01720489331538337,11.570410545,8.295165394,3.275245151,1.4146350221850221,0.052388620829549856,1.8606101288149781,1.7204893315383372
51660,"Harrisonburg, VA",VA,Very Low,26.590330788804074,0.06405919076,0.08295165394,-0.01889246318,Very Low,elastic_net,-0.00806885414008285,0.0026704326509873213,-0.010823609039917149,-0.009052500082682699,6.405919076,8.295165394,-1.8892463179999999,-0.8068854140082851,0.2670432650987321,-1.0823609039917148,-0.90525000826827
51670,"Hopewell, VA",VA,Very Low,17.239185750636132,0.10207527545,0.08295165394,0.019123621510000008,Very Low,elastic_net,0.008587079863254512,0.0015021560524095033,0.010536541646745496,0.011387917043000921,10.207527545,8.295165394,1.9123621510000008,0.8587079863254512,0.15021560524095035,1.0536541646745496,1.1387917043000921
51678,"Lexington, VA",VA,Very Low,3.721374045801527,0.08263347336999999,0.08295165394,-0.00031818057000000677,Very Low,elastic_net,0.003870869004511951,0.0037783146386409935,-0.004189049574511957,0.006706430117307599,8.263347336999999,8.295165394,-0.03181805700000068,0.3870869004511951,0.3778314638640993,-0.4189049574511957,0.6706430117307599
51683,"Manassas, VA",VA,Very Low,16.634860050890584,0.054448339085,0.08295165394,-0.028503314854999996,Very Low,elastic_net,-0.021985513418632682,0.002195053547654532,-0.006517801436367314,-0.025571946335345357,5.4448339085,8.295165394,-2.8503314854999995,-2.198551341863268,0.21950535476545321,-0.6517801436367314,-2.557194633534536
51685,"Manassas Park, VA",VA,Very Low,4.930025445292621,0.04273142266,0.08295165394,-0.04022023128,Very Low,elastic_net,-0.005547309774083661,0.0003981428475531265,-0.03467292150591634,-0.009341748086854678,4.273142266,8.295165394,-4.022023128,-0.5547309774083661,0.03981428475531265,-3.467292150591634,-0.9341748086854679
51690,"Martinsville, VA",VA,Very Low,9.573791348600508,0.09072701072,0.08295165394,0.007775356780000006,Very Low,elastic_net,0.017111110975304065,0.0013090977813987616,-0.00933575419530406,0.019281935289385935,9.072701072000001,8.295165394,0.7775356780000007,1.7111110975304065,0.13090977813987617,-0.9335754195304059,1.9281935289385936
51720,"Norton, VA",VA,Very Low,1.55852417302799,0.03818788768,0.08295165394,-0.04476376626,Very Low,elastic_net,-0.0010505933451893704,0.003697226073780132,-0.043713172914810625,-0.004728702944948001,3.8187887679999997,8.295165394,-4.4763766259999995,-0.10505933451893704,0.36972260737801316,-4.371317291481063,-0.4728702944948001
51730,"Petersburg, VA",VA,Very Low,16.9529262086514,0.1131886943,0.08295165394,0.03023704036000001,Very Low,elastic_net,0.008533998446160079,0.005825913397691754,0.02170304191383993,0.011303410957454123,11.31886943,8.295165394,3.0237040360000007,0.8533998446160078,0.5825913397691754,2.170304191383993,1.1303410957454123
51735,"Poquoson, VA",VA,Very Low,2.353689567430025,0.055096650940000005,0.08295165394,-0.02785500299999999,Very Low,elastic_net,-0.019560124668383302,0.0021245777178598166,-0.008294878331616688,-0.022866589946117982,5.509665094000001,8.295165394,-2.785500299999999,-1.95601246683833,0.21245777178598166,-0.8294878331616687,-2.2866589946117983
51750,"Radford, VA",VA,Very Low,2.639949109414758,0.07892602392,0.08295165394,-0.00402563001999999,Very Low,elastic_net,0.013067140275593414,0.004460170592991822,-0.017092770295593404,0.018485664742271733,7.892602392000001,8.295165394,-0.402563001999999,1.3067140275593414,0.4460170592991822,-1.7092770295593405,1.8485664742271732
51775,"Salem, VA",VA,Very Low,18.638676844783713,0.05934841273,0.08295165394,-0.023603241209999994,Very Low,elastic_net,-0.006763335139494242,0.0017352494129943576,-0.016839906070505752,-0.008224573814531623,5.934841273,8.295165394,-2.360324120999999,-0.6763335139494242,0.17352494129943577,-1.6839906070505752,-0.8224573814531624
51790,"Staunton, VA",VA,Very Low,10.623409669211197,0.07291427751,0.08295165394,-0.010037376429999995,Very Low,elastic_net,-0.0033933247205445902,0.0015799710769166474,-0.006644051709455404,-0.0033538709303969757,7.291427751,8.295165394,-1.0037376429999996,-0.33933247205445904,0.15799710769166475,-0.6644051709455404,-0.33538709303969755
51820,"Waynesboro, VA",VA,Very Low,10.337150127226463,0.08408951545000001,0.08295165394,0.0011378615100000183,Very Low,elastic_net,0.011202272560258254,0.002210704804864235,-0.010064411050258236,0.01319240062002821,8.408951545,8.295165394,0.11378615100000183,1.1202272560258253,0.22107048048642353,-1.0064411050258235,1.3192400620028208
51830,"Williamsburg, VA",VA,Very Low,2.417302798982188,0.03917837282,0.08295165394,-0.04377328111999999,Very Low,elastic_net,-0.013399792338383829,0.002637332307849259,-0.030373488781616165,-0.014984463917170194,3.9178372820000003,8.295165394,-4.377328111999999,-1.339979233838383,0.26373323078492594,-3.0373488781616165,-1.4984463917170194
51840,"Winchester, VA",VA,Very Low,16.857506361323153,0.06564244907,0.08295165394,-0.017309204869999997,Very Low,elastic_net,-0.012232426805753772,0.002197496817391862,-0.005076778064246225,-0.017233613865166152,6.564244907,8.295165394,-1.7309204869999997,-1.223242680575377,0.2197496817391862,-0.5076778064246226,-1.7233613865166153
53001,"Adams County, WA",WA,Very Low,23.21882951653944,0.08999690657000001,0.08295165394,0.007045252630000012,Very Low,elastic_net,0.006258813230890688,0.0005296475278150143,0.0007864393991093245,0.0055234921680684685,8.999690657,8.295165394,0.7045252630000012,0.6258813230890687,0.05296475278150143,0.07864393991093245,0.5523492168068469
53003,"Asotin County, WA",WA,Very Low,17.90712468193384,0.059769384669999995,0.08295165394,-0.02318226927,Very Low,elastic_net,-0.004451297796608922,0.00227080462246366,-0.01873097147339108,-0.0025314422475750196,5.976938466999999,8.295165394,-2.318226927,-0.4451297796608922,0.227080462246366,-1.8730971473391078,-0.253144224757502
53013,"Columbia County, WA",WA,Very Low,8.555979643765903,0.1142787802,0.08295165394,0.031327126260000004,Very Low,elastic_net,-0.0034093963738635337,0.0032156334299022803,0.03473652263386354,-0.005987510621262375,11.42787802,8.295165394,3.1327126260000004,-0.34093963738635336,0.32156334299022804,3.4736522633863536,-0.5987510621262374
53051,"Pend Oreille County, WA",WA,Very Low,28.021628498727736,0.10460717124999999,0.08295165394,0.021655517309999997,Very Low,elastic_net,0.00503390430882893,0.00116847768800498,0.016621613001171067,0.005082717550170557,10.460717124999999,8.295165394,2.165551731,0.503390430882893,0.116847768800498,1.6621613001171067,0.5082717550170557
53055,"San Juan County, WA",WA,Very Low,35.36895674300254,0.08211740676500001,0.08295165394,-0.000834247174999983,Very Low,elastic_net,0.0052145461047399125,0.004302298678433162,-0.0060487932797398955,0.00973382977030873,8.211740676500002,8.295165394,-0.0834247174999983,0.5214546104739912,0.4302298678433162,-0.6048793279739896,0.973382977030873
53069,"Wahkiakum County, WA",WA,Very Low,19.27480916030534,0.08295165394,0.08295165394,0.0,Very Low,elastic_net,0.015153492624628567,0.002205201817845376,-0.015153492624628567,0.016010292482610943,8.295165394,8.295165394,0.0,1.5153492624628566,0.2205201817845376,-1.5153492624628566,1.6010292482610944
53075,"Whitman County, WA",WA,Very Low,39.75826972010178,0.069859974085,0.08295165394,-0.013091679854999996,Very Low,elastic_net,-0.00691796512534586,0.002065270955020055,-0.006173714729654136,-0.006549632171386689,6.985997408499999,8.295165394,-1.3091679854999996,-0.6917965125345861,0.2065270955020055,-0.6173714729654136,-0.6549632171386689
54001,"Barbour County, WV",WV,Very Low,24.013994910941474,0.1024458874,0.08295165394,0.01949423346000001,Very Low,elastic_net,0.010603084766228612,0.0014892069629572325,0.008891148693771398,0.009623333673818473,10.244588740000001,8.295165394,1.949423346000001,1.0603084766228612,0.14892069629572324,0.8891148693771398,0.9623333673818473
54007,"Braxton County, WV",WV,Very Low,36.16412213740458,0.11455328,0.08295165394,0.03160162606,Very Low,elastic_net,0.007480593833318154,0.0017683188425639772,0.024121032226681844,0.016087487922893134,11.455328,8.295165394,3.160162606,0.7480593833318154,0.17683188425639773,2.4121032226681844,1.6087487922893136
54017,"Doddridge County, WV",WV,Very Low,14.440203562340967,0.1307661081,0.08295165394,0.047814454160000006,Very Low,elastic_net,0.0047888399462936325,0.00321662239320855,0.043025614213706376,0.008337023457336721,13.07661081,8.295165394,4.781445416,0.47888399462936326,0.321662239320855,4.302561421370638,0.8337023457336721
54023,"Grant County, WV",WV,Very Low,33.17430025445292,0.03008663978,0.08295165394,-0.052865014159999994,Very Low,elastic_net,-0.0022889203931379097,0.0013042613037405352,-0.05057609376686208,-0.0017973678777114825,3.008663978,8.295165394,-5.286501415999999,-0.22889203931379096,0.1304261303740535,-5.057609376686209,-0.17973678777114824
54027,"Hampshire County, WV",WV,Very Low,38.0089058524173,0.06884680727,0.08295165394,-0.01410484666999999,Very Low,elastic_net,0.004107230200844925,0.0019336218059898254,-0.018212076870844914,0.005501318534754989,6.884680727,8.295165394,-1.410484666999999,0.41072302008449246,0.19336218059898255,-1.8212076870844913,0.550131853475499
54029,"Hancock County, WV",WV,Very Low,40.68066157760814,0.03780590717,0.08295165394,-0.045145746769999995,Very Low,elastic_net,0.015236719725655648,0.0025996542711498242,-0.060382466495655644,0.017747836631808945,3.780590717,8.295165394,-4.514574677,1.5236719725655647,0.25996542711498244,-6.038246649565564,1.7747836631808944
54031,"Hardy County, WV",WV,Very Low,42.461832061068705,0.064647091835,0.08295165394,-0.01830456210499999,Very Low,elastic_net,0.00545545950282026,0.0014969036968892995,-0.02376002160782025,0.006103424222792087,6.4647091835,8.295165394,-1.830456210499999,0.545545950282026,0.14969036968892996,-2.376002160782025,0.6103424222792088
54063,"Monroe County, WV",WV,Very Low,28.27608142493639,0.061695764580000007,0.08295165394,-0.021255889359999988,Very Low,elastic_net,0.011897540500562116,0.0038277386474587253,-0.033153429860562106,0.008878204197184677,6.169576458000001,8.295165394,-2.125588935999999,1.1897540500562116,0.38277386474587255,-3.3153429860562107,0.8878204197184677
54065,"Morgan County, WV",WV,Very Low,30.438931297709924,0.07837752785499999,0.08295165394,-0.004574126085000005,Very Low,elastic_net,0.004106413290221844,0.0011637831118015058,-0.008680539375221848,0.005238521969607835,7.837752785499999,8.295165394,-0.4574126085000005,0.41064132902218436,0.11637831118015059,-0.8680539375221847,0.5238521969607836
54075,"Pocahontas County, WV",WV,Very Low,27.544529262086513,0.09157717338,0.08295165394,0.008625519440000007,Very Low,elastic_net,0.01504359404156548,0.0046585948069812234,-0.006418074601565474,0.019298530284525564,9.157717338,8.295165394,0.8625519440000007,1.504359404156548,0.46585948069812233,-0.6418074601565473,1.9298530284525564
54077,"Preston County, WV",WV,Very Low,33.842239185750635,0.05265740478,0.08295165394,-0.030294249159999995,Very Low,elastic_net,-0.0007658844632632599,0.0015651761628689854,-0.029528364696736736,-0.00047761171006013956,5.265740478,8.295165394,-3.0294249159999995,-0.07658844632632598,0.15651761628689853,-2.9528364696736737,-0.04776117100601396
54089,"Summers County, WV",WV,Very Low,40.235368956743,0.1159854004,0.08295165394,0.03303374646,Very Low,elastic_net,0.016104041310953807,0.0028622463313577673,0.016929705149046192,0.015235042232574988,11.59854004,8.295165394,3.303374646,1.6104041310953807,0.28622463313577673,1.6929705149046193,1.5235042232574987
54091,"Taylor County, WV",WV,Very Low,23.505089058524174,0.033793392155000004,0.08295165394,-0.04915826178499999,Very Low,elastic_net,0.0033879497681050725,0.00039843214111087857,-0.052546211553105064,0.0036668313335103606,3.3793392155000004,8.295165394,-4.915826178499999,0.33879497681050724,0.039843214111087856,-5.254621155310506,0.3666831333510361
54093,"Tucker County, WV",WV,Very Low,12.563613231552162,0.08225134241,0.08295165394,-0.0007003115299999974,Very Low,elastic_net,0.0018787124567072391,0.002027541969442797,-0.0025790239867072365,-0.0015231774208033222,8.225134241,8.295165394,-0.07003115299999974,0.1878712456707239,0.2027541969442797,-0.2579023986707236,-0.15231774208033222
54095,"Tyler County, WV",WV,Very Low,35.591603053435115,0.0138606619725,0.08295165394,-0.06909099196749999,Very Low,elastic_net,0.006162417050021772,0.002894127333576041,-0.07525340901752176,0.0038684069143509643,1.3860661972500001,8.295165394,-6.909099196749999,0.6162417050021772,0.2894127333576041,-7.525340901752175,0.3868406914350964
54101,"Webster County, WV",WV,Very Low,35.273536895674305,0.14258357124999999,0.08295165394,0.05963191730999999,Very Low,elastic_net,0.016222680153445992,0.006403824806607614,0.043409237156553995,0.019651034689847958,14.258357124999998,8.295165394,5.963191730999999,1.6222680153445992,0.6403824806607614,4.3409237156554,1.9651034689847957
55003,"Ashland County, WI",WI,Very Low,31.679389312977097,0.06834961154,0.08295165394,-0.014602042400000001,Very Low,elastic_net,-5.191324673604754e-06,0.0003321021226619978,-0.014596851075326395,-1.205763137550179e-05,6.834961153999999,8.295165394,-1.4602042400000002,-0.0005191324673604755,0.03321021226619978,-1.4596851075326396,-0.001205763137550179
55007,"Bayfield County, WI",WI,Very Low,35.08269720101781,0.086916023545,0.08295165394,0.003964369605000004,Very Low,elastic_net,-0.0006225525548380965,0.0010909824292691668,0.0045869221598381004,0.00025774654676847305,8.6916023545,8.295165394,0.3964369605000004,-0.062255255483809654,0.10909824292691668,0.45869221598381005,0.025774654676847305
55011,"Buffalo County, WI",WI,Very Low,14.53562340966921,0.1096477437,0.08295165394,0.02669608976,Very Low,elastic_net,-0.002212072012493139,0.001596464575879994,0.02890816177249314,-0.003287956962595936,10.964774369999999,8.295165394,2.669608976,-0.22120720124931392,0.1596464575879994,2.890816177249314,-0.3287956962595936
55015,"Calumet County, WI",WI,Very Low,30.18447837150127,0.0811026106,0.08295165394,-0.001849043339999995,Very Low,elastic_net,-0.017292263383419538,0.0010333494505622156,0.015443220043419543,-0.015276579054686289,8.11026106,8.295165394,-0.1849043339999995,-1.7292263383419537,0.10333494505622157,1.5443220043419543,-1.5276579054686288
55049,"Iowa County, WI",WI,Very Low,23.377862595419845,0.082960533995,0.08295165394,8.880055000007325e-06,Very Low,elastic_net,-0.012219206304717295,0.0012599834184024588,0.012228086359717302,-0.012206513062115017,8.2960533995,8.295165394,0.0008880055000007325,-1.2219206304717294,0.1259983418402459,1.2228086359717303,-1.2206513062115016
55051,"Iron County, WI",WI,Very Low,11.482188295165395,0.02955507022,0.08295165394,-0.053396583719999995,Very Low,elastic_net,0.007586129576389646,0.0016250611736395363,-0.06098271329638964,0.006956270160696314,2.955507022,8.295165394,-5.339658372,0.7586129576389645,0.16250611736395362,-6.098271329638965,0.6956270160696314
55061,"Kewaunee County, WI",WI,Very Low,17.302798982188293,0.11335341974999999,0.08295165394,0.030401765809999995,Very Low,elastic_net,-0.01327402790034869,0.0020086804770787603,0.04367579371034869,-0.012433397901797105,11.335341974999999,8.295165394,3.0401765809999994,-1.327402790034869,0.20086804770787603,4.367579371034869,-1.2433397901797105
55065,"Lafayette County, WI",WI,Very Low,33.14249363867685,0.076014440525,0.08295165394,-0.00693721341499999,Very Low,elastic_net,-0.008829543462393959,0.0014591147666434654,0.0018923300473939683,-0.009316526707286665,7.601444052500001,8.295165394,-0.693721341499999,-0.8829543462393958,0.14591147666434653,0.18923300473939683,-0.9316526707286665
55078,"Menominee County, WI",WI,Very Low,9.12849872773537,0.10364004035,0.08295165394,0.02068838641000001,Very Low,elastic_net,-0.0011219061119323581,0.0009225467201153723,0.021810292521932367,0.003459371620846587,10.364004035,8.295165394,2.068838641000001,-0.11219061119323581,0.09225467201153723,2.1810292521932366,0.3459371620846587
55091,"Pepin County, WI",WI,Very Low,7.188295165394402,0.10646689819999999,0.08295165394,0.02351524426,Very Low,elastic_net,-0.005052017532803894,0.0009424713120556042,0.028567261792803892,-0.0047230446961954685,10.646689819999999,8.295165394,2.3515244259999997,-0.5052017532803894,0.09424713120556041,2.8567261792803893,-0.47230446961954686
55093,"Pierce County, WI",WI,Very Low,42.33460559796438,0.07387128213,0.08295165394,-0.009080371810000001,Very Low,elastic_net,-0.016004182029809355,0.0027153028548932137,0.006923810219809354,-0.01610744143466775,7.3871282129999996,8.295165394,-0.9080371810000001,-1.6004182029809355,0.27153028548932134,0.6923810219809354,-1.610744143466775
55099,"Price County, WI",WI,Very Low,32.31552162849873,0.07006845182499999,0.08295165394,-0.012883202115000006,Very Low,elastic_net,0.004241669642251753,0.0011122704180302058,-0.017124871757251758,0.003293006240527427,7.006845182499999,8.295165394,-1.2883202115000005,0.42416696422517525,0.11122704180302058,-1.7124871757251758,0.32930062405274274
55107,"Rusk County, WI",WI,Very Low,37.27735368956743,0.09558985124,0.08295165394,0.0126381973,Very Low,elastic_net,0.0015564273715559837,0.002425802120815536,0.011081769928444018,0.0016522660714149695,9.558985124,8.295165394,1.26381973,0.15564273715559837,0.2425802120815536,1.1081769928444019,0.16522660714149695
55119,"Taylor County, WI",WI,Very Low,37.18193384223918,0.052972604905,0.08295165394,-0.029979049034999997,Very Low,elastic_net,0.0005780845103964853,0.00016649838092379693,-0.03055713354539648,-5.1786510011857245e-05,5.297260490499999,8.295165394,-2.9979049035,0.057808451039648524,0.016649838092379694,-3.055713354539648,-0.0051786510011857245
55129,"Washburn County, WI",WI,Very Low,32.76081424936387,0.07878176429,0.08295165394,-0.004169889649999994,Very Low,elastic_net,0.0006035182190421137,0.00017537569552050826,-0.004773407869042108,0.0008468222534727119,7.878176429,8.295165394,-0.41698896499999943,0.06035182190421137,0.017537569552050825,-0.4773407869042108,0.08468222534727118
56003,"Big Horn County, WY",WY,Very Low,31.138676844783713,0.0803172972,0.08295165394,-0.002634356739999996,Very Low,elastic_net,-0.00014006623414429962,0.002535574423789832,-0.0024942905058556964,-0.00043989952754472264,8.03172972,8.295165394,-0.2634356739999996,-0.014006623414429962,0.2535574423789832,-0.24942905058556963,-0.04398995275447226
56007,"Carbon County, WY",WY,Very Low,42.68447837150127,0.026440274445000002,0.08295165394,-0.05651137949499999,Very Low,elastic_net,-0.00892500640857071,0.0017003388915288065,-0.04758637308642928,-0.009418037855576666,2.6440274445000003,8.295165394,-5.651137949499999,-0.8925006408570709,0.17003388915288065,-4.758637308642928,-0.9418037855576665
56009,"Converse County, WY",WY,Very Low,31.424936386768447,0.02733158517,0.08295165394,-0.055620068769999996,Very Low,elastic_net,-0.018298599185885032,0.001230949625784819,-0.03732146958411496,-0.020219176691994932,2.7331585169999997,8.295165394,-5.562006877,-1.8298599185885032,0.1230949625784819,-3.732146958411496,-2.0219176691994933
56015,"Goshen County, WY",WY,Very Low,28.466921119592875,0.05814033366,0.08295165394,-0.024811320279999993,Very Low,elastic_net,-0.00027275912675540307,0.0008530673686030035,-0.02453856115324459,-0.004859426130495891,5.814033366,8.295165394,-2.4811320279999993,-0.027275912675540307,0.08530673686030035,-2.453856115324459,-0.4859426130495891
56017,"Hot Springs County, WY",WY,Very Low,16.0941475826972,0.03262007404,0.08295165394,-0.05033157989999999,Very Low,elastic_net,-0.006884145162289572,0.0023120819261071776,-0.04344743473771042,-0.007854278819629459,3.262007404,8.295165394,-5.033157989999999,-0.6884145162289572,0.23120819261071776,-4.344743473771042,-0.7854278819629459
56019,"Johnson County, WY",WY,Very Low,19.306615776081426,0.03006898785,0.08295165394,-0.052882666089999995,Very Low,elastic_net,-0.0008662378467097913,0.0036387400197345275,-0.052016428243290204,-0.002258809957049867,3.0068987849999997,8.295165394,-5.288266609,-0.08662378467097913,0.36387400197345277,-5.201642824329021,-0.2258809957049867
56031,"Platte County, WY",WY,Very Low,25.731552162849873,0.03761900298,0.08295165394,-0.04533265095999999,Very Low,elastic_net,-0.005781918850957381,0.0011182302408829163,-0.03955073210904261,-0.007385776903945427,3.7619002980000005,8.295165394,-4.533265095999999,-0.5781918850957382,0.11182302408829163,-3.9550732109042612,-0.7385776903945427
56035,"Sublette County, WY",WY,Very Low,21.62849872773537,0.07137107708,0.08295165394,-0.011580576859999997,Very Low,elastic_net,-0.014489957707986884,0.0022444587600072272,0.002909380847986887,-0.01582970123122667,7.137107707999999,8.295165394,-1.1580576859999998,-1.4489957707986885,0.22444587600072272,0.2909380847986887,-1.5829701231226672
56037,"Sweetwater County, WY",WY,Very Low,30.62977099236641,0.03748456619,0.08295165394,-0.045467087749999996,Very Low,elastic_net,-0.01624847866377131,0.0023657834142299865,-0.029218609086228687,-0.018946945470655445,3.7484566189999997,8.295165394,-4.546708775,-1.6248478663771309,0.23657834142299863,-2.9218609086228686,-1.8946945470655445
56041,"Uinta County, WY",WY,Very Low,16.698473282442748,0.076732797955,0.08295165394,-0.006218855984999994,Very Low,elastic_net,-0.006059229446501231,0.0022907725999286436,-0.00015962653849876246,-0.00824479960685812,7.6732797955,8.295165394,-0.6218855984999994,-0.6059229446501231,0.22907725999286435,-0.015962653849876246,-0.824479960685812
56043,"Washakie County, WY",WY,Very Low,24.36386768447837,0.08478341858999999,0.08295165394,0.0018317646499999979,Very Low,elastic_net,-0.008423485725401537,0.0006194849497398415,0.010255250375401535,-0.00836503520093281,8.478341858999999,8.295165394,0.1831764649999998,-0.8423485725401537,0.06194849497398415,1.0255250375401535,-0.836503520093281
01001,"Autauga County, AL",AL,Low,57.56997455470738,0.04925329561,0.074527709305,-0.025274413694999998,Low,gradient_boosted_trees,-0.005497961112791415,0.004928760751909766,-0.019776452582208583,-0.009357874452048527,4.925329561,7.4527709305,-2.5274413695,-0.5497961112791415,0.4928760751909766,-1.9776452582208583,-0.9357874452048528
01005,"Barbour County, AL",AL,Low,48.1234096692112,0.039607546025,0.074527709305,-0.03492016327999999,Low,gradient_boosted_trees,0.0043308115835093254,0.0034098692448811807,-0.03925097486350932,-0.006747468274572043,3.9607546025,7.4527709305,-3.492016327999999,0.4330811583509325,0.34098692448811807,-3.925097486350932,-0.6747468274572043
01009,"Blount County, AL",AL,Low,68.4796437659033,0.07095021239,0.074527709305,-0.003577496914999992,Low,gradient_boosted_trees,-0.0007599531330649591,0.0007525709612246747,-0.002817543781935033,0.0025233027712772225,7.095021239,7.4527709305,-0.3577496914999992,-0.0759953133064959,0.07525709612246746,-0.2817543781935033,0.25233027712772227
01013,"Butler County, AL",AL,Low,45.16539440203562,0.108753786135,0.074527709305,0.03422607683000001,Low,gradient_boosted_trees,0.007262355717484309,0.0020953713411112976,0.026963721112515698,0.017086705671198726,10.8753786135,7.4527709305,3.4226076830000007,0.7262355717484309,0.20953713411112976,2.69637211125157,1.7086705671198725
01017,"Chambers County, AL",AL,Low,47.23282442748092,0.13236522865,0.074527709305,0.057837519345000005,Low,gradient_boosted_trees,0.008657089857100578,0.002544600854868155,0.04918042948789943,0.017396639008342294,13.236522865,7.4527709305,5.783751934500001,0.8657089857100577,0.25446008548681553,4.918042948789942,1.7396639008342294
01019,"Cherokee County, AL",AL,Low,63.32697201017812,0.0885503176,0.074527709305,0.014022608295000002,Low,gradient_boosted_trees,0.019034338382928537,0.005316879294303077,-0.005011730087928535,0.019323462204132436,8.85503176,7.4527709305,1.4022608295000003,1.9034338382928537,0.5316879294303076,-0.5011730087928535,1.9323462204132436
01021,"Chilton County, AL",AL,Low,54.70737913486005,0.09467479618499999,0.074527709305,0.020147086879999998,Low,gradient_boosted_trees,0.004427132548990984,0.0022137955515328695,0.015719954331009013,0.008650077751568775,9.467479618499999,7.4527709305,2.014708688,0.4427132548990984,0.22137955515328694,1.5719954331009014,0.8650077751568775
01025,"Clarke County, AL",AL,Low,53.40330788804071,-0.01174536725,0.074527709305,-0.086273076555,Low,gradient_boosted_trees,0.004058492605181387,0.003206284291268099,-0.09033156916018138,-0.011010172187610454,-1.1745367249999998,7.4527709305,-8.6273076555,0.4058492605181387,0.3206284291268099,-9.033156916018138,-1.1010172187610454
01033,"Colbert County, AL",AL,Low,80.6615776081425,0.085582476965,0.074527709305,0.011054767660000006,Low,gradient_boosted_trees,0.005547039805166722,0.0029809879068946987,0.0055077278548332845,0.004408886618950629,8.5582476965,7.4527709305,1.1054767660000007,0.5547039805166721,0.2980987906894699,0.5507727854833284,0.4408886618950629
01045,"Dale County, AL",AL,Low,67.74809160305344,0.07448588717999999,0.074527709305,-4.182212500000726e-05,Low,gradient_boosted_trees,-0.004410074301766361,0.0034226150717571735,0.004368252176766354,-0.004997077630069702,7.448588717999999,7.4527709305,-0.004182212500000726,-0.4410074301766361,0.34226150717571735,0.43682521767663535,-0.49970776300697023
01047,"Dallas County, AL",AL,Low,70.76972010178118,0.09177274205,0.074527709305,0.017245032745,Low,gradient_boosted_trees,0.008236619456246685,0.0008662670509856866,0.009008413288753314,0.01103014532979985,9.177274205,7.4527709305,1.7245032745,0.8236619456246685,0.08662670509856865,0.9008413288753314,1.103014532979985
01049,"DeKalb County, AL",AL,Low,80.37531806615776,0.092813348405,0.074527709305,0.0182856391,Low,gradient_boosted_trees,0.012590586131898332,0.004577811690379891,0.005695052968101669,0.01661336462416171,9.2813348405,7.4527709305,1.8285639100000002,1.2590586131898331,0.45778116903798904,0.5695052968101669,1.661336462416171
01051,"Elmore County, AL",AL,Low,72.16921119592875,0.048313210679999996,0.074527709305,-0.026214498625,Low,gradient_boosted_trees,-0.0010972513128686848,0.0013601676385757383,-0.025117247312131313,-0.008546542105828576,4.831321067999999,7.4527709305,-2.6214498625,-0.10972513128686848,0.13601676385757383,-2.5117247312131314,-0.8546542105828576
01059,"Franklin County, AL",AL,Low,67.71628498727735,0.089705360545,0.074527709305,0.015177651240000006,Low,gradient_boosted_trees,0.010160062348069177,0.0029440658310576967,0.0050175888919308295,0.012889811514049696,8.9705360545,7.4527709305,1.5177651240000007,1.0160062348069177,0.29440658310576967,0.501758889193083,1.2889811514049696
01061,"Geneva County, AL",AL,Low,53.37150127226463,0.1040435049,0.074527709305,0.029515795595000005,Low,gradient_boosted_trees,0.012745041313418743,0.005872487944510517,0.016770754281581264,0.015751302343183882,10.40435049,7.4527709305,2.9515795595000007,1.2745041313418743,0.5872487944510517,1.6770754281581264,1.5751302343183882
01071,"Jackson County, AL",AL,Low,79.03944020356234,0.091297972125,0.074527709305,0.016770262820000006,Low,gradient_boosted_trees,0.0066469443871107455,0.004253663163648898,0.010123318432889262,0.009355719312833327,9.1297972125,7.4527709305,1.6770262820000006,0.6646944387110746,0.42536631636488975,1.0123318432889261,0.9355719312833327
01079,"Lawrence County, AL",AL,Low,69.30661577608143,0.051644538295,0.074527709305,-0.022883171009999995,Low,gradient_boosted_trees,0.009045035427332091,0.000591395663351562,-0.03192820643733209,-0.0019197120356053375,5.1644538295,7.4527709305,-2.2883171009999996,0.9045035427332091,0.059139566335156206,-3.1928206437332087,-0.19197120356053377
01081,"Lee County, AL",AL,Low,79.70737913486005,0.06188575573,0.074527709305,-0.012641953574999996,Low,gradient_boosted_trees,-0.0012119127619160677,0.006963223061744995,-0.011430040813083929,0.0003692719929945144,6.188575573,7.4527709305,-1.2641953574999996,-0.12119127619160677,0.6963223061744994,-1.1430040813083928,0.036927199299451444
01083,"Limestone County, AL",AL,Low,79.9618320610687,0.057434218494999995,0.074527709305,-0.01709349081,Low,gradient_boosted_trees,-0.00849096953898878,0.002098071721535045,-0.00860252127101122,-0.01082709616545801,5.7434218495,7.4527709305,-1.709349081,-0.849096953898878,0.20980717215350447,-0.8602521271011221,-1.082709616545801
01091,"Marengo County, AL",AL,Low,52.16284987277354,0.1424934982,0.074527709305,0.06796578889500002,Low,gradient_boosted_trees,-0.0007111951858826578,0.0059094316565712806,0.06867698408088267,0.006050315724683134,14.24934982,7.4527709305,6.796578889500002,-0.07111951858826578,0.590943165657128,6.867698408088267,0.6050315724683134
01093,"Marion County, AL",AL,Low,69.14758269720102,0.074922733275,0.074527709305,0.0003950239700000052,Low,gradient_boosted_trees,0.009175251345566371,0.0028436079113158064,-0.008780227375566366,0.006147637443047485,7.4922733275,7.4527709305,0.03950239700000052,0.9175251345566371,0.28436079113158064,-0.8780227375566366,0.6147637443047484
01099,"Monroe County, AL",AL,Low,48.66412213740458,0.05790095789,0.074527709305,-0.016626751414999995,Low,gradient_boosted_trees,0.016189306272492456,0.005051521143843981,-0.03281605768749245,-0.005476961291896646,5.790095789,7.4527709305,-1.6626751414999994,1.6189306272492456,0.5051521143843981,-3.2816057687492446,-0.5476961291896646
01107,"Pickens County, AL",AL,Low,44.6882951653944,0.077152528125,0.074527709305,0.0026248188199999994,Low,gradient_boosted_trees,-0.004241988800221692,0.01610611526919804,0.006866807620221692,0.0005975012294073072,7.715252812499999,7.4527709305,0.26248188199999994,-0.4241988800221692,1.610611526919804,0.6866807620221692,0.059750122940730725
01109,"Pike County, AL",AL,Low,43.98854961832061,0.06573764845999999,0.074527709305,-0.008790060845000003,Low,gradient_boosted_trees,0.009212021892296111,0.004107774058544071,-0.018002082737296116,0.001608481731838844,6.5737648459999996,7.4527709305,-0.8790060845000003,0.9212021892296111,0.41077740585440714,-1.8002082737296115,0.1608481731838844
01115,"St. Clair County, AL",AL,Low,72.13740458015268,0.04632593199,0.074527709305,-0.028201777314999996,Low,gradient_boosted_trees,0.004019585801292588,0.006522364776490791,-0.03222136311629258,-0.0024708326253664375,4.6325931989999996,7.4527709305,-2.8201777314999994,0.4019585801292588,0.6522364776490791,-3.2221363116292583,-0.24708326253664376
01123,"Tallapoosa County, AL",AL,Low,67.4618320610687,0.067166019465,0.074527709305,-0.007361689839999991,Low,gradient_boosted_trees,-2.3399930428286548e-05,0.0061592461843689795,-0.007338289909571704,0.0034136569358913706,6.716601946500001,7.4527709305,-0.7361689839999991,-0.002339993042828655,0.6159246184368979,-0.7338289909571704,0.34136569358913704
01133,"Winston County, AL",AL,Low,59.19211195928753,0.1239463322,0.074527709305,0.049418622895,Low,gradient_boosted_trees,0.016685207310951095,0.000505606907534925,0.03273341558404891,0.028808780649643262,12.39463322,7.4527709305,4.9418622895,1.6685207310951096,0.050560690753492496,3.2733415584048906,2.8808780649643264
02050,"Bethel Census Area, AK",AK,Low,44.30661577608143,0.052709796445,0.074527709305,-0.021817912859999997,Low,gradient_boosted_trees,0.0006175311733833839,0.008898096058650483,-0.02243544403338338,-0.009125389783803466,5.2709796445,7.4527709305,-2.1817912859999997,0.06175311733833839,0.8898096058650483,-2.2435444033383383,-0.9125389783803466
02150,"Kodiak Island Borough, AK",AK,Low,65.13994910941476,0.054970674459999994,0.074527709305,-0.019557034845,Low,gradient_boosted_trees,-0.01474369919804163,0.003745353408792406,-0.004813335646958371,-0.023849518168270106,5.497067445999999,7.4527709305,-1.9557034845,-1.474369919804163,0.3745353408792406,-0.4813335646958371,-2.3849518168270105
02240,"Southeast Fairbanks Census Area, AK",AK,Low,57.029262086513995,0.08592933455,0.074527709305,0.011401625245000005,Low,gradient_boosted_trees,-0.015259447373976416,0.007078270243067294,0.02666107261897642,-0.009182304876109418,8.592933455,7.4527709305,1.1401625245000004,-1.5259447373976416,0.7078270243067294,2.666107261897642,-0.9182304876109418
04001,"Apache County, AZ",AZ,Low,78.7849872773537,0.09575838576000001,0.074527709305,0.021230676455000014,Low,gradient_boosted_trees,-0.02112933816202081,0.0041566321744267104,0.042360014617020825,0.0004776251872535659,9.575838576,7.4527709305,2.1230676455000013,-2.112933816202081,0.41566321744267104,4.236001461702083,0.04776251872535659
04009,"Graham County, AZ",AZ,Low,64.59923664122137,0.067389166035,0.074527709305,-0.007138543269999992,Low,gradient_boosted_trees,0.016889868335421918,0.004866087140125858,-0.02402841160542191,0.015393322664085364,6.7389166035,7.4527709305,-0.7138543269999992,1.6889868335421918,0.48660871401258576,-2.402841160542191,1.5393322664085365
05001,"Arkansas County, AR",AR,Low,63.199745547073796,0.0522805518,0.074527709305,-0.022247157504999997,Low,gradient_boosted_trees,-0.023151150637751233,0.005467066515567988,0.0009039931327512359,-0.019438270415040267,5.22805518,7.4527709305,-2.2247157504999997,-2.3151150637751234,0.5467066515567988,0.09039931327512359,-1.9438270415040266
05003,"Ashley County, AR",AR,Low,53.912213740458014,0.003660404775,0.074527709305,-0.07086730453,Low,gradient_boosted_trees,-0.010971381322803129,0.006793950125981439,-0.05989592320719687,-0.01281687465336333,0.36604047749999996,7.4527709305,-7.0867304529999995,-1.0971381322803129,0.6793950125981438,-5.989592320719686,-1.281687465336333
05005,"Baxter County, AR",AR,Low,72.29643765903307,0.06754139611000001,0.074527709305,-0.006986313194999982,Low,gradient_boosted_trees,0.01304029641003237,0.004738951320882517,-0.02002660960503235,0.009729209266932473,6.754139611000001,7.4527709305,-0.6986313194999982,1.304029641003237,0.4738951320882517,-2.0026609605032353,0.9729209266932474
05009,"Boone County, AR",AR,Low,62.34096692111959,0.08734305818999999,0.074527709305,0.012815348884999994,Low,gradient_boosted_trees,0.005263507545727414,0.0034043484724197827,0.00755184133927258,0.005858365732413762,8.734305819,7.4527709305,1.2815348884999995,0.5263507545727414,0.34043484724197826,0.755184133927258,0.5858365732413763
05015,"Carroll County, AR",AR,Low,64.56743002544529,0.063991173225,0.074527709305,-0.010536536079999992,Low,gradient_boosted_trees,0.020182225321981447,0.005743623757120969,-0.03071876140198144,0.020375405278361333,6.3991173225,7.4527709305,-1.0536536079999992,2.018222532198145,0.5743623757120969,-3.071876140198144,2.0375405278361334
05017,"Chicot County, AR",AR,Low,43.765903307888046,-0.03182645529,0.074527709305,-0.106354164595,Low,gradient_boosted_trees,0.03469924516862192,0.012312884693511387,-0.1410534097636219,0.017032743091207808,-3.182645529,7.4527709305,-10.6354164595,3.469924516862192,1.2312884693511388,-14.105340976362191,1.703274309120781
05021,"Clay County, AR",AR,Low,71.62849872773536,0.10712272284999999,0.074527709305,0.032595013544999996,Low,gradient_boosted_trees,0.0024626363294727852,0.007263540762746391,0.03013237721552721,0.015371054812653783,10.712272285,7.4527709305,3.2595013544999993,0.24626363294727852,0.7263540762746391,3.013237721552721,1.5371054812653784
05023,"Cleburne County, AR",AR,Low,72.70992366412213,0.072563420405,0.074527709305,-0.0019642888999999997,Low,gradient_boosted_trees,0.009672650214788912,0.0024854213479702275,-0.011636939114788912,0.004231338138722203,7.2563420405,7.4527709305,-0.19642888999999997,0.9672650214788912,0.24854213479702275,-1.1636939114788911,0.4231338138722203
05029,"Conway County, AR",AR,Low,56.55216284987278,0.05754588684,0.074527709305,-0.016981822464999997,Low,gradient_boosted_trees,0.006328264739108152,0.002146376499514501,-0.02331008720410815,0.007450429141635109,5.754588684,7.4527709305,-1.6981822464999998,0.6328264739108153,0.21463764995145013,-2.331008720410815,0.7450429141635109
05033,"Crawford County, AR",AR,Low,71.5966921119593,0.07235812365,0.074527709305,-0.0021695856550000003,Low,gradient_boosted_trees,0.006125466671087591,0.00203478401259196,-0.008295052326087592,0.005708119612773116,7.235812364999999,7.4527709305,-0.21695856550000003,0.6125466671087592,0.203478401259196,-0.8295052326087592,0.5708119612773116
05037,"Cross County, AR",AR,Low,64.91730279898219,0.07010517885,0.074527709305,-0.00442253045499999,Low,gradient_boosted_trees,-0.007744994721388196,0.010185169429553846,0.0033224642663882064,-0.0055576541377898745,7.0105178850000005,7.4527709305,-0.442253045499999,-0.7744994721388196,1.0185169429553846,0.33224642663882065,-0.5557654137789875
05047,"Franklin County, AR",AR,Low,49.395674300254456,0.09821432266499999,0.074527709305,0.023686613359999997,Low,gradient_boosted_trees,0.021076066001389403,0.0049864992031211555,0.002610547358610594,0.020976430037340895,9.821432266499999,7.4527709305,2.3686613359999997,2.1076066001389404,0.4986499203121155,0.2610547358610594,2.0976430037340896
05049,"Fulton County, AR",AR,Low,50.667938931297705,0.06806345528,0.074527709305,-0.006464254024999991,Low,gradient_boosted_trees,0.027244416099304475,0.005302360682164055,-0.033708670124304466,0.014685020065882239,6.8063455280000005,7.4527709305,-0.6464254024999991,2.7244416099304476,0.5302360682164056,-3.3708670124304465,1.468502006588224
05055,"Greene County, AR",AR,Low,80.18447837150127,0.055581203475,0.074527709305,-0.018946505829999995,Low,gradient_boosted_trees,0.008071538055939508,0.0010730044702668962,-0.0270180438859395,0.004751019038225501,5.5581203475,7.4527709305,-1.8946505829999996,0.8071538055939508,0.10730044702668962,-2.70180438859395,0.47510190382255013
05057,"Hempstead County, AR",AR,Low,52.06743002544529,-0.03016709482,0.074527709305,-0.104694804125,Low,gradient_boosted_trees,-0.005075444152922064,0.005166692926230004,-0.09961935997207794,-0.021743790310846747,-3.016709482,7.4527709305,-10.4694804125,-0.5075444152922064,0.5166692926230004,-9.961935997207794,-2.1743790310846745
05059,"Hot Spring County, AR",AR,Low,55.534351145038165,0.060173151849999995,0.074527709305,-0.014354557455,Low,gradient_boosted_trees,0.02075334617046218,0.0018790342060723165,-0.03510790362546218,0.015542924101325567,6.017315184999999,7.4527709305,-1.4354557455,2.0753346170462184,0.18790342060723164,-3.510790362546218,1.5542924101325568
05061,"Howard County, AR",AR,Low,48.50508905852418,0.021023517285,0.074527709305,-0.053504192019999994,Low,gradient_boosted_trees,0.006514927258922919,0.0030214457992641494,-0.060019119278922915,-0.0018674350625736745,2.1023517285,7.4527709305,-5.350419201999999,0.6514927258922919,0.30214457992641497,-6.001911927892292,-0.18674350625736746
05063,"Independence County, AR",AR,Low,69.08396946564885,0.1127414496,0.074527709305,0.03821374029500001,Low,gradient_boosted_trees,0.010886441324432866,0.00490358665502366,0.02732729897056714,0.019171408748505092,11.274144960000001,7.4527709305,3.8213740295000007,1.0886441324432865,0.490358665502366,2.732729897056714,1.9171408748505092
05065,"Izard County, AR",AR,Low,53.0852417302799,0.1632394093,0.074527709305,0.088711699995,Low,gradient_boosted_trees,0.03168062911327479,0.0029511917348357276,0.05703107088172522,0.039549929605556984,16.32394093,7.4527709305,8.871169999500001,3.1680629113274787,0.29511917348357275,5.703107088172522,3.9549929605556984
05067,"Jackson County, AR",AR,Low,67.84351145038168,0.06815932205,0.074527709305,-0.0063683872549999965,Low,gradient_boosted_trees,0.00116733357059667,0.0007596418928778607,-0.007535720825596667,0.0005903083578863385,6.815932205,7.4527709305,-0.6368387254999996,0.11673335705966699,0.07596418928778606,-0.7535720825596667,0.05903083578863385
05071,"Johnson County, AR",AR,Low,58.14249363867684,0.08403039328,0.074527709305,0.00950268397500001,Low,gradient_boosted_trees,0.016998506646855895,0.0032876427494090113,-0.007495822671855886,0.012261017590283781,8.403039328,7.4527709305,0.9502683975000009,1.6998506646855895,0.32876427494090116,-0.7495822671855886,1.226101759028378
05075,"Lawrence County, AR",AR,Low,67.87531806615776,0.09637853442,0.074527709305,0.021850825115,Low,gradient_boosted_trees,0.005926814294799629,0.0013938029786171736,0.015924010820200372,0.008526164183461105,9.637853441999999,7.4527709305,2.1850825115,0.5926814294799629,0.13938029786171735,1.5924010820200372,0.8526164183461105
05081,"Little River County, AR",AR,Low,44.05216284987277,0.03305767385,0.074527709305,-0.041470035455,Low,gradient_boosted_trees,-0.010306707297724435,0.005220046056510527,-0.031163328157275565,-0.023574447404428857,3.305767385,7.4527709305,-4.1470035455,-1.0306707297724436,0.5220046056510527,-3.1163328157275565,-2.3574447404428858
05083,"Logan County, AR",AR,Low,48.18702290076336,0.082139882345,0.074527709305,0.007612173040000003,Low,gradient_boosted_trees,0.011348403872780096,0.0022991761634741682,-0.0037362308327800933,0.010162443261204955,8.2139882345,7.4527709305,0.7612173040000003,1.1348403872780097,0.2299176163474168,-0.3736230832780093,1.0162443261204956
05085,"Lonoke County, AR",AR,Low,75.09541984732824,0.041358878045,0.074527709305,-0.03316883126,Low,gradient_boosted_trees,-0.005603959769495431,0.0019999270547162154,-0.027564871490504565,-0.004910369240226803,4.1358878045,7.4527709305,-3.3168831259999996,-0.5603959769495431,0.19999270547162154,-2.7564871490504563,-0.49103692402268034
05087,"Madison County, AR",AR,Low,45.06997455470738,0.08853783595,0.074527709305,0.01401012664500001,Low,gradient_boosted_trees,0.022575960178350493,0.0020067761714345454,-0.008565833533350484,0.018801587304095955,8.853783595000001,7.4527709305,1.401012664500001,2.2575960178350494,0.20067761714345456,-0.8565833533350484,1.8801587304095955
05089,"Marion County, AR",AR,Low,47.96437659033079,0.091890490335,0.074527709305,0.01736278103000001,Low,gradient_boosted_trees,0.010669847175503837,0.001746079150003403,0.006692933854496173,0.014847910299826909,9.1890490335,7.4527709305,1.736278103000001,1.0669847175503837,0.17460791500034029,0.6692933854496174,1.484791029982691
05091,"Miller County, AR",AR,Low,70.83333333333334,0.07056438155,0.074527709305,-0.003963327754999996,Low,gradient_boosted_trees,0.003682373325630553,0.0023755233563684066,-0.007645701080630549,0.0032111726054996946,7.056438155,7.4527709305,-0.39633277549999957,0.3682373325630553,0.23755233563684067,-0.7645701080630549,0.3211172605499695
05103,"Ouachita County, AR",AR,Low,51.20865139949109,0.046518064760000005,0.074527709305,-0.02800964454499999,Low,gradient_boosted_trees,-0.007975871866457604,0.00289997135919691,-0.020033772678542387,-0.012007386387599989,4.651806476000001,7.4527709305,-2.800964454499999,-0.7975871866457604,0.289997135919691,-2.0033772678542388,-1.200738638759999
05107,"Phillips County, AR",AR,Low,61.67302798982188,0.04282573271,0.074527709305,-0.031701976594999993,Low,gradient_boosted_trees,0.0036732482120631865,0.005998605077235804,-0.03537522480706318,-0.01524339186027999,4.282573271,7.4527709305,-3.1701976594999994,0.36732482120631865,0.5998605077235805,-3.5375224807063175,-1.524339186027999
05111,"Poinsett County, AR",AR,Low,72.51908396946564,0.067545671275,0.074527709305,-0.0069820380299999985,Low,gradient_boosted_trees,0.0019207665063212852,0.005707948969209062,-0.008902804536321283,-0.0015419775163464187,6.7545671275,7.4527709305,-0.6982038029999998,0.19207665063212853,0.5707948969209062,-0.8902804536321283,-0.15419775163464186
05113,"Polk County, AR",AR,Low,46.11959287531807,0.1076629702,0.074527709305,0.033135260895000004,Low,gradient_boosted_trees,0.014094159392626503,0.0060397859866314595,0.0190411015023735,0.02007145768021781,10.76629702,7.4527709305,3.3135260895000003,1.4094159392626502,0.603978598663146,1.90411015023735,2.007145768021781
05115,"Pope County, AR",AR,Low,77.83078880407125,0.06866591481,0.074527709305,-0.005861794494999989,Low,gradient_boosted_trees,0.002207269352284681,0.004176708191020486,-0.00806906384728467,0.0031724515996506765,6.866591481,7.4527709305,-0.5861794494999989,0.2207269352284681,0.4176708191020486,-0.8069063847284671,0.31724515996506764
05121,"Randolph County, AR",AR,Low,66.98473282442748,0.085661438615,0.074527709305,0.011133729310000007,Low,gradient_boosted_trees,0.008589782668784254,0.0035539368385029946,0.0025439466412157524,0.011565302033591409,8.5661438615,7.4527709305,1.1133729310000007,0.8589782668784254,0.35539368385029946,0.25439466412157524,1.156530203359141
05123,"St. Francis County, AR",AR,Low,74.74554707379136,0.072953536155,0.074527709305,-0.0015741731499999967,Low,gradient_boosted_trees,0.009107028423745342,0.00273927383427233,-0.010681201573745339,0.002378262069273009,7.2953536155,7.4527709305,-0.15741731499999967,0.9107028423745342,0.273927383427233,-1.0681201573745338,0.23782620692730091
05125,"Saline County, AR",AR,Low,77.63994910941476,0.043119791830000004,0.074527709305,-0.03140791747499999,Low,gradient_boosted_trees,-0.004423050727113111,0.0009063116179227201,-0.02698486674788688,-0.006312124200530453,4.311979183,7.4527709305,-3.140791747499999,-0.44230507271131103,0.09063116179227201,-2.698486674788688,-0.6312124200530453
05133,"Sevier County, AR",AR,Low,64.94910941475827,0.07355228635,0.074527709305,-0.0009754229549999993,Low,gradient_boosted_trees,0.0020610050144931765,0.0014688066364117664,-0.003036427969493176,0.0003036132684183391,7.355228635,7.4527709305,-0.09754229549999993,0.20610050144931766,0.14688066364117663,-0.30364279694931756,0.03036132684183391
05135,"Sharp County, AR",AR,Low,68.06615776081425,0.11647771155,0.074527709305,0.041950002245000007,Low,gradient_boosted_trees,0.013523710982609809,0.007565999511494681,0.0284262912623902,0.03764581494403241,11.647771155000001,7.4527709305,4.195000224500001,1.352371098260981,0.7565999511494681,2.8426291262390198,3.7645814944032407
05137,"Stone County, AR",AR,Low,49.87277353689568,0.09354740349,0.074527709305,0.019019694185000005,Low,gradient_boosted_trees,0.02212960646199036,0.008670857767314756,-0.0031099122769903537,0.01902326751194844,9.354740349,7.4527709305,1.9019694185000005,2.212960646199036,0.8670857767314756,-0.31099122769903537,1.9023267511948438
05139,"Union County, AR",AR,Low,53.88040712468194,0.05889811329,0.074527709305,-0.015629596014999997,Low,gradient_boosted_trees,-0.0054203131411158885,0.008539527774496652,-0.010209282873884108,-0.01337619622245449,5.889811329,7.4527709305,-1.5629596014999998,-0.5420313141115889,0.8539527774496652,-1.0209282873884107,-1.337619622245449
05141,"Van Buren County, AR",AR,Low,50.57251908396947,0.09565148512999999,0.074527709305,0.021123775824999996,Low,gradient_boosted_trees,0.02500582179110675,0.00657867437329155,-0.0038820459661067543,0.02455296976879083,9.565148512999999,7.4527709305,2.1123775824999997,2.5005821791106753,0.657867437329155,-0.3882045966106754,2.455296976879083
05149,"Yell County, AR",AR,Low,58.93765903307888,0.101684696075,0.074527709305,0.027156986770000002,Low,gradient_boosted_trees,-0.0028285409454678837,0.004635951342582713,0.029985527715467884,0.002309490771030521,10.1684696075,7.4527709305,2.7156986770000002,-0.2828540945467884,0.4635951342582713,2.9985527715467883,0.2309490771030521
06005,"Amador County, CA",CA,Low,79.19847328244275,0.042519206495,0.074527709305,-0.03200850280999999,Low,gradient_boosted_trees,0.010618587521002499,0.008764277808982347,-0.04262709033100249,-0.005116680375953314,4.251920649500001,7.4527709305,-3.2008502809999992,1.0618587521002498,0.8764277808982347,-4.262709033100249,-0.5116680375953314
06021,"Glenn County, CA",CA,Low,74.42748091603053,0.06718384595,0.074527709305,-0.007343863354999994,Low,gradient_boosted_trees,-0.010668778877646183,0.0008935384458330802,0.0033249155226461897,-0.009517765800389703,6.718384595,7.4527709305,-0.7343863354999993,-1.0668778877646183,0.08935384458330803,0.33249155226461896,-0.9517765800389704
06027,"Inyo County, CA",CA,Low,79.32569974554707,0.0279799603,0.074527709305,-0.046547749005,Low,gradient_boosted_trees,0.002695087108811995,0.013660936979269057,-0.04924283611381199,-0.015532566983263043,2.7979960299999997,7.4527709305,-4.6547749005,0.2695087108811995,1.3660936979269056,-4.924283611381199,-1.5532566983263043
06035,"Lassen County, CA",CA,Low,73.09160305343512,0.07497009447,0.074527709305,0.00044238516500000324,Low,gradient_boosted_trees,-0.015914966822201563,0.0081046410217856,0.016357351987201566,-0.011706817751455099,7.497009447,7.4527709305,0.044238516500000324,-1.5914966822201564,0.81046410217856,1.6357351987201567,-1.1706817751455099
06051,"Mono County, CA",CA,Low,46.50127226463104,0.080921141955,0.074527709305,0.006393432650000003,Low,gradient_boosted_trees,-0.006320739027903467,0.004765366498644642,0.01271417167790347,0.004178639998752845,8.092114195499999,7.4527709305,0.6393432650000003,-0.6320739027903467,0.4765366498644642,1.271417167790347,0.4178639998752845
06105,"Trinity County, CA",CA,Low,79.45292620865139,0.01970169437,0.074527709305,-0.05482601493499999,Low,gradient_boosted_trees,0.0024518961670779243,0.009958517403891677,-0.057277911102077916,-0.03043894159885548,1.9701694370000002,7.4527709305,-5.482601493499999,0.24518961670779243,0.9958517403891677,-5.727791110207791,-3.043894159885548
06115,"Yuba County, CA",CA,Low,80.88422391857506,0.08800938861999999,0.074527709305,0.013481679314999995,Low,gradient_boosted_trees,-0.0029831266084919903,0.0028014277797594085,0.016464805923491983,-0.0007835349769010093,8.800938861999999,7.4527709305,1.3481679314999995,-0.29831266084919905,0.28014277797594084,1.6464805923491983,-0.07835349769010093
08015,"Chaffee County, CO",CO,Low,51.11323155216285,0.09541486423500001,0.074527709305,0.020887154930000013,Low,gradient_boosted_trees,0.00877999793651458,0.003313954285380034,0.012107156993485432,0.015090829742449897,9.5414864235,7.4527709305,2.0887154930000014,0.8779997936514581,0.3313954285380034,1.2107156993485433,1.5090829742449896
08019,"Clear Creek County, CO",CO,Low,46.723918575063614,0.0918166732,0.074527709305,0.01728896389500001,Low,gradient_boosted_trees,-0.0008143718137880645,0.0021519569910641106,0.018103335708788075,0.0035883021455936754,9.18166732,7.4527709305,1.728896389500001,-0.08143718137880646,0.21519569910641106,1.8103335708788075,0.35883021455936753
08029,"Delta County, CO",CO,Low,51.27226463104325,0.099010914245,0.074527709305,0.024483204940000003,Low,gradient_boosted_trees,0.013647550357403457,0.00020617113595609084,0.010835654582596546,0.014974093599284925,9.9010914245,7.4527709305,2.4483204940000003,1.3647550357403457,0.020617113595609086,1.0835654582596546,1.4974093599284926
08037,"Eagle County, CO",CO,Low,76.24045801526718,0.080360497905,0.074527709305,0.0058327885999999995,Low,gradient_boosted_trees,0.0038328764063705763,0.0071604262297254775,0.001999912193629423,0.004068647584193277,8.0360497905,7.4527709305,0.58327886,0.3832876406370576,0.7160426229725477,0.1999912193629423,0.4068647584193277
08043,"Fremont County, CO",CO,Low,68.57506361323156,0.08458226220500001,0.074527709305,0.010054552900000013,Low,gradient_boosted_trees,0.01071053400648167,0.003162335055884192,-0.0006559811064816568,0.008764068699562796,8.4582262205,7.4527709305,1.0054552900000013,1.0710534006481671,0.3162335055884192,-0.06559811064816568,0.8764068699562797
08045,"Garfield County, CO",CO,Low,64.53562340966921,0.07917268471,0.074527709305,0.004644975405000001,Low,gradient_boosted_trees,-0.003606009580209619,0.0008364898590676978,0.00825098498520962,0.002053664468348958,7.917268471,7.4527709305,0.46449754050000014,-0.36060095802096187,0.08364898590676978,0.825098498520962,0.2053664468348958
08049,"Grand County, CO",CO,Low,50.19083969465649,0.11532545815,0.074527709305,0.04079774884500001,Low,gradient_boosted_trees,0.005373128577489307,0.005080366411022278,0.035424620267510705,0.02623270613182492,11.532545815,7.4527709305,4.079774884500001,0.5373128577489307,0.5080366411022278,3.5424620267510707,2.623270613182492
08051,"Gunnison County, CO",CO,Low,44.974554707379134,0.1203240284,0.074527709305,0.04579631909500001,Low,gradient_boosted_trees,0.0009140547415701254,0.002016468400626112,0.04488226435342989,0.010931296407463887,12.03240284,7.4527709305,4.579631909500001,0.09140547415701254,0.20164684006261122,4.488226435342988,1.0931296407463886
08067,"La Plata County, CO",CO,Low,75.15903307888041,0.048705818070000004,0.074527709305,-0.02582189123499999,Low,gradient_boosted_trees,-0.005345400081386416,0.002643137121003171,-0.020476491153613576,-0.010144329993839086,4.870581807000001,7.4527709305,-2.582189123499999,-0.5345400081386416,0.26431371210031707,-2.0476491153613576,-1.0144329993839085
08075,"Logan County, CO",CO,Low,58.7468193384224,0.09024282154999999,0.074527709305,0.015715112244999996,Low,gradient_boosted_trees,-0.024803160074435227,0.013852033022294999,0.04051827231943522,-0.010163846475355256,9.024282155,7.4527709305,1.5715112244999996,-2.4803160074435224,1.3852033022294998,4.0518272319435225,-1.0163846475355256
08077,"Mesa County, CO",CO,Low,75.12722646310432,0.07567684493,0.074527709305,0.0011491356250000057,Low,gradient_boosted_trees,0.0025426145428390254,0.003781991620029245,-0.0013934789178390197,0.005563771852422152,7.567684493,7.4527709305,0.11491356250000057,0.2542614542839025,0.3781991620029245,-0.13934789178390197,0.5563771852422152
08083,"Montezuma County, CO",CO,Low,47.61450381679389,0.06857164054,0.074527709305,-0.005956068764999989,Low,gradient_boosted_trees,0.004421054861589905,0.0014844056829139312,-0.010377123626589893,0.003119799334430803,6.857164054000001,7.4527709305,-0.5956068764999989,0.44210548615899053,0.14844056829139313,-1.0377123626589893,0.3119799334430803
08085,"Montrose County, CO",CO,Low,49.01399491094148,0.07989801237,0.074527709305,0.005370303064999998,Low,gradient_boosted_trees,0.008700580581474479,0.0038528395293308208,-0.0033302775164744808,0.009175205967073476,7.989801236999999,7.4527709305,0.5370303064999998,0.870058058147448,0.3852839529330821,-0.3330277516474481,0.9175205967073475
08087,"Morgan County, CO",CO,Low,51.94020356234097,0.08586470835000001,0.074527709305,0.011336999045000018,Low,gradient_boosted_trees,-0.005658303792168587,0.003968026341580005,0.016995302837168606,0.0020280170920102133,8.586470835000002,7.4527709305,1.1336999045000018,-0.5658303792168586,0.3968026341580005,1.6995302837168607,0.20280170920102134
08089,"Otero County, CO",CO,Low,50.731552162849866,0.1177018385,0.074527709305,0.04317412919500001,Low,gradient_boosted_trees,-0.007665117684615125,0.0030501045277720844,0.050839246879615135,0.0011395619423144856,11.77018385,7.4527709305,4.317412919500001,-0.7665117684615125,0.30501045277720845,5.083924687961513,0.11395619423144857
08097,"Pitkin County, CO",CO,Low,54.103053435114504,0.06466863553,0.074527709305,-0.00985907377499999,Low,gradient_boosted_trees,0.015492551465729101,0.010576196620683846,-0.025351625240729092,0.007644069694829128,6.4668635530000005,7.4527709305,-0.9859073774999991,1.54925514657291,1.0576196620683846,-2.535162524072909,0.7644069694829128
08099,"Prowers County, CO",CO,Low,48.60050890585242,0.099075398385,0.074527709305,0.024547689080000004,Low,gradient_boosted_trees,-0.0012011547226146032,0.0033422055681732294,0.025748843802614607,0.0013056693543056237,9.9075398385,7.4527709305,2.4547689080000006,-0.12011547226146033,0.33422055681732293,2.5748843802614605,0.13056693543056236
08105,"Rio Grande County, CO",CO,Low,45.76972010178117,0.09222790655999999,0.074527709305,0.017700197254999994,Low,gradient_boosted_trees,-0.0006508162788863617,0.0025847692342336305,0.018351013533886355,-0.000559088980143284,9.222790655999999,7.4527709305,1.7700197254999994,-0.06508162788863617,0.25847692342336304,1.8351013533886356,-0.055908898014328405
08117,"Summit County, CO",CO,Low,60.20992366412214,0.08037390413500001,0.074527709305,0.005846194830000012,Low,gradient_boosted_trees,-0.0007515780301459961,0.014606715331861744,0.006597772860146008,0.002616943166236182,8.0373904135,7.4527709305,0.5846194830000012,-0.07515780301459961,1.4606715331861744,0.6597772860146008,0.2616943166236182
12013,"Calhoun County, FL",FL,Low,44.94274809160305,0.07887748317,0.074527709305,0.004349773865000003,Low,gradient_boosted_trees,0.0217583338979405,0.0053459460176207944,-0.017408560032940498,0.015356820846999937,7.887748317,7.4527709305,0.43497738650000034,2.1758333897940503,0.5345946017620794,-1.7408560032940497,1.5356820846999937
12023,"Columbia County, FL",FL,Low,69.72010178117048,0.08187177670500001,0.074527709305,0.007344067400000015,Low,gradient_boosted_trees,0.007077398980681978,0.0017763662998600907,0.0002666684193180372,0.006310005170410044,8.1871776705,7.4527709305,0.7344067400000015,0.7077398980681978,0.17763662998600907,0.026666841931803718,0.6310005170410045
12037,"Franklin County, FL",FL,Low,46.533078880407125,0.082014465925,0.074527709305,0.007486756620000007,Low,gradient_boosted_trees,0.0010370990488451888,0.003906583910695432,0.006449657571154818,0.0009562861617448076,8.2014465925,7.4527709305,0.7486756620000007,0.10370990488451888,0.3906583910695432,0.6449657571154818,0.09562861617448076
12039,"Gadsden County, FL",FL,Low,72.39185750636132,0.09063409787,0.074527709305,0.016106388565000004,Low,gradient_boosted_trees,0.0018350504564978477,0.0032448931266978683,0.014271338108502157,0.003082377084251669,9.063409787,7.4527709305,1.6106388565000005,0.18350504564978476,0.3244893126697868,1.4271338108502156,0.3082377084251669
12043,"Glades County, FL",FL,Low,48.02798982188295,0.13080564420000002,0.074527709305,0.05627793489500002,Low,gradient_boosted_trees,0.037109010873188276,0.008868555273285032,0.019168924021811744,0.03946761237377246,13.080564420000002,7.4527709305,5.627793489500002,3.7109010873188275,0.8868555273285031,1.9168924021811744,3.946761237377246
12045,"Gulf County, FL",FL,Low,59.541984732824424,0.07927101611500001,0.074527709305,0.004743306810000014,Low,gradient_boosted_trees,-0.015698602160017172,0.006659518956811306,0.020441908970017186,-0.01094934061876423,7.927101611500001,7.4527709305,0.4743306810000014,-1.5698602160017172,0.6659518956811306,2.0441908970017186,-1.094934061876423
12047,"Hamilton County, FL",FL,Low,43.00254452926209,0.146345002,0.074527709305,0.071817292695,Low,gradient_boosted_trees,0.026685314645989933,0.0022254954057195743,0.04513197804901008,0.04161087463811095,14.6345002,7.4527709305,7.181729269500001,2.6685314645989933,0.22254954057195744,4.513197804901008,4.1610874638110955
12049,"Hardee County, FL",FL,Low,69.17938931297711,0.1277988403,0.074527709305,0.053271130995,Low,gradient_boosted_trees,0.003712947710930096,0.0028067726743311143,0.049558183284069905,0.013986876890059705,12.77988403,7.4527709305,5.3271130995,0.37129477109300957,0.28067726743311144,4.95581832840699,1.3986876890059705
12051,"Hendry County, FL",FL,Low,78.65776081424937,0.10959678595,0.074527709305,0.035069076645,Low,gradient_boosted_trees,0.011624754039947305,0.007027243404699435,0.0234443226050527,0.017076690481450493,10.959678595,7.4527709305,3.5069076645000004,1.1624754039947305,0.7027243404699435,2.34443226050527,1.7076690481450492
12059,"Holmes County, FL",FL,Low,49.42748091603054,0.09981853763500001,0.074527709305,0.025290828330000015,Low,gradient_boosted_trees,0.027783103597677883,0.0051164723184555895,-0.002492275267677868,0.02846839015191887,9.9818537635,7.4527709305,2.5290828330000013,2.7783103597677883,0.5116472318455589,-0.2492275267677868,2.846839015191887
12063,"Jackson County, FL",FL,Low,75.69974554707379,0.091185260865,0.074527709305,0.01665755156000001,Low,gradient_boosted_trees,0.018797709670560363,0.0021506578211165366,-0.002140158110560352,0.021865138563298515,9.118526086500001,7.4527709305,1.6657551560000012,1.8797709670560363,0.21506578211165367,-0.21401581105603523,2.1865138563298516
12075,"Levy County, FL",FL,Low,66.0941475826972,0.10789136915,0.074527709305,0.033363659845000004,Low,gradient_boosted_trees,0.01035462883801891,0.002258607994405905,0.023009031006981095,0.013588565683745567,10.789136915,7.4527709305,3.3363659845000004,1.035462883801891,0.2258607994405905,2.3009031006981093,1.3588565683745568
12079,"Madison County, FL",FL,Low,47.4236641221374,0.101960212675,0.074527709305,0.02743250337,Low,gradient_boosted_trees,0.020206662354825627,0.0014171708746047017,0.007225841015174372,0.029003331594049483,10.196021267499999,7.4527709305,2.743250337,2.0206662354825626,0.14171708746047018,0.7225841015174372,2.900333159404948
12089,"Nassau County, FL",FL,Low,59.31933842239185,0.068831461595,0.074527709305,-0.005696247709999991,Low,gradient_boosted_trees,0.003570664559763513,0.007194090262061133,-0.009266912269763504,0.000500310925225761,6.883146159500001,7.4527709305,-0.5696247709999991,0.35706645597635134,0.7194090262061134,-0.9266912269763503,0.05003109252257611
12093,"Okeechobee County, FL",FL,Low,80.27989821882952,0.12387799294999999,0.074527709305,0.04935028364499999,Low,gradient_boosted_trees,0.007913236530276093,0.003481015491163839,0.0414370471147239,0.011826264209163674,12.387799294999999,7.4527709305,4.935028364499999,0.7913236530276093,0.34810154911638386,4.14370471147239,1.1826264209163673
12107,"Putnam County, FL",FL,Low,79.73918575063614,0.12008507155,0.074527709305,0.04555736224500001,Low,gradient_boosted_trees,0.018763850003769896,0.007543224362494501,0.026793512241230114,0.018529515035890516,12.008507155,7.4527709305,4.555736224500001,1.8763850003769895,0.7543224362494501,2.6793512241230113,1.8529515035890516
12121,"Suwannee County, FL",FL,Low,71.34223918575063,0.10608964900000001,0.074527709305,0.03156193969500001,Low,gradient_boosted_trees,0.01781657741314976,0.004178132718542716,0.013745362281850252,0.02324212766757096,10.6089649,7.4527709305,3.156193969500001,1.7816577413149761,0.4178132718542716,1.3745362281850253,2.324212766757096
12123,"Taylor County, FL",FL,Low,65.42620865139949,0.11192107670000001,0.074527709305,0.037393367395000016,Low,gradient_boosted_trees,0.0055747564108223615,0.0033035423643582055,0.03181861098417765,0.009853766886395799,11.19210767,7.4527709305,3.7393367395000014,0.5574756410822361,0.33035423643582057,3.181861098417765,0.9853766886395798
12129,"Wakulla County, FL",FL,Low,46.69211195928753,0.06818731334,0.074527709305,-0.006340395964999995,Low,gradient_boosted_trees,0.0012626529570862594,0.00029327839846923407,-0.007603048922086255,0.0021694461158955685,6.818731334,7.4527709305,-0.6340395964999995,0.12626529570862594,0.029327839846923408,-0.7603048922086255,0.21694461158955686
12133,"Washington County, FL",FL,Low,59.44656488549618,0.098936598185,0.074527709305,0.024408888880000007,Low,gradient_boosted_trees,0.02276684577434775,0.0038550983168851886,0.001642043105652257,0.024011353381248542,9.8936598185,7.4527709305,2.440888888000001,2.276684577434775,0.3855098316885189,0.16420431056522572,2.4011353381248544
13009,"Baldwin County, GA",GA,Low,50.031806615776084,0.062412632009999996,0.074527709305,-0.012115077294999999,Low,gradient_boosted_trees,0.008966841239595921,0.002052261961152899,-0.02108191853459592,0.008794777825497513,6.241263201,7.4527709305,-1.2115077294999999,0.8966841239595921,0.20522619611528992,-2.108191853459592,0.8794777825497513
13013,"Barrow County, GA",GA,Low,45.61068702290076,0.08064718124,0.074527709305,0.006119471935000009,Low,gradient_boosted_trees,0.006693756991905243,0.004815827875526351,-0.0005742850569052339,0.005589140480907369,8.064718124,7.4527709305,0.6119471935000009,0.6693756991905243,0.4815827875526351,-0.05742850569052339,0.5589140480907369
13015,"Bartow County, GA",GA,Low,65.2671755725191,0.079210601805,0.074527709305,0.004682892500000008,Low,gradient_boosted_trees,-0.0010698317233116745,0.0006044270022063529,0.005752724223311682,0.0030721503409782054,7.9210601805000005,7.4527709305,0.46828925000000077,-0.10698317233116744,0.06044270022063529,0.5752724223311683,0.3072150340978205
13021,"Bibb County, GA",GA,Low,78.49872773536896,0.090533547045,0.074527709305,0.01600583774,Low,gradient_boosted_trees,-0.003663599308895399,0.0008611239443468041,0.0196694370488954,-0.0002036239257090575,9.0533547045,7.4527709305,1.600583774,-0.3663599308895399,0.08611239443468041,1.96694370488954,-0.02036239257090575
13029,"Bryan County, GA",GA,Low,66.63486005089058,0.063382966155,0.074527709305,-0.011144743149999997,Low,gradient_boosted_trees,-0.01072615807100144,0.002832520299866036,-0.0004185850789985568,-0.010239870768903168,6.3382966155,7.4527709305,-1.1144743149999998,-1.072615807100144,0.2832520299866036,-0.04185850789985568,-1.0239870768903168
13031,"Bulloch County, GA",GA,Low,75.41348600508906,0.086977992,0.074527709305,0.012450282695000009,Low,gradient_boosted_trees,0.0045114337796671134,0.0024537220672154803,0.007938848915332895,0.0008018027778476094,8.6977992,7.4527709305,1.245028269500001,0.45114337796671133,0.24537220672154803,0.7938848915332894,0.08018027778476093
13039,"Camden County, GA",GA,Low,54.54834605597965,0.0688918962,0.074527709305,-0.005635813104999998,Low,gradient_boosted_trees,-0.002159662576692319,0.0018838951783269008,-0.003476150528307679,-0.002474348024344461,6.88918962,7.4527709305,-0.5635813104999998,-0.21596625766923191,0.1883895178326901,-0.34761505283076793,-0.24743480243444607
13045,"Carroll County, GA",GA,Low,70.45165394402035,0.09083944897,0.074527709305,0.016311739665000005,Low,gradient_boosted_trees,0.005141688041453963,0.0015689405443342116,0.011170051623546041,0.006411906338680339,9.083944897,7.4527709305,1.6311739665000005,0.5141688041453962,0.15689405443342117,1.1170051623546042,0.6411906338680339
13055,"Chattooga County, GA",GA,Low,54.35750636132316,0.1180242609,0.074527709305,0.043496551595,Low,gradient_boosted_trees,0.01654553273497174,0.0024287247332662634,0.02695101886002826,0.018960682142881526,11.802426089999999,7.4527709305,4.3496551595,1.6545532734971742,0.24287247332662634,2.695101886002826,1.8960682142881526
13069,"Coffee County, GA",GA,Low,59.605597964376585,0.05537084399,0.074527709305,-0.019156865314999993,Low,gradient_boosted_trees,0.014294690013543337,0.0035830164653773647,-0.03345155532854333,-0.001313634988779595,5.537084399,7.4527709305,-1.9156865314999993,1.4294690013543336,0.3583016465377365,-3.345155532854333,-0.1313634988779595
13071,"Colquitt County, GA",GA,Low,70.54707379134861,0.10144604363500001,0.074527709305,0.026918334330000016,Low,gradient_boosted_trees,0.01761228710702972,0.0011823392801591191,0.009306047222970296,0.0157222770704882,10.144604363500001,7.4527709305,2.6918334330000016,1.7612287107029718,0.11823392801591191,0.9306047222970296,1.5722277070488198
13073,"Columbia County, GA",GA,Low,76.84478371501272,0.048217370674999996,0.074527709305,-0.02631033863,Low,gradient_boosted_trees,-0.015477208002128937,0.0024166937242667327,-0.010833130627871062,-0.017279271720221964,4.8217370675,7.4527709305,-2.631033863,-1.5477208002128937,0.24166937242667327,-1.0833130627871062,-1.7279271720221965
13077,"Coweta County, GA",GA,Low,65.61704834605598,0.059942381375,0.074527709305,-0.014585327929999996,Low,gradient_boosted_trees,-0.009238840358314895,0.0019501621464386655,-0.005346487571685101,-0.010259510054298999,5.9942381375,7.4527709305,-1.4585327929999996,-0.9238840358314895,0.19501621464386656,-0.5346487571685101,-1.0259510054299
13081,"Crisp County, GA",GA,Low,52.29007633587786,0.10946048554999999,0.074527709305,0.03493277624499999,Low,gradient_boosted_trees,-0.010896260969445527,0.008965696482187964,0.04582903721444552,0.005217932110491199,10.946048554999999,7.4527709305,3.4932776244999992,-1.0896260969445526,0.8965696482187964,4.582903721444552,0.5217932110491199
13087,"Decatur County, GA",GA,Low,75.85877862595419,0.059212710305,0.074527709305,-0.015314998999999996,Low,gradient_boosted_trees,0.007765838757472207,0.0017322518645097372,-0.023080837757472203,0.003605694340751738,5.9212710305,7.4527709305,-1.5314998999999996,0.7765838757472208,0.17322518645097373,-2.30808377574722,0.3605694340751738
13091,"Dodge County, GA",GA,Low,44.75190839694657,0.13056680145,0.074527709305,0.056039092145,Low,gradient_boosted_trees,0.03353080100733233,0.004569210722410503,0.02250829113766767,0.03917212439691344,13.056680145,7.4527709305,5.6039092145,3.3530801007332327,0.4569210722410503,2.250829113766767,3.9172124396913444
13097,"Douglas County, GA",GA,Low,65.71246819338423,0.09181206002,0.074527709305,0.017284350715000008,Low,gradient_boosted_trees,0.004290971462250364,0.0020915512820087355,0.012993379252749643,0.008278094522532678,9.181206002,7.4527709305,1.7284350715000008,0.4290971462250364,0.20915512820087354,1.2993379252749644,0.8278094522532679
13099,"Early County, GA",GA,Low,43.38422391857507,0.08377814995999999,0.074527709305,0.009250440654999997,Low,gradient_boosted_trees,0.0166427029049782,0.002429792233897884,-0.0073922622499782015,0.013655968664090908,8.377814996,7.4527709305,0.9250440654999997,1.66427029049782,0.24297922338978842,-0.7392262249978201,1.3655968664090907
13103,"Effingham County, GA",GA,Low,59.09669211195929,0.06309185739,0.074527709305,-0.01143585191499999,Low,gradient_boosted_trees,-0.0012355264096498028,0.004285639204904164,-0.010200325505350187,-0.007056959454243236,6.309185739,7.4527709305,-1.1435851914999988,-0.12355264096498028,0.42856392049041636,-1.0200325505350187,-0.7056959454243236
13111,"Fannin County, GA",GA,Low,56.48854961832062,0.086796781835,0.074527709305,0.012269072530000008,Low,gradient_boosted_trees,0.013714215365428403,0.00885690530931148,-0.0014451428354283948,0.0130893550710978,8.6796781835,7.4527709305,1.2269072530000007,1.3714215365428404,0.8856905309311479,-0.1445142835428395,1.30893550710978
13113,"Fayette County, GA",GA,Low,61.25954198473282,0.06815758791000001,0.074527709305,-0.0063701213949999835,Low,gradient_boosted_trees,-0.01585762807923552,0.0015017264776422384,0.009487506684235536,-0.011881477054515085,6.815758791000001,7.4527709305,-0.6370121394999984,-1.585762807923552,0.15017264776422384,0.9487506684235536,-1.1881477054515084
13123,"Gilmer County, GA",GA,Low,68.09796437659033,0.1062005526,0.074527709305,0.031672843295,Low,gradient_boosted_trees,0.011695524544294194,0.0015595388821872844,0.01997731875070581,0.013644711694529705,10.620055259999999,7.4527709305,3.1672843295,1.1695524544294194,0.15595388821872844,1.997731875070581,1.3644711694529705
13129,"Gordon County, GA",GA,Low,67.20737913486005,0.08875629337499999,0.074527709305,0.014228584069999994,Low,gradient_boosted_trees,0.012847620082917054,0.003503487086006901,0.0013809639870829404,0.01029260068866211,8.8756293375,7.4527709305,1.4228584069999994,1.2847620082917055,0.35034870860069006,0.13809639870829404,1.029260068866211
13131,"Grady County, GA",GA,Low,52.989821882951645,0.092759794645,0.074527709305,0.01823208534000001,Low,gradient_boosted_trees,0.013981128671744761,0.0029895837622479155,0.004250956668255248,0.00955738035174256,9.2759794645,7.4527709305,1.8232085340000008,1.398112867174476,0.29895837622479154,0.4250956668255248,0.9557380351742559
13151,"Henry County, GA",GA,Low,79.35750636132316,0.068397177845,0.074527709305,-0.006130531459999991,Low,gradient_boosted_trees,0.002306640654338434,0.0014319281334653153,-0.008437172114338426,0.0028109930357496336,6.8397177845,7.4527709305,-0.613053145999999,0.2306640654338434,0.14319281334653153,-0.8437172114338426,0.2810993035749634
13153,"Houston County, GA",GA,Low,70.48346055979644,0.05929352343,0.074527709305,-0.015234185874999993,Low,gradient_boosted_trees,-0.003275419817874561,0.003804731885186227,-0.011958766057125432,-0.004501031064999127,5.929352343000001,7.4527709305,-1.5234185874999993,-0.3275419817874561,0.38047318851862266,-1.1958766057125432,-0.4501031064999127
13175,"Laurens County, GA",GA,Low,50.50890585241731,0.053275805770000004,0.074527709305,-0.02125190353499999,Low,gradient_boosted_trees,0.0035806490904660877,0.005010969266238963,-0.02483255262546608,0.002090928871171826,5.327580577,7.4527709305,-2.125190353499999,0.35806490904660876,0.5010969266238963,-2.4832552625466078,0.20909288711718257
13185,"Lowndes County, GA",GA,Low,72.64631043256998,0.08037440155,0.074527709305,0.005846692245000007,Low,gradient_boosted_trees,-0.003092060222345651,0.0074712109654204,0.008938752467345658,0.0008502803090345439,8.037440155,7.4527709305,0.5846692245000007,-0.3092060222345651,0.74712109654204,0.8938752467345659,0.08502803090345439
13187,"Lumpkin County, GA",GA,Low,44.910941475826974,0.08865360547500001,0.074527709305,0.014125896170000013,Low,gradient_boosted_trees,0.005169061474844652,0.003229607503107382,0.00895683469515536,0.008139996981422941,8.8653605475,7.4527709305,1.4125896170000014,0.5169061474844652,0.3229607503107382,0.895683469515536,0.8139996981422941
13191,"McIntosh County, GA",GA,Low,66.57124681933843,0.08308630993,0.074527709305,0.00855860062500001,Low,gradient_boosted_trees,0.010567071390605615,0.002203823511319939,-0.002008470765605605,0.0159459400007389,8.308630993000001,7.4527709305,0.855860062500001,1.0567071390605616,0.2203823511319939,-0.2008470765605605,1.59459400007389
13205,"Mitchell County, GA",GA,Low,63.040712468193384,0.1122680549,0.074527709305,0.037740345595,Low,gradient_boosted_trees,0.011149102232465494,0.009116607172843535,0.02659124336253451,0.021532196661366486,11.22680549,7.4527709305,3.7740345595000004,1.1149102232465493,0.9116607172843535,2.659124336253451,2.1532196661366485
13213,"Murray County, GA",GA,Low,51.463104325699746,0.09685550226,0.074527709305,0.02232779295500001,Low,gradient_boosted_trees,0.013308499383963826,0.00364203562299584,0.009019293571036183,0.015459437886698181,9.685550226,7.4527709305,2.2327792955000008,1.3308499383963825,0.364203562299584,0.9019293571036183,1.5459437886698182
13217,"Newton County, GA",GA,Low,50.63613231552163,0.07752683963000001,0.074527709305,0.0029991303250000156,Low,gradient_boosted_trees,0.0061012326815664125,0.003204992740404662,-0.003102102356566397,0.006381168591539671,7.752683963000001,7.4527709305,0.29991303250000156,0.6101232681566413,0.3204992740404662,-0.3102102356566397,0.6381168591539671
13223,"Paulding County, GA",GA,Low,69.97455470737913,0.07775523870500001,0.074527709305,0.003227529400000012,Low,gradient_boosted_trees,0.003949557583954419,0.0039246872751121185,-0.0007220281839544068,0.004605553350097771,7.775523870500001,7.4527709305,0.3227529400000012,0.3949557583954419,0.39246872751121187,-0.07220281839544068,0.46055533500977713
13233,"Polk County, GA",GA,Low,64.05852417302799,0.10113862567,0.074527709305,0.026610916365,Low,gradient_boosted_trees,0.014660531409945485,0.004628504792823163,0.011950384955054516,0.014558146681714096,10.113862567,7.4527709305,2.6610916365,1.4660531409945485,0.4628504792823163,1.1950384955054516,1.4558146681714095
13237,"Putnam County, GA",GA,Low,53.30788804071247,0.08434429902,0.074527709305,0.009816589715000004,Low,gradient_boosted_trees,0.012158054983478264,0.0008973070368778779,-0.0023414652684782596,0.011214608503490011,8.434429902,7.4527709305,0.9816589715000004,1.2158054983478264,0.0897307036877878,-0.23414652684782597,1.1214608503490011
13241,"Rabun County, GA",GA,Low,45.29262086513995,0.09603325506499999,0.074527709305,0.021505545759999994,Low,gradient_boosted_trees,0.02365292079352418,0.003923538710762336,-0.002147375033524187,0.02325382104730745,9.6033255065,7.4527709305,2.1505545759999993,2.365292079352418,0.3923538710762336,-0.2147375033524187,2.3253821047307452
13247,"Rockdale County, GA",GA,Low,56.170483460559794,0.086275313365,0.074527709305,0.01174760406,Low,gradient_boosted_trees,0.009974008970797673,0.006339641064364947,0.0017735950892023272,0.011610701201253097,8.627531336499999,7.4527709305,1.1747604059999999,0.9974008970797673,0.6339641064364947,0.17735950892023272,1.1610701201253097
13251,"Screven County, GA",GA,Low,43.89312977099237,0.1111030976,0.074527709305,0.03657538829500001,Low,gradient_boosted_trees,0.03921573579295398,0.006280638789624694,-0.002640347497953971,0.035361138514529225,11.11030976,7.4527709305,3.657538829500001,3.9215735792953983,0.6280638789624694,-0.2640347497953971,3.5361138514529227
13261,"Sumter County, GA",GA,Low,53.18066157760815,0.1615690933,0.074527709305,0.087041383995,Low,gradient_boosted_trees,0.0303679476372206,0.007703877889948071,0.0566734363577794,0.030971827843531027,16.156909329999998,7.4527709305,8.7041383995,3.03679476372206,0.7703877889948072,5.667343635777939,3.0971827843531026
13267,"Tattnall County, GA",GA,Low,68.38422391857506,0.13983682515,0.074527709305,0.06530911584500002,Low,gradient_boosted_trees,0.02428805385438346,0.004460153539711709,0.04102106199061656,0.033736188426067015,13.983682515000002,7.4527709305,6.530911584500002,2.4288053854383462,0.4460153539711709,4.102106199061656,3.3736188426067013
13275,"Thomas County, GA",GA,Low,65.96692111959288,0.08058130371,0.074527709305,0.006053594405000001,Low,gradient_boosted_trees,0.008752249811684718,0.002765122662355907,-0.0026986554066847166,0.008598954826309235,8.058130370999999,7.4527709305,0.6053594405000001,0.8752249811684718,0.2765122662355907,-0.2698655406684717,0.8598954826309235
13277,"Tift County, GA",GA,Low,56.01145038167938,0.1038735892,0.074527709305,0.02934587989500001,Low,gradient_boosted_trees,0.03418709918204648,0.012142690660651162,-0.004841219287046471,0.020774419793027823,10.38735892,7.4527709305,2.934587989500001,3.418709918204648,1.214269066065116,-0.4841219287046471,2.0774419793027823
13285,"Troup County, GA",GA,Low,59.92366412213741,0.073624002295,0.074527709305,-0.0009037070099999905,Low,gradient_boosted_trees,0.009661227762440076,0.0014017317292647905,-0.010564934772440067,0.01050070436959086,7.3624002295,7.4527709305,-0.09037070099999905,0.9661227762440076,0.14017317292647904,-1.0564934772440067,1.0500704369590859
13291,"Union County, GA",GA,Low,52.48091603053435,0.088595672505,0.074527709305,0.014067963200000005,Low,gradient_boosted_trees,0.009104359298860998,0.004046362857730034,0.004963603901139008,0.00960148036573266,8.8595672505,7.4527709305,1.4067963200000007,0.9104359298860998,0.4046362857730034,0.49636039011390076,0.960148036573266
13297,"Walton County, GA",GA,Low,54.961832061068705,0.073135841625,0.074527709305,-0.0013918676799999918,Low,gradient_boosted_trees,-0.002763588797112229,0.0031392812057164728,0.0013717211171122372,-0.0023577270498531637,7.313584162500001,7.4527709305,-0.13918676799999918,-0.2763588797112229,0.31392812057164726,0.13717211171122373,-0.23577270498531638
13299,"Ware County, GA",GA,Low,49.36386768447837,0.10464173474999999,0.074527709305,0.030114025444999998,Low,gradient_boosted_trees,0.011711424865164221,0.003825348447408201,0.018402600579835775,0.013973561569068886,10.464173474999999,7.4527709305,3.0114025444999997,1.1711424865164222,0.3825348447408201,1.8402600579835775,1.3973561569068886
13305,"Wayne County, GA",GA,Low,44.62468193384224,0.08668073577,0.074527709305,0.012153026465000008,Low,gradient_boosted_trees,0.02266964602715403,0.0028850487147924634,-0.010516619562154023,0.017238208999683837,8.668073577,7.4527709305,1.2153026465000007,2.266964602715403,0.28850487147924636,-1.0516619562154021,1.7238208999683837
13311,"White County, GA",GA,Low,45.73791348600509,0.09443623714999999,0.074527709305,0.019908527844999996,Low,gradient_boosted_trees,0.012110768026553427,0.0014281553291228218,0.007797759818446569,0.014999793184788394,9.443623715,7.4527709305,1.9908527844999995,1.2110768026553427,0.1428155329122822,0.7797759818446569,1.4999793184788395
16005,"Bannock County, ID",ID,Low,66.88931297709924,0.08931097532,0.074527709305,0.014783266015000004,Low,gradient_boosted_trees,0.0033891029277671888,0.0023480612283847875,0.011394163087232815,0.0019048161042395737,8.931097532,7.4527709305,1.4783266015000005,0.33891029277671886,0.23480612283847874,1.1394163087232816,0.19048161042395736
16011,"Bingham County, ID",ID,Low,60.14631043256997,0.095599060985,0.074527709305,0.021071351680000003,Low,gradient_boosted_trees,0.01659802917950083,0.003340418038144572,0.004473322500499172,0.015715110711992275,9.559906098499999,7.4527709305,2.107135168,1.659802917950083,0.3340418038144572,0.44733225004991717,1.5715110711992275
16013,"Blaine County, ID",ID,Low,65.36259541984732,0.1239748217,0.074527709305,0.049447112395000006,Low,gradient_boosted_trees,0.02197501273059681,0.006190067918870039,0.027472099664403195,0.032478340388960275,12.39748217,7.4527709305,4.944711239500001,2.197501273059681,0.6190067918870039,2.7472099664403196,3.2478340388960274
16015,"Boise County, ID",ID,Low,48.918575063613225,0.10834025745,0.074527709305,0.03381254814500001,Low,gradient_boosted_trees,0.0047776646708392765,0.0031477457074038763,0.029034883474160732,0.007558118553584042,10.834025745,7.4527709305,3.381254814500001,0.47776646708392767,0.3147745707403876,2.903488347416073,0.7558118553584042
16017,"Bonner County, ID",ID,Low,77.29007633587787,0.09115596423,0.074527709305,0.016628254925000002,Low,gradient_boosted_trees,0.013938591114981629,0.0030451592550820553,0.0026896638100183737,0.016639303458372,9.115596423,7.4527709305,1.6628254925000001,1.3938591114981629,0.30451592550820555,0.26896638100183734,1.6639303458372001
16027,"Canyon County, ID",ID,Low,71.72391857506362,0.11526270885,0.074527709305,0.04073499954500001,Low,gradient_boosted_trees,0.0007707816539479747,0.000638543092595886,0.039964217891052034,0.007845689998087161,11.526270885,7.4527709305,4.073499954500001,0.07707816539479746,0.0638543092595886,3.996421789105203,0.7845689998087161
16031,"Cassia County, ID",ID,Low,43.57506361323155,0.1181796039,0.074527709305,0.043651894595000004,Low,gradient_boosted_trees,0.0007252355310211593,0.004625381292251703,0.04292665906397884,0.00581094611869293,11.81796039,7.4527709305,4.365189459500001,0.07252355310211593,0.46253812922517035,4.292665906397884,0.581094611869293
16035,"Clearwater County, ID",ID,Low,46.9147582697201,0.05270841332,0.074527709305,-0.021819295984999994,Low,gradient_boosted_trees,0.019184287863375348,0.0025232351796275207,-0.04100358384837534,0.016896110074762924,5.270841332,7.4527709305,-2.1819295984999996,1.9184287863375349,0.2523235179627521,-4.100358384837534,1.6896110074762924
16037,"Custer County, ID",ID,Low,52.41730279898219,0.18658683235,0.074527709305,0.11205912304500001,Low,gradient_boosted_trees,0.02425553975323068,0.007855040228534931,0.08780358329176934,0.03359926727205083,18.658683235,7.4527709305,11.205912304500002,2.425553975323068,0.7855040228534931,8.780358329176934,3.359926727205083
16039,"Elmore County, ID",ID,Low,51.972010178117046,0.11692934925000001,0.074527709305,0.042401639945000014,Low,gradient_boosted_trees,0.0035843987942287196,0.004576338652120869,0.038817241150771294,0.009473931732230588,11.692934925000001,7.4527709305,4.240163994500001,0.358439879422872,0.4576338652120869,3.8817241150771293,0.9473931732230588
16049,"Idaho County, ID",ID,Low,78.37150127226464,0.1026185136,0.074527709305,0.028090804295000008,Low,gradient_boosted_trees,0.022945509495294256,0.002558872923243676,0.005145294799705751,0.023365633129303186,10.26185136,7.4527709305,2.8090804295000007,2.294550949529426,0.25588729232436763,0.5145294799705751,2.3365633129303185
16055,"Kootenai County, ID",ID,Low,78.97582697201018,0.09493279639999999,0.074527709305,0.020405087094999996,Low,gradient_boosted_trees,-0.0019571588741436195,0.000919865227766404,0.022362245969143615,-0.0014779353477491234,9.493279639999999,7.4527709305,2.0405087094999996,-0.19571588741436197,0.0919865227766404,2.2362245969143615,-0.14779353477491233
16065,"Madison County, ID",ID,Low,58.61959287531806,0.09884538825,0.074527709305,0.024317678945000004,Low,gradient_boosted_trees,0.004560643797100279,0.01267794661879902,0.019757035147899726,0.011539148398148411,9.884538825,7.4527709305,2.4317678945000005,0.4560643797100279,1.2677946618799019,1.9757035147899726,1.153914839814841
16073,"Owyhee County, ID",ID,Low,44.11577608142493,0.1167638506,0.074527709305,0.042236141295,Low,gradient_boosted_trees,0.008157477360064684,0.0019124154686155118,0.03407866393493532,0.016237464617358983,11.67638506,7.4527709305,4.2236141295000005,0.8157477360064684,0.19124154686155118,3.407866393493532,1.6237464617358983
16079,"Shoshone County, ID",ID,Low,62.849872773536894,0.15335573800000002,0.074527709305,0.07882802869500002,Low,gradient_boosted_trees,0.012738520225724595,0.0020993537828731604,0.06608950846927543,0.0167202180193724,15.335573800000002,7.4527709305,7.8828028695000025,1.2738520225724594,0.20993537828731604,6.608950846927543,1.6720218019372401
16083,"Twin Falls County, ID",ID,Low,46.94656488549619,0.08424861722,0.074527709305,0.009720907915000007,Low,gradient_boosted_trees,0.0016639224451093003,0.0035741265971284152,0.008056985469890707,0.003795171495546001,8.424861722000001,7.4527709305,0.9720907915000008,0.16639224451093004,0.35741265971284153,0.8056985469890707,0.3795171495546001
16085,"Valley County, ID",ID,Low,55.62977099236641,0.12819650189999998,0.074527709305,0.05366879259499999,Low,gradient_boosted_trees,0.005328550295400904,0.002479021202580318,0.04834024229959908,0.025484384519974822,12.819650189999997,7.4527709305,5.366879259499998,0.5328550295400903,0.2479021202580318,4.834024229959908,2.548438451997482
17001,"Adams County, IL",IL,Low,64.18575063613231,0.02654039245,0.074527709305,-0.047987316854999996,Low,gradient_boosted_trees,-0.02012220857304765,0.004130213687409392,-0.027865108281952346,-0.027711570331735755,2.654039245,7.4527709305,-4.7987316855,-2.012220857304765,0.4130213687409392,-2.7865108281952344,-2.7711570331735755
17003,"Alexander County, IL",IL,Low,44.083969465648856,0.05603448276,0.074527709305,-0.018493226544999998,Low,gradient_boosted_trees,0.011341505814722333,0.002956420470723847,-0.02983473235972233,-0.009553941049543565,5.603448276,7.4527709305,-1.8493226544999999,1.1341505814722332,0.29564204707238473,-2.983473235972233,-0.9553941049543565
17007,"Boone County, IL",IL,Low,57.347328244274806,0.07117646396999999,0.074527709305,-0.0033512453350000027,Low,gradient_boosted_trees,-0.004691554567655502,0.004900664587127668,0.0013403092326554995,-0.004500789041091294,7.117646397,7.4527709305,-0.33512453350000027,-0.4691554567655502,0.49006645871276683,0.13403092326554994,-0.45007890410912943
17011,"Bureau County, IL",IL,Low,62.27735368956743,0.045498860775,0.074527709305,-0.029028848529999998,Low,gradient_boosted_trees,-0.005990041733718682,0.002479527677191591,-0.023038806796281317,-0.008749226881240019,4.5498860775,7.4527709305,-2.9028848529999998,-0.5990041733718682,0.2479527677191591,-2.303880679628132,-0.8749226881240019
17021,"Christian County, IL",IL,Low,54.039440203562336,0.07521640517,0.074527709305,0.0006886958650000052,Low,gradient_boosted_trees,-0.009106159287470656,0.001927801365526471,0.009794855152470661,-0.0075379882324101135,7.521640517,7.4527709305,0.06886958650000052,-0.9106159287470655,0.1927801365526471,0.9794855152470661,-0.7537988232410113
17027,"Clinton County, IL",IL,Low,65.5852417302799,0.05629943934,0.074527709305,-0.018228269964999995,Low,gradient_boosted_trees,-0.011284871951577888,0.0015502810290037884,-0.006943398013422107,-0.013853199084317794,5.629943934,7.4527709305,-1.8228269964999995,-1.1284871951577888,0.15502810290037886,-0.6943398013422107,-1.3853199084317793
17029,"Coles County, IL",IL,Low,70.35623409669212,0.057298325435,0.074527709305,-0.017229383869999997,Low,gradient_boosted_trees,-0.014741533939782281,0.001841389877197301,-0.0024878499302177157,-0.02113990331032246,5.7298325435,7.4527709305,-1.7229383869999997,-1.474153393978228,0.1841389877197301,-0.24878499302177157,-2.113990331032246
17037,"DeKalb County, IL",IL,Low,80.82061068702289,0.06911286854000001,0.074527709305,-0.005414840764999984,Low,gradient_boosted_trees,-0.007706096959686398,0.0022449889479632633,0.002291256194686414,-0.00600518412534493,6.911286854000001,7.4527709305,-0.5414840764999984,-0.7706096959686398,0.22449889479632634,0.22912561946864138,-0.600518412534493
17041,"Douglas County, IL",IL,Low,62.11832061068703,0.02874805628,0.074527709305,-0.04577965302499999,Low,gradient_boosted_trees,-0.019781177287726676,0.0013122060899846692,-0.025998475737273315,-0.032248231381924106,2.874805628,7.4527709305,-4.577965302499999,-1.9781177287726677,0.13122060899846694,-2.5998475737273314,-3.2248231381924106
17049,"Effingham County, IL",IL,Low,53.7531806615776,0.053061206305,0.074527709305,-0.021466502999999998,Low,gradient_boosted_trees,-0.02308507149433509,0.004060594811535419,0.001618568494335091,-0.01859209845645947,5.3061206305,7.4527709305,-2.1466502999999997,-2.3085071494335088,0.40605948115354196,0.1618568494335091,-1.859209845645947
17051,"Fayette County, IL",IL,Low,48.75954198473282,0.027305822335,0.074527709305,-0.047221886969999995,Low,gradient_boosted_trees,-0.009282727762369556,0.006167139943488235,-0.03793915920763044,-0.010941569874624921,2.7305822335,7.4527709305,-4.722188696999999,-0.9282727762369556,0.6167139943488235,-3.793915920763044,-1.0941569874624921
17055,"Franklin County, IL",IL,Low,80.94783715012723,0.056420578745,0.074527709305,-0.018107130559999997,Low,gradient_boosted_trees,0.014820579797361464,0.0076815007216422156,-0.03292771035736146,0.00849322688171764,5.6420578745,7.4527709305,-1.8107130559999998,1.4820579797361464,0.7681500721642216,-3.2927710357361457,0.8493226881717639
17057,"Fulton County, IL",IL,Low,59.00127226463104,0.061877043815,0.074527709305,-0.012650665489999997,Low,gradient_boosted_trees,-0.00883012390034274,0.0025849882324622507,-0.0038205415896572573,-0.010361101676223282,6.1877043815,7.4527709305,-1.2650665489999997,-0.883012390034274,0.2584988232462251,-0.3820541589657257,-1.036110167622328
17063,"Grundy County, IL",IL,Low,66.50763358778626,0.057930495240000004,0.074527709305,-0.01659721406499999,Low,gradient_boosted_trees,-0.00994843985940542,0.0018943508188015155,-0.0066487742055945705,-0.008814286814710704,5.793049524000001,7.4527709305,-1.659721406499999,-0.994843985940542,0.18943508188015154,-0.6648774205594571,-0.8814286814710705
17073,"Henry County, IL",IL,Low,57.09287531806616,0.03205457695,0.074527709305,-0.042473132355,Low,gradient_boosted_trees,-0.012477180415760458,0.0007732467277104851,-0.02999595193923954,-0.014094160277823295,3.2054576949999998,7.4527709305,-4.2473132355,-1.2477180415760458,0.07732467277104851,-2.999595193923954,-1.4094160277823296
17075,"Iroquois County, IL",IL,Low,73.95038167938931,0.06352515780000001,0.074527709305,-0.011002551504999986,Low,gradient_boosted_trees,-0.016782999170343812,0.003906690316018532,0.005780447665343826,-0.01393123918014667,6.352515780000001,7.4527709305,-1.1002551504999984,-1.678299917034381,0.3906690316018532,0.5780447665343826,-1.393123918014667
17081,"Jefferson County, IL",IL,Low,77.2264631043257,0.049622298780000004,0.074527709305,-0.02490541052499999,Low,gradient_boosted_trees,-0.008342820011438922,0.0026280929952584445,-0.01656259051356107,-0.010758813058492831,4.9622298780000005,7.4527709305,-2.490541052499999,-0.8342820011438922,0.2628092995258445,-1.656259051356107,-1.075881305849283
17085,"Jo Daviess County, IL",IL,Low,51.30407124681934,0.071165966265,0.074527709305,-0.00336174303999999,Low,gradient_boosted_trees,-0.005030113151389616,0.003961732350490344,0.0016683701113896264,-0.005803169626898396,7.116596626500001,7.4527709305,-0.336174303999999,-0.5030113151389616,0.3961732350490344,0.16683701113896265,-0.5803169626898397
17087,"Johnson County, IL",IL,Low,51.08142493638677,0.027494548554999998,0.074527709305,-0.04703316075,Low,gradient_boosted_trees,0.016299263962452907,0.007042502030690122,-0.0633324247124529,0.005806224681344185,2.7494548555,7.4527709305,-4.703316075,1.6299263962452908,0.7042502030690122,-6.33324247124529,0.5806224681344184
17093,"Kendall County, IL",IL,Low,80.24809160305344,0.066036519295,0.074527709305,-0.008491190009999997,Low,gradient_boosted_trees,-0.012737866824641368,0.008882861027649121,0.004246676814641371,-0.007898072451580062,6.6036519295,7.4527709305,-0.8491190009999996,-1.2737866824641368,0.8882861027649122,0.42466768146413714,-0.7898072451580063
17095,"Knox County, IL",IL,Low,57.156488549618324,0.03998297774,0.074527709305,-0.03454473156499999,Low,gradient_boosted_trees,-0.01381164156180976,0.0014060961160367242,-0.020733090003190235,-0.015916901627001528,3.998297774,7.4527709305,-3.4544731564999993,-1.381164156180976,0.1406096116036724,-2.0733090003190235,-1.5916901627001527
17101,"Lawrence County, IL",IL,Low,49.23664122137404,0.09897172237,0.074527709305,0.024444013065000006,Low,gradient_boosted_trees,-0.00091088330143657,0.00211279710422837,0.025354896366436577,0.005949381048678616,9.897172237,7.4527709305,2.4444013065000005,-0.091088330143657,0.211279710422837,2.535489636643658,0.5949381048678616
17103,"Lee County, IL",IL,Low,54.38931297709924,0.07335846007499999,0.074527709305,-0.0011692492300000024,Low,gradient_boosted_trees,-0.014275921757599204,0.0029681775403027468,0.013106672527599202,-0.013062889146727324,7.335846007499999,7.4527709305,-0.11692492300000024,-1.4275921757599204,0.29681775403027466,1.3106672527599201,-1.3062889146727323
17105,"Livingston County, IL",IL,Low,71.78753180661577,0.063072507615,0.074527709305,-0.01145520169,Low,gradient_boosted_trees,-0.008077310006040343,0.003328306863679142,-0.003377891683959657,-0.009361112742247782,6.3072507615,7.4527709305,-1.145520169,-0.8077310006040342,0.33283068636791424,-0.33778916839596573,-0.9361112742247781
17107,"Logan County, IL",IL,Low,58.11068702290076,0.056390088064999996,0.074527709305,-0.01813762124,Low,gradient_boosted_trees,-0.002553638476565002,0.003393789113891846,-0.015583982763434997,-0.004885221233255454,5.6390088065,7.4527709305,-1.813762124,-0.25536384765650016,0.3393789113891846,-1.5583982763434998,-0.48852212332554545
17117,"Macoupin County, IL",IL,Low,79.93002544529261,0.07176901171,0.074527709305,-0.002758697594999998,Low,gradient_boosted_trees,-0.0065202159865720725,0.001380846649151083,0.0037615183915720744,-0.008259669006015324,7.176901171,7.4527709305,-0.2758697594999998,-0.6520215986572072,0.1380846649151083,0.37615183915720746,-0.8259669006015324
17121,"Marion County, IL",IL,Low,77.13104325699746,0.050383763465,0.074527709305,-0.024143945839999993,Low,gradient_boosted_trees,-0.012671739045973948,0.001947629719867943,-0.011472206794026045,-0.014113378655927985,5.0383763465,7.4527709305,-2.414394583999999,-1.2671739045973949,0.1947629719867943,-1.1472206794026045,-1.4113378655927984
17125,"Mason County, IL",IL,Low,43.034351145038165,0.044649107460000004,0.074527709305,-0.02987860184499999,Low,gradient_boosted_trees,-0.0056108020261832585,0.008333253056072621,-0.024267799818816733,-0.014149551798277872,4.464910746,7.4527709305,-2.9878601844999992,-0.5610802026183258,0.8333253056072621,-2.426779981881673,-1.4149551798277873
17127,"Massac County, IL",IL,Low,61.60941475826972,0.06323509499,0.074527709305,-0.01129261431499999,Low,gradient_boosted_trees,-0.012130140355473844,0.006701846214961864,0.0008375260404738533,-0.007394505095367555,6.323509499,7.4527709305,-1.1292614314999991,-1.2130140355473844,0.6701846214961864,0.08375260404738533,-0.7394505095367555
17135,"Montgomery County, IL",IL,Low,65.39440203562341,0.08018949041500001,0.074527709305,0.005661781110000014,Low,gradient_boosted_trees,0.0019702940843230135,0.00206081262875528,0.0036914870256770003,0.00697514380792557,8.0189490415,7.4527709305,0.5661781110000014,0.19702940843230135,0.206081262875528,0.36914870256770005,0.697514380792557
17137,"Morgan County, IL",IL,Low,71.11959287531806,0.03125870557,0.074527709305,-0.04326900373499999,Low,gradient_boosted_trees,-0.015893015965053086,0.002444938181696409,-0.027375987769946906,-0.012762628269451475,3.1258705570000003,7.4527709305,-4.326900373499999,-1.5893015965053086,0.24449381816964091,-2.7375987769946906,-1.2762628269451475
17139,"Moultrie County, IL",IL,Low,45.038167938931295,0.065288335165,0.074527709305,-0.009239374139999992,Low,gradient_boosted_trees,-0.011738833047935182,0.003271665300262887,0.00249945890793519,-0.01526794734402053,6.528833516500001,7.4527709305,-0.9239374139999992,-1.1738833047935182,0.3271665300262887,0.249945890793519,-1.526794734402053
17141,"Ogle County, IL",IL,Low,71.08778625954199,0.052125906900000005,0.074527709305,-0.02240180240499999,Low,gradient_boosted_trees,-0.010665805606547845,0.0022358442517164804,-0.011735996798452145,-0.01187593744020346,5.212590690000001,7.4527709305,-2.240180240499999,-1.0665805606547845,0.22358442517164803,-1.1735996798452144,-1.187593744020346
17145,"Perry County, IL",IL,Low,72.07379134860051,0.055432021644999996,0.074527709305,-0.01909568766,Low,gradient_boosted_trees,-0.007464938511665936,0.0009712546420151411,-0.011630749148334063,-0.005628600936821139,5.543202164499999,7.4527709305,-1.909568766,-0.7464938511665936,0.0971254642015141,-1.1630749148334063,-0.5628600936821139
17157,"Randolph County, IL",IL,Low,78.62595419847328,0.05414228588,0.074527709305,-0.020385423424999993,Low,gradient_boosted_trees,-0.005763038737136919,0.00464664234227423,-0.014622384687863074,-0.005807643640003384,5.414228588,7.4527709305,-2.0385423424999995,-0.5763038737136918,0.46466423422742303,-1.4622384687863075,-0.5807643640003384
17159,"Richland County, IL",IL,Low,46.660305343511446,0.1335688858,0.074527709305,0.059041176495000014,Low,gradient_boosted_trees,-0.01312067875030668,0.0027942525214892477,0.07216185524530669,-0.005867196962030206,13.356888580000001,7.4527709305,5.904117649500002,-1.312067875030668,0.2794252521489248,7.216185524530669,-0.5867196962030207
17165,"Saline County, IL",IL,Low,70.13358778625954,0.053222823645,0.074527709305,-0.021304885659999995,Low,gradient_boosted_trees,-0.0061510688914937816,0.007191772538189625,-0.015153816768506214,-0.0037139992356801242,5.3222823645,7.4527709305,-2.1304885659999995,-0.6151068891493782,0.7191772538189625,-1.5153816768506214,-0.37139992356801244
17173,"Shelby County, IL",IL,Low,51.74936386768449,0.083423416415,0.074527709305,0.008895707110000012,Low,gradient_boosted_trees,-0.010477639344153765,0.002927785218576975,0.019373346454153777,-0.00972516727492391,8.342341641500001,7.4527709305,0.8895707110000012,-1.0477639344153764,0.29277852185769754,1.9373346454153777,-0.9725167274923909
17177,"Stephenson County, IL",IL,Low,73.91857506361323,0.05671058974,0.074527709305,-0.017817119564999997,Low,gradient_boosted_trees,-0.009363962857871522,0.001783972172494792,-0.008453156707128475,-0.010381756224470962,5.671058974,7.4527709305,-1.7817119564999997,-0.9363962857871522,0.1783972172494792,-0.8453156707128475,-1.0381756224470962
17181,"Union County, IL",IL,Low,55.37531806615776,0.053265709509999995,0.074527709305,-0.021261999795,Low,gradient_boosted_trees,-0.009187177359728486,0.003180957422664504,-0.012074822435271514,-0.015611258175935516,5.326570951,7.4527709305,-2.1261999795,-0.9187177359728486,0.3180957422664504,-1.2074822435271515,-1.5611258175935516
17183,"Vermilion County, IL",IL,Low,78.81679389312977,0.055779705505,0.074527709305,-0.018748003799999996,Low,gradient_boosted_trees,-0.013221078558346205,0.002151298508757454,-0.005526925241653791,-0.014146944783017328,5.5779705505,7.4527709305,-1.8748003799999995,-1.3221078558346204,0.2151298508757454,-0.5526925241653791,-1.4146944783017328
17189,"Washington County, IL",IL,Low,55.152671755725194,0.055080784215,0.074527709305,-0.019446925089999997,Low,gradient_boosted_trees,-0.011955697037465353,0.0004536341907358396,-0.007491228052534644,-0.01809478829471928,5.5080784215,7.4527709305,-1.9446925089999998,-1.1955697037465354,0.04536341907358396,-0.7491228052534644,-1.8094788294719282
17193,"White County, IL",IL,Low,54.26208651399491,0.06086790966,0.074527709305,-0.013659799644999998,Low,gradient_boosted_trees,-0.008178686725145911,0.002193331527949814,-0.005481112919854087,-0.011756619705942231,6.086790966,7.4527709305,-1.3659799644999997,-0.8178686725145912,0.2193331527949814,-0.5481112919854086,-1.175661970594223
17195,"Whiteside County, IL",IL,Low,65.80788804071247,0.055812209955,0.074527709305,-0.018715499349999998,Low,gradient_boosted_trees,-0.015372030533376366,0.0026437411586947117,-0.003343468816623632,-0.018767276856042667,5.5812209955,7.4527709305,-1.8715499349999998,-1.5372030533376366,0.2643741158694712,-0.3343468816623632,-1.8767276856042667
18001,"Adams County, IN",IN,Low,52.13104325699746,0.071791436865,0.074527709305,-0.0027362724399999927,Low,gradient_boosted_trees,-0.00509499450426386,0.007214750402591025,0.0023587220642638674,-0.005040075247638886,7.1791436865,7.4527709305,-0.27362724399999927,-0.509499450426386,0.7214750402591026,0.23587220642638673,-0.5040075247638885
18005,"Bartholomew County, IN",IN,Low,70.86513994910942,0.063140215625,0.074527709305,-0.01138749368,Low,gradient_boosted_trees,-0.014247295887357861,0.0007125875058442054,0.0028598022073578616,-0.011606381722453108,6.3140215625,7.4527709305,-1.138749368,-1.424729588735786,0.07125875058442054,0.28598022073578616,-1.1606381722453107
18011,"Boone County, IN",IN,Low,43.225190839694655,0.06170034638,0.074527709305,-0.012827362924999995,Low,gradient_boosted_trees,-0.014575378882595474,0.0038338707145396584,0.001748015957595479,-0.011601605521153928,6.170034638,7.4527709305,-1.2827362924999994,-1.4575378882595473,0.38338707145396583,0.1748015957595479,-1.1601605521153928
18017,"Cass County, IN",IN,Low,56.77480916030534,0.10737747489999999,0.074527709305,0.032849765595,Low,gradient_boosted_trees,-0.0036083341192552827,0.004146939599596512,0.03645809971425528,0.003989382685195896,10.737747489999999,7.4527709305,3.2849765594999996,-0.36083341192552826,0.4146939599596512,3.645809971425528,0.39893826851958963
18027,"Daviess County, IN",IN,Low,58.81043256997456,0.0747867999,0.074527709305,0.0002590905950000111,Low,gradient_boosted_trees,-0.010342474287785427,0.001584209314172338,0.010601564882785438,-0.006392311930834013,7.478679990000001,7.4527709305,0.025909059500001108,-1.0342474287785426,0.1584209314172338,1.0601564882785437,-0.6392311930834013
18029,"Dearborn County, IN",IN,Low,45.229007633587784,0.08208181278,0.074527709305,0.007554103475000004,Low,gradient_boosted_trees,-0.003918135908490979,0.001117573708767029,0.011472239383490984,-0.003473312465395781,8.208181278,7.4527709305,0.7554103475000005,-0.3918135908490979,0.1117573708767029,1.1472239383490983,-0.3473312465395781
18035,"Delaware County, IN",IN,Low,76.33587786259542,0.07193057391999999,0.074527709305,-0.0025971353850000045,Low,gradient_boosted_trees,0.006304763559948537,0.002152440490048795,-0.008901898944948541,0.005704348606655192,7.193057391999999,7.4527709305,-0.25971353850000045,0.6304763559948536,0.21524404900487953,-0.8901898944948541,0.5704348606655192
18037,"Dubois County, IN",IN,Low,59.12849872773537,0.063965120305,0.074527709305,-0.010562588999999997,Low,gradient_boosted_trees,-0.011595362752048472,0.003937530927532844,0.0010327737520484746,-0.013786309244232344,6.396512030499999,7.4527709305,-1.0562588999999998,-1.1595362752048473,0.3937530927532844,0.10327737520484745,-1.3786309244232344
18043,"Floyd County, IN",IN,Low,75.38167938931298,0.07110831951499999,0.074527709305,-0.0034193897900000048,Low,gradient_boosted_trees,-0.013790708282335912,0.00425244922846493,0.010371318492335907,-0.011799650218456218,7.110831951499999,7.4527709305,-0.3419389790000005,-1.3790708282335913,0.425244922846493,1.0371318492335908,-1.179965021845622
18051,"Gibson County, IN",IN,Low,47.99618320610687,0.07630439404,0.074527709305,0.001776684735000006,Low,gradient_boosted_trees,-0.0030356664478111716,0.0002700168169762702,0.004812351182811177,-0.002458512783049354,7.6304394040000005,7.4527709305,0.1776684735000006,-0.30356664478111717,0.02700168169762702,0.4812351182811177,-0.24585127830493542
18053,"Grant County, IN",IN,Low,69.40203562340967,0.07943643753,0.074527709305,0.004908728225000006,Low,gradient_boosted_trees,0.0026744314953010793,0.004065793402302716,0.0022342967296989265,0.002677149719429225,7.943643753,7.4527709305,0.4908728225000006,0.26744314953010795,0.4065793402302716,0.22342967296989263,0.26771497194292254
18059,"Hancock County, IN",IN,Low,44.02035623409669,0.07109206761,0.074527709305,-0.0034356416949999913,Low,gradient_boosted_trees,-0.01473648519710523,0.0009178410724186563,0.011300843502105239,-0.011586466724046013,7.109206761,7.4527709305,-0.34356416949999913,-1.4736485197105231,0.09178410724186563,1.130084350210524,-1.1586466724046012
18061,"Harrison County, IN",IN,Low,51.04961832061069,0.08228877252,0.074527709305,0.0077610632150000025,Low,gradient_boosted_trees,-0.0028771958408732854,0.0007728538699637304,0.010638259055873288,-0.0015888383343395896,8.228877252,7.4527709305,0.7761063215000003,-0.28771958408732856,0.07728538699637304,1.0638259055873287,-0.15888383343395895
18063,"Hendricks County, IN",IN,Low,76.81297709923665,0.061813783245000004,0.074527709305,-0.012713926059999991,Low,gradient_boosted_trees,-0.017312644009528783,0.0014811047073320883,0.004598717949528791,-0.016603597413922568,6.181378324500001,7.4527709305,-1.2713926059999991,-1.7312644009528784,0.14811047073320882,0.4598717949528791,-1.6603597413922568
18065,"Henry County, IN",IN,Low,44.81552162849873,0.09661582699999999,0.074527709305,0.022088117694999992,Low,gradient_boosted_trees,0.010352548338476724,0.002475616857294506,0.011735569356523269,0.011413370544330956,9.661582699999999,7.4527709305,2.208811769499999,1.0352548338476724,0.24756168572945061,1.1735569356523268,1.1413370544330956
18067,"Howard County, IN",IN,Low,63.67684478371501,0.08363876781,0.074527709305,0.009111058505000005,Low,gradient_boosted_trees,0.005259824001919736,0.002167488754368105,0.0038512345030802695,0.00449848718480809,8.363876781,7.4527709305,0.9111058505000005,0.5259824001919736,0.21674887543681048,0.38512345030802697,0.449848718480809
18071,"Jackson County, IN",IN,Low,52.926208651399484,0.06093160377,0.074527709305,-0.013596105534999993,Low,gradient_boosted_trees,0.0010183276123856752,0.004572525039801643,-0.014614433147385667,-0.001835932526366539,6.093160377,7.4527709305,-1.3596105534999994,0.10183276123856752,0.4572525039801643,-1.4614433147385668,-0.1835932526366539
18077,"Jefferson County, IN",IN,Low,48.282442748091604,0.09558857131000001,0.074527709305,0.021060862005000014,Low,gradient_boosted_trees,0.0016022520198791643,0.001990105067145403,0.01945860998512085,0.003570712761480819,9.558857131000002,7.4527709305,2.1060862005000014,0.16022520198791643,0.19901050671454032,1.9458609985120852,0.35707127614808193
18081,"Johnson County, IN",IN,Low,74.6501272264631,0.06403542415999999,0.074527709305,-0.010492285145000002,Low,gradient_boosted_trees,-0.014025819838068962,0.0015676485524251454,0.0035335346930689595,-0.012918753223253341,6.403542416,7.4527709305,-1.0492285145000002,-1.4025819838068962,0.15676485524251454,0.35335346930689593,-1.291875322325334
18083,"Knox County, IN",IN,Low,55.3117048346056,0.0844616106,0.074527709305,0.009933901295000006,Low,gradient_boosted_trees,-0.013167402343819653,0.004765775905433957,0.02310130363881966,-0.006818459543016561,8.44616106,7.4527709305,0.9933901295000005,-1.3167402343819654,0.47657759054339566,2.310130363881966,-0.6818459543016562
18085,"Kosciusko County, IN",IN,Low,66.31679389312977,0.059126566985000004,0.074527709305,-0.015401142319999991,Low,gradient_boosted_trees,-0.008791270012802548,0.003372995384959932,-0.006609872307197444,-0.006835487857906425,5.9126566985,7.4527709305,-1.5401142319999992,-0.8791270012802548,0.3372995384959932,-0.6609872307197444,-0.6835487857906425
18087,"LaGrange County, IN",IN,Low,62.40458015267175,0.08359847751999999,0.074527709305,0.009070768214999997,Low,gradient_boosted_trees,-0.009848837098239676,0.0026136580107476324,0.018919605313239673,0.00044053072554335365,8.359847751999999,7.4527709305,0.9070768214999997,-0.9848837098239676,0.26136580107476326,1.8919605313239674,0.04405307255433537
18091,"LaPorte County, IN",IN,Low,78.88040712468194,0.07375876962,0.074527709305,-0.0007689396849999974,Low,gradient_boosted_trees,-0.0059815159751452724,0.001344515218506598,0.005212576290145275,-0.0060692376844863356,7.3758769619999995,7.4527709305,-0.07689396849999974,-0.5981515975145273,0.13445152185065978,0.5212576290145275,-0.6069237684486336
18093,"Lawrence County, IN",IN,Low,47.773536895674305,0.1009698117,0.074527709305,0.026442102395,Low,gradient_boosted_trees,0.00553112670990781,0.002443507888691101,0.02091097568509219,0.008614421338221476,10.09698117,7.4527709305,2.6442102395,0.553112670990781,0.2443507888691101,2.091097568509219,0.8614421338221476
18095,"Madison County, IN",IN,Low,77.25826972010178,0.09588303217,0.074527709305,0.021355322864999998,Low,gradient_boosted_trees,0.009494682469281748,0.0024273282409457576,0.01186064039571825,0.010488691799629775,9.588303217,7.4527709305,2.1355322864999997,0.9494682469281748,0.24273282409457575,1.186064039571825,1.0488691799629775
18103,"Miami County, IN",IN,Low,52.79898218829516,0.105850725055,0.074527709305,0.03132301575,Low,gradient_boosted_trees,-0.007270967177936102,0.004111732823019979,0.0385939829279361,0.0014745777890414567,10.5850725055,7.4527709305,3.132301575,-0.7270967177936102,0.41117328230199796,3.8593982927936104,0.14745777890414566
18105,"Monroe County, IN",IN,Low,75.98600508905852,0.064546590895,0.074527709305,-0.00998111840999999,Low,gradient_boosted_trees,-0.005600814008933911,0.0007488267298960127,-0.004380304401066079,-0.005768340280729245,6.454659089500001,7.4527709305,-0.998111840999999,-0.5600814008933911,0.07488267298960127,-0.43803044010660785,-0.5768340280729245
18109,"Morgan County, IN",IN,Low,63.48600508905853,0.06730089881000001,0.074527709305,-0.007226810494999986,Low,gradient_boosted_trees,-0.004230580035744112,0.004225110591867803,-0.0029962304592558737,-0.0032473844869936094,6.730089881000001,7.4527709305,-0.7226810494999986,-0.4230580035744112,0.4225110591867803,-0.29962304592558736,-0.3247384486993609
18113,"Noble County, IN",IN,Low,44.24300254452926,0.068400651885,0.074527709305,-0.006127057419999998,Low,gradient_boosted_trees,-0.004335930975684797,0.0007809121934121533,-0.0017911264443152015,-0.002469447281058723,6.8400651885,7.4527709305,-0.6127057419999998,-0.4335930975684797,0.07809121934121532,-0.17911264443152014,-0.24694472810587229
18129,"Posey County, IN",IN,Low,46.31043256997455,0.06891380281500001,0.074527709305,-0.005613906489999987,Low,gradient_boosted_trees,-0.0048930528189776975,0.0040929053311829205,-0.0007208536710222894,-0.00597030206636356,6.891380281500001,7.4527709305,-0.5613906489999987,-0.48930528189776973,0.40929053311829205,-0.07208536710222894,-0.597030206636356
18133,"Putnam County, IN",IN,Low,42.843511450381676,0.10370362960000001,0.074527709305,0.02917592029500002,Low,gradient_boosted_trees,-0.0007413588797469925,0.0007151691907383004,0.02991727917474701,0.006628781324578942,10.370362960000001,7.4527709305,2.917592029500002,-0.07413588797469925,0.07151691907383004,2.991727917474701,0.6628781324578942
18137,"Ripley County, IN",IN,Low,46.78753180661578,0.085850606835,0.074527709305,0.01132289753,Low,gradient_boosted_trees,-0.0010715048602396682,0.0032772239875188437,0.01239440239023967,0.0016091767543510286,8.5850606835,7.4527709305,1.132289753,-0.10715048602396682,0.32772239875188436,1.239440239023967,0.16091767543510285
18145,"Shelby County, IN",IN,Low,43.416030534351144,0.08962880501500001,0.074527709305,0.015101095710000012,Low,gradient_boosted_trees,-0.0008956691591171374,0.003933796831762126,0.01599676486911715,0.0003758415270073332,8.9628805015,7.4527709305,1.5101095710000012,-0.08956691591171374,0.3933796831762126,1.599676486911715,0.03758415270073332
18173,"Warrick County, IN",IN,Low,65.10814249363868,0.06305402052,0.074527709305,-0.011473688784999991,Low,gradient_boosted_trees,-0.015027112465683551,0.0011558670176169115,0.00355342368068356,-0.012454772755763054,6.305402052000001,7.4527709305,-1.1473688784999991,-1.5027112465683552,0.11558670176169115,0.355342368068356,-1.2454772755763055
18177,"Wayne County, IN",IN,Low,74.10941475826972,0.05994967578,0.074527709305,-0.014578033524999992,Low,gradient_boosted_trees,0.0035206333843147406,0.002780242686372763,-0.018098666909314734,0.0013532979760440373,5.994967578000001,7.4527709305,-1.4578033524999991,0.3520633384314741,0.2780242686372763,-1.8098666909314733,0.13532979760440372
19001,"Adair County, IA",IA,Low,49.4910941475827,0.0240406087,0.074527709305,-0.050487100604999995,Low,gradient_boosted_trees,0.0004850289987179482,0.004128895839268179,-0.05097212960371794,-0.00701737107339575,2.40406087,7.4527709305,-5.0487100604999995,0.04850289987179482,0.4128895839268179,-5.097212960371794,-0.7017371073395751
19013,"Black Hawk County, IA",IA,Low,76.59033078880407,0.045900242504999994,0.074527709305,-0.0286274668,Low,gradient_boosted_trees,-0.014556439887854248,0.0033506532518752467,-0.014071026912145753,-0.018715588126335794,4.590024250499999,7.4527709305,-2.86274668,-1.4556439887854247,0.3350653251875247,-1.4071026912145754,-1.8715588126335794
19025,"Calhoun County, IA",IA,Low,44.56106870229007,0.23869086774999998,0.074527709305,0.16416315844499998,Low,gradient_boosted_trees,-0.010462977591747682,0.006355531506022861,0.17462613603674768,-0.012244220423211173,23.869086775,7.4527709305,16.416315844499998,-1.0462977591747682,0.6355531506022861,17.462613603674768,-1.2244220423211172
19027,"Carroll County, IA",IA,Low,57.601781170483456,0.05809733272,0.074527709305,-0.016430376584999996,Low,gradient_boosted_trees,-0.017178701251383655,0.0005729782480447701,0.0007483246663836582,-0.020589410974376825,5.809733272,7.4527709305,-1.6430376584999997,-1.7178701251383655,0.05729782480447701,0.07483246663836582,-2.0589410974376823
19029,"Cass County, IA",IA,Low,60.05089058524173,0.027456180235000002,0.074527709305,-0.04707152906999999,Low,gradient_boosted_trees,-0.0011603774296227215,0.0025285315684389843,-0.04591115164037727,-0.007371068501630428,2.7456180235,7.4527709305,-4.707152906999999,-0.11603774296227215,0.2528531568438984,-4.591115164037727,-0.7371068501630428
19033,"Cerro Gordo County, IA",IA,Low,69.59287531806616,0.05343805769,0.074527709305,-0.021089651614999996,Low,gradient_boosted_trees,-0.014046394177171073,0.0026439787904542207,-0.007043257437828923,-0.012990306087826477,5.343805769,7.4527709305,-2.1089651614999996,-1.4046394177171073,0.26439787904542206,-0.7043257437828923,-1.2990306087826478
19045,"Clinton County, IA",IA,Low,64.82188295165395,0.04291045659,0.074527709305,-0.031617252714999995,Low,gradient_boosted_trees,-0.006425965826987884,0.0005626504820606071,-0.025191286888012112,-0.006707116356277399,4.291045659,7.4527709305,-3.1617252714999995,-0.6425965826987884,0.05626504820606071,-2.519128688801211,-0.6707116356277399
19047,"Crawford County, IA",IA,Low,60.846055979643765,0.010970016228,0.074527709305,-0.06355769307699999,Low,gradient_boosted_trees,-0.006671358014814363,0.005331278861922408,-0.05688633506218563,-0.012864720072277232,1.0970016228,7.4527709305,-6.355769307699999,-0.6671358014814363,0.5331278861922407,-5.6886335062185625,-1.2864720072277231
19049,"Dallas County, IA",IA,Low,60.591603053435115,0.046058771385,0.074527709305,-0.028468937919999993,Low,gradient_boosted_trees,-0.022866434504399413,0.002411766264829727,-0.00560250341560058,-0.020737651219567735,4.6058771385,7.4527709305,-2.8468937919999995,-2.286643450439941,0.24117662648297267,-0.560250341560058,-2.0737651219567734
19051,"Davis County, IA",IA,Low,50.349872773536894,0.1362295937,0.074527709305,0.06170188439500002,Low,gradient_boosted_trees,0.007047605372802926,0.005303338720168071,0.05465427902219709,0.01257344448732578,13.622959370000002,7.4527709305,6.170188439500002,0.7047605372802925,0.5303338720168072,5.465427902219709,1.257344448732578
19055,"Delaware County, IA",IA,Low,49.74554707379134,0.0638142827,0.074527709305,-0.010713426604999993,Low,gradient_boosted_trees,-0.006721414771637056,0.006038135168014748,-0.003992011833362937,-0.007763252979766434,6.381428270000001,7.4527709305,-1.0713426604999992,-0.6721414771637055,0.6038135168014748,-0.3992011833362937,-0.7763252979766434
19057,"Des Moines County, IA",IA,Low,55.78880407124682,0.0579761761,0.074527709305,-0.016551533204999996,Low,gradient_boosted_trees,-0.014919928493877485,0.0025583651579510033,-0.0016316047111225116,-0.01071592013790745,5.79761761,7.4527709305,-1.6551533204999997,-1.4919928493877486,0.25583651579510036,-0.16316047111225115,-1.0715920137907449
19061,"Dubuque County, IA",IA,Low,63.58142493638677,0.05014306272999999,0.074527709305,-0.024384646575000002,Low,gradient_boosted_trees,-0.012337022944530063,0.0020309892810633453,-0.012047623630469939,-0.014361033432270633,5.014306272999999,7.4527709305,-2.4384646575,-1.2337022944530063,0.20309892810633454,-1.204762363046994,-1.4361033432270633
19065,"Fayette County, IA",IA,Low,50.89058524173028,0.075663262395,0.074527709305,0.001135553090000005,Low,gradient_boosted_trees,-0.010436843224180184,0.0041621116449954785,0.01157239631418019,-0.0018662324734825845,7.5663262395,7.4527709305,0.11355530900000049,-1.0436843224180183,0.41621116449954787,1.1572396314180189,-0.18662324734825844
19067,"Floyd County, IA",IA,Low,47.74173027989822,0.050637530525,0.074527709305,-0.023890178779999993,Low,gradient_boosted_trees,-0.015155967806947413,0.0006315030103210136,-0.00873421097305258,-0.013299037351365832,5.0637530525,7.4527709305,-2.3890178779999993,-1.5155967806947412,0.06315030103210137,-0.8734210973052581,-1.3299037351365832
19079,"Hamilton County, IA",IA,Low,42.907124681933844,0.07056462865499999,0.074527709305,-0.003963080650000006,Low,gradient_boosted_trees,-0.014055574473581472,0.003945177728302681,0.010092493823581466,-0.01223117682592753,7.056462865499999,7.4527709305,-0.3963080650000006,-1.4055574473581471,0.3945177728302681,1.0092493823581465,-1.223117682592753
19083,"Hardin County, IA",IA,Low,58.396946564885496,0.0596011422,0.074527709305,-0.014926567104999997,Low,gradient_boosted_trees,-0.012381531152995137,0.0033625462213895518,-0.0025450359520048597,-0.00967261395991195,5.9601142199999995,7.4527709305,-1.4926567104999997,-1.2381531152995138,0.3362546221389552,-0.254503595200486,-0.967261395991195
19099,"Jasper County, IA",IA,Low,43.670483460559794,0.09362506802000001,0.074527709305,0.019097358715000012,Low,gradient_boosted_trees,-0.0007179707151109913,0.00518288165027947,0.019815329430111002,-0.0010401922463297276,9.362506802,7.4527709305,1.9097358715000012,-0.07179707151109913,0.5182881650279471,1.9815329430111002,-0.10401922463297275
19111,"Lee County, IA",IA,Low,62.945292620865146,0.044736572835,0.074527709305,-0.029791136469999993,Low,gradient_boosted_trees,-0.011665819623619456,0.0031031284009685857,-0.018125316846380538,-0.010797162169899462,4.473657283500001,7.4527709305,-2.9791136469999993,-1.1665819623619456,0.31031284009685856,-1.8125316846380537,-1.0797162169899461
19127,"Marshall County, IA",IA,Low,62.468193384223916,0.07804814971,0.074527709305,0.0035204404050000054,Low,gradient_boosted_trees,-0.005033204152730252,0.002082397428047403,0.008553644557730257,-0.00438444651652291,7.804814971,7.4527709305,0.35204404050000054,-0.5033204152730253,0.20823974280474028,0.8553644557730257,-0.43844465165229096
19139,"Muscatine County, IA",IA,Low,57.76081424936387,0.05673431927,0.074527709305,-0.017793390034999995,Low,gradient_boosted_trees,-0.015814615640725962,0.0026572126680120475,-0.0019787743942740327,-0.01736904248313829,5.673431927,7.4527709305,-1.7793390034999996,-1.5814615640725962,0.2657212668012048,-0.19787743942740327,-1.736904248313829
19149,"Plymouth County, IA",IA,Low,49.204834605597966,0.058932859635,0.074527709305,-0.015594849669999994,Low,gradient_boosted_trees,-0.014950580812508404,0.001625272758610035,-0.0006442688574915898,-0.017472422232521177,5.8932859635,7.4527709305,-1.5594849669999995,-1.4950580812508405,0.1625272758610035,-0.06442688574915897,-1.7472422232521176
19155,"Pottawattamie County, IA",IA,Low,80.43893129770993,0.056580912365,0.074527709305,-0.017946796939999995,Low,gradient_boosted_trees,-0.012507811740825015,0.0028100153981484017,-0.005438985199174981,-0.01360859176913226,5.6580912365,7.4527709305,-1.7946796939999996,-1.2507811740825014,0.28100153981484016,-0.543898519917498,-1.3608591769132259
19167,"Sioux County, IA",IA,Low,52.3854961832061,0.04962950549,0.074527709305,-0.024898203814999992,Low,gradient_boosted_trees,-0.011854017470985806,0.006627661287834754,-0.013044186344014186,-0.015424384839410166,4.962950549,7.4527709305,-2.489820381499999,-1.1854017470985805,0.6627661287834754,-1.3044186344014186,-1.5424384839410166
19169,"Story County, IA",IA,Low,68.8295165394402,0.04560482986,0.074527709305,-0.028922879444999994,Low,gradient_boosted_trees,-0.009972182649744116,0.002960856070086445,-0.018950696795255878,-0.01668608229684458,4.560482986,7.4527709305,-2.8922879444999996,-0.9972182649744116,0.2960856070086445,-1.8950696795255877,-1.6686082296844582
19171,"Tama County, IA",IA,Low,45.32442748091603,0.092206390195,0.074527709305,0.017678680890000006,Low,gradient_boosted_trees,-0.01002081275500693,0.002267156099747252,0.027699493645006935,-0.008977339092036428,9.2206390195,7.4527709305,1.7678680890000007,-1.0020812755006931,0.2267156099747252,2.7699493645006936,-0.8977339092036428
19175,"Union County, IA",IA,Low,49.52290076335878,0.049964260955,0.074527709305,-0.024563448349999996,Low,gradient_boosted_trees,-0.0009031583788510804,0.0016269368854564066,-0.023660289971148916,-0.002512998900365148,4.9964260954999995,7.4527709305,-2.4563448349999994,-0.09031583788510804,0.16269368854564065,-2.3660289971148916,-0.2512998900365148
19179,"Wapello County, IA",IA,Low,65.33078880407125,0.04602652871,0.074527709305,-0.028501180594999995,Low,gradient_boosted_trees,-0.004597278159119141,0.0022085554130368257,-0.023903902435880853,-0.003669679316052994,4.602652871,7.4527709305,-2.8501180594999993,-0.45972781591191414,0.22085554130368257,-2.3903902435880853,-0.3669679316052994
19183,"Washington County, IA",IA,Low,44.179389312977094,0.049324570570000004,0.074527709305,-0.02520313873499999,Low,gradient_boosted_trees,-0.015610243883266097,0.0036908088896926636,-0.009592894851733895,-0.01613554789083122,4.932457057000001,7.4527709305,-2.5203138734999992,-1.5610243883266097,0.3690808889692664,-0.9592894851733894,-1.613554789083122
19187,"Webster County, IA",IA,Low,59.98727735368957,0.2568545711,0.074527709305,0.182326861795,Low,gradient_boosted_trees,-0.012320865967308664,0.002704991366288066,0.19464772776230865,-0.0036385008120477865,25.685457109999998,7.4527709305,18.2326861795,-1.2320865967308663,0.27049913662880665,19.464772776230866,-0.36385008120477863
20009,"Barton County, KS",KS,Low,60.30534351145038,0.067206736095,0.074527709305,-0.007320973209999998,Low,gradient_boosted_trees,-0.027936936953706793,0.006695145230996016,0.020615963743706795,-0.020999016728397234,6.7206736094999995,7.4527709305,-0.7320973209999998,-2.7936936953706795,0.6695145230996016,2.0615963743706796,-2.0999016728397235
20015,"Butler County, KS",KS,Low,74.39567430025446,0.066215258675,0.074527709305,-0.008312450629999996,Low,gradient_boosted_trees,-0.01444919223440308,0.004547604213304602,0.006136741604403084,-0.01630425098291176,6.6215258675,7.4527709305,-0.8312450629999996,-1.444919223440308,0.4547604213304602,0.6136741604403084,-1.630425098291176
20021,"Cherokee County, KS",KS,Low,53.68956743002544,0.1090346525,0.074527709305,0.034506943195,Low,gradient_boosted_trees,0.007283269918580422,0.003087611099866792,0.02722367327641958,0.015199349971482264,10.90346525,7.4527709305,3.4506943195,0.7283269918580422,0.3087611099866792,2.7223673276419578,1.5199349971482263
20035,"Cowley County, KS",KS,Low,69.11577608142494,0.069098089725,0.074527709305,-0.005429619579999989,Low,gradient_boosted_trees,-0.00764474891167164,0.004742823539614888,0.002215129331671651,-0.004729835669496418,6.9098089725000005,7.4527709305,-0.5429619579999989,-0.7644748911671639,0.47428235396148877,0.22151293316716508,-0.47298356694964183
20037,"Crawford County, KS",KS,Low,71.43765903307889,0.06346323151,0.074527709305,-0.011064477795,Low,gradient_boosted_trees,-0.0016161324299129476,0.0004779766555972187,-0.009448345365087051,-0.010209630496777741,6.346323151,7.4527709305,-1.1064477794999998,-0.16161324299129476,0.04779766555972187,-0.9448345365087051,-1.0209630496777742
20041,"Dickinson County, KS",KS,Low,49.1412213740458,0.08132383925,0.074527709305,0.006796129945000007,Low,gradient_boosted_trees,-0.005038374804223457,0.0026113832577596315,0.011834504749223464,-0.0030842248852705183,8.132383925000001,7.4527709305,0.6796129945000007,-0.5038374804223457,0.26113832577596313,1.1834504749223465,-0.30842248852705184
20045,"Douglas County, KS",KS,Low,74.80916030534351,0.07242883462,0.074527709305,-0.0020988746850000017,Low,gradient_boosted_trees,-0.010600654378885771,0.0036523588816162276,0.00850177969388577,-0.007234413247806861,7.242883461999999,7.4527709305,-0.20988746850000017,-1.0600654378885772,0.3652358881616228,0.8501779693885769,-0.7234413247806861
20055,"Finney County, KS",KS,Low,63.74045801526718,0.04416170389,0.074527709305,-0.030366005414999994,Low,gradient_boosted_trees,-0.00678814749301269,0.0025920289081773295,-0.023577857921987303,-0.02060823423720106,4.416170389,7.4527709305,-3.0366005414999995,-0.6788147493012691,0.25920289081773296,-2.3577857921987304,-2.060823423720106
20057,"Ford County, KS",KS,Low,51.68575063613231,0.061665981645,0.074527709305,-0.012861727659999996,Low,gradient_boosted_trees,-0.002009192787121187,0.007477237262193736,-0.010852534872878808,-0.0036567617701904614,6.1665981645,7.4527709305,-1.2861727659999995,-0.2009192787121187,0.7477237262193736,-1.0852534872878807,-0.36567617701904614
20059,"Franklin County, KS",KS,Low,43.734096692111954,0.06880931444,0.074527709305,-0.00571839486499999,Low,gradient_boosted_trees,-0.004460237845244579,0.0031188853821556856,-0.001258157019755411,-0.004808934840016806,6.880931444000001,7.4527709305,-0.5718394864999989,-0.4460237845244579,0.31188853821556856,-0.1258157019755411,-0.4808934840016806
20099,"Labette County, KS",KS,Low,66.18956743002545,0.08231231728499999,0.074527709305,0.007784607979999997,Low,gradient_boosted_trees,-0.019695800874688186,0.00285510775353761,0.027480408854688183,-0.014234285233342492,8.2312317285,7.4527709305,0.7784607979999997,-1.9695800874688185,0.285510775353761,2.7480408854688183,-1.4234285233342492
20103,"Leavenworth County, KS",KS,Low,66.34860050890585,0.08179140727,0.074527709305,0.00726369796500001,Low,gradient_boosted_trees,-0.004362033846833031,0.0029372929523318134,0.011625731811833042,-0.002602015434785357,8.179140727,7.4527709305,0.726369796500001,-0.4362033846833031,0.29372929523318136,1.1625731811833042,-0.2602015434785357
20111,"Lyon County, KS",KS,Low,47.646310432569976,0.07946599243,0.074527709305,0.004938283124999998,Low,gradient_boosted_trees,-0.004494620807257037,0.0002641131084112299,0.009432903932257035,-0.005453702439642155,7.946599243,7.4527709305,0.4938283124999998,-0.4494620807257037,0.026411310841122988,0.9432903932257035,-0.5453702439642155
20121,"Miami County, KS",KS,Low,43.06615776081425,0.06663196685,0.074527709305,-0.007895742454999993,Low,gradient_boosted_trees,-0.003117551822555968,0.0020807597236541667,-0.004778190632444026,-0.004641672314201794,6.663196685,7.4527709305,-0.7895742454999993,-0.3117551822555968,0.20807597236541667,-0.4778190632444026,-0.4641672314201794
20125,"Montgomery County, KS",KS,Low,73.37786259541986,0.04184697537,0.074527709305,-0.032680733935,Low,gradient_boosted_trees,-0.0058432519467827735,0.003567160191512784,-0.026837481988217223,-0.007035793083001917,4.184697537,7.4527709305,-3.2680733935,-0.5843251946782774,0.35671601915127843,-2.683748198821722,-0.7035793083001918
20151,"Pratt County, KS",KS,Low,54.834605597964384,0.10628177915,0.074527709305,0.03175406984500001,Low,gradient_boosted_trees,-0.021534224796863056,0.0017144214003497618,0.05328829464186306,-0.011539680210463452,10.628177915,7.4527709305,3.1754069845000013,-2.1534224796863057,0.17144214003497618,5.328829464186306,-1.1539680210463452
20155,"Reno County, KS",KS,Low,80.1526717557252,0.039022912295,0.074527709305,-0.03550479700999999,Low,gradient_boosted_trees,-0.009672985094849894,0.003796932084420007,-0.025831811915150098,-0.018036394466136165,3.9022912295000003,7.4527709305,-3.550479700999999,-0.9672985094849894,0.37969320844200066,-2.58318119151501,-1.8036394466136165
20161,"Riley County, KS",KS,Low,58.460559796437664,0.054672812615,0.074527709305,-0.01985489669,Low,gradient_boosted_trees,-0.023578551039175433,0.003049573965556333,0.003723654349175435,-0.027330396268147004,5.467281261499999,7.4527709305,-1.985489669,-2.3578551039175433,0.3049573965556333,0.3723654349175435,-2.7330396268147004
20169,"Saline County, KS",KS,Low,66.15776081424937,0.021241065085,0.074527709305,-0.05328664422,Low,gradient_boosted_trees,-0.020038761229223028,0.0030557011646096264,-0.03324788299077697,-0.028994313040828803,2.1241065085,7.4527709305,-5.328664422,-2.003876122922303,0.30557011646096266,-3.3247882990776967,-2.89943130408288
20191,"Sumner County, KS",KS,Low,48.82315521628499,0.093137275155,0.074527709305,0.01860956585000001,Low,gradient_boosted_trees,-0.0054850301559216325,0.004904544697994837,0.02409459600592164,-0.0008800132735015589,9.3137275155,7.4527709305,1.860956585000001,-0.5485030155921633,0.49045446979948365,2.409459600592164,-0.0880013273501559
21009,"Barren County, KY",KY,Low,67.90712468193384,0.08459507089,0.074527709305,0.010067361585000004,Low,gradient_boosted_trees,0.006799007049475443,0.0007153957429785458,0.0032683545355245607,0.006261217399430957,8.459507089,7.4527709305,1.0067361585000003,0.6799007049475443,0.07153957429785458,0.3268354535524561,0.6261217399430957
21013,"Bell County, KY",KY,Low,68.00254452926208,0.09270434713,0.074527709305,0.018176637825000008,Low,gradient_boosted_trees,-0.002792699011961683,0.005922301817676569,0.020969336836961693,0.01304643406148227,9.270434713,7.4527709305,1.8176637825000008,-0.2792699011961683,0.592230181767657,2.0969336836961694,1.304643406148227
21015,"Boone County, KY",KY,Low,74.45928753180662,0.052939930075,0.074527709305,-0.021587779229999993,Low,gradient_boosted_trees,-0.00995750503569949,0.0023914669137300427,-0.011630274194300502,-0.014278645314417162,5.2939930075,7.4527709305,-2.1587779229999993,-0.995750503569949,0.23914669137300426,-1.1630274194300503,-1.4278645314417162
21019,"Boyd County, KY",KY,Low,74.93638676844783,0.05637800214,0.074527709305,-0.018149707164999994,Low,gradient_boosted_trees,0.0014451366036477337,0.001537449630652677,-0.019594843768647726,-0.0014148339259986021,5.637800214,7.4527709305,-1.8149707164999993,0.14451366036477337,0.1537449630652677,-1.9594843768647725,-0.1414833925998602
21029,"Bullitt County, KY",KY,Low,71.7557251908397,0.05899205247,0.074527709305,-0.015535656834999995,Low,gradient_boosted_trees,0.0006090534616703052,0.001790708277756102,-0.0161447102966703,-0.0023304102394284326,5.899205247,7.4527709305,-1.5535656834999996,0.06090534616703052,0.1790708277756102,-1.61447102966703,-0.23304102394284326
21035,"Calloway County, KY",KY,Low,75.3498727735369,0.06619581568,0.074527709305,-0.00833189362499999,Low,gradient_boosted_trees,0.0026707958793675437,0.0019450205819079324,-0.011002689504367533,-0.0031650442772928576,6.619581568000001,7.4527709305,-0.8331893624999989,0.26707958793675435,0.19450205819079325,-1.1002689504367533,-0.3165044277292858
21037,"Campbell County, KY",KY,Low,58.333333333333336,0.077715823395,0.074527709305,0.0031881140899999993,Low,gradient_boosted_trees,-0.004779079631271605,0.00010719098526896709,0.007967193721271604,-0.0050695327019731635,7.771582339499999,7.4527709305,0.31881140899999993,-0.4779079631271605,0.010719098526896708,0.7967193721271604,-0.5069532701973164
21043,"Carter County, KY",KY,Low,52.735368956743,0.06950558249,0.074527709305,-0.005022126815,Low,gradient_boosted_trees,0.026071208667423375,0.0033031554214620292,-0.031093335482423375,0.01670809772493949,6.950558248999999,7.4527709305,-0.5022126815,2.6071208667423376,0.3303155421462029,-3.1093335482423377,1.6708097724939488
21047,"Christian County, KY",KY,Low,79.64376590330788,0.08660462294,0.074527709305,0.012076913635000006,Low,gradient_boosted_trees,-0.01691374004364007,0.0018299252508110677,0.028990653678640076,-0.008141580447192964,8.660462294,7.4527709305,1.2076913635000006,-1.691374004364007,0.18299252508110678,2.8990653678640075,-0.8141580447192964
21051,"Clay County, KY",KY,Low,67.14376590330788,0.1785439003,0.074527709305,0.10401619099500001,Low,gradient_boosted_trees,0.023576984007440238,0.0097380403346504,0.08043920698755977,0.06160781330037509,17.85439003,7.4527709305,10.401619099500001,2.357698400744024,0.97380403346504,8.043920698755977,6.160781330037509
21073,"Franklin County, KY",KY,Low,64.47201017811705,0.07908801905,0.074527709305,0.004560309745000005,Low,gradient_boosted_trees,0.0017168842222955985,0.0032636382952910773,0.002843425522704406,0.002360703536373965,7.908801905,7.4527709305,0.45603097450000046,0.17168842222955985,0.32636382952910775,0.2843425522704406,0.23607035363739648
21075,"Fulton County, KY",KY,Low,46.75572519083969,0.23181615935,0.074527709305,0.157288450045,Low,gradient_boosted_trees,0.03366663326283251,0.011960429793917978,0.12362181678216749,0.06925689908087637,23.181615935,7.4527709305,15.7288450045,3.3666633262832506,1.1960429793917977,12.36218167821675,6.925689908087637
21085,"Grayson County, KY",KY,Low,45.26081424936387,0.097283593215,0.074527709305,0.02275588391000001,Low,gradient_boosted_trees,0.007101753035131258,0.002546017533997714,0.015654130874868753,0.00937895199490675,9.728359321500001,7.4527709305,2.275588391000001,0.7101753035131257,0.25460175339977137,1.5654130874868752,0.937895199490675
21089,"Greenup County, KY",KY,Low,52.608142493638674,0.08038181463499999,0.074527709305,0.005854105329999998,Low,gradient_boosted_trees,0.0035104441193039002,0.0018244168863559504,0.0023436612106960976,0.003296511908450519,8.038181463499999,7.4527709305,0.5854105329999998,0.35104441193039004,0.18244168863559504,0.23436612106960977,0.3296511908450519
21093,"Hardin County, KY",KY,Low,75.50890585241731,0.08376765077000001,0.074527709305,0.009239941465000012,Low,gradient_boosted_trees,-0.004771002520314858,0.0010304355835937821,0.01401094398531487,-0.0008016701867532538,8.376765077,7.4527709305,0.9239941465000012,-0.4771002520314858,0.10304355835937822,1.401094398531487,-0.08016701867532539
21095,"Harlan County, KY",KY,Low,65.7442748091603,0.08987839508,0.074527709305,0.015350685775000011,Low,gradient_boosted_trees,0.05273577366421115,0.025726657480895223,-0.03738508788921114,0.055206426807883346,8.987839508,7.4527709305,1.535068577500001,5.273577366421115,2.572665748089522,-3.738508788921114,5.520642680788335
21101,"Henderson County, KY",KY,Low,73.15521628498728,0.065043202935,0.074527709305,-0.009484506369999993,Low,gradient_boosted_trees,-0.008285746658400303,0.0028741588274819488,-0.0011987597115996895,-0.011780038769596877,6.5043202935,7.4527709305,-0.9484506369999992,-0.8285746658400304,0.28741588274819485,-0.11987597115996895,-1.1780038769596877
21107,"Hopkins County, KY",KY,Low,72.55089058524173,0.055485799045000006,0.074527709305,-0.01904191025999999,Low,gradient_boosted_trees,-0.0050809434265523985,0.0024910181436525497,-0.01396096683344759,-0.007960980918478978,5.5485799045,7.4527709305,-1.904191025999999,-0.5080943426552399,0.24910181436525497,-1.396096683344759,-0.7960980918478978
21115,"Johnson County, KY",KY,Low,71.0559796437659,0.048091266470000005,0.074527709305,-0.02643644283499999,Low,gradient_boosted_trees,0.02279602155774052,0.009891638873036918,-0.04923246439274051,0.004645224631548031,4.809126647,7.4527709305,-2.643644283499999,2.279602155774052,0.9891638873036919,-4.923246439274051,0.46452246315480306
21117,"Kenton County, KY",KY,Low,77.41730279898219,0.06907152730999999,0.074527709305,-0.0054561819950000034,Low,gradient_boosted_trees,-0.009888798997574276,0.0017519778512370696,0.004432617002574272,-0.008825775715145765,6.907152730999999,7.4527709305,-0.5456181995000003,-0.9888798997574275,0.17519778512370696,0.4432617002574272,-0.8825775715145765
21119,"Knott County, KY",KY,Low,52.09923664122137,0.09598986059,0.074527709305,0.02146215128500001,Low,gradient_boosted_trees,0.026985489121709626,0.011950514044993447,-0.005523337836709618,0.026851654501499032,9.598986059,7.4527709305,2.1462151285000006,2.6985489121709625,1.1950514044993448,-0.5523337836709618,2.685165450149903
21121,"Knox County, KY",KY,Low,74.71374045801527,0.08816130207,0.074527709305,0.013633592765000008,Low,gradient_boosted_trees,0.019045499696792163,0.0035167612856278428,-0.005411906931792155,0.0162221034221852,8.816130207,7.4527709305,1.3633592765000007,1.9045499696792163,0.3516761285627843,-0.5411906931792155,1.6222103422185201
21125,"Laurel County, KY",KY,Low,71.66030534351145,0.061531506335,0.074527709305,-0.012996202969999995,Low,gradient_boosted_trees,0.013557568527039342,0.0027965603634165044,-0.026553771497039337,0.009218608153855203,6.1531506335,7.4527709305,-1.2996202969999995,1.355756852703934,0.2796560363416504,-2.655377149703934,0.9218608153855202
21127,"Lawrence County, KY",KY,Low,53.276081424936386,0.0908320446,0.074527709305,0.016304335295,Low,gradient_boosted_trees,0.018265630924585666,0.009509518362411755,-0.0019612956295856666,0.015970906448916383,9.08320446,7.4527709305,1.6304335294999999,1.8265630924585667,0.9509518362411755,-0.19612956295856665,1.5970906448916384
21133,"Letcher County, KY",KY,Low,66.6030534351145,0.17321004295,0.074527709305,0.09868233364500001,Low,gradient_boosted_trees,0.03714152825526161,0.002769260438028713,0.0615408053897384,0.06267208458228286,17.321004295,7.4527709305,9.8682333645,3.714152825526161,0.27692604380287134,6.15408053897384,6.2672084582282865
21141,"Logan County, KY",KY,Low,54.64376590330788,0.10810284954999999,0.074527709305,0.033575140244999996,Low,gradient_boosted_trees,0.015785261795082904,0.003024312072628715,0.01778987844991709,0.02349661303045378,10.810284954999998,7.4527709305,3.3575140244999995,1.5785261795082903,0.3024312072628715,1.7789878449917091,2.3496613030453783
21151,"Madison County, KY",KY,Low,74.84096692111959,0.08462285660499999,0.074527709305,0.010095147299999996,Low,gradient_boosted_trees,0.004494157960741632,0.0021093531713505653,0.005600989339258364,0.006183973091952924,8.4622856605,7.4527709305,1.0095147299999996,0.44941579607416315,0.21093531713505653,0.5600989339258364,0.6183973091952925
21157,"Marshall County, KY",KY,Low,61.92748091603053,0.060748312809999996,0.074527709305,-0.013779396494999999,Low,gradient_boosted_trees,-0.0014592840460787265,0.0015671301022716201,-0.012320112448921273,-0.004653962227661865,6.074831281,7.4527709305,-1.3779396494999998,-0.14592840460787265,0.15671301022716203,-1.2320112448921272,-0.46539622276618653
21177,"Muhlenberg County, KY",KY,Low,53.24427480916031,0.096783016165,0.074527709305,0.022255306860000004,Low,gradient_boosted_trees,0.01101266574610578,0.003425366712368744,0.011242641113894225,0.007785054823348724,9.6783016165,7.4527709305,2.2255306860000004,1.1012665746105779,0.34253667123687437,1.1242641113894225,0.7785054823348724
21179,"Nelson County, KY",KY,Low,55.18447837150128,0.07253793481500001,0.074527709305,-0.0019897744899999847,Low,gradient_boosted_trees,-0.0035952820502663414,0.0017782816726314111,0.0016055075602663567,-0.0043487270344614625,7.253793481500001,7.4527709305,-0.19897744899999847,-0.35952820502663413,0.1778281672631411,0.16055075602663565,-0.43487270344614626
21183,"Ohio County, KY",KY,Low,54.166666666666664,0.069343880105,0.074527709305,-0.00518382919999999,Low,gradient_boosted_trees,0.020492078468029976,0.000910982622351492,-0.025675907668029966,0.01566567764296696,6.9343880105,7.4527709305,-0.518382919999999,2.0492078468029975,0.0910982622351492,-2.5675907668029967,1.566567764296696
21185,"Oldham County, KY",KY,Low,55.97964376590331,0.06640502769500001,0.074527709305,-0.008122681609999988,Low,gradient_boosted_trees,-0.023695912429350232,0.0030307906590042264,0.015573230819350244,-0.01896131039894976,6.640502769500001,7.4527709305,-0.8122681609999988,-2.369591242935023,0.30307906590042266,1.5573230819350243,-1.896131039894976
21193,"Perry County, KY",KY,Low,73.21882951653944,0.1290536827,0.074527709305,0.05452597339500001,Low,gradient_boosted_trees,0.022266380711738695,0.005468367588024068,0.03225959268326131,0.028620957134679686,12.90536827,7.4527709305,5.452597339500001,2.2266380711738694,0.5468367588024068,3.225959268326131,2.8620957134679688
21199,"Pulaski County, KY",KY,Low,79.13486005089058,0.079065915655,0.074527709305,0.004538206350000004,Low,gradient_boosted_trees,0.016411570684175942,0.0025337147626697553,-0.011873364334175938,0.01192322852222843,7.9065915655,7.4527709305,0.4538206350000004,1.6411570684175942,0.25337147626697554,-1.1873364334175938,1.192322852222843
21205,"Rowan County, KY",KY,Low,47.900763358778626,0.0899903207,0.074527709305,0.015462611395000006,Low,gradient_boosted_trees,0.01491499101657281,0.0031064640920717263,0.0005476203784271962,0.015213227939846448,8.99903207,7.4527709305,1.5462611395000005,1.491499101657281,0.3106464092071726,0.05476203784271962,1.5213227939846448
21209,"Scott County, KY",KY,Low,56.075063613231556,0.062479390455000006,0.074527709305,-0.01204831884999999,Low,gradient_boosted_trees,-0.007243824776439807,0.0006860981185783893,-0.0048044940735601826,-0.006236138246428972,6.247939045500001,7.4527709305,-1.204831884999999,-0.7243824776439807,0.06860981185783893,-0.48044940735601827,-0.6236138246428973
21211,"Shelby County, KY",KY,Low,61.86386768447837,0.06520236677999999,0.074527709305,-0.009325342525000002,Low,gradient_boosted_trees,-0.008034152530596,0.0009764804344995397,-0.0012911899944040017,-0.009053455136940636,6.520236677999999,7.4527709305,-0.9325342525000002,-0.8034152530596,0.09764804344995397,-0.12911899944040017,-0.9053455136940636
21221,"Trigg County, KY",KY,Low,48.409669211195926,0.086050763675,0.074527709305,0.011523054370000008,Low,gradient_boosted_trees,0.011238739373638442,0.0035388338261109,0.0002843149963615652,0.011814555858033891,8.6050763675,7.4527709305,1.1523054370000008,1.1238739373638442,0.35388338261109,0.028431499636156522,1.181455585803389
21231,"Wayne County, KY",KY,Low,54.67557251908397,0.079986069285,0.074527709305,0.005458359980000008,Low,gradient_boosted_trees,0.029389115046263764,0.006926195755313931,-0.023930755066263756,0.02687634341124745,7.9986069285,7.4527709305,0.5458359980000007,2.9389115046263763,0.6926195755313931,-2.3930755066263756,2.687634341124745
21235,"Whitley County, KY",KY,Low,62.213740458015266,0.081250573835,0.074527709305,0.006722864530000011,Low,gradient_boosted_trees,0.01301013474307896,0.003800662415533326,-0.00628727021307895,0.013741851727002445,8.1250573835,7.4527709305,0.6722864530000011,1.301013474307896,0.3800662415533326,-0.6287270213078949,1.3741851727002445
22003,"Allen Parish, LA",LA,Low,50.699745547073796,0.026437292975,0.074527709305,-0.048090416329999996,Low,gradient_boosted_trees,-0.0007064816242716851,0.0016191452556132526,-0.04738393470572831,-0.024784891192741403,2.6437292974999997,7.4527709305,-4.809041633,-0.07064816242716851,0.16191452556132527,-4.738393470572831,-2.47848911927414
22007,"Assumption Parish, LA",LA,Low,70.29262086513995,0.04319572827,0.074527709305,-0.031331981035,Low,gradient_boosted_trees,-0.024039376000265008,0.006418959418115348,-0.00729260503473499,-0.022330895996485998,4.319572827,7.4527709305,-3.1331981035,-2.403937600026501,0.6418959418115348,-0.729260503473499,-2.2330895996485998
22009,"Avoyelles Parish, LA",LA,Low,72.99618320610686,0.02661035398,0.074527709305,-0.047917355324999994,Low,gradient_boosted_trees,-0.018637252545585615,0.007849625953131939,-0.02928010277941438,-0.02680608813336148,2.661035398,7.4527709305,-4.7917355325,-1.8637252545585614,0.7849625953131939,-2.928010277941438,-2.680608813336148
22011,"Beauregard Parish, LA",LA,Low,55.56615776081425,0.0557467134,0.074527709305,-0.018780995904999993,Low,gradient_boosted_trees,-0.017639479262843216,0.010203238264679162,-0.0011415166421567778,-0.01655895245599645,5.57467134,7.4527709305,-1.8780995904999993,-1.7639479262843216,1.0203238264679162,-0.11415166421567778,-1.6558952455996452
22037,"East Feliciana Parish, LA",LA,Low,56.424936386768444,0.06997362743999999,0.074527709305,-0.004554081865000004,Low,gradient_boosted_trees,-0.018681968945237642,0.00415633958152773,0.014127887080237638,-0.011532203701828343,6.997362743999999,7.4527709305,-0.45540818650000037,-1.8681968945237641,0.415633958152773,1.4127887080237638,-1.1532203701828343
22039,"Evangeline Parish, LA",LA,Low,75.92239185750637,0.008112410798,0.074527709305,-0.066415298507,Low,gradient_boosted_trees,-0.018922223479756365,0.0054627980780114814,-0.047493075027243634,-0.03903559702571221,0.8112410798,7.4527709305,-6.6415298507,-1.8922223479756366,0.5462798078011482,-4.749307502724363,-3.9035597025712208
22047,"Iberville Parish, LA",LA,Low,73.72773536895674,0.040971369130000004,0.074527709305,-0.03355634017499999,Low,gradient_boosted_trees,-0.01624998521075862,0.0009867668917225513,-0.01730635496424137,-0.020614072357909928,4.097136913000001,7.4527709305,-3.355634017499999,-1.624998521075862,0.09867668917225512,-1.730635496424137,-2.061407235790993
22053,"Jefferson Davis Parish, LA",LA,Low,74.33206106870229,0.011158771296,0.074527709305,-0.063368938009,Low,gradient_boosted_trees,-0.0016579760628683791,0.009034371016765288,-0.06171096194613161,-0.01757621288862269,1.1158771296,7.4527709305,-6.3368938008999995,-0.16579760628683793,0.9034371016765288,-6.1710961946131615,-1.757621288862269
22061,"Lincoln Parish, LA",LA,Low,64.34478371501272,0.0507922731,0.074527709305,-0.023735436204999995,Low,gradient_boosted_trees,-0.010364426002689548,0.0024670617034877433,-0.013371010202310447,-0.01682712687822634,5.07922731,7.4527709305,-2.3735436204999996,-1.0364426002689549,0.24670617034877435,-1.3371010202310447,-1.682712687822634
22067,"Morehouse Parish, LA",LA,Low,55.279898218829516,0.07645531183,0.074527709305,0.0019276025250000023,Low,gradient_boosted_trees,0.026432020398217487,0.001365754322932934,-0.024504417873217485,0.014174629747075711,7.645531183,7.4527709305,0.19276025250000023,2.6432020398217486,0.1365754322932934,-2.4504417873217483,1.417462974707571
22069,"Natchitoches Parish, LA",LA,Low,56.39312977099237,0.034579979335,0.074527709305,-0.03994772997,Low,gradient_boosted_trees,-0.02466203605745602,0.012868507413519168,-0.015285693912543977,-0.031772476646943104,3.4579979334999997,7.4527709305,-3.9947729969999997,-2.4662036057456023,1.2868507413519168,-1.5285693912543978,-3.1772476646943106
22075,"Plaquemines Parish, LA",LA,Low,72.93256997455471,0.051264116910000004,0.074527709305,-0.02326359239499999,Low,gradient_boosted_trees,-0.018522278977364415,0.010647822183046224,-0.004741313417635576,-0.016458697353212298,5.126411691,7.4527709305,-2.326359239499999,-1.8522278977364415,1.0647822183046223,-0.4741313417635576,-1.6458697353212297
22077,"Pointe Coupee Parish, LA",LA,Low,63.07251908396947,0.063175897775,0.074527709305,-0.011351811529999992,Low,gradient_boosted_trees,-0.0224422453997503,0.0036637564871819127,0.011090433869750307,-0.018291187899954656,6.3175897775,7.4527709305,-1.135181152999999,-2.24422453997503,0.3663756487181913,1.1090433869750307,-1.8291187899954657
22085,"Sabine Parish, LA",LA,Low,60.973282442748086,0.040217325469999995,0.074527709305,-0.034310383835,Low,gradient_boosted_trees,-0.00651490532382867,0.006197076928672557,-0.02779547851117133,-0.01916711768696025,4.021732546999999,7.4527709305,-3.4310383835,-0.651490532382867,0.6197076928672557,-2.7795478511171328,-1.9167117686960249
22087,"St. Bernard Parish, LA",LA,Low,75.60432569974554,0.05347240483,0.074527709305,-0.021055304474999995,Low,gradient_boosted_trees,0.0036780342001808872,0.0017120800973960688,-0.02473333867518088,-0.01588806921563771,5.347240483,7.4527709305,-2.1055304474999996,0.36780342001808874,0.17120800973960687,-2.4733338675180883,-1.588806921563771
22093,"St. James Parish, LA",LA,Low,71.02417302798982,0.050279266595,0.074527709305,-0.02424844271,Low,gradient_boosted_trees,-0.028515845474177504,0.006854853616827157,0.004267402764177506,-0.02105041905906312,5.027926659499999,7.4527709305,-2.424844271,-2.8515845474177506,0.6854853616827157,0.4267402764177506,-2.105041905906312
22111,"Union Parish, LA",LA,Low,49.650127226463106,0.04600890029,0.074527709305,-0.028518809014999993,Low,gradient_boosted_trees,-0.001385591744987819,0.006701453585448541,-0.027133217270012173,-0.005825329147066921,4.600890029,7.4527709305,-2.8518809014999995,-0.1385591744987819,0.6701453585448541,-2.7133217270012175,-0.5825329147066921
22115,"Vernon Parish, LA",LA,Low,68.89312977099237,0.03798213149,0.074527709305,-0.036545577814999994,Low,gradient_boosted_trees,-0.022928845936940445,0.0025091963308590546,-0.013616731878059549,-0.026251024534862506,3.798213149,7.4527709305,-3.6545577814999994,-2.2928845936940445,0.2509196330859055,-1.361673187805955,-2.625102453486251
23001,"Androscoggin County, ME",ME,Low,59.06488549618321,0.097120326335,0.074527709305,0.022592617030000012,Low,gradient_boosted_trees,0.007599015673292016,0.0036408043752866187,0.014993601356707995,0.00933303047459538,9.712032633500002,7.4527709305,2.2592617030000013,0.7599015673292016,0.36408043752866187,1.4993601356707995,0.933303047459538
23003,"Aroostook County, ME",ME,Low,80.40712468193384,0.04749760721,0.074527709305,-0.027030102094999994,Low,gradient_boosted_trees,0.012189209729149844,0.005328716557004615,-0.03921931182414984,0.0059554777712301134,4.749760721,7.4527709305,-2.7030102094999995,1.2189209729149844,0.5328716557004615,-3.921931182414984,0.5955477771230113
23005,"Cumberland County, ME",ME,Low,77.00381679389314,0.08959725766,0.074527709305,0.015069548355000004,Low,gradient_boosted_trees,-0.004685428289789334,0.001965323634173965,0.019754976644789337,0.0011723192177140146,8.959725766,7.4527709305,1.5069548355000004,-0.4685428289789334,0.1965323634173965,1.9754976644789337,0.11723192177140146
23007,"Franklin County, ME",ME,Low,43.63867684478372,0.11538768605,0.074527709305,0.040859976745,Low,gradient_boosted_trees,0.007474718037308305,0.002606736252725299,0.03338525870769169,0.00822940130751039,11.538768605,7.4527709305,4.0859976745,0.7474718037308304,0.2606736252725299,3.338525870769169,0.8229401307510389
23009,"Hancock County, ME",ME,Low,55.025445292620866,0.084969989285,0.074527709305,0.01044227998000001,Low,gradient_boosted_trees,0.015287555866207836,0.002081213494311586,-0.0048452758862078255,0.00974680935425439,8.4969989285,7.4527709305,1.044227998000001,1.5287555866207836,0.20812134943115862,-0.48452758862078255,0.974680935425439
23011,"Kennebec County, ME",ME,Low,75.22264631043257,0.07414935817500001,0.074527709305,-0.000378351129999982,Low,gradient_boosted_trees,0.0051847924330078714,0.0017208908648640312,-0.0055631435630078534,0.0022069943132260227,7.414935817500002,7.4527709305,-0.0378351129999982,0.5184792433007871,0.17208908648640311,-0.5563143563007853,0.22069943132260228
23017,"Oxford County, ME",ME,Low,65.9033078880407,0.08277007141,0.074527709305,0.008242362105000012,Low,gradient_boosted_trees,0.0033914994783240267,0.005362388909218432,0.004850862626675985,0.004529221138094527,8.277007141,7.4527709305,0.8242362105000012,0.33914994783240265,0.5362388909218432,0.48508626266759847,0.4529221138094527
23019,"Penobscot County, ME",ME,Low,78.02162849872774,0.09047200461999999,0.074527709305,0.015944295314999996,Low,gradient_boosted_trees,0.0035047165998541717,0.001999406505744039,0.012439578715145824,0.008368372685535481,9.047200462,7.4527709305,1.5944295314999994,0.3504716599854172,0.1999406505744039,1.2439578715145825,0.8368372685535481
23021,"Piscataquis County, ME",ME,Low,52.35368956743003,0.11286957859999999,0.074527709305,0.038341869295,Low,gradient_boosted_trees,0.016948040576663995,0.002501425177568374,0.021393828718336002,0.022950273840262644,11.28695786,7.4527709305,3.8341869294999995,1.6948040576663996,0.2501425177568374,2.1393828718336003,2.2950273840262643
23025,"Somerset County, ME",ME,Low,67.93893129770993,0.0882401484,0.074527709305,0.013712439095,Low,gradient_boosted_trees,0.008140649177297793,0.0020555069540609634,0.005571789917702208,0.009812869882643674,8.82401484,7.4527709305,1.3712439095,0.8140649177297793,0.20555069540609633,0.5571789917702208,0.9812869882643673
23029,"Washington County, ME",ME,Low,47.55089058524173,0.10148728765000001,0.074527709305,0.026959578345000013,Low,gradient_boosted_trees,0.018241693077285456,0.006166709678282783,0.008717885267714557,0.019182226308970794,10.148728765000001,7.4527709305,2.6959578345000015,1.8241693077285455,0.6166709678282782,0.8717885267714557,1.9182226308970793
24001,"Allegany County, MD",MD,Low,58.524173027989825,0.063706867935,0.074527709305,-0.01082084137,Low,gradient_boosted_trees,0.0037821583730779473,0.002172859371510598,-0.014602999743077948,-0.00036800646377417297,6.370686793499999,7.4527709305,-1.082084137,0.37821583730779473,0.2172859371510598,-1.460299974307795,-0.0368006463774173
24011,"Caroline County, MD",MD,Low,45.70610687022901,0.06836414291000001,0.074527709305,-0.006163566394999986,Low,gradient_boosted_trees,0.0017926532190615547,0.004222365254629617,-0.007956219614061542,-0.0016479254356474452,6.8364142910000005,7.4527709305,-0.6163566394999986,0.17926532190615546,0.42223652546296175,-0.7956219614061542,-0.16479254356474451
24013,"Carroll County, MD",MD,Low,59.510178117048355,0.043180845015,0.074527709305,-0.03134686429,Low,gradient_boosted_trees,-0.013549790381064528,0.0023660219658628583,-0.017797073908935472,-0.01827181011624612,4.3180845015,7.4527709305,-3.134686429,-1.3549790381064528,0.23660219658628584,-1.7797073908935472,-1.8271810116246119
24015,"Cecil County, MD",MD,Low,58.5559796437659,0.062493078735,0.074527709305,-0.012034630569999996,Low,gradient_boosted_trees,-0.0003871547307723825,0.0026542203066360556,-0.011647475839227614,-0.0014952993972368264,6.2493078735,7.4527709305,-1.2034630569999996,-0.03871547307723825,0.2654220306636056,-1.1647475839227615,-0.14952993972368264
24017,"Charles County, MD",MD,Low,44.14758269720102,0.045376359755,0.074527709305,-0.029151349549999997,Low,gradient_boosted_trees,-0.020687377685211963,0.0018432599453006304,-0.008463971864788034,-0.02172753189243253,4.5376359755,7.4527709305,-2.9151349549999996,-2.0687377685211965,0.18432599453006304,-0.8463971864788034,-2.172753189243253
24019,"Dorchester County, MD",MD,Low,53.848600508905854,0.07420264105,0.074527709305,-0.00032506825499999115,Low,gradient_boosted_trees,0.007430378240642791,0.00207621088396987,-0.007755446495642782,0.003962697584707601,7.420264105,7.4527709305,-0.032506825499999115,0.7430378240642791,0.207621088396987,-0.7755446495642782,0.3962697584707601
24021,"Frederick County, MD",MD,Low,74.20483460559797,0.034777893224999995,0.074527709305,-0.03974981608,Low,gradient_boosted_trees,-0.01743186039576004,0.002425796803841798,-0.02231795568423996,-0.02570852369618356,3.4777893224999996,7.4527709305,-3.974981608,-1.743186039576004,0.2425796803841798,-2.231795568423996,-2.570852369618356
24025,"Harford County, MD",MD,Low,72.45547073791349,0.041878216270000004,0.074527709305,-0.03264949303499999,Low,gradient_boosted_trees,-0.01619581759879057,0.0036035233668213745,-0.01645367543620942,-0.019331100082827127,4.187821627000001,7.4527709305,-3.264949303499999,-1.619581759879057,0.36035233668213745,-1.645367543620942,-1.9331100082827128
24027,"Howard County, MD",MD,Low,72.42366412213741,0.025779192605,0.074527709305,-0.048748516699999994,Low,gradient_boosted_trees,-0.01576480446970691,0.0031300436158556806,-0.03298371223029309,-0.024307214962549097,2.5779192605,7.4527709305,-4.874851669999999,-1.576480446970691,0.31300436158556805,-3.2983712230293087,-2.4307214962549097
24043,"Washington County, MD",MD,Low,68.76590330788804,0.07023691130500001,0.074527709305,-0.004290797999999985,Low,gradient_boosted_trees,0.0004268757415034051,0.001589687908388786,-0.004717673741503389,-0.000518061683631061,7.023691130500001,7.4527709305,-0.42907979999999846,0.04268757415034051,0.1589687908388786,-0.4717673741503389,-0.05180616836310611
25011,"Franklin County, MA",MA,Low,60.718829516539444,0.05873334965,0.074527709305,-0.015794359654999993,Low,gradient_boosted_trees,0.002489101430464701,0.0006959711944649351,-0.01828346108546469,0.0003732823064925187,5.873334965000001,7.4527709305,-1.5794359654999992,0.24891014304647008,0.06959711944649351,-1.8283461085464692,0.03732823064925187
25015,"Hampshire County, MA",MA,Low,69.8791348600509,0.049897995555,0.074527709305,-0.024629713749999997,Low,gradient_boosted_trees,0.0035675320880891232,0.0020185110382681237,-0.02819724583808912,-0.0024663179192989083,4.989799555499999,7.4527709305,-2.4629713749999995,0.3567532088089123,0.20185110382681237,-2.819724583808912,-0.24663179192989082
26005,"Allegan County, MI",MI,Low,68.51145038167938,0.09249120397499999,0.074527709305,0.017963494669999996,Low,gradient_boosted_trees,-0.0045211466914911016,0.0018904496085377193,0.022484641361491097,-0.0017141493573346073,9.249120397499999,7.4527709305,1.7963494669999998,-0.45211466914911014,0.18904496085377193,2.2484641361491096,-0.17141493573346073
26015,"Barry County, MI",MI,Low,45.99236641221374,0.093605259375,0.074527709305,0.019077550070000004,Low,gradient_boosted_trees,-0.003933629536699723,0.0028879228216348862,0.02301117960669973,-0.001899693559577449,9.3605259375,7.4527709305,1.9077550070000004,-0.3933629536699723,0.2887922821634886,2.301117960669973,-0.18996935595774492
26017,"Bay County, MI",MI,Low,78.18066157760815,0.07777682804,0.074527709305,0.0032491187350000006,Low,gradient_boosted_trees,-0.0037681781055225586,0.002298077555703285,0.007017296840522559,-0.0036286222486014356,7.7776828039999995,7.4527709305,0.32491187350000006,-0.3768178105522559,0.2298077555703285,0.7017296840522559,-0.3628622248601436
26023,"Branch County, MI",MI,Low,51.81297709923665,0.06780947749999999,0.074527709305,-0.006718231805000002,Low,gradient_boosted_trees,0.0014262382767368986,0.0024729442598380707,-0.008144470081736901,0.0007406527239781811,6.780947749999999,7.4527709305,-0.6718231805000002,0.14262382767368986,0.24729442598380708,-0.8144470081736901,0.07406527239781811
26025,"Calhoun County, MI",MI,Low,74.52290076335878,0.085019389495,0.074527709305,0.010491680190000005,Low,gradient_boosted_trees,0.0006195085556582987,0.005099156334416225,0.009872171634341707,-0.0016086401784896195,8.5019389495,7.4527709305,1.0491680190000006,0.061950855565829875,0.5099156334416225,0.9872171634341707,-0.16086401784896195
26027,"Cass County, MI",MI,Low,47.70992366412214,0.09088656301,0.074527709305,0.01635885370500001,Low,gradient_boosted_trees,0.001453983062407511,0.00106825420812174,0.014904870642592499,0.004474279790244586,9.088656301,7.4527709305,1.635885370500001,0.14539830624075112,0.106825420812174,1.4904870642592498,0.44742797902445863
26031,"Cheboygan County, MI",MI,Low,59.478371501272264,0.10367108750000001,0.074527709305,0.029143378195000014,Low,gradient_boosted_trees,0.015668355494815076,0.0006880750643548611,0.013475022700184938,0.019748266431628803,10.367108750000002,7.4527709305,2.9143378195000014,1.5668355494815076,0.06880750643548611,1.3475022700184938,1.9748266431628803
26035,"Clare County, MI",MI,Low,47.45547073791349,0.092219888145,0.074527709305,0.017692178840000003,Low,gradient_boosted_trees,0.020336095226711353,0.003965112931142832,-0.00264391638671135,0.02035551753788837,9.2219888145,7.4527709305,1.7692178840000004,2.0336095226711355,0.3965112931142832,-0.264391638671135,2.035551753788837
26037,"Clinton County, MI",MI,Low,47.041984732824424,0.06940236248500001,0.074527709305,-0.005125346819999987,Low,gradient_boosted_trees,-0.0026536381924279263,0.0018431326420591547,-0.002471708627572061,-0.004021515920839545,6.940236248500001,7.4527709305,-0.5125346819999987,-0.2653638192427926,0.18431326420591546,-0.24717086275720612,-0.4021515920839545
26041,"Delta County, MI",MI,Low,53.05343511450382,0.088408814385,0.074527709305,0.013881105080000011,Low,gradient_boosted_trees,0.00717418996367031,0.00217178851750467,0.006706915116329701,0.005557651469103959,8.8408814385,7.4527709305,1.3881105080000011,0.717418996367031,0.21717885175046703,0.6706915116329701,0.5557651469103959
26043,"Dickinson County, MI",MI,Low,59.28753180661578,0.09989417329,0.074527709305,0.025366463985000004,Low,gradient_boosted_trees,0.005241615082454613,0.0009811441401622214,0.02012484890254539,0.006108265605290755,9.989417329,7.4527709305,2.5366463985000003,0.5241615082454614,0.09811441401622215,2.012484890254539,0.6108265605290755
26045,"Eaton County, MI",MI,Low,67.6208651399491,0.073817783,0.074527709305,-0.0007099263049999971,Low,gradient_boosted_trees,-0.0003113094524313889,0.0024860957918867287,-0.0003986168525686082,-0.004239006735786346,7.3817783,7.4527709305,-0.07099263049999971,-0.03113094524313889,0.24860957918867288,-0.03986168525686082,-0.4239006735786346
26055,"Grand Traverse County, MI",MI,Low,65.64885496183206,0.081453796575,0.074527709305,0.006926087270000006,Low,gradient_boosted_trees,-0.009125531029489138,0.0008664522750157326,0.016051618299489145,-0.0058609250365515755,8.1453796575,7.4527709305,0.6926087270000005,-0.9125531029489138,0.08664522750157326,1.6051618299489145,-0.5860925036551575
26057,"Gratiot County, MI",MI,Low,54.13486005089059,0.087882430685,0.074527709305,0.013354721380000004,Low,gradient_boosted_trees,0.004353824088134467,0.004136541796331633,0.009000897291865536,0.006272568586137935,8.7882430685,7.4527709305,1.3354721380000003,0.4353824088134467,0.4136541796331633,0.9000897291865536,0.6272568586137935
26059,"Hillsdale County, MI",MI,Low,49.968193384223916,0.10596567135,0.074527709305,0.031437962045000004,Low,gradient_boosted_trees,0.009388813352969308,0.004316518269081417,0.022049148692030694,0.010760423740818923,10.596567134999999,7.4527709305,3.1437962045000005,0.9388813352969307,0.4316518269081417,2.2049148692030696,1.0760423740818923
26063,"Huron County, MI",MI,Low,59.03307888040712,0.08462006277,0.074527709305,0.010092353465000009,Low,gradient_boosted_trees,0.002011117315404572,0.0022725886074596614,0.008081236149595437,0.0055086138822244505,8.462006277,7.4527709305,1.009235346500001,0.2011117315404572,0.22725886074596613,0.8081236149595437,0.550861388222445
26067,"Ionia County, MI",MI,Low,55.85241730279898,0.10234185315,0.074527709305,0.027814143845,Low,gradient_boosted_trees,-0.0016531517081078801,0.003156680088907309,0.02946729555310788,0.002254778437417448,10.234185315,7.4527709305,2.7814143845,-0.165315170810788,0.3156680088907309,2.946729555310788,0.2254778437417448
26071,"Iron County, MI",MI,Low,55.05725190839694,0.09256233425999999,0.074527709305,0.018034624954999995,Low,gradient_boosted_trees,0.028451469719093264,0.004381749214071645,-0.01041684476409327,0.03333855179800235,9.256233426,7.4527709305,1.8034624954999994,2.8451469719093265,0.43817492140716446,-1.041684476409327,3.3338551798002354
26073,"Isabella County, MI",MI,Low,66.06234096692111,0.055262834805,0.074527709305,-0.019264874499999994,Low,gradient_boosted_trees,-0.0020382031809170064,0.0058186913068031,-0.017226671319082988,-0.0013485004980349053,5.5262834805,7.4527709305,-1.9264874499999993,-0.20382031809170065,0.58186913068031,-1.722667131908299,-0.13485004980349052
26075,"Jackson County, MI",MI,Low,76.46310432569975,0.074028575595,0.074527709305,-0.0004991337099999882,Low,gradient_boosted_trees,-0.005534415776903649,0.0012183549060537492,0.005035282066903661,-0.004963142196923368,7.402857559500001,7.4527709305,-0.04991337099999882,-0.553441577690365,0.12183549060537492,0.5035282066903661,-0.49631421969233674
26087,"Lapeer County, MI",MI,Low,66.41221374045801,0.07627280377000001,0.074527709305,0.0017450944650000133,Low,gradient_boosted_trees,0.0003802220227326178,0.0020365368547549272,0.0013648724422673955,-0.0002600895853545882,7.627280377000001,7.4527709305,0.17450944650000133,0.03802220227326178,0.20365368547549273,0.13648724422673955,-0.02600895853545882
26089,"Leelanau County, MI",MI,Low,48.346055979643765,0.08681792842,0.074527709305,0.012290219115,Low,gradient_boosted_trees,0.007401646656298322,0.00680162094266447,0.004888572458701679,0.011304495616967806,8.681792842,7.4527709305,1.2290219115,0.7401646656298322,0.680162094266447,0.4888572458701679,1.1304495616967807
26091,"Lenawee County, MI",MI,Low,69.94274809160305,0.08577793444000001,0.074527709305,0.011250225135000014,Low,gradient_boosted_trees,-0.0021418694207598105,0.001111058170679167,0.013392094555759824,-0.004816067963558109,8.577793444000001,7.4527709305,1.1250225135000014,-0.21418694207598105,0.11110581706791671,1.3392094555759824,-0.48160679635581083
26093,"Livingston County, MI",MI,Low,73.47328244274809,0.064736752985,0.074527709305,-0.009790956319999988,Low,gradient_boosted_trees,-0.014911296187889105,0.000735070978549953,0.005120339867889116,-0.016293384342997718,6.473675298500001,7.4527709305,-0.9790956319999988,-1.4911296187889105,0.0735070978549953,0.5120339867889117,-1.6293384342997719
26103,"Marquette County, MI",MI,Low,69.78371501272265,0.08099030607499999,0.074527709305,0.006462596769999995,Low,gradient_boosted_trees,0.006015985768302773,0.0018004793211133716,0.00044661100169722263,0.007447489000298636,8.0990306075,7.4527709305,0.6462596769999995,0.6015985768302773,0.18004793211133716,0.04466110016972226,0.7447489000298636
26107,"Mecosta County, MI",MI,Low,69.8473282442748,0.090705343035,0.074527709305,0.01617763373,Low,gradient_boosted_trees,0.01477676358081329,0.002230552015461665,0.0014008701491867118,0.014345765720328127,9.0705343035,7.4527709305,1.6177633730000003,1.477676358081329,0.2230552015461665,0.14008701491867118,1.4345765720328127
26109,"Menominee County, MI",MI,Low,44.43384223918575,0.1055596927,0.074527709305,0.031031983395000004,Low,gradient_boosted_trees,-0.005247359919895064,0.002195160176397061,0.03627934331489507,0.002824487660186984,10.55596927,7.4527709305,3.1031983395000005,-0.5247359919895064,0.21951601763970607,3.6279343314895067,0.2824487660186984
26111,"Midland County, MI",MI,Low,71.94656488549617,0.10676006325,0.074527709305,0.032232353945,Low,gradient_boosted_trees,-0.008649912161722442,0.0014922914992289125,0.040882266106722444,-0.0026873439962938955,10.676006325,7.4527709305,3.2232353945,-0.8649912161722442,0.14922914992289124,4.088226610672244,-0.26873439962938955
26117,"Montcalm County, MI",MI,Low,56.87022900763359,0.10459072750000001,0.074527709305,0.030063018195000013,Low,gradient_boosted_trees,0.01313262303653387,0.0036257033882004116,0.016930395158466144,0.01564477863093217,10.45907275,7.4527709305,3.0063018195000013,1.3132623036533868,0.36257033882004114,1.6930395158466145,1.564477863093217
26121,"Muskegon County, MI",MI,Low,70.10178117048346,0.09597226922,0.074527709305,0.021444559915000008,Low,gradient_boosted_trees,0.0034577624744851192,0.0008042168858485624,0.017986797440514887,0.002600365403575396,9.597226922,7.4527709305,2.144455991500001,0.34577624744851193,0.08042168858485624,1.7986797440514888,0.2600365403575396
26123,"Newaygo County, MI",MI,Low,47.07379134860051,0.09573533771,0.074527709305,0.021207628405000012,Low,gradient_boosted_trees,0.014297810810138313,0.003181535730774416,0.0069098175948616985,0.013886549055047602,9.573533771000001,7.4527709305,2.120762840500001,1.4297810810138314,0.3181535730774416,0.6909817594861698,1.3886549055047601
26143,"Roscommon County, MI",MI,Low,56.6793893129771,0.10152575415000001,0.074527709305,0.026998044845000013,Low,gradient_boosted_trees,0.011477672770000098,0.01200900246259799,0.015520372074999915,0.018134283807080178,10.152575415000001,7.4527709305,2.6998044845000013,1.1477672770000098,1.200900246259799,1.5520372074999915,1.8134283807080178
26149,"St. Joseph County, MI",MI,Low,58.587786259541986,0.088766633885,0.074527709305,0.014238924580000006,Low,gradient_boosted_trees,-0.0023926094195304533,0.0012650220559788702,0.01663153399953046,-0.0019499765962499858,8.8766633885,7.4527709305,1.4238924580000005,-0.23926094195304534,0.12650220559788702,1.663153399953046,-0.19499765962499857
26151,"Sanilac County, MI",MI,Low,70.32442748091603,0.09774386846,0.074527709305,0.023216159155,Low,gradient_boosted_trees,0.004154508323830305,0.0023625481722157186,0.019061650831169695,0.007579576389974672,9.774386845999999,7.4527709305,2.3216159155,0.4154508323830305,0.23625481722157185,1.9061650831169694,0.7579576389974672
26155,"Shiawassee County, MI",MI,Low,62.18193384223919,0.0885952867,0.074527709305,0.014067577395000003,Low,gradient_boosted_trees,0.004464413406953802,0.0020637375862265495,0.009603163988046202,0.005429043901268522,8.85952867,7.4527709305,1.4067577395000002,0.44644134069538016,0.20637375862265495,0.9603163988046202,0.5429043901268522
26157,"Tuscola County, MI",MI,Low,73.05979643765903,0.09665084932500001,0.074527709305,0.022123140020000015,Low,gradient_boosted_trees,0.0061162859932226005,0.0023202063474739524,0.016006854026777415,0.007755912280508666,9.665084932500001,7.4527709305,2.2123140020000016,0.6116285993222601,0.23202063474739523,1.6006854026777415,0.7755912280508666
26159,"Van Buren County, MI",MI,Low,60.464376590330794,0.09349779288,0.074527709305,0.018970083575000005,Low,gradient_boosted_trees,0.0028125998518384707,0.0002563245925427365,0.016157483723161534,0.005358973718179213,9.349779288,7.4527709305,1.8970083575000005,0.2812599851838471,0.02563245925427365,1.6157483723161534,0.5358973718179213
27001,"Aitkin County, MN",MN,Low,56.583969465648856,0.058525226605,0.074527709305,-0.016002482699999994,Low,gradient_boosted_trees,0.014254938426096918,0.002904907909037808,-0.03025742112609691,0.008224638227854757,5.8525226605,7.4527709305,-1.6002482699999994,1.425493842609692,0.2904907909037808,-3.025742112609691,0.8224638227854757
27007,"Beltrami County, MN",MN,Low,60.55979643765903,0.060650126725,0.074527709305,-0.013877582579999992,Low,gradient_boosted_trees,0.004912358952330644,0.0007481592734003093,-0.018789941532330635,0.004847541765391994,6.0650126725,7.4527709305,-1.3877582579999992,0.49123589523306443,0.07481592734003092,-1.8789941532330636,0.4847541765391994
27009,"Benton County, MN",MN,Low,51.335877862595424,0.05947859509,0.074527709305,-0.015049114214999992,Low,gradient_boosted_trees,-0.0031198260726766243,0.0012564242133638348,-0.011929288142323368,-0.004457660802254456,5.947859509000001,7.4527709305,-1.5049114214999992,-0.3119826072676624,0.12564242133638348,-1.1929288142323369,-0.4457660802254456
27015,"Brown County, MN",MN,Low,50.38167938931297,0.068336178775,0.074527709305,-0.006191530529999989,Low,gradient_boosted_trees,-0.011333915153660024,0.0018223654502694012,0.005142384623660035,-0.00726576761537911,6.833617877500001,7.4527709305,-0.6191530529999989,-1.1333915153660024,0.18223654502694012,0.5142384623660035,-0.726576761537911
27019,"Carver County, MN",MN,Low,59.66921119592875,0.048081579675,0.074527709305,-0.026446129629999995,Low,gradient_boosted_trees,-0.02116129903867542,0.0009433118564405055,-0.005284830591324577,-0.0206913386026873,4.8081579675,7.4527709305,-2.6446129629999997,-2.1161299038675416,0.09433118564405055,-0.5284830591324576,-2.06913386026873
27021,"Cass County, MN",MN,Low,53.53053435114504,0.07413155364,0.074527709305,-0.00039615566499999477,Low,gradient_boosted_trees,0.017871367645065275,0.003523657113896272,-0.01826752331006527,0.00946743337790175,7.413155364,7.4527709305,-0.03961556649999948,1.7871367645065275,0.3523657113896272,-1.826752331006527,0.946743337790175
27025,"Chisago County, MN",MN,Low,44.529262086513995,0.07382569961999999,0.074527709305,-0.0007020096850000046,Low,gradient_boosted_trees,-0.012824784297240321,0.0016835080120949607,0.012122774612240317,-0.01281837284667236,7.382569961999999,7.4527709305,-0.07020096850000046,-1.2824784297240321,0.16835080120949608,1.2122774612240317,-1.2818372846672361
27035,"Crow Wing County, MN",MN,Low,77.54452926208651,0.07939651413,0.074527709305,0.004868804825000003,Low,gradient_boosted_trees,0.004759915794894188,0.002425092100801688,0.00010888903010581544,0.005010653631315649,7.939651413,7.4527709305,0.4868804825000003,0.4759915794894188,0.2425092100801688,0.010888903010581544,0.5010653631315649
27041,"Douglas County, MN",MN,Low,44.338422391857506,0.067090028145,0.074527709305,-0.007437681160000001,Low,gradient_boosted_trees,-0.0007487211009001654,0.00277966539685935,-0.006688960059099835,-0.0023561823077766966,6.7090028145,7.4527709305,-0.743768116,-0.07487211009001654,0.277966539685935,-0.6688960059099835,-0.23561823077766966
27043,"Faribault County, MN",MN,Low,45.51526717557252,0.07554489589999999,0.074527709305,0.001017186594999997,Low,gradient_boosted_trees,0.0005682228941673337,0.0007506609046574726,0.0004489637008326633,0.0028302083926529126,7.554489589999999,7.4527709305,0.1017186594999997,0.05682228941673337,0.07506609046574726,0.04489637008326633,0.28302083926529126
27045,"Fillmore County, MN",MN,Low,49.77735368956743,0.092367221335,0.074527709305,0.017839512030000004,Low,gradient_boosted_trees,0.0019972042450001394,0.00020651282792655352,0.015842307784999864,0.003594235476265324,9.2367221335,7.4527709305,1.7839512030000004,0.19972042450001393,0.02065128279265535,1.5842307784999863,0.3594235476265324
27047,"Freeborn County, MN",MN,Low,50.98600508905853,0.079201554965,0.074527709305,0.004673845660000009,Low,gradient_boosted_trees,0.005350411012484654,0.004193343001002035,-0.0006765653524846453,0.004587648151645354,7.9201554965000005,7.4527709305,0.4673845660000009,0.5350411012484654,0.4193343001002035,-0.06765653524846453,0.4587648151645354
27049,"Goodhue County, MN",MN,Low,43.320610687022906,0.061518410205,0.074527709305,-0.013009299099999996,Low,gradient_boosted_trees,-0.010265359325086088,0.002578284678811634,-0.002743939774913908,-0.010209413064845201,6.1518410205,7.4527709305,-1.3009299099999996,-1.0265359325086088,0.2578284678811634,-0.27439397749139083,-1.02094130648452
27061,"Itasca County, MN",MN,Low,76.7175572519084,0.05325707348,0.074527709305,-0.021270635824999995,Low,gradient_boosted_trees,0.005481221982770036,0.0029720767649137735,-0.026751857807770032,0.0010744753573560695,5.325707348,7.4527709305,-2.1270635824999995,0.5481221982770036,0.29720767649137736,-2.675185780777003,0.10744753573560695
27067,"Kandiyohi County, MN",MN,Low,51.3676844783715,0.07185603767,0.074527709305,-0.0026716716349999975,Low,gradient_boosted_trees,-0.005649041285947038,0.002107389797495531,0.0029773696509470407,-0.004151151952051814,7.185603767,7.4527709305,-0.26716716349999975,-0.5649041285947038,0.21073897974955308,0.2977369650947041,-0.41511519520518136
27083,"Lyon County, MN",MN,Low,43.47964376590331,0.057572091845,0.074527709305,-0.016955617459999996,Low,gradient_boosted_trees,-0.0076220907333451994,0.0028917209329236446,-0.009333526726654797,-0.010883556912828099,5.7572091845,7.4527709305,-1.6955617459999996,-0.7622090733345199,0.28917209329236443,-0.9333526726654797,-1.0883556912828098
27085,"McLeod County, MN",MN,Low,46.596692111959285,0.069250524375,0.074527709305,-0.005277184929999998,Low,gradient_boosted_trees,-0.014875174149772422,0.0004075987616848078,0.009597989219772424,-0.013179321534749395,6.9250524375,7.4527709305,-0.5277184929999998,-1.487517414977242,0.04075987616848078,0.9597989219772424,-1.3179321534749395
27091,"Martin County, MN",MN,Low,45.48346055979644,0.071388632065,0.074527709305,-0.003139077239999996,Low,gradient_boosted_trees,-0.0173151228752632,0.00289163265110444,0.014176045635263205,-0.01464998980992394,7.1388632065,7.4527709305,-0.3139077239999996,-1.73151228752632,0.28916326511044405,1.4176045635263206,-1.464998980992394
27097,"Morrison County, MN",MN,Low,66.85750636132316,0.077660606105,0.074527709305,0.003132896800000007,Low,gradient_boosted_trees,0.003899308246501882,0.0026837841274870195,-0.0007664114465018752,0.004187502739089804,7.7660606105,7.4527709305,0.3132896800000007,0.3899308246501882,0.26837841274870194,-0.07664114465018752,0.4187502739089804
27099,"Mower County, MN",MN,Low,67.27099236641222,0.08374826415,0.074527709305,0.009220554845000006,Low,gradient_boosted_trees,0.0017948062784072093,0.0014543787524066152,0.007425748566592797,0.0014681639646579418,8.374826415,7.4527709305,0.9220554845000006,0.17948062784072094,0.1454378752406615,0.7425748566592797,0.1468163964657942
27105,"Nobles County, MN",MN,Low,50.15903307888041,0.09256386774,0.074527709305,0.018036158435000005,Low,gradient_boosted_trees,-0.016915372706562366,0.0008930028159051634,0.03495153114156237,-0.006035643439683233,9.256386774,7.4527709305,1.8036158435000005,-1.6915372706562366,0.08930028159051634,3.4951531141562366,-0.6035643439683233
27111,"Otter Tail County, MN",MN,Low,79.38931297709924,0.087078233505,0.074527709305,0.01255052420000001,Low,gradient_boosted_trees,-0.0018551819047283016,0.002850333077520449,0.014405706104728312,0.002309319578695893,8.7078233505,7.4527709305,1.255052420000001,-0.18551819047283016,0.2850333077520449,1.440570610472831,0.2309319578695893
27113,"Pennington County, MN",MN,Low,46.978371501272264,0.02768599876,0.074527709305,-0.046841710545,Low,gradient_boosted_trees,-0.017499984640697127,0.0037232146300107457,-0.02934172590430287,-0.020922083831427983,2.768599876,7.4527709305,-4.6841710545,-1.7499984640697126,0.37232146300107455,-2.934172590430287,-2.0922083831427982
27115,"Pine County, MN",MN,Low,62.150127226463106,0.07611299954,0.074527709305,0.0015852902350000087,Low,gradient_boosted_trees,0.014352076366201443,0.0020168828285759056,-0.012766786131201434,0.010592906351906715,7.611299954000001,7.4527709305,0.15852902350000087,1.4352076366201443,0.20168828285759055,-1.2766786131201433,1.0592906351906715
27131,"Rice County, MN",MN,Low,75.44529262086515,0.06677931012499999,0.074527709305,-0.007748399180000004,Low,gradient_boosted_trees,-0.005834094693141538,0.0020297961163330625,-0.0019143044868584662,-0.004865736639258683,6.677931012499999,7.4527709305,-0.7748399180000004,-0.5834094693141538,0.20297961163330625,-0.19143044868584663,-0.4865736639258683
27135,"Roseau County, MN",MN,Low,43.86132315521628,0.07962918199499999,0.074527709305,0.005101472689999997,Low,gradient_boosted_trees,-0.012883574646933882,0.00199873189136338,0.01798504733693388,-0.010687562579302493,7.962918199499999,7.4527709305,0.5101472689999997,-1.2883574646933882,0.199873189136338,1.7985047336933881,-1.0687562579302492
27139,"Scott County, MN",MN,Low,76.55852417302799,0.054895977935,0.074527709305,-0.019631731369999995,Low,gradient_boosted_trees,-0.02021982700670069,0.0006255925859209563,0.0005880956367006959,-0.020110181853790255,5.4895977935,7.4527709305,-1.9631731369999996,-2.021982700670069,0.06255925859209563,0.05880956367006959,-2.0110181853790254
27141,"Sherburne County, MN",MN,Low,53.56234096692112,0.06593862209000001,0.074527709305,-0.008589087214999985,Low,gradient_boosted_trees,-0.013009793376060267,0.0016923893711158521,0.004420706161060281,-0.01249541350829162,6.593862209000001,7.4527709305,-0.8589087214999985,-1.3009793376060266,0.16923893711158522,0.44207061610602816,-1.249541350829162
27157,"Wabasha County, MN",MN,Low,45.5470737913486,0.058199728539999995,0.074527709305,-0.016327980765,Low,gradient_boosted_trees,-0.008794574514941497,0.0016883844752751667,-0.007533406250058503,-0.007913332954775093,5.8199728539999995,7.4527709305,-1.6327980764999999,-0.8794574514941497,0.16883844752751667,-0.7533406250058503,-0.7913332954775093
27169,"Winona County, MN",MN,Low,69.46564885496184,0.05358104332,0.074527709305,-0.020946665984999994,Low,gradient_boosted_trees,-0.0033082548427492094,0.002537301445519413,-0.017638411142250784,-0.0022966673844055283,5.358104332,7.4527709305,-2.0946665984999995,-0.3308254842749209,0.2537301445519413,-1.7638411142250783,-0.22966673844055283
27171,"Wright County, MN",MN,Low,68.41603053435115,0.060462814135,0.074527709305,-0.014064895169999994,Low,gradient_boosted_trees,-0.014054972689134361,0.0012280882354013224,-9.922480865632785e-06,-0.01250416605119528,6.0462814135,7.4527709305,-1.4064895169999994,-1.4054972689134362,0.12280882354013224,-0.0009922480865632785,-1.250416605119528
28001,"Adams County, MS",MS,Low,57.25190839694656,0.038555073625000005,0.074527709305,-0.03597263567999999,Low,gradient_boosted_trees,0.01467630570126075,0.0021701426889719306,-0.05064894138126074,-0.007000676820405684,3.8555073625000005,7.4527709305,-3.597263567999999,1.467630570126075,0.21701426889719305,-5.064894138126074,-0.7000676820405685
28003,"Alcorn County, MS",MS,Low,65.01272264631042,0.06639083947,0.074527709305,-0.00813686983499999,Low,gradient_boosted_trees,0.003516174071848954,0.0059072633718711826,-0.011653043906848945,-0.0027384297171422997,6.6390839470000005,7.4527709305,-0.8136869834999991,0.35161740718489537,0.5907263371871183,-1.1653043906848946,-0.27384297171422994
28005,"Amite County, MS",MS,Low,48.218829516539444,0.1083997004,0.074527709305,0.033871991095,Low,gradient_boosted_trees,0.02583504641509335,0.0031842617743396188,0.008036944679906649,0.028647738399641912,10.839970039999999,7.4527709305,3.3871991095,2.583504641509335,0.3184261774339619,0.8036944679906649,2.864773839964191
28017,"Chickasaw County, MS",MS,Low,43.92493638676845,0.124,0.074527709305,0.049472290695000004,Low,gradient_boosted_trees,0.02164841764012691,0.005217881625748758,0.027823873054873095,0.040155671735000925,12.4,7.4527709305,4.9472290695000005,2.164841764012691,0.5217881625748758,2.7823873054873096,4.015567173500092
28027,"Coahoma County, MS",MS,Low,62.5,0.1680386323,0.074527709305,0.093510922995,Low,gradient_boosted_trees,-0.0020964655283989956,0.005047806606664311,0.09560738852339899,0.0025653273868208085,16.803863229999997,7.4527709305,9.3510922995,-0.20964655283989955,0.5047806606664311,9.560738852339899,0.2565327386820809
28029,"Copiah County, MS",MS,Low,61.29134860050891,0.07131641765499999,0.074527709305,-0.0032112916500000033,Low,gradient_boosted_trees,0.0011347125565628494,0.002261751011050492,-0.004346004206562852,0.00509945291192307,7.1316417654999995,7.4527709305,-0.3211291650000003,0.11347125565628494,0.22617510110504918,-0.43460042065628524,0.509945291192307
28039,"George County, MS",MS,Low,57.95165394402035,0.061470502565,0.074527709305,-0.013057206739999994,Low,gradient_boosted_trees,0.005555060188133031,0.0006956979448036498,-0.018612266928133024,0.0006339969218824818,6.1470502565,7.4527709305,-1.3057206739999994,0.5555060188133032,0.06956979448036499,-1.8612266928133023,0.06339969218824817
28051,"Holmes County, MS",MS,Low,49.80916030534351,0.1585739974,0.074527709305,0.084046288095,Low,gradient_boosted_trees,0.021897396227915755,0.004209829555749814,0.06214889186708425,0.06789216780229847,15.85739974,7.4527709305,8.4046288095,2.1897396227915755,0.42098295557498144,6.214889186708425,6.789216780229847
28057,"Itawamba County, MS",MS,Low,49.61832061068702,0.079885218595,0.074527709305,0.0053575092900000065,Low,gradient_boosted_trees,0.010550746941764949,0.002532059132438248,-0.005193237651764942,0.006644422038975288,7.9885218595000005,7.4527709305,0.5357509290000007,1.0550746941764948,0.2532059132438248,-0.5193237651764943,0.6644422038975288
28071,"Lafayette County, MS",MS,Low,64.44020356234097,0.06907378390499999,0.074527709305,-0.005453925400000004,Low,gradient_boosted_trees,-0.003761241421873882,0.0021842808716357304,-0.0016926839781261217,-0.004981356384752316,6.907378390499999,7.4527709305,-0.5453925400000004,-0.3761241421873882,0.21842808716357304,-0.16926839781261216,-0.4981356384752316
28079,"Leake County, MS",MS,Low,55.69338422391857,0.08330534622,0.074527709305,0.008777636915000012,Low,gradient_boosted_trees,0.011236859218366252,0.004267692437253182,-0.0024592223033662406,0.009954916900592697,8.330534622,7.4527709305,0.8777636915000011,1.1236859218366253,0.42676924372531816,-0.24592223033662405,0.9954916900592697
28085,"Lincoln County, MS",MS,Low,48.44147582697201,0.023599648325,0.074527709305,-0.050928060979999995,Low,gradient_boosted_trees,-0.007554445650090704,0.0023679774757570196,-0.04337361532990929,-0.008761381875779373,2.3599648325,7.4527709305,-5.092806098,-0.7554445650090704,0.23679774757570196,-4.337361532990929,-0.8761381875779373
28091,"Marion County, MS",MS,Low,59.95547073791349,0.060631431050000004,0.074527709305,-0.013896278254999991,Low,gradient_boosted_trees,-0.010633969681029863,0.01632454797518436,-0.0032623085739701286,-0.012958016834147431,6.063143105,7.4527709305,-1.3896278254999992,-1.0633969681029862,1.6324547975184358,-0.32623085739701285,-1.295801683414743
28093,"Marshall County, MS",MS,Low,71.18320610687023,0.09361233416,0.074527709305,0.01908462485500001,Low,gradient_boosted_trees,0.021544736682367394,0.0041171986271659146,-0.002460111827367384,0.018737699533172524,9.361233416000001,7.4527709305,1.908462485500001,2.154473668236739,0.41171986271659144,-0.2460111827367384,1.8737699533172523
28095,"Monroe County, MS",MS,Low,68.54325699745547,0.078863721505,0.074527709305,0.004336012200000003,Low,gradient_boosted_trees,-0.0022973834596183925,0.0014629037318329616,0.006633395659618395,-0.002598158994608276,7.8863721505,7.4527709305,0.4336012200000003,-0.22973834596183926,0.14629037318329616,0.6633395659618395,-0.2598158994608276
28099,"Neshoba County, MS",MS,Low,58.269720101781175,0.06840987948,0.074527709305,-0.00611782982499999,Low,gradient_boosted_trees,-0.009621754254524537,0.0033128371191583636,0.0035039244295245464,-0.0033701146530821452,6.840987948,7.4527709305,-0.611782982499999,-0.9621754254524537,0.3312837119158364,0.35039244295245464,-0.3370114653082145
28101,"Newton County, MS",MS,Low,52.44910941475827,0.03515904432,0.074527709305,-0.039368664984999996,Low,gradient_boosted_trees,0.013477651234419857,0.005398169304543133,-0.052846316219419855,0.0064688622451267086,3.515904432,7.4527709305,-3.9368664984999997,1.3477651234419856,0.5398169304543133,-5.284631621941985,0.6468862245126709
28107,"Panola County, MS",MS,Low,69.21119592875317,0.07571624264999999,0.074527709305,0.0011885333449999924,Low,gradient_boosted_trees,0.00379412206022688,0.004014701620778938,-0.0026055887152268875,0.00256208348457555,7.571624264999999,7.4527709305,0.11885333449999924,0.379412206022688,0.40147016207789377,-0.26055887152268875,0.256208348457555
28113,"Pike County, MS",MS,Low,70.41984732824427,0.05197101404,0.074527709305,-0.022556695264999996,Low,gradient_boosted_trees,-0.0031359421595069993,0.016985063178871607,-0.019420753105492995,-0.003561534420550693,5.197101404,7.4527709305,-2.2556695264999997,-0.3135942159506999,1.6985063178871607,-1.9420753105492996,-0.3561534420550693
28115,"Pontotoc County, MS",MS,Low,50.09541984732825,0.07934286389,0.074527709305,0.004815154585000009,Low,gradient_boosted_trees,0.0035218718952831287,0.0005262017839497177,0.0012932826897168802,0.0036018649199181726,7.934286389,7.4527709305,0.4815154585000009,0.35218718952831285,0.05262017839497177,0.129328268971688,0.3601864919918173
28117,"Prentiss County, MS",MS,Low,51.526717557251914,0.1129694752,0.074527709305,0.03844176589500001,Low,gradient_boosted_trees,0.008440531754481369,0.001832484647642018,0.03000123414051864,0.014096850037513655,11.29694752,7.4527709305,3.844176589500001,0.844053175448137,0.1832484647642018,3.0001234140518642,1.4096850037513655
28123,"Scott County, MS",MS,Low,55.88422391857506,0.098146031895,0.074527709305,0.023618322590000004,Low,gradient_boosted_trees,0.027722251996655095,0.003123105146006179,-0.004103929406655091,0.02908424035047586,9.8146031895,7.4527709305,2.3618322590000003,2.7722251996655096,0.31231051460061793,-0.4103929406655091,2.9084240350475863
28127,"Simpson County, MS",MS,Low,50.95419847328244,0.052375867725,0.074527709305,-0.022151841579999998,Low,gradient_boosted_trees,0.0063826688641470215,0.0043167514211425485,-0.02853451044414702,0.002321125090165952,5.237586772499999,7.4527709305,-2.2151841579999996,0.6382668864147022,0.43167514211425484,-2.853451044414702,0.2321125090165952
28129,"Smith County, MS",MS,Low,47.20101781170484,0.09049318441,0.074527709305,0.015965475105,Low,gradient_boosted_trees,0.0008575784971141155,0.0014730778011989574,0.015107896607885887,0.004285679061389019,9.049318441,7.4527709305,1.5965475105000002,0.08575784971141155,0.14730778011989573,1.5107896607885887,0.42856790613890183
28131,"Stone County, MS",MS,Low,52.00381679389313,0.08257639857499999,0.074527709305,0.008048689269999992,Low,gradient_boosted_trees,0.014169317507267609,0.0005675884437032995,-0.0061206282372676165,0.010003431179201053,8.2576398575,7.4527709305,0.8048689269999992,1.416931750726761,0.05675884437032995,-0.6120628237267617,1.0003431179201054
28139,"Tippah County, MS",MS,Low,43.79770992366412,0.058547494765,0.074527709305,-0.015980214539999996,Low,gradient_boosted_trees,0.028910601575983005,0.0033271387471625552,-0.044890816115983,0.02646286743971383,5.8547494765,7.4527709305,-1.5980214539999995,2.8910601575983006,0.3327138747162555,-4.4890816115983,2.646286743971383
28145,"Union County, MS",MS,Low,43.51145038167939,0.100166646985,0.074527709305,0.02563893768,Low,gradient_boosted_trees,0.006847967284652585,0.004950434884232709,0.018790970395347415,0.011366296112301527,10.0166646985,7.4527709305,2.5638937680000002,0.6847967284652585,0.4950434884232709,1.8790970395347415,1.1366296112301528
28153,"Wayne County, MS",MS,Low,55.6615776081425,0.0832873147,0.074527709305,0.008759605395000009,Low,gradient_boosted_trees,0.019926814389019793,0.009656619193679612,-0.011167208994019785,0.01789535785696622,8.328731470000001,7.4527709305,0.8759605395000009,1.9926814389019794,0.9656619193679612,-1.1167208994019784,1.789535785696622
28163,"Yazoo County, MS",MS,Low,71.15139949109415,0.05413958984,0.074527709305,-0.020388119464999993,Low,gradient_boosted_trees,-0.011558244432736656,0.016390803153814495,-0.008829875032263337,-0.017091607581713797,5.413958984000001,7.4527709305,-2.038811946499999,-1.1558244432736655,1.6390803153814495,-0.8829875032263337,-1.7091607581713797
29007,"Audrain County, MO",MO,Low,51.399491094147585,0.101781219105,0.074527709305,0.027253509800000006,Low,gradient_boosted_trees,-0.010088819863956738,0.005288471474160401,0.037342329663956744,-0.005974053137909864,10.1781219105,7.4527709305,2.7253509800000004,-1.0088819863956737,0.5288471474160401,3.7342329663956746,-0.5974053137909864
29009,"Barry County, MO",MO,Low,75.06361323155217,0.088601795535,0.074527709305,0.014074086230000005,Low,gradient_boosted_trees,0.006421018646777666,0.0009627340499293474,0.007653067583222339,0.0076890006026224655,8.8601795535,7.4527709305,1.4074086230000005,0.6421018646777665,0.09627340499293474,0.7653067583222339,0.7689000602622466
29011,"Barton County, MO",MO,Low,43.60687022900763,0.088831747845,0.074527709305,0.014304038540000008,Low,gradient_boosted_trees,0.0017002478227505634,0.0072312345843269414,0.012603790717249444,0.0034228042164757494,8.8831747845,7.4527709305,1.4304038540000008,0.17002478227505635,0.7231234584326941,1.2603790717249443,0.34228042164757494
29015,"Benton County, MO",MO,Low,66.82569974554707,0.10680505395,0.074527709305,0.03227734464500001,Low,gradient_boosted_trees,0.012887834635765321,0.005389766697175773,0.019389510009234688,0.0237517655350577,10.680505395,7.4527709305,3.227734464500001,1.288783463576532,0.5389766697175773,1.9389510009234687,2.37517655350577
29021,"Buchanan County, MO",MO,Low,74.36386768447836,0.052208601009999994,0.074527709305,-0.022319108295,Low,gradient_boosted_trees,-0.009794879751700477,0.002432815814968409,-0.012524228543299524,-0.009551570882741868,5.2208601009999995,7.4527709305,-2.2319108295000003,-0.9794879751700477,0.24328158149684087,-1.2524228543299523,-0.9551570882741868
29027,"Callaway County, MO",MO,Low,63.93129770992366,0.07129081157,0.074527709305,-0.003236897734999994,Low,gradient_boosted_trees,0.005723221879953806,0.0021271874392505942,-0.008960119614953799,0.00808409867293351,7.129081157,7.4527709305,-0.3236897734999994,0.5723221879953806,0.21271874392505943,-0.8960119614953799,0.8084098672933511
29035,"Carter County, MO",MO,Low,53.9440203562341,0.1264825044,0.074527709305,0.051954795095000006,Low,gradient_boosted_trees,0.006042171419544368,0.0037068718702221466,0.045912623675455635,0.01700320700066361,12.64825044,7.4527709305,5.1954795095,0.6042171419544368,0.37068718702221465,4.591262367545563,1.7003207000663612
29037,"Cass County, MO",MO,Low,74.90458015267176,0.07498775596000001,0.074527709305,0.0004600466550000182,Low,gradient_boosted_trees,-0.002905553375288566,0.0004637318710070999,0.003365600030288584,-0.0028990741296694945,7.4987755960000015,7.4527709305,0.04600466550000182,-0.2905553375288566,0.046373187100709985,0.3365600030288584,-0.28990741296694944
29043,"Christian County, MO",MO,Low,66.47582697201018,0.070107963505,0.074527709305,-0.0044197457999999995,Low,gradient_boosted_trees,-0.00366655518335633,0.0006784755549913437,-0.0007531906166436697,-0.0047361703262393355,7.0107963505,7.4527709305,-0.44197457999999995,-0.366655518335633,0.06784755549913436,-0.07531906166436697,-0.47361703262393356
29049,"Clinton County, MO",MO,Low,56.234096692111954,0.089765635485,0.074527709305,0.01523792618,Low,gradient_boosted_trees,0.00033786070785284664,0.0029549204216046394,0.014900065472147154,0.0008360710036484221,8.9765635485,7.4527709305,1.5237926179999999,0.033786070785284665,0.29549204216046393,1.4900065472147153,0.08360710036484222
29051,"Cole County, MO",MO,Low,73.44147582697201,0.07308094905500001,0.074527709305,-0.0014467602499999843,Low,gradient_boosted_trees,-0.007063607323040726,0.003281495200272039,0.005616847073040741,-0.0050888520708364995,7.308094905500001,7.4527709305,-0.14467602499999843,-0.7063607323040726,0.32814952002720393,0.5616847073040742,-0.5088852070836499
29055,"Crawford County, MO",MO,Low,54.99363867684478,0.08172326012,0.074527709305,0.007195550815000007,Low,gradient_boosted_trees,0.010509703402981805,0.0035116557089955322,-0.0033141525879817977,0.004284798354355863,8.172326012000001,7.4527709305,0.7195550815000007,1.0509703402981805,0.35116557089955325,-0.3314152587981798,0.42847983543558626
29065,"Dent County, MO",MO,Low,52.54452926208651,0.082162042455,0.074527709305,0.0076343331500000056,Low,gradient_boosted_trees,0.015693985869690983,0.0047062965468608305,-0.008059652719690977,0.011327057293350028,8.2162042455,7.4527709305,0.7634333150000006,1.5693985869690983,0.47062965468608303,-0.8059652719690977,1.132705729335003
29069,"Dunklin County, MO",MO,Low,80.1208651399491,0.05129784405,0.074527709305,-0.023229865254999996,Low,gradient_boosted_trees,0.012603405907125262,0.0041696411965768095,-0.03583327116212526,-0.006246503914926706,5.129784405,7.4527709305,-2.3229865254999997,1.2603405907125262,0.41696411965768093,-3.5833271162125255,-0.6246503914926707
29083,"Henry County, MO",MO,Low,52.767175572519086,0.077786842885,0.074527709305,0.0032591335800000037,Low,gradient_boosted_trees,0.015810324029145534,0.004898696094028768,-0.01255119044914553,0.013929254658330325,7.7786842885,7.4527709305,0.3259133580000004,1.5810324029145533,0.4898696094028768,-1.255119044914553,1.3929254658330326
29091,"Howell County, MO",MO,Low,77.7671755725191,0.09523801297000001,0.074527709305,0.020710303665000013,Low,gradient_boosted_trees,0.02043263645712449,0.0024616145844546782,0.00027766720787552115,0.023077474671937923,9.523801297,7.4527709305,2.0710303665000014,2.0432636457124493,0.24616145844546783,0.027766720787552115,2.307747467193792
29093,"Iron County, MO",MO,Low,69.49745547073792,0.13871092595,0.074527709305,0.06418321664500001,Low,gradient_boosted_trees,0.0041649216731013215,0.0020444838983891323,0.06001829497189869,0.016533329646108947,13.871092595,7.4527709305,6.418321664500001,0.41649216731013217,0.20444838983891322,6.00182949718987,1.6533329646108947
29101,"Johnson County, MO",MO,Low,54.93002544529262,0.062210376015,0.074527709305,-0.012317333289999996,Low,gradient_boosted_trees,-0.005295392000772181,0.0010646972081236545,-0.007021941289227815,-0.00751344746642554,6.2210376015,7.4527709305,-1.2317333289999997,-0.5295392000772181,0.10646972081236544,-0.7021941289227814,-0.751344746642554
29105,"Laclede County, MO",MO,Low,66.03053435114504,0.07374431572000001,0.074527709305,-0.0007833935849999862,Low,gradient_boosted_trees,0.002150791854891288,0.001691845947834412,-0.002934185439891274,0.006492101296231069,7.374431572000001,7.4527709305,-0.07833935849999862,0.2150791854891288,0.1691845947834412,-0.2934185439891274,0.649210129623107
29107,"Lafayette County, MO",MO,Low,52.51272264631043,0.07272440861,0.074527709305,-0.0018033006949999958,Low,gradient_boosted_trees,-0.004867257006648175,0.0012098500717567483,0.003063956311648179,-0.0028387079601279257,7.272440861,7.4527709305,-0.18033006949999958,-0.48672570066481746,0.12098500717567483,0.30639563116481794,-0.2838707960127926
29109,"Lawrence County, MO",MO,Low,66.22137404580153,0.09232231735,0.074527709305,0.017794608045000007,Low,gradient_boosted_trees,0.017357594620178596,0.002900971663784499,0.0004370134248214107,0.015708452398435095,9.232231735000001,7.4527709305,1.7794608045000007,1.7357594620178596,0.2900971663784499,0.04370134248214107,1.5708452398435095
29113,"Lincoln County, MO",MO,Low,67.08015267175573,0.083099403805,0.074527709305,0.008571694500000004,Low,gradient_boosted_trees,0.0031765310265682058,0.0015786230028621018,0.005395163473431799,0.005978538591420576,8.3099403805,7.4527709305,0.8571694500000004,0.31765310265682056,0.15786230028621018,0.5395163473431799,0.5978538591420576
29119,"McDonald County, MO",MO,Low,63.99491094147582,0.11570434555,0.074527709305,0.04117663624500001,Low,gradient_boosted_trees,0.02223283549741334,0.0038047944464662214,0.01894380074758667,0.026583543382874913,11.570434555,7.4527709305,4.1176636245000005,2.2232835497413337,0.38047944464662214,1.894380074758667,2.6583543382874915
29123,"Madison County, MO",MO,Low,50.858778625954194,0.10407697563,0.074527709305,0.029549266325000004,Low,gradient_boosted_trees,0.011718393197501035,0.0031660893713248784,0.017830873127498967,0.012014693301618263,10.407697563,7.4527709305,2.9549266325000003,1.1718393197501036,0.31660893713248783,1.7830873127498967,1.2014693301618262
29127,"Marion County, MO",MO,Low,47.86895674300254,0.044772480705,0.074527709305,-0.029755228599999996,Low,gradient_boosted_trees,-0.0026581276004591834,0.002914329330543043,-0.027097100999540814,-0.010319109873032365,4.4772480705,7.4527709305,-2.9755228599999994,-0.26581276004591836,0.2914329330543043,-2.7097100999540813,-1.0319109873032366
29131,"Miller County, MO",MO,Low,55.089058524173026,0.06008868244,0.074527709305,-0.014439026864999996,Low,gradient_boosted_trees,0.00897089916590452,0.0014881467374226998,-0.023409926030904516,0.004486652749541434,6.008868244,7.4527709305,-1.4439026864999995,0.897089916590452,0.14881467374226998,-2.3409926030904518,0.4486652749541434
29133,"Mississippi County, MO",MO,Low,57.1882951653944,0.1195522746,0.074527709305,0.045024565295,Low,gradient_boosted_trees,-0.0042337023192618875,0.007731830231089087,0.049258267614261886,0.009714691784196459,11.95522746,7.4527709305,4.5024565295,-0.4233702319261888,0.7731830231089087,4.925826761426189,0.9714691784196459
29141,"Morgan County, MO",MO,Low,75.47709923664122,0.07642968105,0.074527709305,0.0019019717450000084,Low,gradient_boosted_trees,0.018952044678588877,0.0021341923340503226,-0.01705007293358887,0.016216101776199945,7.6429681050000005,7.4527709305,0.19019717450000084,1.8952044678588877,0.21341923340503227,-1.705007293358887,1.6216101776199945
29143,"New Madrid County, MO",MO,Low,71.9147582697201,0.028390724525,0.074527709305,-0.046136984779999994,Low,gradient_boosted_trees,-0.006900066717938642,0.013151621663227673,-0.03923691806206135,-0.03533113492765281,2.8390724525,7.4527709305,-4.613698477999999,-0.6900066717938642,1.3151621663227673,-3.923691806206135,-3.5331134927652807
29145,"Newton County, MO",MO,Low,77.51272264631042,0.06752230719999999,0.074527709305,-0.007005402105000003,Low,gradient_boosted_trees,-0.0013268024383373764,0.0027180497661114184,-0.0056785996666626265,-0.003446223358408356,6.752230719999999,7.4527709305,-0.7005402105000003,-0.13268024383373764,0.27180497661114184,-0.5678599666662626,-0.34462233584083557
29147,"Nodaway County, MO",MO,Low,45.578880407124686,0.067509323245,0.074527709305,-0.0070183860599999925,Low,gradient_boosted_trees,-0.0007253275749653758,0.0026920762856286326,-0.0062930584850346164,-0.001216626727896526,6.7509323245,7.4527709305,-0.7018386059999993,-0.07253275749653758,0.26920762856286323,-0.6293058485034616,-0.12166267278965259
29149,"Oregon County, MO",MO,Low,48.69592875318066,0.08002613428,0.074527709305,0.005498424974999999,Low,gradient_boosted_trees,0.012901309154867702,0.003184976244121268,-0.0074028841798677025,0.011657935183924462,8.002613428,7.4527709305,0.5498424974999999,1.2901309154867702,0.3184976244121268,-0.7402884179867703,1.1657935183924462
29155,"Pemiscot County, MO",MO,Low,77.95801526717557,0.03309845316,0.074527709305,-0.041429256144999996,Low,gradient_boosted_trees,0.0029699964316940893,0.00828579689817377,-0.04439925257669408,-0.010245689937136237,3.309845316,7.4527709305,-4.142925614499999,0.2969996431694089,0.828579689817377,-4.439925257669408,-1.0245689937136238
29157,"Perry County, MO",MO,Low,46.18320610687023,0.05320695514,0.074527709305,-0.021320754164999997,Low,gradient_boosted_trees,0.00354518276764227,0.0021910727697377987,-0.024865936932642267,0.0010059224046311192,5.320695514,7.4527709305,-2.1320754164999998,0.354518276764227,0.21910727697377988,-2.4865936932642265,0.10059224046311192
29159,"Pettis County, MO",MO,Low,61.959287531806616,0.09366173206,0.074527709305,0.019134022755000007,Low,gradient_boosted_trees,0.016512815521429275,0.0037403883682625458,0.0026212072335707326,0.022092179959869743,9.366173206000001,7.4527709305,1.9134022755000006,1.6512815521429274,0.37403883682625455,0.26212072335707326,2.2092179959869744
29161,"Phelps County, MO",MO,Low,53.721374045801525,0.065352971135,0.074527709305,-0.009174738170000002,Low,gradient_boosted_trees,0.005149841309097431,0.0014356239915311708,-0.014324579479097432,0.004975163973103409,6.5352971134999995,7.4527709305,-0.9174738170000002,0.5149841309097432,0.14356239915311708,-1.4324579479097432,0.4975163973103409
29165,"Platte County, MO",MO,Low,71.37404580152672,0.06766760158,0.074527709305,-0.006860107724999995,Low,gradient_boosted_trees,-0.012850067653582513,0.000621708987642975,0.005989959928582518,-0.008818637242904262,6.766760158,7.4527709305,-0.6860107724999995,-1.2850067653582513,0.0621708987642975,0.5989959928582518,-0.8818637242904261
29167,"Polk County, MO",MO,Low,54.48473282442748,0.08892363942,0.074527709305,0.01439593011500001,Low,gradient_boosted_trees,0.017486617151443826,0.004959844491130094,-0.003090687036443815,0.015746908360982366,8.892363942000001,7.4527709305,1.439593011500001,1.7486617151443826,0.4959844491130094,-0.3090687036443815,1.5746908360982366
29169,"Pulaski County, MO",MO,Low,60.527989821882954,0.064092581835,0.074527709305,-0.01043512747,Low,gradient_boosted_trees,-0.010040920682738333,0.002611770558527197,-0.0003942067872616667,-0.007502780276505647,6.4092581834999995,7.4527709305,-1.0435127469999999,-1.0040920682738332,0.2611770558527197,-0.03942067872616667,-0.7502780276505647
29177,"Ray County, MO",MO,Low,44.37022900763359,0.07263228200499999,0.074527709305,-0.0018954273000000021,Low,gradient_boosted_trees,0.007205605788580986,0.0015292310725005386,-0.009101033088580988,0.004752185119437564,7.2632282004999995,7.4527709305,-0.18954273000000021,0.7205605788580985,0.15292310725005387,-0.9101033088580988,0.4752185119437564
29179,"Reynolds County, MO",MO,Low,63.8676844783715,0.07627347581,0.074527709305,0.0017457665050000098,Low,gradient_boosted_trees,0.01230687945478602,0.001927000151421553,-0.01056111294978601,0.006083650115870266,7.627347581,7.4527709305,0.17457665050000098,1.230687945478602,0.1927000151421553,-1.056111294978601,0.6083650115870266
29181,"Ripley County, MO",MO,Low,56.99745547073791,0.06474138032,0.074527709305,-0.009786328984999995,Low,gradient_boosted_trees,0.014111725066935194,0.006373257168768073,-0.023898054051935187,0.010392234503055,6.474138032,7.4527709305,-0.9786328984999995,1.4111725066935195,0.6373257168768073,-2.3898054051935187,1.0392234503055
29186,"Ste. Genevieve County, MO",MO,Low,54.61195928753181,0.09814830929,0.074527709305,0.023620599985000004,Low,gradient_boosted_trees,0.0037377730225855283,0.001895616403166668,0.019882826962414477,0.0050307635646985255,9.814830929,7.4527709305,2.3620599985000004,0.3737773022585528,0.1895616403166668,1.9882826962414477,0.5030763564698526
29187,"St. Francois County, MO",MO,Low,78.53053435114504,0.081702995385,0.074527709305,0.0071752860800000096,Low,gradient_boosted_trees,0.015861137961288945,0.004582885999220993,-0.008685851881288936,0.015738752798224835,8.1702995385,7.4527709305,0.717528608000001,1.5861137961288945,0.45828859992209936,-0.8685851881288935,1.5738752798224835
29195,"Saline County, MO",MO,Low,51.62213740458015,0.08763638877999999,0.074527709305,0.013108679474999996,Low,gradient_boosted_trees,6.07407944103754e-05,0.0010903219230415887,0.01304793868058962,0.0010959689456309608,8.763638877999998,7.4527709305,1.3108679474999996,0.006074079441037539,0.10903219230415886,1.304793868058962,0.10959689456309608
29201,"Scott County, MO",MO,Low,80.08905852417303,0.068607887525,0.074527709305,-0.005919821780000001,Low,gradient_boosted_trees,-0.002995981300242659,0.003136633625223966,-0.002923840479757342,-0.007245465359204062,6.8607887524999995,7.4527709305,-0.5919821780000001,-0.2995981300242659,0.3136633625223966,-0.2923840479757342,-0.7245465359204062
29203,"Shannon County, MO",MO,Low,57.538167938931295,0.05533792491,0.074527709305,-0.019189784394999992,Low,gradient_boosted_trees,0.03532488588419864,0.004942189119679294,-0.05451467027919863,0.004658539482698354,5.533792491,7.4527709305,-1.9189784394999991,3.532488588419864,0.4942189119679294,-5.451467027919863,0.4658539482698354
29207,"Stoddard County, MO",MO,Low,74.30025445292621,0.06191997591,0.074527709305,-0.012607733394999994,Low,gradient_boosted_trees,-0.0014981384260295911,0.009914437929453932,-0.011109594968970403,-0.0078007020431065015,6.191997591,7.4527709305,-1.2607733394999994,-0.1498138426029591,0.9914437929453932,-1.1109594968970402,-0.7800702043106501
29209,"Stone County, MO",MO,Low,76.74936386768448,0.0740607598,0.074527709305,-0.00046694950499999444,Low,gradient_boosted_trees,0.014753161897699743,0.0027329972268291605,-0.015220111402699738,0.007409900363476487,7.40607598,7.4527709305,-0.046694950499999444,1.4753161897699743,0.273299722682916,-1.5220111402699739,0.7409900363476487
29215,"Texas County, MO",MO,Low,62.43638676844784,0.08962728065,0.074527709305,0.015099571345000007,Low,gradient_boosted_trees,0.02457686950455799,0.004356975397021141,-0.009477298159557983,0.016063655017331657,8.962728065,7.4527709305,1.5099571345000007,2.457686950455799,0.43569753970211406,-0.9477298159557983,1.6063655017331657
29217,"Vernon County, MO",MO,Low,45.960559796437664,0.061066729185,0.074527709305,-0.013460980119999993,Low,gradient_boosted_trees,0.010915858037058218,0.0008380336567085115,-0.02437683815705821,0.0072643328218222345,6.1066729185,7.4527709305,-1.3460980119999992,1.0915858037058217,0.08380336567085116,-2.437683815705821,0.7264332821822235
29219,"Warren County, MO",MO,Low,55.343511450381676,0.07875099897,0.074527709305,0.004223289665000005,Low,gradient_boosted_trees,0.0020780389637696994,0.0017539436368971006,0.002145250701230305,0.0019461288124154028,7.875099897,7.4527709305,0.42232896650000046,0.20780389637696994,0.17539436368971006,0.21452507012303051,0.19461288124154028
29221,"Washington County, MO",MO,Low,67.77989821882952,0.09711543,0.074527709305,0.022587720695000008,Low,gradient_boosted_trees,0.016227131496605592,0.001784154267382081,0.006360589198394415,0.019164642971147963,9.711543,7.4527709305,2.258772069500001,1.6227131496605591,0.1784154267382081,0.6360589198394415,1.9164642971147963
29223,"Wayne County, MO",MO,Low,67.01653944020356,0.074187806775,0.074527709305,-0.0003399025299999914,Low,gradient_boosted_trees,0.003286283807484898,0.005572267179204303,-0.0036261863374848894,0.003185694534739188,7.4187806775,7.4527709305,-0.03399025299999914,0.3286283807484898,0.5572267179204303,-0.36261863374848896,0.3185694534739188
29225,"Webster County, MO",MO,Low,44.592875318066156,0.07799890845,0.074527709305,0.0034711991450000063,Low,gradient_boosted_trees,0.0070940023126387294,0.0008185280454765973,-0.003622803167638723,0.005582334573094279,7.799890845,7.4527709305,0.3471199145000006,0.709400231263873,0.08185280454765974,-0.3622803167638723,0.5582334573094279
29229,"Wright County, MO",MO,Low,57.410941475826974,0.08303417689,0.074527709305,0.00850646758500001,Low,gradient_boosted_trees,0.016979456262687084,0.004580916345161795,-0.008472988677687074,0.016905331320990303,8.303417689,7.4527709305,0.850646758500001,1.6979456262687085,0.4580916345161795,-0.8472988677687074,1.6905331320990302
30001,"Beaverhead County, MT",MT,Low,42.87531806615776,0.1014630705,0.074527709305,0.026935361195000007,Low,gradient_boosted_trees,0.006204049964889297,0.0028174939449339136,0.02073131123011071,0.007103893385658442,10.14630705,7.4527709305,2.693536119500001,0.6204049964889297,0.28174939449339137,2.073131123011071,0.7103893385658442
30003,"Big Horn County, MT",MT,Low,57.220101781170484,0.08639396467,0.074527709305,0.011866255365000009,Low,gradient_boosted_trees,0.01127986711464169,0.009863908838167434,0.0005863882503583193,0.013308156957778785,8.639396467000001,7.4527709305,1.186625536500001,1.1279867114641688,0.9863908838167434,0.05863882503583193,1.3308156957778785
30009,"Carbon County, MT",MT,Low,59.796437659033074,0.10741033750000001,0.074527709305,0.03288262819500001,Low,gradient_boosted_trees,0.004800237740344735,0.002588677482608032,0.028082390454655277,0.013869987680577893,10.741033750000001,7.4527709305,3.288262819500001,0.4800237740344735,0.25886774826080317,2.8082390454655277,1.3869987680577893
30035,"Glacier County, MT",MT,Low,51.49491094147582,0.097434879835,0.074527709305,0.022907170530000007,Low,gradient_boosted_trees,0.0029048002457663312,0.011765912271734494,0.020002370284233677,0.013064411522100089,9.7434879835,7.4527709305,2.2907170530000007,0.29048002457663313,1.1765912271734493,2.0002370284233675,1.3064411522100088
30047,"Lake County, MT",MT,Low,67.6526717557252,0.095809959125,0.074527709305,0.02128224982,Low,gradient_boosted_trees,0.008089235612094715,0.0009851086523678337,0.013193014207905286,0.0121060056603076,9.580995912499999,7.4527709305,2.1282249820000003,0.8089235612094715,0.09851086523678337,1.3193014207905287,1.21060056603076
30049,"Lewis & Clark County, MT",MT,Low,71.2468193384224,0.08147067666499999,0.074527709305,0.006942967359999996,Low,gradient_boosted_trees,0.005187662872681988,0.0015887638389336116,0.001755304487318008,0.006560041429665255,8.1470676665,7.4527709305,0.6942967359999996,0.5187662872681988,0.15887638389336114,0.1755304487318008,0.6560041429665254
30053,"Lincoln County, MT",MT,Low,64.28117048346056,0.1088919266,0.074527709305,0.034364217295,Low,gradient_boosted_trees,0.023357256870929422,0.010647656724119171,0.011006960424070577,0.028260278114116428,10.889192659999999,7.4527709305,3.4364217295,2.335725687092942,1.064765672411917,1.1006960424070578,2.8260278114116426
30063,"Missoula County, MT",MT,Low,77.03562340966921,0.08389063775,0.074527709305,0.009362928445000002,Low,gradient_boosted_trees,0.0018196960896965768,0.003971067066532704,0.007543232355303425,0.0031141469921521325,8.389063775,7.4527709305,0.9362928445000002,0.18196960896965766,0.39710670665327036,0.7543232355303425,0.31141469921521325
30067,"Park County, MT",MT,Low,66.2849872773537,0.10935150455,0.074527709305,0.03482379524500001,Low,gradient_boosted_trees,0.01767017598166384,0.010403250611284423,0.01715361926333617,0.02701389387389457,10.935150455,7.4527709305,3.482379524500001,1.767017598166384,1.0403250611284423,1.715361926333617,2.7013893873894568
30081,"Ravalli County, MT",MT,Low,78.46692111959288,0.078117135375,0.074527709305,0.0035894260699999986,Low,gradient_boosted_trees,0.010242742108981465,0.004140555410920682,-0.006653316038981467,0.009502236441911345,7.811713537499999,7.4527709305,0.35894260699999986,1.0242742108981466,0.41405554109206816,-0.6653316038981467,0.9502236441911345
30089,"Sanders County, MT",MT,Low,47.36005089058524,0.13108204365,0.074527709305,0.05655433434500001,Low,gradient_boosted_trees,0.015640175297702587,0.0037323880913931197,0.04091415904729742,0.021089687994224924,13.108204365,7.4527709305,5.655433434500001,1.5640175297702588,0.37323880913931196,4.091415904729742,2.1089687994224926
31001,"Adams County, NE",NE,Low,64.31297709923665,0.04661871357,0.074527709305,-0.027908995734999997,Low,gradient_boosted_trees,-0.014194201377140335,0.003524444337591644,-0.013714794357859663,-0.014852981426517092,4.661871357,7.4527709305,-2.7908995735,-1.4194201377140334,0.3524444337591644,-1.3714794357859663,-1.4852981426517091
31019,"Buffalo County, NE",NE,Low,65.99872773536896,0.046142413055,0.074527709305,-0.028385296249999997,Low,gradient_boosted_trees,-0.017886040817143387,0.001923501216235346,-0.01049925543285661,-0.022657537375306378,4.6142413055,7.4527709305,-2.8385296249999996,-1.7886040817143387,0.1923501216235346,-1.0499255432856611,-2.265753737530638
31035,"Clay County, NE",NE,Low,56.04325699745547,0.04690059605499999,0.074527709305,-0.02762711325,Low,gradient_boosted_trees,0.011146971671887279,0.011413560588317854,-0.03877408492188728,-0.005820609475476987,4.690059605499999,7.4527709305,-2.762711325,1.1146971671887278,1.1413560588317855,-3.8774084921887284,-0.5820609475476987
31039,"Cuming County, NE",NE,Low,57.283715012722645,0.07336561743,0.074527709305,-0.0011620918749999931,Low,gradient_boosted_trees,-0.023199305158619548,0.004820093570465391,0.022037213283619555,-0.01923642692742783,7.336561743,7.4527709305,-0.11620918749999931,-2.3199305158619548,0.48200935704653913,2.2037213283619557,-1.923642692742783
31047,"Dawson County, NE",NE,Low,65.29898218829516,0.082207622965,0.074527709305,0.0076799136600000095,Low,gradient_boosted_trees,-0.012614404254235415,0.0030229190611405147,0.020294317914235423,-0.010259808638981838,8.2207622965,7.4527709305,0.767991366000001,-1.2614404254235414,0.3022919061140515,2.0294317914235425,-1.0259808638981838
31053,"Dodge County, NE",NE,Low,67.39821882951654,0.083115424895,0.074527709305,0.008587715590000003,Low,gradient_boosted_trees,-0.00896523341793178,0.0011508593033144649,0.017552949007931785,-0.004162071055233167,8.311542489499999,7.4527709305,0.8587715590000002,-0.896523341793178,0.11508593033144648,1.7552949007931786,-0.4162071055233167
31079,"Hall County, NE",NE,Low,74.23664122137404,0.07649869319,0.074527709305,0.0019709838849999994,Low,gradient_boosted_trees,-0.019793776668340146,0.0033279484378223563,0.021764760553340146,-0.016071520374098498,7.649869319,7.4527709305,0.19709838849999994,-1.9793776668340146,0.3327948437822356,2.176476055334015,-1.6071520374098498
31111,"Lincoln County, NE",NE,Low,48.56870229007634,0.069243706805,0.074527709305,-0.005284002499999996,Low,gradient_boosted_trees,-0.020962830893795897,0.00513452617346578,0.0156788283937959,-0.019948935091667945,6.9243706805,7.4527709305,-0.5284002499999996,-2.0962830893795896,0.513452617346578,1.56788283937959,-1.9948935091667945
31119,"Madison County, NE",NE,Low,60.87786259541985,0.05901492996,0.074527709305,-0.015512779344999998,Low,gradient_boosted_trees,-0.014913980488921598,0.005712040337572278,-0.0005987988560784002,-0.014769004623703926,5.901492996,7.4527709305,-1.5512779344999998,-1.4913980488921599,0.5712040337572278,-0.05987988560784002,-1.4769004623703925
31121,"Merrick County, NE",NE,Low,42.93893129770993,0.1684982457,0.074527709305,0.093970536395,Low,gradient_boosted_trees,0.008416447802169364,0.004282442156754988,0.08555408859283063,0.016457204062317637,16.84982457,7.4527709305,9.3970536395,0.8416447802169365,0.42824421567549886,8.555408859283062,1.6457204062317636
31141,"Platte County, NE",NE,Low,70.57888040712467,0.070496971405,0.074527709305,-0.004030737899999998,Low,gradient_boosted_trees,-0.004833818479437616,0.00171173643140319,0.000803080579437618,-0.005420473463353553,7.049697140499999,7.4527709305,-0.40307378999999977,-0.48338184794376154,0.171173643140319,0.0803080579437618,-0.5420473463353553
31157,"Scotts Bluff County, NE",NE,Low,63.835877862595424,0.04767936072,0.074527709305,-0.026848348584999994,Low,gradient_boosted_trees,-0.01039528707460508,0.0032252063199709707,-0.016453061510394912,-0.01666081808486267,4.767936072,7.4527709305,-2.6848348584999995,-1.039528707460508,0.3225206319970971,-1.6453061510394913,-1.666081808486267
31185,"York County, NE",NE,Low,52.25826972010178,0.066472596985,0.074527709305,-0.008055112320000002,Low,gradient_boosted_trees,-0.006862646642180062,0.0034816116004464737,-0.0011924656778199401,-0.005049697801271219,6.647259698499999,7.4527709305,-0.8055112320000002,-0.6862646642180061,0.34816116004464737,-0.11924656778199401,-0.5049697801271219
32001,"Churchill County, NV",NV,Low,47.264631043257,0.08943899218500001,0.074527709305,0.014911282880000015,Low,gradient_boosted_trees,0.004202042587275116,0.004290839700832836,0.010709240292724898,0.003700441102239816,8.9438992185,7.4527709305,1.4911282880000014,0.4202042587275116,0.4290839700832836,1.0709240292724898,0.3700441102239816
32019,"Lyon County, NV",NV,Low,71.4058524173028,0.09249999218499999,0.074527709305,0.017972282879999996,Low,gradient_boosted_trees,0.008587740697816723,0.001977103789906842,0.009384542182183273,0.00824859120465366,9.2499992185,7.4527709305,1.7972282879999995,0.8587740697816723,0.19771037899068422,0.9384542182183273,0.824859120465366
32023,"Nye County, NV",NV,Low,78.33969465648855,0.07520374891500001,0.074527709305,0.0006760396100000121,Low,gradient_boosted_trees,0.014217679401172504,0.003014656092283737,-0.013541639791172492,0.014655511443387441,7.5203748915,7.4527709305,0.06760396100000121,1.4217679401172503,0.30146560922837373,-1.354163979117249,1.4655511443387441
32510,"Carson City, NV",NV,Low,76.14503816793892,0.07692842783500001,0.074527709305,0.0024007185300000122,Low,gradient_boosted_trees,0.00662520993254504,0.004793657467784114,-0.004224491402545028,0.004322430411530774,7.692842783500001,7.4527709305,0.24007185300000122,0.662520993254504,0.47936574677841143,-0.4224491402545028,0.43224304115307743
33001,"Belknap County, NH",NH,Low,57.3791348600509,0.09908480854,0.074527709305,0.024557099235000004,Low,gradient_boosted_trees,-0.0002974317721355438,0.004796522321709541,0.024854531007135548,0.008067970179982287,9.908480854,7.4527709305,2.4557099235000006,-0.029743177213554378,0.4796522321709541,2.485453100713555,0.8067970179982287
33003,"Carroll County, NH",NH,Low,70.96055979643766,0.07676032997,0.074527709305,0.002232620665000004,Low,gradient_boosted_trees,0.01614159578578454,0.0033874447412435365,-0.013908975120784536,0.009472898799911639,7.676032997,7.4527709305,0.2232620665000004,1.614159578578454,0.33874447412435366,-1.3908975120784535,0.9472898799911639
33005,"Cheshire County, NH",NH,Low,60.49618320610687,0.08206054381,0.074527709305,0.007532834505000002,Low,gradient_boosted_trees,0.00936274142429024,0.0022688958372553128,-0.0018299069192902369,0.006900734713223451,8.206054381,7.4527709305,0.7532834505000002,0.936274142429024,0.22688958372553128,-0.18299069192902367,0.6900734713223451
33007,"Coos County, NH",NH,Low,72.7735368956743,0.10912188419999999,0.074527709305,0.034594174894999996,Low,gradient_boosted_trees,0.0043078601892961275,0.005197339467490301,0.03028631470570387,0.012373284171044918,10.91218842,7.4527709305,3.4594174895,0.43078601892961277,0.5197339467490302,3.028631470570387,1.2373284171044918
33013,"Merrimack County, NH",NH,Low,78.21246819338423,0.08326386755500001,0.074527709305,0.008736158250000015,Low,gradient_boosted_trees,-0.0031874689104266322,0.003796666047316648,0.011923627160426647,0.0007368338842163644,8.326386755500002,7.4527709305,0.8736158250000015,-0.31874689104266324,0.3796666047316648,1.1923627160426646,0.07368338842163644
33017,"Strafford County, NH",NH,Low,64.09033078880407,0.09067453321,0.074527709305,0.01614682390500001,Low,gradient_boosted_trees,-0.003955368529101733,0.002338747408523458,0.020102192434101742,0.001122672891572626,9.067453321,7.4527709305,1.614682390500001,-0.39553685291017326,0.2338747408523458,2.010219243410174,0.1122672891572626
34019,"Hunterdon County, NJ",NJ,Low,78.68956743002545,0.05162552625,0.074527709305,-0.022902183054999997,Low,gradient_boosted_trees,-0.0031692136408041,0.004124945012439542,-0.019732969414195896,-0.012054041567650721,5.162552625,7.4527709305,-2.2902183055,-0.31692136408041,0.4124945012439542,-1.9732969414195896,-1.2054041567650722
34033,"Salem County, NJ",NJ,Low,76.52671755725191,0.11130444155,0.074527709305,0.036776732245,Low,gradient_boosted_trees,0.006292645868087408,0.0008293262011868704,0.030484086376912592,0.015609584282064121,11.130444155,7.4527709305,3.6776732245,0.6292645868087408,0.08293262011868703,3.048408637691259,1.5609584282064122
34037,"Sussex County, NJ",NJ,Low,77.44910941475827,0.07687163337,0.074527709305,0.0023439240650000026,Low,gradient_boosted_trees,-0.006376549815564302,0.002542298681169189,0.008720473880564305,-0.004278630492432368,7.687163336999999,7.4527709305,0.23439240650000026,-0.6376549815564302,0.2542298681169189,0.8720473880564305,-0.42786304924323676
34041,"Warren County, NJ",NJ,Low,80.75699745547074,0.077602429725,0.074527709305,0.00307472042000001,Low,gradient_boosted_trees,0.0016100492553526512,0.00502568536827437,0.0014646711646473588,0.003642223131408616,7.7602429725,7.4527709305,0.307472042000001,0.16100492553526513,0.5025685368274371,0.14646711646473587,0.3642223131408616
35006,"Cibola County, NM",NM,Low,58.36513994910941,0.10134716489000001,0.074527709305,0.026819455585000013,Low,gradient_boosted_trees,-0.006258157397414504,0.00677649461139409,0.03307761298241452,0.008068117879631912,10.134716489,7.4527709305,2.681945558500001,-0.6258157397414504,0.677649461139409,3.3077612982414517,0.8068117879631912
35007,"Colfax County, NM",NM,Low,58.492366412213734,0.053350852255,0.074527709305,-0.021176857049999998,Low,gradient_boosted_trees,0.023868536808288616,0.005441994929990375,-0.04504539385828861,0.005021434214883786,5.335085225499999,7.4527709305,-2.1176857049999995,2.3868536808288616,0.5441994929990375,-4.504539385828861,0.5021434214883786
35009,"Curry County, NM",NM,Low,61.832061068702295,0.032837293935,0.074527709305,-0.04169041537,Low,gradient_boosted_trees,-0.009846488162054225,0.005775783532602186,-0.03184392720794577,-0.018675661591334578,3.2837293935,7.4527709305,-4.169041537,-0.9846488162054224,0.5775783532602186,-3.1843927207945772,-1.8675661591334578
35017,"Grant County, NM",NM,Low,74.14122137404581,0.061301063569999995,0.074527709305,-0.013226645735,Low,gradient_boosted_trees,0.015969732177533516,0.009714840069569563,-0.029196377912533517,0.005073103986881064,6.130106357,7.4527709305,-1.3226645735,1.5969732177533515,0.9714840069569562,-2.9196377912533515,0.5073103986881063
35027,"Lincoln County, NM",NM,Low,79.48473282442748,0.084260134665,0.074527709305,0.009732425360000005,Low,gradient_boosted_trees,0.019526731417885856,0.0009794129484265307,-0.009794306057885852,0.011138911668070932,8.4260134665,7.4527709305,0.9732425360000005,1.9526731417885856,0.09794129484265307,-0.9794306057885851,1.1138911668070932
35029,"Luna County, NM",NM,Low,51.590330788804074,0.1032756078,0.074527709305,0.028747898495000007,Low,gradient_boosted_trees,0.0051543467460212255,0.007444373002349082,0.023593551748978783,0.014011290916561746,10.32756078,7.4527709305,2.874789849500001,0.5154346746021226,0.7444373002349082,2.3593551748978783,1.4011290916561745
35031,"McKinley County, NM",NM,Low,78.2442748091603,0.06406160529499999,0.074527709305,-0.010466104010000005,Low,gradient_boosted_trees,0.011636061009377861,0.005667736021890925,-0.022102165019377867,0.0016838969953694343,6.406160529499999,7.4527709305,-1.0466104010000006,1.163606100937786,0.5667736021890926,-2.210216501937787,0.16838969953694344
35039,"Rio Arriba County, NM",NM,Low,80.50254452926208,0.0701916482,0.074527709305,-0.004336061104999997,Low,gradient_boosted_trees,0.012914852887592377,0.0018313879942531723,-0.017250913992592376,0.012479741248076973,7.019164819999999,7.4527709305,-0.4336061104999997,1.2914852887592376,0.18313879942531722,-1.7250913992592376,1.2479741248076972
35047,"San Miguel County, NM",NM,Low,74.58651399491094,0.05109782196,0.074527709305,-0.023429887344999997,Low,gradient_boosted_trees,0.04579322547103282,0.00630113443536561,-0.06922311281603281,0.028295456396142272,5.109782195999999,7.4527709305,-2.3429887344999996,4.579322547103281,0.630113443536561,-6.922311281603282,2.8295456396142273
35051,"Sierra County, NM",NM,Low,55.8206106870229,0.07381964618,0.074527709305,-0.0007080631249999914,Low,gradient_boosted_trees,0.02642402690091436,0.008354362392653537,-0.02713209002591435,0.023228033071992074,7.3819646180000005,7.4527709305,-0.07080631249999914,2.642402690091436,0.8354362392653537,-2.713209002591435,2.3228033071992074
35053,"Socorro County, NM",NM,Low,61.48218829516539,0.08714873895,0.074527709305,0.012621029645000004,Low,gradient_boosted_trees,0.014082084116397347,0.008184185013712948,-0.0014610544713973429,0.008371438378778637,8.714873895,7.4527709305,1.2621029645000004,1.4082084116397346,0.8184185013712948,-0.14610544713973428,0.8371438378778637
35055,"Taos County, NM",NM,Low,74.26844783715013,0.084514117545,0.074527709305,0.009986408240000008,Low,gradient_boosted_trees,0.02084407697476734,0.0033195684344667505,-0.010857668734767331,0.012126183439494773,8.4514117545,7.4527709305,0.9986408240000009,2.084407697476734,0.33195684344667503,-1.0857668734767332,1.2126183439494773
36003,"Allegany County, NY",NY,Low,69.75190839694656,0.07048378433,0.074527709305,-0.004043924975000002,Low,gradient_boosted_trees,0.0014808141820328226,0.0026245302700252313,-0.005524739157032824,0.0006684218206491911,7.048378432999999,7.4527709305,-0.40439249750000017,0.14808141820328227,0.26245302700252315,-0.5524739157032824,0.06684218206491911
36011,"Cayuga County, NY",NY,Low,61.51399491094147,0.072013690915,0.074527709305,-0.0025140183899999974,Low,gradient_boosted_trees,-0.006074428705462556,0.0007857449900114809,0.003560410315462559,-0.007008144265307015,7.2013690915,7.4527709305,-0.25140183899999974,-0.6074428705462556,0.07857449900114809,0.3560410315462559,-0.7008144265307015
36015,"Chemung County, NY",NY,Low,54.770992366412216,0.044603480995,0.074527709305,-0.029924228309999995,Low,gradient_boosted_trees,-0.01614679211329462,0.003344404144444214,-0.013777436196705375,-0.01801605238424874,4.4603480995,7.4527709305,-2.9924228309999994,-1.6146792113294621,0.3344404144444214,-1.3777436196705375,-1.8016052384248742
36017,"Chenango County, NY",NY,Low,72.32824427480917,0.08407262554,0.074527709305,0.009544916235000006,Low,gradient_boosted_trees,-0.010329705522834564,0.0011440286005905292,0.019874621757834568,-0.007510796825071117,8.407262554,7.4527709305,0.9544916235000006,-1.0329705522834565,0.11440286005905292,1.9874621757834567,-0.7510796825071117
36019,"Clinton County, NY",NY,Low,68.79770992366412,0.05703119408,0.074527709305,-0.017496515224999995,Low,gradient_boosted_trees,-0.011640046749505967,0.0027593092713732556,-0.005856468475494028,-0.011420883252261194,5.703119408,7.4527709305,-1.7496515224999996,-1.1640046749505968,0.2759309271373256,-0.5856468475494028,-1.1420883252261194
36021,"Columbia County, NY",NY,Low,68.6704834605598,0.07553207456,0.074527709305,0.0010043652550000004,Low,gradient_boosted_trees,-0.009128877330878492,0.0011224043703084612,0.010133242585878492,-0.008034933663059267,7.553207455999999,7.4527709305,0.10043652550000004,-0.9128877330878492,0.11224043703084612,1.0133242585878492,-0.8034933663059266
36023,"Cortland County, NY",NY,Low,51.24045801526718,0.05522602303,0.074527709305,-0.019301686274999993,Low,gradient_boosted_trees,-0.014806249450862062,0.002380558892470011,-0.004495436824137932,-0.015244340848739135,5.522602303,7.4527709305,-1.9301686274999994,-1.4806249450862061,0.2380558892470011,-0.44954368241379317,-1.5244340848739135
36031,"Essex County, NY",NY,Low,62.65903307888041,0.06977327543,0.074527709305,-0.0047544338749999915,Low,gradient_boosted_trees,0.0005155533225247969,0.001564993864623332,-0.0052699871975247885,-0.0027778931059950548,6.977327543,7.4527709305,-0.47544338749999915,0.051555332252479685,0.1564993864623332,-0.5269987197524788,-0.27778931059950546
36033,"Franklin County, NY",NY,Low,48.854961832061065,0.07382783868000001,0.074527709305,-0.0006998706249999875,Low,gradient_boosted_trees,-0.010436307006911264,0.0018105419753445115,0.009736436381911276,-0.00924919734043172,7.382783868000001,7.4527709305,-0.06998706249999875,-1.0436307006911263,0.18105419753445115,0.9736436381911276,-0.924919734043172
36035,"Fulton County, NY",NY,Low,48.6323155216285,0.069683045965,0.074527709305,-0.004844663339999999,Low,gradient_boosted_trees,-0.0004348222275995875,0.00222444006566803,-0.004409841112400412,-0.0052237770535602975,6.9683045964999994,7.4527709305,-0.48446633399999994,-0.04348222275995875,0.222444006566803,-0.4409841112400412,-0.5223777053560298
36037,"Genesee County, NY",NY,Low,56.10687022900763,0.06894865451,0.074527709305,-0.005579054794999996,Low,gradient_boosted_trees,-0.00894338117612834,0.0020198533802084214,0.0033643263811283432,-0.008145513675083064,6.894865451,7.4527709305,-0.5579054794999996,-0.894338117612834,0.20198533802084215,0.3364326381128343,-0.8145513675083064
36039,"Greene County, NY",NY,Low,68.28880407124683,0.06894674926,0.074527709305,-0.005580960045,Low,gradient_boosted_trees,0.005423579424624308,0.00354124029689263,-0.011004539469624309,0.006343511244672004,6.8946749259999995,7.4527709305,-0.5580960045,0.5423579424624309,0.354124029689263,-1.1004539469624308,0.6343511244672003
36043,"Herkimer County, NY",NY,Low,60.01908396946565,0.08430524776000001,0.074527709305,0.009777538455000012,Low,gradient_boosted_trees,-0.009910321390314418,0.0011099867714094542,0.01968785984531443,-0.009879393094842188,8.430524776,7.4527709305,0.9777538455000012,-0.9910321390314417,0.11099867714094543,1.968785984531443,-0.9879393094842188
36045,"Jefferson County, NY",NY,Low,63.963104325699746,0.038312541224999996,0.074527709305,-0.03621516808,Low,gradient_boosted_trees,-0.02532027087391292,0.0024448593604253586,-0.010894897206087079,-0.024501493381519898,3.8312541225,7.4527709305,-3.621516808,-2.532027087391292,0.24448593604253585,-1.0894897206087077,-2.4501493381519897
36051,"Livingston County, NY",NY,Low,56.36132315521628,0.05036799049,0.074527709305,-0.024159718814999995,Low,gradient_boosted_trees,-0.0056429638106091475,0.0011293667396978474,-0.018516755004390848,-0.007716940914944584,5.036799049,7.4527709305,-2.4159718814999995,-0.5642963810609147,0.11293667396978474,-1.8516755004390848,-0.7716940914944583
36053,"Madison County, NY",NY,Low,59.38295165394402,0.070643567935,0.074527709305,-0.0038841413699999966,Low,gradient_boosted_trees,-0.007665531383523743,0.0022738536734545974,0.0037813900135237463,-0.005305653075133343,7.0643567935,7.4527709305,-0.38841413699999966,-0.7665531383523743,0.22738536734545975,0.3781390013523746,-0.5305653075133343
36057,"Montgomery County, NY",NY,Low,65.17175572519083,0.05385734733,0.074527709305,-0.020670361974999996,Low,gradient_boosted_trees,0.01386913603187054,0.0020595304979521283,-0.034539498006870534,0.011457972283133935,5.385734733,7.4527709305,-2.0670361974999993,1.386913603187054,0.20595304979521284,-3.4539498006870533,1.1457972283133935
36069,"Ontario County, NY",NY,Low,63.54961832061069,0.067982019545,0.074527709305,-0.006545689760000001,Low,gradient_boosted_trees,-0.004866409429580426,0.0015521750408301813,-0.0016792803304195745,-0.0038891694356044705,6.7982019545,7.4527709305,-0.6545689760000001,-0.4866409429580426,0.15521750408301813,-0.16792803304195744,-0.38891694356044704
36075,"Oswego County, NY",NY,Low,67.55725190839695,0.07353377779,0.074527709305,-0.0009939315149999906,Low,gradient_boosted_trees,0.007367259088218313,0.001975974462162577,-0.008361190603218303,0.0006571302989350043,7.353377779000001,7.4527709305,-0.09939315149999906,0.7367259088218313,0.1975974462162577,-0.8361190603218303,0.06571302989350043
36077,"Otsego County, NY",NY,Low,75.82697201017811,0.06020137869,0.074527709305,-0.014326330614999994,Low,gradient_boosted_trees,0.005761663948158589,0.0019058684181025905,-0.020087994563158584,0.0034238132266484044,6.020137869,7.4527709305,-1.4326330614999994,0.576166394815859,0.19058684181025906,-2.008799456315858,0.34238132266484045
36089,"St. Lawrence County, NY",NY,Low,77.89440203562341,0.05336102332,0.074527709305,-0.021166685984999996,Low,gradient_boosted_trees,-0.0180674777349455,0.007291828152584148,-0.003099208250054497,-0.02063238767156241,5.336102332,7.4527709305,-2.1166685984999996,-1.8067477734945498,0.7291828152584148,-0.3099208250054497,-2.063238767156241
36091,"Saratoga County, NY",NY,Low,73.02798982188295,0.05477324043,0.074527709305,-0.019754468874999993,Low,gradient_boosted_trees,-0.015940869703652372,0.0017549186741286533,-0.003813599171347621,-0.014424628033433714,5.477324043,7.4527709305,-1.9754468874999993,-1.5940869703652372,0.17549186741286532,-0.3813599171347621,-1.4424628033433715
36093,"Schenectady County, NY",NY,Low,71.27862595419847,0.07366374167,0.074527709305,-0.0008639676349999903,Low,gradient_boosted_trees,-0.0019372928189671191,0.0011914275665859285,0.0010733251839671288,-0.0023541195112951863,7.366374167,7.4527709305,-0.08639676349999903,-0.1937292818967119,0.11914275665859285,0.10733251839671289,-0.23541195112951863
36101,"Steuben County, NY",NY,Low,76.8765903307888,0.059513875375,0.074527709305,-0.015013833929999998,Low,gradient_boosted_trees,-0.01632804937803459,0.0023744726852003525,0.0013142154480345926,-0.017386972400976246,5.9513875375,7.4527709305,-1.5013833929999998,-1.632804937803459,0.23744726852003525,0.13142154480345924,-1.7386972400976246
36105,"Sullivan County, NY",NY,Low,78.27608142493638,0.12717307985,0.074527709305,0.052645370545000014,Low,gradient_boosted_trees,0.006964698006088006,0.003481366870535532,0.04568067253891201,0.022007294653778178,12.717307985000001,7.4527709305,5.264537054500002,0.6964698006088006,0.3481366870535532,4.5680672538912015,2.2007294653778176
36107,"Tioga County, NY",NY,Low,59.860050890585235,0.062253182055,0.074527709305,-0.012274527249999993,Low,gradient_boosted_trees,-0.018300361004167973,0.0031133306917414364,0.006025833754167979,-0.015841734272376982,6.2253182055,7.4527709305,-1.2274527249999994,-1.8300361004167973,0.31133306917414366,0.602583375416798,-1.5841734272376982
36109,"Tompkins County, NY",NY,Low,73.85496183206108,0.05768211406,0.074527709305,-0.016845595244999997,Low,gradient_boosted_trees,-0.017067759888943112,0.0020870353582306523,0.0002221646439431145,-0.02094064184459824,5.768211406,7.4527709305,-1.6845595244999998,-1.7067759888943113,0.20870353582306522,0.02221646439431145,-2.0940641844598242
36113,"Warren County, NY",NY,Low,62.30916030534351,0.06428697380000001,0.074527709305,-0.010240735504999987,Low,gradient_boosted_trees,-0.0005144464340105687,0.001212982395529481,-0.009726289070989418,-0.002326419860368183,6.428697380000001,7.4527709305,-1.0240735504999987,-0.051444643401056867,0.12129823955294809,-0.9726289070989418,-0.23264198603681832
36115,"Washington County, NY",NY,Low,56.61577608142494,0.06613711843,0.074527709305,-0.008390590874999992,Low,gradient_boosted_trees,-0.006139574616602211,0.0021079111716416016,-0.0022510162583977813,-0.011114934333470463,6.613711843,7.4527709305,-0.8390590874999992,-0.6139574616602211,0.21079111716416016,-0.22510162583977814,-1.1114934333470463
36117,"Wayne County, NY",NY,Low,56.265903307888046,0.08138905457,0.074527709305,0.006861345264999999,Low,gradient_boosted_trees,0.002036466352773893,0.0031552998516014407,0.004824878912226107,-0.0012267058239498901,8.138905457,7.4527709305,0.6861345264999998,0.20364663527738927,0.3155299851601441,0.48248789122261065,-0.12267058239498901
36123,"Yates County, NY",NY,Low,46.62849872773537,0.06917903614500001,0.074527709305,-0.005348673159999984,Low,gradient_boosted_trees,-0.002998358347136986,0.007571618079061422,-0.002350314812862998,0.0005513488915442911,6.917903614500001,7.4527709305,-0.5348673159999984,-0.29983583471369857,0.7571618079061422,-0.23503148128629978,0.05513488915442911
37001,"Alamance County, NC",NC,Low,77.06743002544529,0.060672713245,0.074527709305,-0.013854996059999992,Low,gradient_boosted_trees,0.0035032972727624804,0.002336140229810301,-0.017358293332762474,-0.001334004126870806,6.0672713245,7.4527709305,-1.3854996059999993,0.35032972727624806,0.2336140229810301,-1.7358293332762473,-0.13340041268708058
37003,"Alexander County, NC",NC,Low,45.80152671755725,0.09190983668,0.074527709305,0.017382127375,Low,gradient_boosted_trees,0.006049311301416058,0.004934810544194798,0.011332816073583944,0.011165723682281688,9.190983668,7.4527709305,1.7382127375,0.6049311301416058,0.4934810544194798,1.1332816073583944,1.1165723682281687
37007,"Anson County, NC",NC,Low,50.0,0.11542791655000001,0.074527709305,0.040900207245000014,Low,gradient_boosted_trees,0.022655704922176712,0.005753241014646764,0.018244502322823302,0.03554894726304292,11.542791655,7.4527709305,4.090020724500001,2.2655704922176714,0.5753241014646764,1.8244502322823302,3.554894726304292
37009,"Ashe County, NC",NC,Low,66.76208651399492,0.09065137922,0.074527709305,0.016123669915,Low,gradient_boosted_trees,0.012710482790226905,0.003823404598099509,0.0034131871247730945,0.014745869499810665,9.065137922,7.4527709305,1.6123669915,1.2710482790226905,0.3823404598099509,0.34131871247730944,1.4745869499810664
37011,"Avery County, NC",NC,Low,47.487277353689564,0.11047107535,0.074527709305,0.03594336604500001,Low,gradient_boosted_trees,0.029037618142624844,0.007664508621097142,0.0069057479023751644,0.030864551139692713,11.047107535,7.4527709305,3.594336604500001,2.9037618142624844,0.7664508621097142,0.6905747902375164,3.0864551139692713
37015,"Bertie County, NC",NC,Low,66.38040712468194,0.1197914052,0.074527709305,0.04526369589500001,Low,gradient_boosted_trees,0.02371467341413767,0.01092815389691094,0.02154902248086234,0.052937633861620155,11.979140520000001,7.4527709305,4.526369589500002,2.371467341413767,1.0928153896910942,2.154902248086234,5.2937633861620155
37023,"Burke County, NC",NC,Low,70.16539440203562,0.0939418055,0.074527709305,0.019414096195000008,Low,gradient_boosted_trees,-0.008641065352933588,0.006542652439835764,0.028055161547933596,0.0027180302086521457,9.39418055,7.4527709305,1.9414096195000008,-0.8641065352933588,0.6542652439835763,2.80551615479336,0.2718030208652146
37027,"Caldwell County, NC",NC,Low,67.43002544529261,0.0585192286,0.074527709305,-0.016008480704999994,Low,gradient_boosted_trees,0.008343559303520145,0.0037085003760684294,-0.02435204000852014,-0.001774528936314487,5.85192286,7.4527709305,-1.6008480704999994,0.8343559303520145,0.37085003760684293,-2.435204000852014,-0.1774528936314487
37035,"Catawba County, NC",NC,Low,80.56615776081425,0.055617580629999996,0.074527709305,-0.018910128675,Low,gradient_boosted_trees,-0.0010235268184457422,0.004400087979802173,-0.017886601856554257,-0.0014226019149191013,5.561758062999999,7.4527709305,-1.8910128674999998,-0.10235268184457423,0.4400087979802173,-1.7886601856554256,-0.14226019149191013
37037,"Chatham County, NC",NC,Low,67.17557251908397,0.045493812300000006,0.074527709305,-0.02903389700499999,Low,gradient_boosted_trees,-0.008172089210398617,0.0028683084272260414,-0.020861807794601374,-0.012953031405353246,4.549381230000001,7.4527709305,-2.903389700499999,-0.8172089210398618,0.2868308427226041,-2.0861807794601375,-1.2953031405353246
37039,"Cherokee County, NC",NC,Low,56.71119592875318,0.1066079163,0.074527709305,0.032080206995,Low,gradient_boosted_trees,0.01188711731325664,0.004969896795796629,0.02019308968174336,0.01495375380039329,10.660791629999999,7.4527709305,3.2080206995,1.188711731325664,0.4969896795796629,2.019308968174336,1.495375380039329
37045,"Cleveland County, NC",NC,Low,70.00636132315522,0.08166316634,0.074527709305,0.007135457035000001,Low,gradient_boosted_trees,0.003106781713650312,0.0031289537471684186,0.004028675321349689,0.002435291141520695,8.166316634,7.4527709305,0.7135457035000001,0.3106781713650312,0.31289537471684187,0.4028675321349689,0.2435291141520695
37065,"Edgecombe County, NC",NC,Low,76.3676844783715,0.12811240494999998,0.074527709305,0.053584695644999986,Low,gradient_boosted_trees,0.014165742705706301,0.0065885210048399825,0.039418952939293685,0.026988597560176294,12.811240494999998,7.4527709305,5.358469564499998,1.4165742705706301,0.6588521004839982,3.9418952939293685,2.6988597560176295
37069,"Franklin County, NC",NC,Low,51.717557251908396,0.06495799922500001,0.074527709305,-0.009569710079999988,Low,gradient_boosted_trees,0.006818071522183381,0.0025006144932851714,-0.01638778160218337,0.0058150963947164016,6.495799922500001,7.4527709305,-0.9569710079999988,0.6818071522183381,0.25006144932851715,-1.6387781602183369,0.5815096394716401
37077,"Granville County, NC",NC,Low,59.35114503816794,0.06781175278000001,0.074527709305,-0.006715956524999983,Low,gradient_boosted_trees,0.002869871073841656,0.0007289600080022145,-0.00958582759884164,0.003583439101577456,6.781175278000001,7.4527709305,-0.6715956524999983,0.2869871073841656,0.07289600080022145,-0.958582759884164,0.3583439101577456
37079,"Greene County, NC",NC,Low,62.62722646310432,0.1186567798,0.074527709305,0.044129070495000006,Low,gradient_boosted_trees,0.040522958982291385,0.003089254152740134,0.0036061115127086207,0.05085837709600688,11.865677980000001,7.4527709305,4.4129070495,4.052295898229138,0.3089254152740134,0.3606111512708621,5.085837709600688
37083,"Halifax County, NC",NC,Low,72.90076335877863,0.1292350364,0.074527709305,0.05470732709500001,Low,gradient_boosted_trees,0.019870204825797506,0.0033747523065211934,0.034837122269202506,0.027735220114876856,12.92350364,7.4527709305,5.470732709500001,1.9870204825797506,0.3374752306521193,3.4837122269202507,2.7735220114876857
37085,"Harnett County, NC",NC,Low,75.28625954198473,0.052505059209999996,0.074527709305,-0.022022650095,Low,gradient_boosted_trees,0.00454723422256451,0.0016453862953925208,-0.026569884317564508,0.000699742518337752,5.250505920999999,7.4527709305,-2.2022650095,0.454723422256451,0.16453862953925208,-2.6569884317564507,0.0699742518337752
37087,"Haywood County, NC",NC,Low,77.19465648854961,0.09043503824,0.074527709305,0.015907328935000006,Low,gradient_boosted_trees,0.004697459109943055,0.0011290447485675517,0.01120986982505695,0.003527817361653578,9.043503824,7.4527709305,1.5907328935000007,0.46974591099430546,0.11290447485675517,1.120986982505695,0.3527817361653578
37091,"Hertford County, NC",NC,Low,68.1615776081425,0.09672961711,0.074527709305,0.022201907805000004,Low,gradient_boosted_trees,0.014454590445572568,0.014651829784445562,0.007747317359427436,0.01585607831640923,9.672961711,7.4527709305,2.2201907805000003,1.4454590445572568,1.4651829784445562,0.7747317359427436,1.5856078316409232
37093,"Hoke County, NC",NC,Low,50.12722646310432,0.062394993555,0.074527709305,-0.012132715749999995,Low,gradient_boosted_trees,0.012572155649903603,0.0006668300304812847,-0.0247048713999036,0.00658100259215044,6.2394993555,7.4527709305,-1.2132715749999994,1.2572155649903602,0.06668300304812846,-2.47048713999036,0.658100259215044
37095,"Hyde County, NC",NC,Low,66.4440203562341,0.2025038864,0.074527709305,0.127976177095,Low,gradient_boosted_trees,0.012871009830985039,0.011663046467237965,0.11510516726401497,0.02740594604618414,20.25038864,7.4527709305,12.7976177095,1.2871009830985038,1.1663046467237965,11.510516726401496,2.740594604618414
37097,"Iredell County, NC",NC,Low,80.78880407124683,0.05670798955,0.074527709305,-0.017819719754999998,Low,gradient_boosted_trees,-0.00779701155963087,0.0016229771105182728,-0.010022708195369129,-0.006788513994104804,5.6707989549999995,7.4527709305,-1.7819719754999999,-0.779701155963087,0.16229771105182728,-1.0022708195369128,-0.6788513994104804
37099,"Jackson County, NC",NC,Low,80.470737913486,0.1055439468,0.074527709305,0.031016237495,Low,gradient_boosted_trees,0.00720378495183483,0.003043626770143788,0.02381245254316517,0.013514683186780101,10.55439468,7.4527709305,3.1016237495000003,0.720378495183483,0.3043626770143788,2.381245254316517,1.35146831867801
37103,"Jones County, NC",NC,Low,64.50381679389314,0.1396868036,0.074527709305,0.065159094295,Low,gradient_boosted_trees,0.01775216702509632,0.0030341360018646814,0.04740692726990368,0.024601072331758733,13.968680359999999,7.4527709305,6.5159094295,1.775216702509632,0.3034136001864681,4.740692726990368,2.460107233175873
37105,"Lee County, NC",NC,Low,67.49363867684478,0.075899322605,0.074527709305,0.0013716133000000047,Low,gradient_boosted_trees,0.0074026214302071874,0.00074855874804442,-0.006031008130207183,0.00713104866086344,7.5899322605,7.4527709305,0.13716133000000047,0.7402621430207188,0.074855874804442,-0.6031008130207183,0.7131048660863439
37109,"Lincoln County, NC",NC,Low,73.75954198473282,0.069788473275,0.074527709305,-0.004739236029999996,Low,gradient_boosted_trees,-0.004266327112608034,0.0010692217477005015,-0.00047290891739196206,-0.004805655794493601,6.9788473275,7.4527709305,-0.47392360299999964,-0.42663271126080343,0.10692217477005016,-0.047290891739196206,-0.48056557944936007
37111,"McDowell County, NC",NC,Low,59.223918575063614,0.10297754384999999,0.074527709305,0.028449834544999997,Low,gradient_boosted_trees,0.009332125499347817,0.0007970668184914235,0.01911770904565218,0.007046296810309225,10.297754385,7.4527709305,2.8449834544999995,0.9332125499347816,0.07970668184914236,1.911770904565218,0.7046296810309225
37113,"Macon County, NC",NC,Low,73.79134860050891,0.09603784011,0.074527709305,0.021510130805,Low,gradient_boosted_trees,0.014207440937691896,0.0034292360536890857,0.007302689867308103,0.013334975786117193,9.603784011,7.4527709305,2.1510130805,1.4207440937691895,0.3429236053689086,0.7302689867308103,1.3334975786117194
37117,"Martin County, NC",NC,Low,65.45801526717557,0.09069198774500001,0.074527709305,0.016164278440000013,Low,gradient_boosted_trees,0.027245858671227977,0.0030426773542934307,-0.011081580231227964,0.026512174785173856,9.0691987745,7.4527709305,1.6164278440000013,2.724585867122798,0.30426773542934304,-1.1081580231227965,2.6512174785173857
37123,"Montgomery County, NC",NC,Low,48.95038167938932,0.068844453985,0.074527709305,-0.005683255319999997,Low,gradient_boosted_trees,0.014864435425821483,0.0029550064085742426,-0.02054769074582148,0.01364766332660168,6.8844453985,7.4527709305,-0.5683255319999997,1.4864435425821483,0.2955006408574243,-2.0547690745821483,1.364766332660168
37125,"Moore County, NC",NC,Low,75.63613231552164,0.056514213869999996,0.074527709305,-0.018013495435,Low,gradient_boosted_trees,-0.0010665574334816949,0.005371406839079891,-0.016946938001518305,-0.001976287083994124,5.651421386999999,7.4527709305,-1.8013495434999998,-0.10665574334816949,0.5371406839079891,-1.6946938001518304,-0.19762870839941238
37127,"Nash County, NC",NC,Low,80.59796437659033,0.075822461075,0.074527709305,0.001294751770000005,Low,gradient_boosted_trees,0.011522902862622296,0.003153316548771197,-0.010228151092622291,0.010212401939854475,7.5822461075,7.4527709305,0.1294751770000005,1.1522902862622297,0.3153316548771197,-1.022815109262229,1.0212401939854474
37131,"Northampton County, NC",NC,Low,44.211195928753185,0.2371528182,0.074527709305,0.162625108895,Low,gradient_boosted_trees,0.06313821846420314,0.0019322603203060528,0.09948689043079686,0.09504896621939342,23.71528182,7.4527709305,16.2625108895,6.313821846420314,0.1932260320306053,9.948689043079687,9.504896621939341
37135,"Orange County, NC",NC,Low,79.07124681933843,0.053443955625,0.074527709305,-0.021083753679999997,Low,gradient_boosted_trees,-0.017205201058955667,0.0023901033264313943,-0.003878552621044331,-0.021387973905816968,5.3443955625,7.4527709305,-2.108375368,-1.7205201058955666,0.23901033264313942,-0.3878552621044331,-2.1387973905816966
37137,"Pamlico County, NC",NC,Low,72.36005089058524,0.067437481735,0.074527709305,-0.007090227569999996,Low,gradient_boosted_trees,0.010151897387654882,0.001537722161438602,-0.017242124957654877,-0.004232624141611632,6.7437481735,7.4527709305,-0.7090227569999996,1.0151897387654882,0.1537722161438602,-1.7242124957654876,-0.4232624141611632
37139,"Pasquotank County, NC",NC,Low,58.68320610687023,0.09302191544,0.074527709305,0.01849420613500001,Low,gradient_boosted_trees,0.02262082079675226,0.0055599960807697045,-0.004126614661752251,0.015372387006961022,9.302191544000001,7.4527709305,1.849420613500001,2.262082079675226,0.5559996080769705,-0.4126614661752251,1.5372387006961021
37151,"Randolph County, NC",NC,Low,80.62977099236642,0.08022212953999999,0.074527709305,0.005694420234999997,Low,gradient_boosted_trees,0.009014335246075525,0.001968895717491115,-0.0033199150110755273,0.00951752366323191,8.022212953999999,7.4527709305,0.5694420234999997,0.9014335246075524,0.1968895717491115,-0.3319915011075527,0.951752366323191
37153,"Richmond County, NC",NC,Low,60.75063613231551,0.082253108075,0.074527709305,0.007725398770000003,Low,gradient_boosted_trees,0.01965425505213284,0.0009298560387254065,-0.011928856282132836,0.01724177421062317,8.2253108075,7.4527709305,0.7725398770000003,1.9654255052132839,0.09298560387254065,-1.1928856282132836,1.7241774210623169
37157,"Rockingham County, NC",NC,Low,71.88295165394402,0.08908321092499999,0.074527709305,0.014555501619999994,Low,gradient_boosted_trees,0.011209958423763919,0.003126633865379411,0.0033455431962360754,0.009073926971230963,8.9083210925,7.4527709305,1.4555501619999993,1.120995842376392,0.3126633865379411,0.33455431962360754,0.9073926971230963
37161,"Rutherford County, NC",NC,Low,72.67811704834605,0.077558830665,0.074527709305,0.0030311213599999998,Low,gradient_boosted_trees,0.01841332615017886,0.0027777679551639826,-0.01538220479017886,0.013065424354461985,7.755883066499999,7.4527709305,0.303112136,1.841332615017886,0.2777767955163983,-1.538220479017886,1.3065424354461985
37165,"Scotland County, NC",NC,Low,63.64503816793893,0.088310906745,0.074527709305,0.013783197440000006,Low,gradient_boosted_trees,0.021186720090130506,0.0036650923823180236,-0.007403522650130501,0.020261316490826044,8.8310906745,7.4527709305,1.3783197440000006,2.118672009013051,0.36650923823180237,-0.7403522650130501,2.0261316490826045
37167,"Stanly County, NC",NC,Low,58.842239185750635,0.082105158175,0.074527709305,0.007577448870000003,Low,gradient_boosted_trees,0.007351881641025486,0.0031548021554682177,0.00022556722897451673,0.008993488587670686,8.2105158175,7.4527709305,0.7577448870000003,0.7351881641025486,0.31548021554682176,0.022556722897451673,0.8993488587670686
37171,"Surry County, NC",NC,Low,73.56870229007633,0.07929661318,0.074527709305,0.004768903875000008,Low,gradient_boosted_trees,0.007825765011063182,0.0027191916465337204,-0.003056861136063174,0.007679849514040703,7.929661318,7.4527709305,0.4768903875000008,0.7825765011063182,0.271919164653372,-0.30568611360631737,0.7679849514040703
37173,"Swain County, NC",NC,Low,49.10941475826972,0.05130472332,0.074527709305,-0.023222985984999993,Low,gradient_boosted_trees,0.00013886659982470227,0.0015330025295365512,-0.023361852584824695,-0.003686508194573934,5.130472332,7.4527709305,-2.3222985984999993,0.013886659982470228,0.15330025295365513,-2.3361852584824696,-0.3686508194573934
37175,"Transylvania County, NC",NC,Low,64.24936386768448,0.08461719642,0.074527709305,0.010089487115000004,Low,gradient_boosted_trees,0.018732327152238062,0.009799697086720509,-0.008642840037238059,0.016509400821486848,8.461719642,7.4527709305,1.0089487115000004,1.8732327152238062,0.9799697086720509,-0.8642840037238059,1.6509400821486848
37181,"Vance County, NC",NC,Low,48.37786259541985,0.1025321095,0.074527709305,0.028004400195,Low,gradient_boosted_trees,0.011124690266885867,0.0016473650116360168,0.016879709928114134,0.01804416316376144,10.25321095,7.4527709305,2.8004400195,1.1124690266885868,0.1647365011636017,1.6879709928114135,1.804416316376144
37185,"Warren County, NC",NC,Low,50.76335877862596,0.1330976507,0.074527709305,0.05856994139499999,Low,gradient_boosted_trees,0.040205901178164555,0.0036092820896066503,0.018364040216835437,0.051465135704943404,13.30976507,7.4527709305,5.856994139499999,4.020590117816456,0.360928208960665,1.8364040216835438,5.14651357049434
37187,"Washington County, NC",NC,Low,59.637404580152676,-0.01802303976,0.074527709305,-0.092550749065,Low,gradient_boosted_trees,0.009024232541750216,0.006289513909286603,-0.10157498160675021,-0.01762223264923371,-1.8023039760000001,7.4527709305,-9.255074906499999,0.9024232541750216,0.6289513909286603,-10.157498160675022,-1.762223264923371
37189,"Watauga County, NC",NC,Low,71.85114503816794,0.08853207521,0.074527709305,0.01400436590500001,Low,gradient_boosted_trees,0.008174616976372917,0.0015243619697566117,0.005829748928627093,0.014639470818625405,8.853207521,7.4527709305,1.400436590500001,0.8174616976372917,0.15243619697566116,0.5829748928627093,1.4639470818625404
37195,"Wilson County, NC",NC,Low,76.27226463104326,0.09892047894,0.074527709305,0.024392769635000006,Low,gradient_boosted_trees,0.009791556786785787,0.0013043703629987545,0.014601212848214218,0.010344667990052585,9.892047894000001,7.4527709305,2.4392769635000007,0.9791556786785788,0.13043703629987546,1.4601212848214218,1.0344667990052585
38003,"Barnes County, ND",ND,Low,45.896946564885496,0.041061459655,0.074527709305,-0.033466249649999995,Low,gradient_boosted_trees,-0.01512070828559472,0.0005270337690722155,-0.018345541364405277,-0.020505772536914754,4.1061459655,7.4527709305,-3.3466249649999993,-1.512070828559472,0.05270337690722155,-1.8345541364405276,-2.0505772536914755
38055,"McLean County, ND",ND,Low,43.09796437659033,0.02374844446,0.074527709305,-0.05077926484499999,Low,gradient_boosted_trees,-0.026069175653703227,0.0018153976234736497,-0.024710089191296764,-0.03529707416623591,2.374844446,7.4527709305,-5.077926484499999,-2.6069175653703227,0.18153976234736496,-2.4710089191296762,-3.5297074166235913
38059,"Morton County, ND",ND,Low,49.586513994910945,0.04309364476,0.074527709305,-0.031434064544999994,Low,gradient_boosted_trees,-0.01695994702503534,0.0017885148926496646,-0.014474117519964653,-0.014068406248574375,4.309364476,7.4527709305,-3.1434064544999996,-1.6959947025035342,0.17885148926496647,-1.4474117519964653,-1.4068406248574374
38093,"Stutsman County, ND",ND,Low,46.37404580152672,0.048308888215,0.074527709305,-0.026218821089999997,Low,gradient_boosted_trees,-0.024241572882395524,0.003376818309856049,-0.0019772482076044727,-0.02702432952947153,4.830888821499999,7.4527709305,-2.6218821089999995,-2.4241572882395523,0.3376818309856049,-0.19772482076044728,-2.7024329529471527
38101,"Ward County, ND",ND,Low,64.75826972010178,0.03435342754,0.074527709305,-0.04017428176499999,Low,gradient_boosted_trees,-0.02912549631349379,0.004626972524734403,-0.011048785451506202,-0.035653417054212336,3.435342754,7.4527709305,-4.017428176499999,-2.9125496313493793,0.4626972524734403,-1.1048785451506202,-3.5653417054212335
38105,"Williams County, ND",ND,Low,53.657760814249365,0.025136649225000002,0.074527709305,-0.04939106007999999,Low,gradient_boosted_trees,-0.035786130673671916,0.00885189404978021,-0.013604929406328077,-0.046622455996475964,2.5136649225000003,7.4527709305,-4.9391060079999995,-3.5786130673671916,0.885189404978021,-1.3604929406328077,-4.662245599647596
39001,"Adams County, OH",OH,Low,43.829516539440206,0.13120507185000002,0.074527709305,0.056677362545000026,Low,gradient_boosted_trees,0.015715336889376177,0.005949037402597062,0.040962025655623846,0.022395428210276902,13.120507185000003,7.4527709305,5.667736254500003,1.5715336889376177,0.5949037402597063,4.096202565562384,2.2395428210276904
39003,"Allen County, OH",OH,Low,73.34605597964376,0.06778593283,0.074527709305,-0.006741776474999989,Low,gradient_boosted_trees,-0.012101081078498985,0.002856913939710307,0.005359304603498996,-0.014988387095855309,6.778593283000001,7.4527709305,-0.6741776474999989,-1.2101081078498985,0.2856913939710307,0.5359304603498996,-1.498838709585531
39005,"Ashland County, OH",OH,Low,46.342239185750635,0.08510572977,0.074527709305,0.010578020465000004,Low,gradient_boosted_trees,0.0017124462056450666,0.0029236676948155202,0.008865574259354938,0.0018377280795286003,8.510572977,7.4527709305,1.0578020465000004,0.17124462056450665,0.29236676948155205,0.8865574259354938,0.18377280795286002
39007,"Ashtabula County, OH",OH,Low,62.59541984732825,0.08501607627,0.074527709305,0.01048836696500001,Low,gradient_boosted_trees,0.0031353714628338646,0.002915334383183714,0.007352995502166145,0.00012588119455431173,8.501607627,7.4527709305,1.0488366965000009,0.31353714628338647,0.29153343831837136,0.7352995502166145,0.012588119455431174
39009,"Athens County, OH",OH,Low,68.73409669211196,0.08920633110500001,0.074527709305,0.014678621800000013,Low,gradient_boosted_trees,0.0032830312547652038,0.003900546049378078,0.01139559054523481,0.006366093402756699,8.9206331105,7.4527709305,1.4678621800000013,0.32830312547652035,0.3900546049378078,1.1395590545234808,0.63660934027567
39013,"Belmont County, OH",OH,Low,75.19083969465649,0.031721473865,0.074527709305,-0.04280623543999999,Low,gradient_boosted_trees,-0.011985142227070478,0.0023347222483050835,-0.030821093212929515,-0.013010680557397,3.1721473865000003,7.4527709305,-4.280623543999999,-1.1985142227070478,0.23347222483050836,-3.0821093212929513,-1.3010680557397
39015,"Brown County, OH",OH,Low,62.56361323155216,0.08805971656,0.074527709305,0.013532007255000006,Low,gradient_boosted_trees,0.005547921146702091,0.0025183540828154615,0.007984086108297914,0.0036478928479438183,8.805971656,7.4527709305,1.3532007255000007,0.5547921146702092,0.25183540828154616,0.7984086108297914,0.36478928479438183
39023,"Clark County, OH",OH,Low,77.09923664122137,0.08211314395,0.074527709305,0.007585434645,Low,gradient_boosted_trees,0.0010944974946632522,0.0011021287119101844,0.006490937150336748,0.0010623812032615363,8.211314394999999,7.4527709305,0.7585434645,0.10944974946632523,0.11021287119101844,0.6490937150336747,0.10623812032615364
39025,"Clermont County, OH",OH,Low,77.86259541984732,0.0737686699,0.074527709305,-0.0007590394049999949,Low,gradient_boosted_trees,-0.008266440246367765,0.0005645985023502916,0.00750740084136777,-0.00836423591340275,7.37686699,7.4527709305,-0.07590394049999949,-0.8266440246367764,0.05645985023502916,0.750740084136777,-0.836423591340275
39029,"Columbiana County, OH",OH,Low,69.05216284987277,0.081618936365,0.074527709305,0.0070912270600000105,Low,gradient_boosted_trees,-0.004388221797359524,0.0006415317000575394,0.011479448857359534,-0.00038749031797830806,8.1618936365,7.4527709305,0.709122706000001,-0.43882217973595244,0.06415317000575393,1.1479448857359533,-0.038749031797830805
39031,"Coshocton County, OH",OH,Low,49.07760814249364,0.06952864806,0.074527709305,-0.004999061244999992,Low,gradient_boosted_trees,0.014218696000631097,0.0028528343696130106,-0.019217757245631087,0.014136687180068712,6.952864806,7.4527709305,-0.49990612449999916,1.4218696000631097,0.28528343696130104,-1.9217757245631086,1.4136687180068712
39037,"Darke County, OH",OH,Low,52.67175572519084,0.080976657285,0.074527709305,0.006448947980000008,Low,gradient_boosted_trees,-0.0055001012913554305,0.0032563119460150597,0.011949049271355438,-0.004212284162030721,8.0976657285,7.4527709305,0.6448947980000008,-0.550010129135543,0.32563119460150597,1.1949049271355439,-0.42122841620307205
39041,"Delaware County, OH",OH,Low,78.7531806615776,0.053781721660000004,0.074527709305,-0.02074598764499999,Low,gradient_boosted_trees,-0.026896827366374342,0.0073395683074759565,0.006150839721374351,-0.0251590624099828,5.378172166000001,7.4527709305,-2.0745987644999992,-2.689682736637434,0.7339568307475957,0.615083972137435,-2.51590624099828
39043,"Erie County, OH",OH,Low,61.35496183206107,0.08435061089000001,0.074527709305,0.009822901585000016,Low,gradient_boosted_trees,-0.014961787742709974,0.0016080561357503058,0.02478468932770999,-0.009714520004039098,8.435061089000001,7.4527709305,0.9822901585000016,-1.4961787742709973,0.1608056135750306,2.478468932770999,-0.9714520004039098
39045,"Fairfield County, OH",OH,Low,72.6145038167939,0.07118592671,0.074527709305,-0.003341782594999995,Low,gradient_boosted_trees,-0.005307721786758513,0.0016954931017380483,0.001965939191758518,-0.0055769311915038955,7.118592671,7.4527709305,-0.3341782594999995,-0.5307721786758512,0.16954931017380484,0.19659391917585178,-0.5576931191503895
39053,"Gallia County, OH",OH,Low,48.31424936386768,0.09836525539999999,0.074527709305,0.023837546094999995,Low,gradient_boosted_trees,-0.010419461650174058,0.0037916748548429925,0.03425700774517405,0.0006819073722113504,9.836525539999998,7.4527709305,2.3837546094999995,-1.0419461650174058,0.37916748548429924,3.4257007745174053,0.06819073722113504
39055,"Geauga County, OH",OH,Low,60.2735368956743,0.057126834,0.074527709305,-0.017400875304999994,Low,gradient_boosted_trees,-0.01576751771929881,0.0007002278561704373,-0.001633357585701184,-0.0182676458740888,5.7126834,7.4527709305,-1.7400875304999994,-1.576751771929881,0.07002278561704373,-0.1633357585701184,-1.82676458740888
39057,"Greene County, OH",OH,Low,75.66793893129771,0.071955777225,0.074527709305,-0.0025719320799999917,Low,gradient_boosted_trees,-0.011740095585597294,0.0019250862416315443,0.009168163505597302,-0.009004916028874857,7.1955777225,7.4527709305,-0.2571932079999992,-1.1740095585597294,0.19250862416315442,0.9168163505597302,-0.9004916028874858
39063,"Hancock County, OH",OH,Low,54.07124681933843,0.055242392855,0.074527709305,-0.019285316449999992,Low,gradient_boosted_trees,-0.01681699194715108,0.00217619254542227,-0.0024683245028489127,-0.01731374238216643,5.5242392855,7.4527709305,-1.9285316449999992,-1.6816991947151079,0.21761925454222697,-0.24683245028489126,-1.731374238216643
39071,"Highland County, OH",OH,Low,43.19338422391857,0.097765922605,0.074527709305,0.023238213300000005,Low,gradient_boosted_trees,0.008814130059442432,0.0009411729190753307,0.014424083240557573,0.009654832922851832,9.7765922605,7.4527709305,2.3238213300000004,0.8814130059442432,0.09411729190753307,1.4424083240557573,0.9654832922851831
39073,"Hocking County, OH",OH,Low,47.29643765903308,0.096130601835,0.074527709305,0.02160289253,Low,gradient_boosted_trees,-0.005247055132057325,0.005408001727704009,0.026849947662057325,0.00028100453345694974,9.6130601835,7.4527709305,2.160289253,-0.5247055132057324,0.5408001727704009,2.6849947662057323,0.028100453345694974
39075,"Holmes County, OH",OH,Low,60.40076335877863,0.08553329513999999,0.074527709305,0.011005585834999998,Low,gradient_boosted_trees,-0.014022585096346326,0.0019641248494313146,0.025028170931346322,-0.00969506120221921,8.553329514,7.4527709305,1.1005585834999998,-1.4022585096346325,0.19641248494313146,2.5028170931346323,-0.969506120221921
39077,"Huron County, OH",OH,Low,50.286259541984734,0.047558907750000004,0.074527709305,-0.02696880155499999,Low,gradient_boosted_trees,-0.007126281347173448,0.0029734933717862314,-0.019842520207826543,-0.00509563427038185,4.755890775,7.4527709305,-2.6968801554999993,-0.7126281347173448,0.29734933717862316,-1.9842520207826544,-0.5095634270381849
39081,"Jefferson County, OH",OH,Low,66.73027989821882,0.080808715865,0.074527709305,0.00628100656000001,Low,gradient_boosted_trees,-0.003306102470180749,0.004102156635424178,0.009587109030180759,-0.0032903786420068167,8.0808715865,7.4527709305,0.6281006560000011,-0.3306102470180749,0.4102156635424178,0.9587109030180759,-0.32903786420068165
39083,"Knox County, OH",OH,Low,61.036895674300254,0.07919868459500001,0.074527709305,0.004670975290000018,Low,gradient_boosted_trees,-0.0035268718870140898,0.0015217536235779174,0.008197847177014108,-0.0016213779092564956,7.919868459500002,7.4527709305,0.4670975290000018,-0.35268718870140897,0.15217536235779175,0.8197847177014108,-0.16213779092564956
39085,"Lake County, OH",OH,Low,77.35368956743002,0.062233448275000006,0.074527709305,-0.01229426102999999,Low,gradient_boosted_trees,-0.0076993947854279545,0.0012275676922443115,-0.004594866244572035,-0.005847475437235713,6.223344827500001,7.4527709305,-1.2294261029999989,-0.7699394785427954,0.12275676922443116,-0.4594866244572035,-0.5847475437235713
39087,"Lawrence County, OH",OH,Low,70.99236641221374,0.08462852043,0.074527709305,0.010100811125000012,Low,gradient_boosted_trees,-0.0024983203819611884,0.01108872554367591,0.0125991315069612,0.0115236753871489,8.462852043,7.4527709305,1.010081112500001,-0.24983203819611885,1.108872554367591,1.25991315069612,1.15236753871489
39089,"Licking County, OH",OH,Low,78.91221374045801,0.07859933268,0.074527709305,0.004071623375,Low,gradient_boosted_trees,-0.009058309533158579,0.0014511447044415332,0.013129932908158578,-0.010342277074872725,7.859933268,7.4527709305,0.40716233749999997,-0.9058309533158578,0.14511447044415332,1.312993290815858,-1.0342277074872726
39091,"Logan County, OH",OH,Low,53.21246819338422,0.06555326112,0.074527709305,-0.008974448184999997,Low,gradient_boosted_trees,0.0030224682661901072,0.003087956967245587,-0.011996916451190104,0.0008974410133854223,6.5553261119999995,7.4527709305,-0.8974448184999997,0.3022468266190107,0.3087956967245587,-1.1996916451190105,0.08974410133854223
39101,"Marion County, OH",OH,Low,61.100508905852415,0.1011717536,0.074527709305,0.026644044295000002,Low,gradient_boosted_trees,0.005498200181864706,0.0016275809775551943,0.021145844113135297,0.007718707080836222,10.11717536,7.4527709305,2.6644044295000002,0.5498200181864706,0.16275809775551944,2.1145844113135297,0.7718707080836222
39103,"Medina County, OH",OH,Low,68.95674300254453,0.07131491261,0.074527709305,-0.003212796694999992,Low,gradient_boosted_trees,-0.012222520477827311,0.001276991924944696,0.00900972378282732,-0.006717986304792346,7.131491261000001,7.4527709305,-0.3212796694999992,-1.2222520477827312,0.1276991924944696,0.9009723782827319,-0.6717986304792346
39105,"Meigs County, OH",OH,Low,52.958015267175576,0.02861931699,0.074527709305,-0.04590839231499999,Low,gradient_boosted_trees,0.015560803115364555,0.00533942243965649,-0.06146919543036455,0.003849679414525776,2.861931699,7.4527709305,-4.590839231499999,1.5560803115364554,0.533942243965649,-6.1469195430364545,0.3849679414525776
39109,"Miami County, OH",OH,Low,61.38676844783715,0.072525106255,0.074527709305,-0.002002603049999996,Low,gradient_boosted_trees,-0.008028785584401866,0.0002927297042218796,0.00602618253440187,-0.006766048133008339,7.2525106255,7.4527709305,-0.20026030499999958,-0.8028785584401865,0.029272970422187957,0.6026182534401869,-0.6766048133008339
39119,"Muskingum County, OH",OH,Low,70.92875318066157,0.068574703965,0.074527709305,-0.005953005339999998,Low,gradient_boosted_trees,0.004082047822769713,0.00315483391047025,-0.01003505316276971,0.0037646911185945224,6.8574703965,7.4527709305,-0.5953005339999997,0.40820478227697127,0.315483391047025,-1.003505316276971,0.37646911185945225
39123,"Ottawa County, OH",OH,Low,59.16030534351145,0.090915377745,0.074527709305,0.016387668440000003,Low,gradient_boosted_trees,-0.0044144724058109135,0.002455378106538726,0.020802140845810918,-0.0012631955865974214,9.091537774499999,7.4527709305,1.6387668440000003,-0.44144724058109136,0.2455378106538726,2.0802140845810917,-0.12631955865974215
39129,"Pickaway County, OH",OH,Low,50.92239185750637,0.08144008189,0.074527709305,0.006912372585000007,Low,gradient_boosted_trees,0.002163784052131617,0.0017325142256932444,0.00474858853286839,0.0011908673039554018,8.144008189000001,7.4527709305,0.6912372585000006,0.2163784052131617,0.17325142256932444,0.47485885328683897,0.11908673039554019
39131,"Pike County, OH",OH,Low,43.12977099236641,0.094853756885,0.074527709305,0.020326047580000006,Low,gradient_boosted_trees,0.004232996234649833,0.005075916034232157,0.016093051345350173,0.005783539509115894,9.4853756885,7.4527709305,2.0326047580000006,0.4232996234649833,0.5075916034232156,1.6093051345350173,0.5783539509115895
39133,"Portage County, OH",OH,Low,65.07633587786259,0.066512047385,0.074527709305,-0.00801566192,Low,gradient_boosted_trees,-0.0022395869854016,0.0036407438741798475,-0.0057760749345983995,-0.004136411582537441,6.6512047385,7.4527709305,-0.801566192,-0.22395869854016,0.36407438741798476,-0.57760749345984,-0.41364115825374403
39135,"Preble County, OH",OH,Low,43.288804071246815,0.094951333015,0.074527709305,0.020423623710000005,Low,gradient_boosted_trees,0.002427635641033443,0.0018291379378438737,0.017995988068966563,0.005864021823779348,9.4951333015,7.4527709305,2.0423623710000003,0.2427635641033443,0.18291379378438738,1.7995988068966562,0.5864021823779348
39139,"Richland County, OH",OH,Low,61.32315521628499,0.08849501717,0.074527709305,0.013967307865,Low,gradient_boosted_trees,0.0030237803736643458,0.0014381580961255428,0.010943527491335654,0.0027758546278138663,8.849501716999999,7.4527709305,1.3967307865,0.3023780373664346,0.14381580961255427,1.0943527491335654,0.2775854627813866
39141,"Ross County, OH",OH,Low,62.88167938931297,0.079387258405,0.074527709305,0.004859549099999999,Low,gradient_boosted_trees,0.005414964980839944,0.0018413129534781616,-0.0005554158808399453,0.0069495188203077115,7.938725840499999,7.4527709305,0.4859549099999999,0.5414964980839945,0.18413129534781617,-0.055541588083994536,0.6949518820307712
39143,"Sandusky County, OH",OH,Low,56.74300254452926,0.09219276785,0.074527709305,0.017665058545,Low,gradient_boosted_trees,-0.0036019879049128613,0.0035423398120299683,0.02126704644991286,-0.00012681724169762363,9.219276785,7.4527709305,1.7665058545,-0.3601987904912861,0.3542339812029968,2.1267046449912863,-0.012681724169762362
39145,"Scioto County, OH",OH,Low,70.22900763358778,0.09747971622,0.074527709305,0.022952006915000003,Low,gradient_boosted_trees,0.006001541216641862,0.005337941393262137,0.01695046569835814,0.006561429760836689,9.747971622,7.4527709305,2.2952006915000003,0.6001541216641862,0.5337941393262137,1.695046569835814,0.6561429760836689
39147,"Seneca County, OH",OH,Low,46.85114503816794,0.07486426077,0.074527709305,0.0003365514650000012,Low,gradient_boosted_trees,-0.00424302741694474,0.0020868941677873666,0.004579578881944741,-0.004003052303529628,7.486426077,7.4527709305,0.03365514650000012,-0.424302741694474,0.20868941677873667,0.45795788819447414,-0.4003052303529628
39149,"Shelby County, OH",OH,Low,56.202290076335885,0.07997892916999999,0.074527709305,0.0054512198649999954,Low,gradient_boosted_trees,-0.013937763156701774,0.00112754112651489,0.01938898302170177,-0.011571584254092116,7.997892916999999,7.4527709305,0.5451219864999995,-1.3937763156701775,0.112754112651489,1.9388983021701771,-1.1571584254092115
39157,"Tuscarawas County, OH",OH,Low,69.0203562340967,0.054038393795,0.074527709305,-0.020489315509999995,Low,gradient_boosted_trees,-0.010211984248098794,0.0006990683544646891,-0.010277331261901201,-0.008752317198978647,5.4038393795,7.4527709305,-2.0489315509999995,-1.0211984248098793,0.06990683544646892,-1.0277331261901201,-0.8752317198978646
39165,"Warren County, OH",OH,Low,77.79898218829516,0.071250061105,0.074527709305,-0.003277648199999997,Low,gradient_boosted_trees,-0.017105242801944632,0.002752850256959115,0.013827594601944635,-0.012915893753147823,7.1250061105,7.4527709305,-0.3277648199999997,-1.7105242801944631,0.2752850256959115,1.3827594601944635,-1.2915893753147822
39167,"Washington County, OH",OH,Low,64.40839694656488,0.056784190415000005,0.074527709305,-0.01774351888999999,Low,gradient_boosted_trees,-0.007385912409247513,0.004975618002366498,-0.010357606480752478,-0.00687851147357131,5.678419041500001,7.4527709305,-1.774351888999999,-0.7385912409247514,0.4975618002366498,-1.0357606480752477,-0.687851147357131
39169,"Wayne County, OH",OH,Low,64.85368956743002,0.074498087505,0.074527709305,-2.9621799999990372e-05,Low,gradient_boosted_trees,-0.00891251702076811,0.001288233734228252,0.008882895220768119,-0.008964546474596092,7.449808750500001,7.4527709305,-0.0029621799999990372,-0.8912517020768109,0.12882337342282518,0.8882895220768119,-0.8964546474596092
39171,"Williams County, OH",OH,Low,44.40203562340967,0.08971878093499999,0.074527709305,0.015191071629999997,Low,gradient_boosted_trees,-0.00642348958592118,0.002940216461292818,0.021614561215921178,-0.004322921478833425,8.971878093499999,7.4527709305,1.5191071629999997,-0.6423489585921179,0.2940216461292818,2.161456121592118,-0.43229214788334247
39173,"Wood County, OH",OH,Low,65.68066157760815,0.057297370380000004,0.074527709305,-0.01723033892499999,Low,gradient_boosted_trees,-0.011606382820328727,0.002517168648312432,-0.005623956104671264,-0.011743032789527185,5.729737038000001,7.4527709305,-1.723033892499999,-1.1606382820328727,0.2517168648312432,-0.5623956104671264,-1.1743032789527186
40001,"Adair County, OK",OK,Low,53.81679389312977,0.10166934535,0.074527709305,0.027141636045,Low,gradient_boosted_trees,0.016856162734694632,0.0022029609787229984,0.010285473310305368,0.018598188427621606,10.166934535,7.4527709305,2.7141636045,1.6856162734694633,0.22029609787229984,1.0285473310305369,1.8598188427621607
40009,"Beckham County, OK",OK,Low,57.82442748091603,0.02738500703,0.074527709305,-0.047142702275,Low,gradient_boosted_trees,-0.011738342869262704,0.0020500069248685577,-0.035404359405737294,-0.013777590268933066,2.7385007029999997,7.4527709305,-4.714270227499999,-1.1738342869262703,0.20500069248685576,-3.5404359405737296,-1.3777590268933066
40013,"Bryan County, OK",OK,Low,74.55470737913485,0.07544376693,0.074527709305,0.000916057625000008,Low,gradient_boosted_trees,0.005174074351913705,0.000657332247597734,-0.004258016726913697,0.0025995828612285286,7.544376693,7.4527709305,0.0916057625000008,0.5174074351913704,0.0657332247597734,-0.42580167269136965,0.2599582861228529
40015,"Caddo County, OK",OK,Low,63.39058524173028,0.08596331161000001,0.074527709305,0.011435602305000014,Low,gradient_boosted_trees,-0.015628821029002416,0.0005572777875485716,0.02706442333400243,-0.010035452717914445,8.596331161,7.4527709305,1.1435602305000014,-1.5628821029002415,0.05572777875485716,2.706442333400243,-1.0035452717914446
40019,"Carter County, OK",OK,Low,74.87277353689568,0.06519190180000001,0.074527709305,-0.009335807504999988,Low,gradient_boosted_trees,-0.0038770992944311233,0.0009510079680461646,-0.005458708210568864,-0.0014564124829964545,6.519190180000001,7.4527709305,-0.9335807504999988,-0.38770992944311233,0.09510079680461646,-0.5458708210568864,-0.14564124829964545
40021,"Cherokee County, OK",OK,Low,76.90839694656488,0.075318417325,0.074527709305,0.0007907080200000027,Low,gradient_boosted_trees,0.010173984668804223,0.004197210983556875,-0.00938327664880422,0.007764700985606837,7.5318417325,7.4527709305,0.07907080200000027,1.0173984668804223,0.4197210983556875,-0.938327664880422,0.7764700985606837
40023,"Choctaw County, OK",OK,Low,49.904580152671755,0.1077596139,0.074527709305,0.033231904595,Low,gradient_boosted_trees,0.016285881506944454,0.0040983946172188125,0.016946023088055547,0.021597090866738954,10.775961389999999,7.4527709305,3.3231904595,1.6285881506944453,0.40983946172188124,1.6946023088055546,2.1597090866738955
40035,"Craig County, OK",OK,Low,55.50254452926209,0.08184673833,0.074527709305,0.007319029025000007,Low,gradient_boosted_trees,0.003474413786135231,0.005560806548659574,0.0038446152388647756,0.007039726149696478,8.184673833,7.4527709305,0.7319029025000007,0.3474413786135231,0.5560806548659574,0.3844615238864776,0.7039726149696478
40039,"Custer County, OK",OK,Low,62.02290076335878,0.030048574095,0.074527709305,-0.04447913520999999,Low,gradient_boosted_trees,-0.026523014410194053,0.007496157787027778,-0.01795612079980594,-0.022675642502975893,3.0048574095,7.4527709305,-4.447913520999999,-2.6523014410194055,0.7496157787027777,-1.795612079980594,-2.2675642502975895
40049,"Garvin County, OK",OK,Low,61.704834605597966,0.06737990229499999,0.074527709305,-0.007147807010000007,Low,gradient_boosted_trees,-0.0014149843212498032,0.004953922484957514,-0.005732822688750204,-0.003310559510709773,6.7379902294999985,7.4527709305,-0.7147807010000007,-0.1414984321249803,0.49539224849575136,-0.5732822688750204,-0.3310559510709773
40051,"Grady County, OK",OK,Low,75.73155216284987,0.056101860785,0.074527709305,-0.018425848519999996,Low,gradient_boosted_trees,-0.0067400242004059,0.0026286378291658584,-0.011685824319594095,-0.006108241618902996,5.6101860785,7.4527709305,-1.8425848519999997,-0.67400242004059,0.26286378291658585,-1.1685824319594096,-0.6108241618902996
40071,"Kay County, OK",OK,Low,79.86641221374046,0.05745884375,0.074527709305,-0.017068865554999993,Low,gradient_boosted_trees,-0.010001996419222345,0.0057146931822512365,-0.007066869135777648,-0.015399399488093267,5.745884375,7.4527709305,-1.7068865554999992,-1.0001996419222345,0.5714693182251237,-0.7066869135777648,-1.5399399488093266
40073,"Kingfisher County, OK",OK,Low,56.8384223918575,0.01945505391,0.074527709305,-0.055072655394999996,Low,gradient_boosted_trees,-0.016112361339887613,0.004925721365005629,-0.03896029405511238,-0.022366907641581345,1.945505391,7.4527709305,-5.5072655395,-1.6112361339887613,0.4925721365005629,-3.896029405511238,-2.2366907641581344
40081,"Lincoln County, OK",OK,Low,71.31043256997455,0.06515905598999999,0.074527709305,-0.009368653315000003,Low,gradient_boosted_trees,0.005243266302781688,0.0007100411988629838,-0.014611919617781691,0.0023627287524359544,6.515905598999999,7.4527709305,-0.9368653315000003,0.5243266302781687,0.07100411988629839,-1.4611919617781692,0.23627287524359544
40083,"Logan County, OK",OK,Low,74.68193384223919,0.05133109488,0.074527709305,-0.023196614424999998,Low,gradient_boosted_trees,-0.009404977007204563,0.003946020359680473,-0.013791637417795434,-0.007690387402241704,5.133109488,7.4527709305,-2.3196614424999997,-0.9404977007204564,0.39460203596804727,-1.3791637417795435,-0.7690387402241704
40087,"McClain County, OK",OK,Low,62.81806615776081,0.05834113881,0.074527709305,-0.016186570494999997,Low,gradient_boosted_trees,-0.011347410655989404,0.0025718408794950976,-0.004839159839010593,-0.01208118780592639,5.8341138809999995,7.4527709305,-1.6186570494999997,-1.1347410655989405,0.25718408794950975,-0.4839159839010593,-1.208118780592639
40089,"McCurtain County, OK",OK,Low,72.04198473282443,0.07351003539,0.074527709305,-0.0010176739149999892,Low,gradient_boosted_trees,0.0012075641322620908,0.015241219328395636,-0.0022252380472620797,0.0038581706888811086,7.351003539000001,7.4527709305,-0.10176739149999892,0.12075641322620907,1.5241219328395637,-0.22252380472620797,0.38581706888811085
40091,"McIntosh County, OK",OK,Low,65.77608142493638,0.08548846563500001,0.074527709305,0.010960756330000015,Low,gradient_boosted_trees,0.01299924842732554,0.0017925449172076112,-0.0020384920973255238,0.01191895565487892,8.548846563500001,7.4527709305,1.0960756330000017,1.2999248427325538,0.1792544917207611,-0.20384920973255238,1.191895565487892
40095,"Marshall County, OK",OK,Low,48.98218829516539,0.07243333525500001,0.074527709305,-0.0020943740499999863,Low,gradient_boosted_trees,0.009147887058073992,0.0021030058608909534,-0.011242261108073979,0.007640332818224088,7.243333525500001,7.4527709305,-0.20943740499999863,0.9147887058073992,0.21030058608909533,-1.1242261108073979,0.7640332818224088
40097,"Mayes County, OK",OK,Low,77.57633587786259,0.063358480505,0.074527709305,-0.0111692288,Low,gradient_boosted_trees,0.0023679621613054394,0.0008903075938952723,-0.013537190961305439,-0.0017234590743668307,6.335848050499999,7.4527709305,-1.11692288,0.23679621613054394,0.08903075938952723,-1.3537190961305439,-0.17234590743668307
40103,"Noble County, OK",OK,Low,43.95674300254453,0.103924518,0.074527709305,0.029396808695,Low,gradient_boosted_trees,-0.007679041200235804,0.002232102517528932,0.0370758498952358,-0.003486245004649294,10.3924518,7.4527709305,2.9396808695,-0.7679041200235803,0.22321025175289322,3.70758498952358,-0.34862450046492943
40111,"Okmulgee County, OK",OK,Low,74.61832061068702,0.07937658442500001,0.074527709305,0.004848875120000012,Low,gradient_boosted_trees,0.006669122797247552,0.0025081718652523134,-0.0018202476772475398,0.009800810669912534,7.937658442500001,7.4527709305,0.48488751200000124,0.6669122797247552,0.25081718652523133,-0.18202476772475398,0.9800810669912533
40113,"Osage County, OK",OK,Low,78.0852417302799,0.07983090198500001,0.074527709305,0.005303192680000013,Low,gradient_boosted_trees,0.0015536406099713844,0.0011475275978249267,0.0037495520700286285,0.0019508209501047234,7.983090198500001,7.4527709305,0.5303192680000013,0.15536406099713845,0.11475275978249266,0.37495520700286283,0.19508209501047236
40115,"Ottawa County, OK",OK,Low,76.04961832061069,0.1284271085,0.074527709305,0.053899399195,Low,gradient_boosted_trees,0.003113724008258953,0.00772042342582926,0.05078567518674105,0.013958820156361471,12.84271085,7.4527709305,5.389939919500001,0.3113724008258953,0.7720423425829259,5.078567518674105,1.395882015636147
40117,"Pawnee County, OK",OK,Low,48.091603053435115,0.07661908482,0.074527709305,0.0020913755150000074,Low,gradient_boosted_trees,0.008060694391161392,0.002885398785371429,-0.005969318876161384,0.006171524244617723,7.661908482,7.4527709305,0.20913755150000074,0.8060694391161392,0.2885398785371429,-0.5969318876161385,0.6171524244617723
40121,"Pittsburg County, OK",OK,Low,73.2824427480916,0.05888463821,0.074527709305,-0.015643071094999995,Low,gradient_boosted_trees,0.0007742657161653423,0.002753101140034955,-0.016417336811165337,0.0023012678447081303,5.888463821,7.4527709305,-1.5643071094999996,0.07742657161653423,0.2753101140034955,-1.6417336811165337,0.23012678447081303
40123,"Pontotoc County, OK",OK,Low,62.913486005089055,0.06400397806,0.074527709305,-0.010523731245000001,Low,gradient_boosted_trees,8.05861162906989e-05,0.0014711963948319119,-0.010604317361290699,-0.0010355274204058647,6.400397805999999,7.4527709305,-1.0523731245,0.00805861162906989,0.14711963948319118,-1.0604317361290698,-0.10355274204058647
40131,"Rogers County, OK",OK,Low,80.05725190839695,0.046034980035000006,0.074527709305,-0.02849272926999999,Low,gradient_boosted_trees,-0.009729762275151778,0.0033597004412821685,-0.01876296699484821,-0.012042196642066254,4.6034980035,7.4527709305,-2.849272926999999,-0.9729762275151778,0.33597004412821685,-1.876296699484821,-1.2042196642066254
40133,"Seminole County, OK",OK,Low,57.12468193384224,0.12521195499999999,0.074527709305,0.05068424569499999,Low,gradient_boosted_trees,0.0028050188541222753,0.002834795700257909,0.04787922684087772,0.014537019739913466,12.5211955,7.4527709305,5.068424569499999,0.28050188541222754,0.28347957002579094,4.787922684087772,1.4537019739913466
40135,"Sequoyah County, OK",OK,Low,79.1030534351145,0.08399602003500001,0.074527709305,0.009468310730000012,Low,gradient_boosted_trees,0.008347375087542462,0.0019498162551751447,0.0011209356424575507,0.007547851494564945,8.3996020035,7.4527709305,0.9468310730000012,0.8347375087542461,0.19498162551751447,0.11209356424575506,0.7547851494564944
40137,"Stephens County, OK",OK,Low,65.93511450381679,0.1303873425,0.074527709305,0.05585963319500001,Low,gradient_boosted_trees,-0.006836755054701212,0.0003171940095635368,0.06269638824970122,0.00481990054722505,13.038734250000001,7.4527709305,5.585963319500001,-0.6836755054701212,0.03171940095635368,6.269638824970122,0.481990054722505
40145,"Wagoner County, OK",OK,Low,73.25063613231552,0.050395228095,0.074527709305,-0.024132481209999994,Low,gradient_boosted_trees,-0.005160871001168615,0.0021010291653467553,-0.01897161020883138,-0.00427844367698489,5.0395228095,7.4527709305,-2.413248120999999,-0.5160871001168614,0.21010291653467553,-1.897161020883138,-0.427844367698489
40147,"Washington County, OK",OK,Low,76.11323155216286,0.049151176219999995,0.074527709305,-0.025376533085,Low,gradient_boosted_trees,-0.008751447596658081,0.002960823325701421,-0.01662508548834192,-0.01426394402464475,4.9151176219999995,7.4527709305,-2.5376533085,-0.8751447596658082,0.2960823325701421,-1.662508548834192,-1.426394402464475
41001,"Baker County, OR",OR,Low,48.155216284987276,0.1098057858,0.074527709305,0.035278076495000005,Low,gradient_boosted_trees,0.009097940003909339,0.0012817424272135748,0.026180136491090668,0.013550167680159061,10.98057858,7.4527709305,3.5278076495000006,0.9097940003909338,0.1281742427213575,2.618013649109067,1.3550167680159062
41009,"Columbia County, OR",OR,Low,70.67430025445293,0.084723528155,0.074527709305,0.01019581885000001,Low,gradient_boosted_trees,-0.002772514796919733,0.002519318904050322,0.012968333646919744,-0.00029554452221888295,8.4723528155,7.4527709305,1.019581885000001,-0.27725147969197333,0.2519318904050322,1.2968333646919743,-0.029554452221888294
41035,"Klamath County, OR",OR,Low,77.92620865139949,0.07267600534999999,0.074527709305,-0.0018517039550000058,Low,gradient_boosted_trees,0.008717757292935153,0.0016062769702360731,-0.010569461247935159,0.00687071836589375,7.267600534999999,7.4527709305,-0.18517039550000058,0.8717757292935153,0.16062769702360732,-1.056946124793516,0.687071836589375
41053,"Polk County, OR",OR,Low,72.83715012722645,0.083740694095,0.074527709305,0.009212984790000003,Low,gradient_boosted_trees,-0.001009194203751551,0.0028784341611904117,0.010222178993751555,-0.002095817938329338,8.3740694095,7.4527709305,0.9212984790000003,-0.1009194203751551,0.2878434161190412,1.0222178993751556,-0.20958179383293382
41061,"Union County, OR",OR,Low,43.54325699745547,0.08730158406499999,0.074527709305,0.012773874759999998,Low,gradient_boosted_trees,0.0029758120717351,0.0007459396167600551,0.009798062688264898,0.003173458349868777,8.7301584065,7.4527709305,1.277387476,0.29758120717351,0.0745939616760055,0.9798062688264898,0.3173458349868777
41065,"Wasco County, OR",OR,Low,67.8117048346056,0.07635716082999999,0.074527709305,0.0018294515249999976,Low,gradient_boosted_trees,0.0017361099506115144,0.0017623650560593686,9.334157438848321e-05,0.0010600424982565265,7.635716082999999,7.4527709305,0.18294515249999976,0.17361099506115144,0.17623650560593687,0.009334157438848321,0.10600424982565265
42001,"Adams County, PA",PA,Low,67.52544529262087,0.05843292955,0.074527709305,-0.016094779754999997,Low,gradient_boosted_trees,0.0005005381076918255,0.0019021908051777305,-0.016595317862691823,-0.000749348714536329,5.843292955,7.4527709305,-1.6094779754999997,0.050053810769182555,0.19021908051777306,-1.6595317862691823,-0.07493487145363291
42005,"Armstrong County, PA",PA,Low,69.3384223918575,0.06988534578,0.074527709305,-0.004642363524999998,Low,gradient_boosted_trees,-0.008855250359224518,0.0014662936377550103,0.00421288683422452,-0.010871194993965286,6.988534577999999,7.4527709305,-0.46423635249999984,-0.8855250359224518,0.14662936377550104,0.421288683422452,-1.0871194993965285
42007,"Beaver County, PA",PA,Low,75.31806615776081,0.045601571185,0.074527709305,-0.028926138119999993,Low,gradient_boosted_trees,-0.007633428024271628,0.0014518446050747773,-0.021292710095728366,-0.011063145977283003,4.5601571185,7.4527709305,-2.892613811999999,-0.7633428024271628,0.14518446050747771,-2.1292710095728364,-1.1063145977283002
42009,"Bedford County, PA",PA,Low,68.22519083969466,0.060100334245,0.074527709305,-0.014427375059999997,Low,gradient_boosted_trees,0.005598953699190769,0.0025674436709327013,-0.020026328759190765,0.0004203246541186899,6.0100334244999996,7.4527709305,-1.4427375059999998,0.5598953699190768,0.25674436709327014,-2.0026328759190766,0.04203246541186899
42013,"Blair County, PA",PA,Low,77.67175572519083,0.06596984702,0.074527709305,-0.008557862284999995,Low,gradient_boosted_trees,-0.008617110196040148,0.003296390061595028,5.924791104015316e-05,-0.008572942260411312,6.596984702,7.4527709305,-0.8557862284999995,-0.8617110196040149,0.3296390061595028,0.005924791104015316,-0.8572942260411313
42015,"Bradford County, PA",PA,Low,73.1234096692112,0.04474274156,0.074527709305,-0.029784967744999995,Low,gradient_boosted_trees,-0.003823343923759911,0.0016731051396184414,-0.025961623821240083,-0.0066582532992717335,4.474274156,7.4527709305,-2.9784967744999995,-0.3823343923759911,0.16731051396184415,-2.596162382124008,-0.6658253299271734
42019,"Butler County, PA",PA,Low,79.26208651399492,0.042242904649999996,0.074527709305,-0.032284804655,Low,gradient_boosted_trees,-0.013176377767152725,0.002391138384813024,-0.019108426887847273,-0.014903441449168699,4.224290464999999,7.4527709305,-3.2284804654999997,-1.3176377767152725,0.2391138384813024,-1.9108426887847272,-1.49034414491687
42021,"Cambria County, PA",PA,Low,76.43129770992367,0.05318264615,0.074527709305,-0.021345063154999996,Low,gradient_boosted_trees,-0.006277196496526941,0.008407592524878783,-0.015067866658473057,-0.006876691008303223,5.3182646149999995,7.4527709305,-2.1345063154999995,-0.6277196496526941,0.8407592524878783,-1.5067866658473057,-0.6876691008303223
42025,"Carbon County, PA",PA,Low,59.4147582697201,0.09520194897,0.074527709305,0.02067423966500001,Low,gradient_boosted_trees,0.006290224361862072,0.0048462829944399995,0.014384015303137938,0.006034159989885702,9.520194897,7.4527709305,2.067423966500001,0.6290224361862072,0.48462829944399993,1.4384015303137938,0.6034159989885702
42027,"Centre County, PA",PA,Low,67.970737913486,0.051735099095,0.074527709305,-0.022792610209999994,Low,gradient_boosted_trees,-0.014267077059510603,0.002353489999855849,-0.008525533150489392,-0.019339320561989993,5.1735099095,7.4527709305,-2.2792610209999995,-1.4267077059510602,0.2353489999855849,-0.8525533150489392,-1.9339320561989992
42033,"Clearfield County, PA",PA,Low,67.1119592875318,0.10882320055,0.074527709305,0.034295491245000004,Low,gradient_boosted_trees,-0.009605037385327607,0.002577643974165102,0.04390052863032761,-0.00433738063390429,10.882320055,7.4527709305,3.4295491245000003,-0.9605037385327607,0.2577643974165102,4.390052863032761,-0.43373806339042903
42035,"Clinton County, PA",PA,Low,51.781170483460556,0.061163621295,0.074527709305,-0.013364088009999997,Low,gradient_boosted_trees,-0.0013990899859597377,0.0027428445307952597,-0.011964998024040259,-0.00481286681251898,6.1163621295,7.4527709305,-1.3364088009999997,-0.13990899859597378,0.274284453079526,-1.1964998024040259,-0.481286681251898
42037,"Columbia County, PA",PA,Low,62.054707379134854,0.07465499022,0.074527709305,0.00012728091499999983,Low,gradient_boosted_trees,0.008820540963335566,0.0016622837806950712,-0.008693260048335566,0.006261960949420637,7.4654990219999995,7.4527709305,0.012728091499999983,0.8820540963335566,0.1662283780695071,-0.8693260048335566,0.6261960949420637
42039,"Crawford County, PA",PA,Low,76.0178117048346,0.07236498187,0.074527709305,-0.0021627274349999975,Low,gradient_boosted_trees,-0.014539553819950512,0.001575429243097648,0.012376826384950515,-0.013758497462052944,7.236498187,7.4527709305,-0.21627274349999975,-1.4539553819950513,0.1575429243097648,1.2376826384950514,-1.3758497462052943
42055,"Franklin County, PA",PA,Low,76.39949109414759,0.052139194975,0.074527709305,-0.022388514329999998,Low,gradient_boosted_trees,-0.002087893489778882,0.001269278562396297,-0.020300620840221117,-0.00392304076246047,5.2139194975,7.4527709305,-2.238851433,-0.2087893489778882,0.1269278562396297,-2.0300620840221115,-0.39230407624604696
42059,"Greene County, PA",PA,Low,55.1208651399491,0.039179957545000005,0.074527709305,-0.03534775175999999,Low,gradient_boosted_trees,-0.015961896308685282,0.0051993282711316185,-0.01938585545131471,-0.019791704842223867,3.9179957545000006,7.4527709305,-3.5347751759999992,-1.5961896308685282,0.5199328271131618,-1.9385855451314709,-1.9791704842223867
42063,"Indiana County, PA",PA,Low,63.70865139949109,0.025288386095,0.074527709305,-0.04923932320999999,Low,gradient_boosted_trees,-0.005211820046424706,0.0006984763766253307,-0.04402750316357529,-0.0063994541897616965,2.5288386095,7.4527709305,-4.923932320999999,-0.5211820046424706,0.06984763766253307,-4.402750316357529,-0.6399454189761696
42065,"Jefferson County, PA",PA,Low,57.88804071246819,0.067079523315,0.074527709305,-0.007448185989999995,Low,gradient_boosted_trees,-0.0019931942981716365,0.005201008603429692,-0.005454991691828358,-0.003755440271312439,6.7079523315,7.4527709305,-0.7448185989999995,-0.19931942981716363,0.5201008603429692,-0.5454991691828358,-0.3755440271312439
42073,"Lawrence County, PA",PA,Low,66.12595419847328,0.05011729124,0.074527709305,-0.024410418064999995,Low,gradient_boosted_trees,-0.0021134352583554263,0.00028872353315361447,-0.022296982806644567,-0.006067678276915431,5.011729124,7.4527709305,-2.4410418064999995,-0.21134352583554264,0.02887235331536145,-2.2296982806644565,-0.606767827691543
42075,"Lebanon County, PA",PA,Low,79.89821882951654,0.0698348,0.074527709305,-0.004692909304999993,Low,gradient_boosted_trees,0.001908953279972753,0.0016002368234572194,-0.006601862584972746,0.0029162670625146178,6.98348,7.4527709305,-0.46929093049999926,0.1908953279972753,0.16002368234572195,-0.6601862584972745,0.29162670625146175
42081,"Lycoming County, PA",PA,Low,79.58015267175573,0.04482127053,0.074527709305,-0.029706438774999996,Low,gradient_boosted_trees,-0.010254549314059119,0.0030164419542174953,-0.019451889460940876,-0.012676328073531275,4.482127053,7.4527709305,-2.9706438774999997,-1.0254549314059118,0.30164419542174953,-1.9451889460940877,-1.2676328073531276
42083,"McKean County, PA",PA,Low,53.78498727735369,0.08335267372,0.074527709305,0.008824964415000011,Low,gradient_boosted_trees,-0.011697170979052748,0.0018530962063769618,0.02052213539405276,-0.012654576166200006,8.335267372,7.4527709305,0.8824964415000012,-1.169717097905275,0.18530962063769618,2.052213539405276,-1.2654576166200007
42085,"Mercer County, PA",PA,Low,77.735368956743,0.08148179751,0.074527709305,0.006954088205,Low,gradient_boosted_trees,-0.0077861352642941235,0.0011236824410071767,0.014740223469294125,-0.007078901749063893,8.148179750999999,7.4527709305,0.6954088205,-0.7786135264294124,0.11236824410071768,1.4740223469294125,-0.7078901749063893
42087,"Mifflin County, PA",PA,Low,69.27480916030534,0.07697154415,0.074527709305,0.0024438348450000064,Low,gradient_boosted_trees,-0.0013958099197354148,0.003943084416272635,0.0038396447647354214,-0.0038291193266057214,7.697154415,7.4527709305,0.24438348450000064,-0.13958099197354149,0.3943084416272635,0.38396447647354215,-0.38291193266057216
42097,"Northumberland County, PA",PA,Low,79.16666666666666,0.05618018832,0.074527709305,-0.018347520984999997,Low,gradient_boosted_trees,-0.0002078093137234593,0.0019831209748400773,-0.018139711671276537,-0.0035979988774709278,5.618018832,7.4527709305,-1.8347520984999997,-0.02078093137234593,0.19831209748400772,-1.8139711671276537,-0.35979988774709276
42099,"Perry County, PA",PA,Low,53.11704834605598,0.06605320081,0.074527709305,-0.008474508494999991,Low,gradient_boosted_trees,-0.0017048336197782769,0.0029935158881901976,-0.006769674875221714,-0.002457888026613924,6.605320081,7.4527709305,-0.847450849499999,-0.17048336197782768,0.29935158881901974,-0.6769674875221714,-0.24578880266139239
42103,"Pike County, PA",PA,Low,65.87150127226464,0.081682047675,0.074527709305,0.007154338369999999,Low,gradient_boosted_trees,0.010987194741798342,0.005888879670860019,-0.003832856371798343,0.013526975933097509,8.168204767499999,7.4527709305,0.715433837,1.0987194741798343,0.5888879670860019,-0.38328563717983427,1.352697593309751
42109,"Snyder County, PA",PA,Low,54.293893129770986,0.065246666585,0.074527709305,-0.009281042719999993,Low,gradient_boosted_trees,-0.00954471275119194,0.001926557803997651,0.00026367003119194717,-0.011549884955415198,6.5246666585,7.4527709305,-0.9281042719999993,-0.954471275119194,0.1926557803997651,0.026367003119194717,-1.1549884955415197
42111,"Somerset County, PA",PA,Low,64.2175572519084,0.034426943725000006,0.074527709305,-0.04010076557999999,Low,gradient_boosted_trees,-0.0037554389573317953,0.002663424126415441,-0.03634532662266819,-0.004613494392485981,3.4426943725000005,7.4527709305,-4.010076557999999,-0.37554389573317953,0.26634241264154407,-3.6345326622668193,-0.4613494392485981
42115,"Susquehanna County, PA",PA,Low,53.594147582697204,0.046741198285,0.074527709305,-0.027786511019999995,Low,gradient_boosted_trees,-0.0017683137838610393,0.0023562557418547046,-0.026018197236138955,-0.005222844577453284,4.6741198285,7.4527709305,-2.7786511019999995,-0.17683137838610394,0.23562557418547048,-2.6018197236138954,-0.5222844577453284
42117,"Tioga County, PA",PA,Low,59.764631043257,0.045594142039999994,0.074527709305,-0.028933567265,Low,gradient_boosted_trees,-0.00029895276501441375,0.0008767697606712197,-0.028634614499985587,-0.005042136671139478,4.559414203999999,7.4527709305,-2.8933567265,-0.029895276501441376,0.08767697606712196,-2.863461449998559,-0.5042136671139478
42119,"Union County, PA",PA,Low,55.24809160305344,0.043918498875,0.074527709305,-0.030609210429999992,Low,gradient_boosted_trees,-0.017287182107780772,0.0036472682524051865,-0.01332202832221922,-0.0187246841352094,4.3918498875,7.4527709305,-3.060921042999999,-1.7287182107780772,0.36472682524051864,-1.332202832221922,-1.8724684135209402
42121,"Venango County, PA",PA,Low,55.597964376590326,0.059604322754999994,0.074527709305,-0.01492338655,Low,gradient_boosted_trees,0.0013283218138800616,0.011580563738844378,-0.01625170836388006,-0.007378624342583836,5.9604322755,7.4527709305,-1.4923386550000002,0.13283218138800615,1.1580563738844378,-1.6251708363880062,-0.7378624342583836
42123,"Warren County, PA",PA,Low,65.55343511450383,0.059009329784999995,0.074527709305,-0.01551837952,Low,gradient_boosted_trees,-0.010088081200123201,0.0022483785629731157,-0.005430298319876799,-0.01563247995174205,5.900932978499999,7.4527709305,-1.551837952,-1.0088081200123202,0.22483785629731157,-0.5430298319876798,-1.563247995174205
42127,"Wayne County, PA",PA,Low,56.329516539440206,0.07369948786,0.074527709305,-0.0008282214449999992,Low,gradient_boosted_trees,0.004073906405764459,0.0006959395756164565,-0.004902127850764458,0.004812448210900072,7.369948785999999,7.4527709305,-0.08282214449999992,0.4073906405764459,0.06959395756164566,-0.49021278507644583,0.4812448210900072
42131,"Wyoming County, PA",PA,Low,44.783715012722645,0.066652628465,0.074527709305,-0.007875080839999993,Low,gradient_boosted_trees,-0.005685699140598376,0.002833656977264423,-0.002189381699401617,-0.00581009865679632,6.6652628465,7.4527709305,-0.7875080839999993,-0.5685699140598376,0.2833656977264423,-0.21893816994016171,-0.581009865679632
44003,"Kent County, RI",RI,Low,69.43384223918575,0.08069224892,0.074527709305,0.006164539615000006,Low,gradient_boosted_trees,-0.0034201172632127214,0.002210220959910292,0.009584656878212727,0.00047134854765143723,8.069224892,7.4527709305,0.6164539615000006,-0.34201172632127214,0.2210220959910292,0.9584656878212727,0.04713485476514372
44009,"Washington County, RI",RI,Low,64.02671755725191,0.083082924825,0.074527709305,0.008555215520000006,Low,gradient_boosted_trees,-0.003876758141962064,0.001098616672129962,0.012431973661962071,-0.005044779166059088,8.3082924825,7.4527709305,0.8555215520000006,-0.3876758141962064,0.10986166721299621,1.243197366196207,-0.5044779166059088
45001,"Abbeville County, SC",SC,Low,45.35623409669211,0.087381104035,0.074527709305,0.012853394730000009,Low,gradient_boosted_trees,0.028281465159481795,0.006523871273636087,-0.015428070429481786,0.023217664635502764,8.7381104035,7.4527709305,1.285339473000001,2.8281465159481796,0.6523871273636087,-1.5428070429481786,2.3217664635502766
45009,"Bamberg County, SC",SC,Low,46.469465648854964,0.05304711506,0.074527709305,-0.021480594244999998,Low,gradient_boosted_trees,0.017372918478663724,0.0036343069724931957,-0.03885351272366372,0.004383412487486505,5.304711505999999,7.4527709305,-2.1480594245,1.7372918478663724,0.3634306972493196,-3.885351272366372,0.4383412487486505
45011,"Barnwell County, SC",SC,Low,45.83333333333333,0.10770310825000001,0.074527709305,0.03317539894500002,Low,gradient_boosted_trees,0.018314487206006702,0.0007424795496191017,0.014860911738993315,0.026088647183392252,10.770310825000001,7.4527709305,3.3175398945000016,1.8314487206006702,0.07424795496191017,1.4860911738993314,2.608864718339225
45021,"Cherokee County, SC",SC,Low,69.6882951653944,0.090213941715,0.074527709305,0.01568623241,Low,gradient_boosted_trees,0.01668073536857571,0.0025883693942206527,-0.0009945029585757097,0.01508109478944503,9.021394171499999,7.4527709305,1.568623241,1.668073536857571,0.25883693942206526,-0.09945029585757097,1.508109478944503
45023,"Chester County, SC",SC,Low,43.161577608142494,0.11373534085,0.074527709305,0.03920763154500001,Low,gradient_boosted_trees,0.021750364809257423,0.0033405113728795306,0.017457266735742587,0.03127071396733354,11.373534085000001,7.4527709305,3.9207631545000012,2.1750364809257423,0.33405113728795305,1.7457266735742587,3.1270713967333537
45025,"Chesterfield County, SC",SC,Low,73.9821882951654,0.099566746715,0.074527709305,0.025039037410000006,Low,gradient_boosted_trees,0.013121655801359948,0.0008502911735434085,0.011917381608640058,0.012044462977430483,9.9566746715,7.4527709305,2.5039037410000007,1.3121655801359948,0.08502911735434085,1.1917381608640059,1.2044462977430483
45027,"Clarendon County, SC",SC,Low,76.49491094147582,0.08251823495999999,0.074527709305,0.007990525654999997,Low,gradient_boosted_trees,0.0265888974139185,0.006099031618325245,-0.018598371758918503,0.023624680724064224,8.251823496,7.4527709305,0.7990525654999997,2.65888974139185,0.6099031618325245,-1.8598371758918504,2.3624680724064224
45031,"Darlington County, SC",SC,Low,72.264631043257,0.053730423845,0.074527709305,-0.020797285459999995,Low,gradient_boosted_trees,-0.0015242240366705564,0.003570386935345568,-0.01927306142332944,-0.005239306074574998,5.3730423845,7.4527709305,-2.0797285459999997,-0.15242240366705564,0.3570386935345568,-1.9273061423329438,-0.5239306074574999
45047,"Greenwood County, SC",SC,Low,72.74173027989822,0.07088548033,0.074527709305,-0.0036422289749999948,Low,gradient_boosted_trees,0.011889051842380252,0.006054657301026494,-0.015531280817380247,0.009184628820581922,7.088548033,7.4527709305,-0.3642228974999995,1.1889051842380252,0.6054657301026495,-1.5531280817380246,0.9184628820581922
45049,"Hampton County, SC",SC,Low,64.79007633587787,0.1237568754,0.074527709305,0.049229166095,Low,gradient_boosted_trees,0.026169384350244056,0.008277271283273163,0.023059781744755942,0.04208044954271624,12.37568754,7.4527709305,4.9229166095,2.6169384350244056,0.8277271283273163,2.305978174475594,4.208044954271624
45053,"Jasper County, SC",SC,Low,78.5941475826972,0.09064895868,0.074527709305,0.016121249375000007,Low,gradient_boosted_trees,0.01867532530090737,0.0036963258305404804,-0.002554075925907364,0.017393697448048542,9.064895868,7.4527709305,1.6121249375000009,1.867532530090737,0.36963258305404806,-0.2554075925907364,1.7393697448048542
45057,"Lancaster County, SC",SC,Low,79.42111959287533,0.058249976985,0.074527709305,-0.016277732319999995,Low,gradient_boosted_trees,-0.0034295307839836303,0.0016606734745949474,-0.012848201536016365,-0.0037774048113302155,5.8249976985,7.4527709305,-1.6277732319999996,-0.34295307839836303,0.16606734745949475,-1.2848201536016366,-0.37774048113302156
45059,"Laurens County, SC",SC,Low,76.20865139949109,0.06772281734999999,0.074527709305,-0.006804891955000003,Low,gradient_boosted_trees,0.023820958675257298,0.0023193655373179817,-0.0306258506302573,0.018062213101836797,6.772281734999999,7.4527709305,-0.6804891955000003,2.38209586752573,0.23193655373179817,-3.06258506302573,1.8062213101836797
45067,"Marion County, SC",SC,Low,80.69338422391857,0.08591133159,0.074527709305,0.011383622285000006,Low,gradient_boosted_trees,0.0072792919314135585,0.006043417843064887,0.004104330353586447,0.008673862784278381,8.591133159,7.4527709305,1.1383622285000006,0.7279291931413558,0.6043417843064887,0.4104330353586447,0.8673862784278381
45069,"Marlboro County, SC",SC,Low,57.474554707379134,0.12453940260000002,0.074527709305,0.05001169329500002,Low,gradient_boosted_trees,0.04628450457571106,0.021905059597509473,0.003727188719288961,0.0595634325796158,12.453940260000001,7.4527709305,5.001169329500002,4.628450457571106,2.1905059597509475,0.3727188719288961,5.95634325796158
45071,"Newberry County, SC",SC,Low,61.99109414758269,0.07996160137,0.074527709305,0.005433892065000001,Low,gradient_boosted_trees,0.009237809919907546,0.0024999204863461566,-0.0038039178549075445,0.008395713245151112,7.9961601369999995,7.4527709305,0.5433892065000001,0.9237809919907546,0.24999204863461566,-0.3803917854907545,0.8395713245151112
45077,"Pickens County, SC",SC,Low,77.60814249363868,0.06668424608,0.074527709305,-0.007843463225,Low,gradient_boosted_trees,0.001071471358980533,0.001081403061256501,-0.008914934583980533,-0.0003316816470688213,6.668424608,7.4527709305,-0.7843463225,0.1071471358980533,0.1081403061256501,-0.8914934583980534,-0.03316816470688213
45087,"Union County, SC",SC,Low,58.206106870229014,0.095466307215,0.074527709305,0.02093859791000001,Low,gradient_boosted_trees,0.02607197646823314,0.005115614440619909,-0.005133378558233131,0.02416725600888125,9.5466307215,7.4527709305,2.0938597910000007,2.607197646823314,0.5115614440619909,-0.513337855823313,2.416725600888125
46005,"Beadle County, SD",SD,Low,47.13740458015267,0.05983365208,0.074527709305,-0.014694057224999994,Low,gradient_boosted_trees,-0.005040209379995258,0.0028258171290887384,-0.009653847845004736,-0.005113322714144277,5.983365208,7.4527709305,-1.4694057224999995,-0.5040209379995257,0.28258171290887385,-0.9653847845004736,-0.5113322714144277
46013,"Brown County, SD",SD,Low,73.53689567430025,0.0428764428,0.074527709305,-0.031651266505,Low,gradient_boosted_trees,-0.016950143739352785,0.0035306425633850444,-0.014701122765647213,-0.02132065627226508,4.287644279999999,7.4527709305,-3.1651266504999995,-1.6950143739352785,0.35306425633850447,-1.4701122765647212,-2.132065627226508
46029,"Codington County, SD",SD,Low,61.768447837150134,0.05790952385,0.074527709305,-0.016618185454999997,Low,gradient_boosted_trees,-0.007504862020751332,0.0009793794301069553,-0.009113323434248664,-0.009520447182531235,5.790952385,7.4527709305,-1.6618185454999996,-0.7504862020751333,0.09793794301069553,-0.9113323434248665,-0.9520447182531234
46067,"Hutchinson County, SD",SD,Low,47.93256997455471,0.08383490108,0.074527709305,0.009307191775000001,Low,gradient_boosted_trees,-0.0040657618095227156,0.011213227568922483,0.013372953584522717,-0.0012800465625084337,8.383490108,7.4527709305,0.9307191775000001,-0.40657618095227155,1.1213227568922484,1.3372953584522718,-0.12800465625084337
46081,"Lawrence County, SD",SD,Low,49.26844783715013,0.0811276344,0.074527709305,0.0065999250950000005,Low,gradient_boosted_trees,0.015688719279911518,0.005504068030464798,-0.009088794184911517,0.012281115213651096,8.11276344,7.4527709305,0.6599925095000001,1.5688719279911518,0.5504068030464798,-0.9088794184911517,1.2281115213651095
46083,"Lincoln County, SD",SD,Low,62.97709923664122,0.058213386085,0.074527709305,-0.016314323219999996,Low,gradient_boosted_trees,-0.02384713109971338,0.003137814912567716,0.0075328078797133845,-0.019445854893042545,5.8213386085,7.4527709305,-1.6314323219999995,-2.384713109971338,0.31378149125677157,0.7532807879713385,-1.9445854893042545
46087,"McCook County, SD",SD,Low,43.44783715012723,0.04672330097,0.074527709305,-0.027804408334999996,Low,gradient_boosted_trees,-0.012571689730041793,0.004667776761287721,-0.015232718604958203,-0.015836751592556365,4.672330097,7.4527709305,-2.7804408334999997,-1.2571689730041793,0.4667776761287721,-1.5232718604958202,-1.5836751592556364
46093,"Meade County, SD",SD,Low,49.459287531806616,0.07094900463500001,0.074527709305,-0.003578704669999988,Low,gradient_boosted_trees,-0.0037024505072852654,0.003480390496604709,0.00012374583728527733,-0.004827449042819181,7.094900463500001,7.4527709305,-0.3578704669999988,-0.37024505072852654,0.3480390496604709,0.012374583728527733,-0.4827449042819181
46103,"Pennington County, SD",SD,Low,78.56234096692111,0.056439955755,0.074527709305,-0.018087753549999995,Low,gradient_boosted_trees,-0.005819091334157274,0.004700573552651149,-0.012268662215842722,-0.008283679943877848,5.6439955755,7.4527709305,-1.8087753549999994,-0.5819091334157274,0.47005735526511494,-1.2268662215842723,-0.8283679943877847
46135,"Yankton County, SD",SD,Low,63.358778625954194,0.06554728786,0.074527709305,-0.008980421444999998,Low,gradient_boosted_trees,-0.010988130323201584,0.004192224516488969,0.0020077088782015865,-0.00827921032501926,6.554728786,7.4527709305,-0.8980421444999998,-1.0988130323201584,0.41922245164889693,0.20077088782015864,-0.8279210325019261
47001,"Anderson County, TN",TN,Low,73.18702290076335,0.102642401405,0.074527709305,0.028114692100000005,Low,gradient_boosted_trees,0.004683696442357306,0.0008982553678878683,0.0234309956576427,0.004375707633626411,10.2642401405,7.4527709305,2.8114692100000003,0.46836964423573063,0.08982553678878683,2.34309956576427,0.4375707633626411
47003,"Bedford County, TN",TN,Low,69.24300254452926,0.09526594399999999,0.074527709305,0.020738234694999996,Low,gradient_boosted_trees,0.006304563310682607,0.003062000436207616,0.014433671384317389,0.007987983921941963,9.526594399999999,7.4527709305,2.0738234694999997,0.6304563310682607,0.3062000436207616,1.4433671384317388,0.7987983921941962
47009,"Blount County, TN",TN,Low,74.17302798982189,0.06756244796,0.074527709305,-0.006965261345000001,Low,gradient_boosted_trees,-0.0035755053115702888,0.0008907061007711765,-0.0033897560334297124,-0.001997317528817815,6.756244795999999,7.4527709305,-0.6965261345000001,-0.3575505311570289,0.08907061007711764,-0.3389756033429712,-0.1997317528817815
47011,"Bradley County, TN",TN,Low,73.40966921119593,0.07767706654,0.074527709305,0.003149357235000011,Low,gradient_boosted_trees,0.0013706726954968234,0.002783934141151965,0.0017786845395031876,0.002284555789209001,7.767706654,7.4527709305,0.3149357235000011,0.13706726954968235,0.2783934141151965,0.17786845395031875,0.22845557892090007
47013,"Campbell County, TN",TN,Low,58.01526717557252,0.09863043636,0.074527709305,0.02410272705500001,Low,gradient_boosted_trees,0.012908686109321275,0.004481006864122887,0.011194040945678734,0.016540192733477146,9.863043636,7.4527709305,2.410272705500001,1.2908686109321275,0.44810068641228873,1.1194040945678734,1.6540192733477146
47017,"Carroll County, TN",TN,Low,72.80534351145039,0.09736130543,0.074527709305,0.022833596125000008,Low,gradient_boosted_trees,0.011137408925861306,0.0012254964865454135,0.011696187199138702,0.012858159005887377,9.736130543,7.4527709305,2.283359612500001,1.1137408925861305,0.12254964865454135,1.1696187199138701,1.2858159005887377
47019,"Carter County, TN",TN,Low,63.167938931297705,0.09725306165,0.074527709305,0.022725352345000005,Low,gradient_boosted_trees,0.019647179520374286,0.001982729585730916,0.003078172824625719,0.021003201031197554,9.725306165,7.4527709305,2.2725352345000003,1.9647179520374287,0.1982729585730916,0.3078172824625719,2.1003201031197554
47021,"Cheatham County, TN",TN,Low,46.278625954198475,0.086193513695,0.074527709305,0.011665804390000006,Low,gradient_boosted_trees,-0.006828626176795822,0.005203236627537166,0.018494430566795828,-0.0036579083476685455,8.6193513695,7.4527709305,1.1665804390000005,-0.6828626176795822,0.5203236627537167,1.8494430566795828,-0.36579083476685453
47023,"Chester County, TN",TN,Low,44.49745547073791,0.087796813155,0.074527709305,0.013269103850000005,Low,gradient_boosted_trees,0.008702636547699505,0.002489934021216041,0.0045664673023005,0.012725688018297847,8.7796813155,7.4527709305,1.3269103850000006,0.8702636547699505,0.24899340212160412,0.45664673023005,1.2725688018297847
47025,"Claiborne County, TN",TN,Low,42.8117048346056,0.08155485657,0.074527709305,0.0070271472650000055,Low,gradient_boosted_trees,0.01361339707067173,0.002447946852128735,-0.006586249805671724,0.01085119730643841,8.155485657,7.4527709305,0.7027147265000006,1.3613397070671729,0.2447946852128735,-0.6586249805671724,1.085119730643841
47029,"Cocke County, TN",TN,Low,54.51653944020356,0.086561019785,0.074527709305,0.012033310480000003,Low,gradient_boosted_trees,0.018891200446085585,0.00750219202398099,-0.006857889966085582,0.020166320609495185,8.6561019785,7.4527709305,1.2033310480000003,1.8891200446085585,0.750219202398099,-0.6857889966085582,2.0166320609495183
47031,"Coffee County, TN",TN,Low,63.51781170483461,0.096584713955,0.074527709305,0.022057004650000003,Low,gradient_boosted_trees,0.0064051970935418085,0.002386879262762859,0.015651807556458196,0.005723307383311703,9.6584713955,7.4527709305,2.2057004650000005,0.6405197093541809,0.2386879262762859,1.5651807556458195,0.5723307383311703
47033,"Crockett County, TN",TN,Low,52.57633587786259,0.11517183110000001,0.074527709305,0.040644121795000016,Low,gradient_boosted_trees,0.007425278827642206,0.001389868060799339,0.03321884296735781,0.010627224724793674,11.517183110000001,7.4527709305,4.064412179500001,0.7425278827642207,0.13898680607993388,3.321884296735781,1.0627224724793674
47035,"Cumberland County, TN",TN,Low,67.23918575063614,0.082593923825,0.074527709305,0.008066214520000003,Low,gradient_boosted_trees,0.00774284870189016,0.0013991484195002002,0.0003233658181098437,0.006082290828699054,8.2593923825,7.4527709305,0.8066214520000003,0.7742848701890159,0.13991484195002002,0.032336581810984366,0.6082290828699054
47043,"Dickson County, TN",TN,Low,53.46692111959288,0.08165653633,0.074527709305,0.007128827025000006,Low,gradient_boosted_trees,0.00322623655757899,0.0011338518650494934,0.0039025904674210164,0.003645349264579636,8.165653633,7.4527709305,0.7128827025000006,0.322623655757899,0.11338518650494933,0.39025904674210166,0.3645349264579636
47047,"Fayette County, TN",TN,Low,75.95419847328245,0.059105163875000005,0.074527709305,-0.01542254542999999,Low,gradient_boosted_trees,-0.012374146348032319,0.0008952609291822715,-0.0030483990819676707,-0.012319221726381878,5.9105163875,7.4527709305,-1.542254542999999,-1.237414634803232,0.08952609291822715,-0.3048399081967671,-1.231922172638188
47051,"Franklin County, TN",TN,Low,57.50636132315522,0.079288580095,0.074527709305,0.00476087079000001,Low,gradient_boosted_trees,0.011370016120389551,0.0017750366580204177,-0.006609145330389541,0.00801378837469571,7.928858009500001,7.4527709305,0.476087079000001,1.137001612038955,0.17750366580204177,-0.6609145330389541,0.801378837469571
47055,"Giles County, TN",TN,Low,60.94147582697202,0.083129332305,0.074527709305,0.008601623000000003,Low,gradient_boosted_trees,0.005969952959099019,0.001299550372273108,0.002631670040900984,0.007030529098470054,8.3129332305,7.4527709305,0.8601623000000003,0.5969952959099019,0.1299550372273108,0.2631670040900984,0.7030529098470054
47059,"Greene County, TN",TN,Low,56.297709923664115,0.09577349029,0.074527709305,0.021245780985000004,Low,gradient_boosted_trees,0.01339371262203351,0.003582863316025128,0.007852068362966494,0.011434914716557517,9.577349029,7.4527709305,2.1245780985000002,1.339371262203351,0.3582863316025128,0.7852068362966493,1.1434914716557518
47063,"Hamblen County, TN",TN,Low,47.105597964376585,0.09855166899500001,0.074527709305,0.024023959690000013,Low,gradient_boosted_trees,0.015907781356623817,0.004833682180508999,0.008116178333376196,0.012819992128497756,9.8551668995,7.4527709305,2.4023959690000014,1.5907781356623816,0.4833682180508999,0.8116178333376196,1.2819992128497757
47069,"Hardeman County, TN",TN,Low,63.00890585241731,0.10123853264999999,0.074527709305,0.026710823344999995,Low,gradient_boosted_trees,0.016116569064396374,0.006600381543140279,0.010594254280603621,0.01764481236620344,10.123853265,7.4527709305,2.6710823344999994,1.6116569064396375,0.6600381543140279,1.059425428060362,1.7644812366203437
47071,"Hardin County, TN",TN,Low,70.70610687022901,0.06842117493,0.074527709305,-0.006106534375,Low,gradient_boosted_trees,0.008941147313040443,0.0010096450222579453,-0.015047681688040443,0.006356920552394602,6.842117493,7.4527709305,-0.6106534375,0.8941147313040443,0.10096450222579452,-1.5047681688040442,0.6356920552394602
47073,"Hawkins County, TN",TN,Low,55.75699745547074,0.08690563529,0.074527709305,0.01237792598500001,Low,gradient_boosted_trees,0.018573482206394498,0.0013158369482087762,-0.0061955562213944874,0.01702470385303716,8.690563529,7.4527709305,1.237792598500001,1.8573482206394498,0.13158369482087762,-0.6195556221394487,1.702470385303716
47075,"Haywood County, TN",TN,Low,64.69465648854961,0.0595841877,0.074527709305,-0.014943521604999996,Low,gradient_boosted_trees,0.006035466021603294,0.005604075165637283,-0.02097898762660329,0.003442900573322205,5.95841877,7.4527709305,-1.4943521604999996,0.6035466021603294,0.5604075165637283,-2.097898762660329,0.3442900573322205
47077,"Henderson County, TN",TN,Low,63.104325699745544,0.10611185784999999,0.074527709305,0.031584148544999996,Low,gradient_boosted_trees,0.004849046250246978,0.00019576487311119672,0.026735102294753017,0.009175078271568254,10.611185785,7.4527709305,3.1584148544999997,0.4849046250246978,0.019576487311119672,2.6735102294753017,0.9175078271568253
47081,"Hickman County, TN",TN,Low,47.16921119592875,0.10882378100000001,0.074527709305,0.03429607169500001,Low,gradient_boosted_trees,0.017229724451971535,0.0061243083678508715,0.01706634724302848,0.024195025730157294,10.8823781,7.4527709305,3.4296071695000014,1.7229724451971535,0.6124308367850871,1.706634724302848,2.4195025730157296
47085,"Humphreys County, TN",TN,Low,48.25063613231552,0.1039332368,0.074527709305,0.029405527495,Low,gradient_boosted_trees,0.015641996376755635,0.0018906663109825965,0.013763531118244365,0.01281910389871819,10.39332368,7.4527709305,2.9405527495,1.5641996376755636,0.18906663109825966,1.3763531118244365,1.281910389871819
47089,"Jefferson County, TN",TN,Low,44.87913486005089,0.08246490448,0.074527709305,0.007937195175000009,Low,gradient_boosted_trees,0.00724576097955601,0.00128950135587225,0.000691434195443999,0.007641287588400721,8.246490448000001,7.4527709305,0.7937195175000009,0.724576097955601,0.128950135587225,0.0691434195443999,0.764128758840072
47095,"Lake County, TN",TN,Low,47.837150127226465,0.079186858365,0.074527709305,0.004659149060000006,Low,gradient_boosted_trees,0.02395067231637903,0.013149257724844904,-0.019291523256379024,0.012987057711004028,7.9186858365,7.4527709305,0.46591490600000063,2.395067231637903,1.3149257724844903,-1.9291523256379024,1.2987057711004029
47097,"Lauderdale County, TN",TN,Low,71.56488549618321,0.1289975251,0.074527709305,0.054469815795000015,Low,gradient_boosted_trees,0.0067616083553964845,0.003977942408318444,0.04770820743960353,0.012371634545824446,12.89975251,7.4527709305,5.446981579500002,0.6761608355396485,0.3977942408318444,4.770820743960353,1.2371634545824446
47099,"Lawrence County, TN",TN,Low,69.65648854961832,0.10300959988,0.074527709305,0.028481890575000002,Low,gradient_boosted_trees,0.011687632438839912,0.0017666005574260922,0.01679425813616009,0.010708428525628743,10.300959987999999,7.4527709305,2.8481890575,1.1687632438839912,0.1766600557426092,1.679425813616009,1.0708428525628744
47103,"Lincoln County, TN",TN,Low,58.905852417302796,0.095518643515,0.074527709305,0.020990934210000006,Low,gradient_boosted_trees,0.006732327019038965,0.002056851463416405,0.014258607190961042,0.011748513734748892,9.5518643515,7.4527709305,2.0990934210000005,0.6732327019038965,0.20568514634164048,1.4258607190961041,1.1748513734748893
47105,"Loudon County, TN",TN,Low,68.35241730279898,0.080758151235,0.074527709305,0.006230441930000011,Low,gradient_boosted_trees,-0.006290883708628657,0.0012295983713766223,0.012521325638628667,-0.005571320261017828,8.0758151235,7.4527709305,0.623044193000001,-0.6290883708628657,0.12295983713766223,1.2521325638628666,-0.5571320261017828
47107,"McMinn County, TN",TN,Low,60.24173027989822,0.08537764856499999,0.074527709305,0.010849939259999997,Low,gradient_boosted_trees,0.010009453982958053,0.001407474215276668,0.0008404852770419434,0.012514053558088475,8.537764856499999,7.4527709305,1.0849939259999997,1.0009453982958054,0.14074742152766678,0.08404852770419434,1.2514053558088476
47109,"McNairy County, TN",TN,Low,50.540712468193384,0.1056464651,0.074527709305,0.031118755795000008,Low,gradient_boosted_trees,0.017125876115611866,0.005485918236715936,0.013992879679388143,0.016233560589107816,10.564646510000001,7.4527709305,3.111875579500001,1.7125876115611867,0.5485918236715936,1.3992879679388142,1.6233560589107816
47117,"Marshall County, TN",TN,Low,45.41984732824427,0.10068130486,0.074527709305,0.026153595555000006,Low,gradient_boosted_trees,0.005812872116476763,0.0015886839634704302,0.020340723438523244,0.006647465288188381,10.068130486,7.4527709305,2.6153595555000004,0.5812872116476764,0.15886839634704303,2.0340723438523245,0.6647465288188381
47119,"Maury County, TN",TN,Low,79.29389312977099,0.06655310219499999,0.074527709305,-0.007974607110000004,Low,gradient_boosted_trees,0.0015802331592133553,0.0035326664500386273,-0.009554840269213358,0.0004375566664538578,6.655310219499999,7.4527709305,-0.7974607110000004,0.15802331592133553,0.35326664500386273,-0.9554840269213358,0.04375566664538578
47123,"Monroe County, TN",TN,Low,60.909669211195926,0.08024616814499999,0.074527709305,0.005718458839999996,Low,gradient_boosted_trees,0.020896769957217783,0.004216751810203696,-0.015178311117217787,0.01592453244559155,8.0246168145,7.4527709305,0.5718458839999996,2.0896769957217782,0.4216751810203696,-1.5178311117217786,1.592453244559155
47141,"Putnam County, TN",TN,Low,65.83969465648855,0.076674344135,0.074527709305,0.0021466348300000077,Low,gradient_boosted_trees,0.0002418332581647864,0.0007806580381988272,0.0019048015718352213,0.002522895841356944,7.6674344135000005,7.4527709305,0.21466348300000077,0.02418332581647864,0.07806580381988272,0.19048015718352213,0.2522895841356944
47143,"Rhea County, TN",TN,Low,49.17302798982188,0.10285215284499999,0.074527709305,0.028324443539999994,Low,gradient_boosted_trees,0.01585782410780585,0.0013798823701098586,0.012466619432194143,0.01861952187941121,10.2852152845,7.4527709305,2.8324443539999993,1.5857824107805851,0.13798823701098586,1.2466619432194144,1.861952187941121
47145,"Roane County, TN",TN,Low,68.98854961832062,0.086058960975,0.074527709305,0.011531251670000006,Low,gradient_boosted_trees,0.008916341989120108,0.002566133342138111,0.002614909680879898,0.007257288880998075,8.6058960975,7.4527709305,1.1531251670000007,0.8916341989120108,0.2566133342138111,0.2614909680879898,0.7257288880998075
47147,"Robertson County, TN",TN,Low,60.43256997455471,0.09166711195999999,0.074527709305,0.017139402654999997,Low,gradient_boosted_trees,-0.003777296254995451,0.0017440164952504632,0.020916698909995448,-0.0012415960896280992,9.166711196,7.4527709305,1.7139402654999998,-0.3777296254995451,0.17440164952504633,2.091669890999545,-0.12415960896280992
47155,"Sevier County, TN",TN,Low,77.3854961832061,0.08797524427,0.074527709305,0.013447534965000008,Low,gradient_boosted_trees,0.0159287634408088,0.0021768577271515694,-0.0024812284758087937,0.01281874411323059,8.797524427,7.4527709305,1.3447534965000008,1.5928763440808802,0.21768577271515693,-0.24812284758087938,1.281874411323059
47163,"Sullivan County, TN",TN,Low,71.46946564885496,0.07730531373499999,0.074527709305,0.002777604429999997,Low,gradient_boosted_trees,0.005259493512756124,0.002327440727430793,-0.0024818890827561267,0.006529164972612073,7.730531373499999,7.4527709305,0.2777604429999997,0.5259493512756124,0.23274407274307932,-0.24818890827561269,0.6529164972612073
47177,"Warren County, TN",TN,Low,63.45419847328244,0.1023444812,0.074527709305,0.02781677189500001,Low,gradient_boosted_trees,0.017631546504019418,0.0060298066324985765,0.01018522539098059,0.016603226940897237,10.23444812,7.4527709305,2.7816771895000008,1.7631546504019417,0.6029806632498577,1.018522539098059,1.6603226940897238
47179,"Washington County, TN",TN,Low,61.164122137404576,0.07409127026500001,0.074527709305,-0.00043643903999998623,Low,gradient_boosted_trees,-0.0013827445490568685,0.0028889653019286404,0.0009463055090568823,-0.0031000894258565994,7.409127026500001,7.4527709305,-0.04364390399999862,-0.13827445490568685,0.28889653019286404,0.09463055090568823,-0.3100089425856599
47181,"Wayne County, TN",TN,Low,42.970737913486005,0.1091598827,0.074527709305,0.03463217339500001,Low,gradient_boosted_trees,0.020100609334468184,0.0002209189949479448,0.014531564060531823,0.028293357957348494,10.91598827,7.4527709305,3.4632173395000008,2.0100609334468182,0.022091899494794478,1.4531564060531823,2.8293357957348495
47183,"Weakley County, TN",TN,Low,74.04580152671755,0.09305840994,0.074527709305,0.018530700635000008,Low,gradient_boosted_trees,-0.00030252115773930863,0.0028893069129219628,0.018833221792739316,0.009374469417602057,9.305840994,7.4527709305,1.8530700635000008,-0.030252115773930863,0.2889306912921963,1.8833221792739316,0.9374469417602057
47189,"Wilson County, TN",TN,Low,79.99363867684478,0.058812323865,0.074527709305,-0.015715385439999993,Low,gradient_boosted_trees,-0.016811214403535966,0.0016741640727493676,0.0010958289635359733,-0.013212549403268855,5.8812323865,7.4527709305,-1.5715385439999994,-1.6811214403535966,0.16741640727493676,0.10958289635359733,-1.3212549403268854
48001,"Anderson County, TX",TX,Low,73.6323155216285,0.061524831445000004,0.074527709305,-0.01300287785999999,Low,gradient_boosted_trees,-0.00716423377986727,0.004038216455416567,-0.005838644080132721,-0.0033817408642342907,6.1524831445000006,7.4527709305,-1.300287785999999,-0.716423377986727,0.4038216455416567,-0.5838644080132721,-0.33817408642342905
48005,"Angelina County, TX",TX,Low,71.81933842239185,0.052184414910000004,0.074527709305,-0.02234329439499999,Low,gradient_boosted_trees,-0.009651118043896208,0.003488129711787893,-0.012692176351103783,-0.016783561135346615,5.218441491,7.4527709305,-2.234329439499999,-0.9651118043896209,0.3488129711787893,-1.2692176351103783,-1.6783561135346614
48007,"Aransas County, TX",TX,Low,61.19592875318066,0.05747888958,0.074527709305,-0.017048819724999997,Low,gradient_boosted_trees,-0.013179337589324047,0.00631181327943103,-0.00386948213567595,-0.01768945679394995,5.747888958,7.4527709305,-1.7048819724999997,-1.3179337589324047,0.631181327943103,-0.386948213567595,-1.768945679394995
48013,"Atascosa County, TX",TX,Low,60.68702290076335,0.059597887825,0.074527709305,-0.014929821479999994,Low,gradient_boosted_trees,0.0007815539507554171,0.004972673111922014,-0.01571137543075541,-0.00013658727201812281,5.9597887825,7.4527709305,-1.4929821479999994,0.07815539507554171,0.49726731119220136,-1.571137543075541,-0.013658727201812281
48015,"Austin County, TX",TX,Low,53.14885496183206,0.05857434015,0.074527709305,-0.015953369154999994,Low,gradient_boosted_trees,-0.00723736098138724,0.005577018482172004,-0.008716008173612753,-0.007304320382642125,5.857434015,7.4527709305,-1.5953369154999995,-0.723736098138724,0.5577018482172004,-0.8716008173612754,-0.7304320382642125
48019,"Bandera County, TX",TX,Low,66.69847328244275,0.08057450061,0.074527709305,0.006046791305000007,Low,gradient_boosted_trees,0.0038010647914687094,0.0017827419405920164,0.0022457265135312978,0.002072128264455717,8.057450061,7.4527709305,0.6046791305000008,0.38010647914687096,0.17827419405920164,0.2245726513531298,0.2072128264455717
48025,"Bee County, TX",TX,Low,62.69083969465649,0.055798809255,0.074527709305,-0.018728900049999997,Low,gradient_boosted_trees,0.01326856809574633,0.0015733189740156082,-0.031997468145746326,0.007917644225735657,5.5798809254999995,7.4527709305,-1.8728900049999997,1.3268568095746331,0.1573318974015608,-3.1997468145746324,0.7917644225735657
48037,"Bowie County, TX",TX,Low,79.00763358778626,0.06709141443,0.074527709305,-0.007436294874999999,Low,gradient_boosted_trees,-0.0009031697446807525,0.006139700033588257,-0.006533125130319247,-0.0015780045329797019,6.709141443,7.4527709305,-0.7436294874999999,-0.09031697446807525,0.6139700033588257,-0.6533125130319246,-0.15780045329797018
48049,"Brown County, TX",TX,Low,64.8854961832061,0.05693800134,0.074527709305,-0.017589707964999993,Low,gradient_boosted_trees,0.0027442123977282334,0.002965735165985129,-0.020333920362728228,-0.00240328640699742,5.693800134,7.4527709305,-1.7589707964999992,0.27442123977282334,0.2965735165985129,-2.0333920362728226,-0.240328640699742
48053,"Burnet County, TX",TX,Low,76.62213740458014,0.04105184479,0.074527709305,-0.033475864514999995,Low,gradient_boosted_trees,-0.005139645616497609,0.002787094677629733,-0.028336218898502387,-0.009758589988042961,4.105184479,7.4527709305,-3.3475864514999993,-0.5139645616497609,0.2787094677629733,-2.8336218898502388,-0.9758589988042962
48055,"Caldwell County, TX",TX,Low,79.77099236641222,0.042577865465,0.074527709305,-0.03194984383999999,Low,gradient_boosted_trees,-0.0003957121782767606,0.0028587784831501178,-0.03155413166172323,-0.0038926610875865617,4.2577865465,7.4527709305,-3.194984383999999,-0.03957121782767606,0.2858778483150118,-3.1554131661723233,-0.3892661087586562
48057,"Calhoun County, TX",TX,Low,66.2531806615776,0.03712808093,0.074527709305,-0.037399628374999994,Low,gradient_boosted_trees,-0.016572296447665818,0.004359795707754464,-0.020827331927334176,-0.01993391511008244,3.712808093,7.4527709305,-3.7399628374999994,-1.6572296447665817,0.4359795707754464,-2.0827331927334174,-1.993391511008244
48067,"Cass County, TX",TX,Low,50.795165394402034,0.1345454542,0.074527709305,0.060017744895,Low,gradient_boosted_trees,0.009963072038542733,0.004608292940830343,0.05005467285645727,0.0295446833344765,13.45454542,7.4527709305,6.001774489500001,0.9963072038542733,0.4608292940830343,5.005467285645727,2.9544683334476503
48071,"Chambers County, TX",TX,Low,51.844783715012724,0.045145717030000004,0.074527709305,-0.02938199227499999,Low,gradient_boosted_trees,-0.020369484861364546,0.006516772377845617,-0.009012507413635445,-0.02239071546473004,4.5145717030000005,7.4527709305,-2.9381992274999993,-2.0369484861364544,0.6516772377845618,-0.9012507413635444,-2.239071546473004
48073,"Cherokee County, TX",TX,Low,61.641221374045806,0.06301432372999999,0.074527709305,-0.011513385575000007,Low,gradient_boosted_trees,-0.0018243980342672347,0.0016130341778515715,-0.009688987540732772,-0.004158281550336253,6.301432372999999,7.4527709305,-1.1513385575000008,-0.18243980342672347,0.16130341778515717,-0.9688987540732772,-0.4158281550336253
48089,"Colorado County, TX",TX,Low,62.24554707379135,0.049947545905,0.074527709305,-0.024580163399999994,Low,gradient_boosted_trees,-0.007879183555700149,0.0020140931845081993,-0.016700979844299843,-0.0042469592646731166,4.9947545905,7.4527709305,-2.4580163399999995,-0.7879183555700149,0.20140931845081994,-1.6700979844299844,-0.42469592646731164
48093,"Comanche County, TX",TX,Low,51.01781170483461,0.076791721555,0.074527709305,0.0022640122500000026,Low,gradient_boosted_trees,0.0038248307022438767,0.0037201811801299274,-0.0015608184522438741,0.008229880816944547,7.6791721555,7.4527709305,0.22640122500000026,0.38248307022438766,0.3720181180129927,-0.15608184522438742,0.8229880816944547
48097,"Cooke County, TX",TX,Low,73.31424936386769,0.10038345155,0.074527709305,0.025855742245000007,Low,gradient_boosted_trees,-0.021860903577471964,0.004516634103017179,0.04771664582247197,-0.01024995294618127,10.038345155,7.4527709305,2.5855742245000006,-2.1860903577471964,0.4516634103017179,4.771664582247197,-1.024995294618127
48099,"Coryell County, TX",TX,Low,63.42239185750637,0.06918693731,0.074527709305,-0.005340771994999993,Low,gradient_boosted_trees,-0.0067264952976688495,0.0036156077888483324,0.0013857233026688563,-0.006879567194672064,6.918693731,7.4527709305,-0.5340771994999993,-0.672649529766885,0.36156077888483323,0.13857233026688562,-0.6879567194672064
48117,"Deaf Smith County, TX",TX,Low,61.800254452926204,0.07238745951,0.074527709305,-0.0021402497949999932,Low,gradient_boosted_trees,-0.02093663536333133,0.001662434887979751,0.018796385568331336,-0.011226230679604229,7.238745951,7.4527709305,-0.21402497949999932,-2.093663536333133,0.1662434887979751,1.8796385568331335,-1.122623067960423
48143,"Erath County, TX",TX,Low,75.0,0.09748064433,0.074527709305,0.02295293502500001,Low,gradient_boosted_trees,-0.010227411193185269,0.00020727182726494668,0.033180346218185275,5.234421168434465e-05,9.748064433,7.4527709305,2.2952935025000007,-1.022741119318527,0.020727182726494667,3.3180346218185273,0.0052344211684344655
48147,"Fannin County, TX",TX,Low,68.12977099236642,0.1008083924,0.074527709305,0.026280683095000007,Low,gradient_boosted_trees,0.0023076070578174853,0.003117417186531815,0.02397307603718252,0.0047646156978877665,10.08083924,7.4527709305,2.6280683095000006,0.23076070578174854,0.3117417186531815,2.397307603718252,0.47646156978877663
48149,"Fayette County, TX",TX,Low,57.98346055979644,0.06384960383,0.074527709305,-0.010678105474999991,Low,gradient_boosted_trees,-0.019023183099683264,0.004825477961920846,0.008345077624683273,-0.01309734254006631,6.384960383,7.4527709305,-1.067810547499999,-1.9023183099683265,0.4825477961920846,0.8345077624683274,-1.309734254006631
48161,"Freestone County, TX",TX,Low,56.52035623409669,0.08735431235,0.074527709305,0.01282660304500001,Low,gradient_boosted_trees,-0.0019842767937591935,0.0038400393917844625,0.014810879838759203,0.006460947666498894,8.735431235,7.4527709305,1.282660304500001,-0.19842767937591935,0.3840039391784462,1.4810879838759203,0.6460947666498894
48163,"Frio County, TX",TX,Low,55.94783715012722,0.053126286415,0.074527709305,-0.021401422889999994,Low,gradient_boosted_trees,0.013342558586268047,0.009741140241638767,-0.03474398147626804,-0.0025870464789445615,5.3126286415,7.4527709305,-2.1401422889999995,1.3342558586268047,0.9741140241638767,-3.474398147626804,-0.25870464789445613
48165,"Gaines County, TX",TX,Low,57.63358778625955,0.08703712042,0.074527709305,0.012509411115000008,Low,gradient_boosted_trees,0.00445086372305815,0.0006463434299510954,0.008058547391941857,0.006610024259031808,8.703712042,7.4527709305,1.2509411115000009,0.445086372305815,0.06463434299510955,0.8058547391941857,0.6610024259031808
48171,"Gillespie County, TX",TX,Low,57.69720101781171,0.058262130785,0.074527709305,-0.016265578519999997,Low,gradient_boosted_trees,-0.007620444031883421,0.006807960982000097,-0.008645134488116577,-0.009607695558630844,5.8262130784999995,7.4527709305,-1.6265578519999997,-0.7620444031883421,0.6807960982000096,-0.8645134488116577,-0.9607695558630844
48179,"Gray County, TX",TX,Low,59.891857506361326,0.05733831179,0.074527709305,-0.017189397514999996,Low,gradient_boosted_trees,-0.017024186278232146,0.0029345876783874584,-0.0001652112367678503,-0.012206475085176235,5.733831179,7.4527709305,-1.7189397514999996,-1.7024186278232145,0.29345876783874586,-0.01652112367678503,-1.2206475085176236
48181,"Grayson County, TX",TX,Low,80.3117048346056,0.08339949133499999,0.074527709305,0.008871782029999997,Low,gradient_boosted_trees,-0.013050422290520688,0.004550302939797254,0.021922204320520687,-0.0028941932043592164,8.3399491335,7.4527709305,0.8871782029999997,-1.305042229052069,0.4550302939797254,2.1922204320520686,-0.2894193204359216
48185,"Grimes County, TX",TX,Low,56.965648854961835,0.07569862638,0.074527709305,0.0011709170749999998,Low,gradient_boosted_trees,-0.005892438100627895,0.005736445068539912,0.0070633551756278945,-0.006777832477472262,7.569862637999999,7.4527709305,0.11709170749999998,-0.5892438100627895,0.5736445068539913,0.7063355175627894,-0.6777832477472262
48189,"Hale County, TX",TX,Low,78.43511450381679,0.052507469175,0.074527709305,-0.022020240129999993,Low,gradient_boosted_trees,-0.005828185563980899,0.0019860853231591412,-0.016192054566019094,-0.007267121300765672,5.2507469175,7.4527709305,-2.2020240129999995,-0.5828185563980899,0.19860853231591413,-1.6192054566019094,-0.7267121300765672
48199,"Hardin County, TX",TX,Low,69.56106870229007,0.03872767309,0.074527709305,-0.035800036215,Low,gradient_boosted_trees,-0.005110472593788267,0.0011082143340877962,-0.03068956362121173,-0.010565729235348662,3.872767309,7.4527709305,-3.5800036214999995,-0.5110472593788268,0.11082143340877962,-3.068956362121173,-1.0565729235348662
48203,"Harrison County, TX",TX,Low,77.70356234096693,0.04488098653,0.074527709305,-0.029646722774999995,Low,gradient_boosted_trees,-0.0028833008316933553,0.003881355572065774,-0.02676342194330664,-0.00676892239846672,4.488098653,7.4527709305,-2.9646722774999996,-0.28833008316933556,0.3881355572065774,-2.676342194330664,-0.676892239846672
48217,"Hill County, TX",TX,Low,72.96437659033079,0.10278475465,0.074527709305,0.02825704534500001,Low,gradient_boosted_trees,0.002436206884924124,0.0006130170899071894,0.025820838460075886,0.0038856687120717957,10.278475465,7.4527709305,2.8257045345000007,0.2436206884924124,0.06130170899071894,2.582083846007589,0.3885668712071796
48219,"Hockley County, TX",TX,Low,51.43129770992366,0.048538114295000004,0.074527709305,-0.02598959500999999,Low,gradient_boosted_trees,-0.015705114183374384,0.0013897338030993485,-0.010284480826625607,-0.015366891106985175,4.8538114295,7.4527709305,-2.598959500999999,-1.5705114183374385,0.13897338030993486,-1.0284480826625606,-1.5366891106985174
48221,"Hood County, TX",TX,Low,70.51526717557252,0.07033178172,0.074527709305,-0.004195927584999995,Low,gradient_boosted_trees,-0.008943086506558354,0.004268263522232931,0.004747158921558359,-0.010771691133364071,7.033178172,7.4527709305,-0.4195927584999995,-0.8943086506558353,0.42682635222329307,0.4747158921558359,-1.0771691133364072
48223,"Hopkins County, TX",TX,Low,71.2150127226463,0.1040314838,0.074527709305,0.02950377449500001,Low,gradient_boosted_trees,-0.004095868795531458,0.0014130580637715733,0.033599643290531465,-0.0001582962025890965,10.403148380000001,7.4527709305,2.950377449500001,-0.4095868795531458,0.14130580637715734,3.3599643290531467,-0.01582962025890965
48225,"Houston County, TX",TX,Low,60.655216284987276,0.06098254013,0.074527709305,-0.013545169174999996,Low,gradient_boosted_trees,0.005145076805462169,0.003571175770659159,-0.018690245980462164,-0.0035720358694573775,6.098254013,7.4527709305,-1.3545169174999996,0.514507680546217,0.3571175770659159,-1.8690245980462163,-0.3572035869457377
48233,"Hutchinson County, TX",TX,Low,67.68447837150127,0.063271527435,0.074527709305,-0.011256181869999993,Low,gradient_boosted_trees,-0.022006090353851884,0.0035344631859930303,0.010749908483851892,-0.013691721250656952,6.3271527435,7.4527709305,-1.1256181869999993,-2.2006090353851886,0.35344631859930303,1.074990848385189,-1.3691721250656952
48239,"Jackson County, TX",TX,Low,71.69211195928753,0.036140585965,0.074527709305,-0.038387123339999996,Low,gradient_boosted_trees,-0.01080824731121272,0.008396905432388363,-0.027578876028787273,-0.01743050207715554,3.6140585965,7.4527709305,-3.8387123339999993,-1.080824731121272,0.8396905432388363,-2.757887602878727,-1.7430502077155539
48241,"Jasper County, TX",TX,Low,61.1323155216285,0.0416004626,0.074527709305,-0.032927246704999996,Low,gradient_boosted_trees,-0.004278023311645886,0.0059819650603790955,-0.02864922339335411,-0.007747360969055112,4.16004626,7.4527709305,-3.2927246704999997,-0.4278023311645886,0.5981965060379095,-2.8649223393354113,-0.7747360969055113
48255,"Karnes County, TX",TX,Low,58.42875318066157,0.10522541029999999,0.074527709305,0.030697700994999993,Low,gradient_boosted_trees,-0.0015591794452275906,0.003111964611512742,0.032256880440227585,0.0017447375600945277,10.52254103,7.4527709305,3.0697700994999995,-0.15591794452275906,0.3111964611512742,3.2256880440227587,0.17447375600945278
48257,"Kaufman County, TX",TX,Low,76.17684478371501,0.051824641145,0.074527709305,-0.022703068159999992,Low,gradient_boosted_trees,-0.015539636685637986,0.001300060447251553,-0.007163431474362006,-0.014401818292111145,5.1824641145,7.4527709305,-2.2703068159999993,-1.5539636685637985,0.1300060447251553,-0.7163431474362005,-1.4401818292111144
48259,"Kendall County, TX",TX,Low,65.48982188295165,0.043666566234999996,0.074527709305,-0.03086114307,Low,gradient_boosted_trees,-0.019398339399731034,0.0020754902703139246,-0.011462803670268966,-0.026991134876582966,4.3666566235,7.4527709305,-3.086114307,-1.9398339399731033,0.20754902703139247,-1.1462803670268966,-2.6991134876582965
48265,"Kerr County, TX",TX,Low,77.16284987277355,0.063009644745,0.074527709305,-0.01151806456,Low,gradient_boosted_trees,0.0030718375996689287,0.0024490831740191263,-0.014589902159668927,-0.0027265213916679003,6.3009644745,7.4527709305,-1.1518064559999999,0.30718375996689284,0.24490831740191263,-1.4589902159668928,-0.27265213916679004
48277,"Lamar County, TX",TX,Low,79.54834605597965,0.04018201358,0.074527709305,-0.03434569572499999,Low,gradient_boosted_trees,-0.00957737075903513,0.008074240602143928,-0.024768324965964865,-0.019690907392381034,4.018201358,7.4527709305,-3.434569572499999,-0.957737075903513,0.8074240602143928,-2.4768324965964865,-1.9690907392381034
48279,"Lamb County, TX",TX,Low,61.22773536895675,0.090560034305,0.074527709305,0.016032325,Low,gradient_boosted_trees,-0.008678474224679673,0.0017108878389781289,0.024710799224679673,0.0015178086347789024,9.056003430499999,7.4527709305,1.6032325,-0.8678474224679673,0.17108878389781287,2.4710799224679674,0.15178086347789024
48285,"Lavaca County, TX",TX,Low,78.9440203562341,0.06821501901,0.074527709305,-0.0063126902949999925,Low,gradient_boosted_trees,-0.011180094071710625,0.003235647079169069,0.004867403776710633,-0.011393949116302165,6.821501901,7.4527709305,-0.6312690294999992,-1.1180094071710625,0.3235647079169069,0.48674037767106326,-1.1393949116302164
48289,"Leon County, TX",TX,Low,58.30152671755725,0.07864435054,0.074527709305,0.00411664123500001,Low,gradient_boosted_trees,-0.004889474002266746,0.005591302293195751,0.009006115237266757,-0.006645783565611421,7.864435054,7.4527709305,0.411664123500001,-0.4889474002266746,0.5591302293195751,0.9006115237266756,-0.6645783565611421
48291,"Liberty County, TX",TX,Low,79.51653944020356,0.07236454441,0.074527709305,-0.002163164895,Low,gradient_boosted_trees,0.0032595187899681563,0.003686016170656858,-0.005422683684968156,-0.003295564560459837,7.236454440999999,7.4527709305,-0.2163164895,0.32595187899681566,0.3686016170656858,-0.5422683684968156,-0.3295564560459837
48293,"Limestone County, TX",TX,Low,59.25572519083969,0.08242172029,0.074527709305,0.007894010985000005,Low,gradient_boosted_trees,0.012185483043485589,0.0042276431838177515,-0.004291472058485584,0.00857600263875796,8.242172029,7.4527709305,0.7894010985000005,1.218548304348559,0.42276431838177514,-0.42914720584855837,0.857600263875796
48299,"Llano County, TX",TX,Low,70.3880407124682,0.07892042833999999,0.074527709305,0.004392719034999992,Low,gradient_boosted_trees,-0.011538149673576692,0.014971792625107403,0.015930868708576684,-0.003903391087817402,7.892042833999999,7.4527709305,0.43927190349999923,-1.1538149673576692,1.4971792625107403,1.5930868708576684,-0.3903391087817402
48321,"Matagorda County, TX",TX,Low,80.34351145038168,0.047780953065000006,0.074527709305,-0.02674675623999999,Low,gradient_boosted_trees,-0.01639144324423503,0.006561472593301619,-0.010355312995764959,-0.015214227799107524,4.778095306500001,7.4527709305,-2.674675623999999,-1.639144324423503,0.6561472593301619,-1.0355312995764958,-1.5214227799107523
48323,"Maverick County, TX",TX,Low,64.15394402035624,0.08340155167999999,0.074527709305,0.008873842374999996,Low,gradient_boosted_trees,0.0012108146970902856,0.004679834173860666,0.00766302767790971,0.003419079106590105,8.340155167999999,7.4527709305,0.8873842374999996,0.12108146970902856,0.46798341738606664,0.7663027677909711,0.3419079106590105
48325,"Medina County, TX",TX,Low,68.70229007633588,0.050957634185,0.074527709305,-0.023570075119999992,Low,gradient_boosted_trees,-0.011179374542681161,0.002899998296493527,-0.012390700577318831,-0.01720419911853532,5.095763418500001,7.4527709305,-2.357007511999999,-1.1179374542681162,0.2899998296493527,-1.2390700577318832,-1.720419911853532
48331,"Milam County, TX",TX,Low,58.07888040712468,0.11225694215000001,0.074527709305,0.037729232845000016,Low,gradient_boosted_trees,-2.4263393306320734e-05,0.0019362814044158957,0.03775349623830634,-2.316774681785026e-05,11.225694215,7.4527709305,3.772923284500002,-0.0024263393306320734,0.19362814044158957,3.7753496238306337,-0.002316774681785026
48337,"Montague County, TX",TX,Low,54.86641221374045,0.07639630016,0.074527709305,0.0018685908550000047,Low,gradient_boosted_trees,0.0028547580454271024,0.005172512612247747,-0.0009861671904270977,0.004290440460482869,7.639630016,7.4527709305,0.18685908550000047,0.28547580454271027,0.5172512612247747,-0.09861671904270977,0.42904404604828694
48341,"Moore County, TX",TX,Low,61.895674300254456,0.05390327631,0.074527709305,-0.020624432994999997,Low,gradient_boosted_trees,0.0006757707452099635,0.010979667464284864,-0.02130020374020996,-0.012919320084089527,5.390327631,7.4527709305,-2.0624432995,0.06757707452099636,1.0979667464284864,-2.130020374020996,-1.2919320084089527
48347,"Nacogdoches County, TX",TX,Low,80.72519083969466,0.058821595384999995,0.074527709305,-0.01570611392,Low,gradient_boosted_trees,7.535498017779555e-05,0.002659598992116297,-0.015781468900177797,-0.006187667125547423,5.8821595385,7.4527709305,-1.570611392,0.007535498017779555,0.2659598992116297,-1.5781468900177797,-0.6187667125547424
48349,"Navarro County, TX",TX,Low,75.25445292620864,0.08756798822,0.074527709305,0.013040278915000009,Low,gradient_boosted_trees,0.006744686178806871,0.0030901958842201134,0.006295592736193138,0.007630245527345902,8.756798822,7.4527709305,1.304027891500001,0.6744686178806871,0.3090195884220113,0.6295592736193137,0.7630245527345902
48363,"Palo Pinto County, TX",TX,Low,55.216284987277355,0.082071973025,0.074527709305,0.0075442637199999996,Low,gradient_boosted_trees,0.005921215015023743,0.003097868096117838,0.0016230487049762564,0.007006041359984396,8.2071973025,7.4527709305,0.754426372,0.5921215015023743,0.3097868096117838,0.16230487049762565,0.7006041359984396
48365,"Panola County, TX",TX,Low,55.43893129770993,0.058524793670000005,0.074527709305,-0.01600291563499999,Low,gradient_boosted_trees,0.003392694821802886,0.002423872023476784,-0.019395610456802874,-0.0014204057245129635,5.852479367000001,7.4527709305,-1.600291563499999,0.33926948218028863,0.2423872023476784,-1.9395610456802874,-0.14204057245129637
48373,"Polk County, TX",TX,Low,75.57251908396947,0.04715150922,0.074527709305,-0.027376200084999996,Low,gradient_boosted_trees,0.018027785852534523,0.007211342147079396,-0.045403985937534516,-0.008085241257331859,4.715150921999999,7.4527709305,-2.7376200084999995,1.8027785852534524,0.7211342147079396,-4.5403985937534515,-0.8085241257331859
48387,"Red River County, TX",TX,Low,64.7264631043257,0.1694405524,0.074527709305,0.094912843095,Low,gradient_boosted_trees,0.015245595955420169,0.0068105256352101245,0.07966724713957983,0.041640996516279144,16.94405524,7.4527709305,9.491284309500001,1.5245595955420168,0.6810525635210124,7.966724713957983,4.1640996516279145
48397,"Rockwall County, TX",TX,Low,70.73791348600508,0.03882637662,0.074527709305,-0.035701332684999997,Low,gradient_boosted_trees,-0.028792074607961866,0.0031168184850427255,-0.006909258077038131,-0.035102859044871176,3.882637662,7.4527709305,-3.5701332685,-2.8792074607961866,0.31168184850427255,-0.6909258077038131,-3.5102859044871177
48401,"Rusk County, TX",TX,Low,54.007633587786266,0.07374508619,0.074527709305,-0.0007826231149999918,Low,gradient_boosted_trees,-0.013043124828442084,0.002454532447550756,0.012260501713442092,-0.008307592754482626,7.374508619,7.4527709305,-0.07826231149999918,-1.3043124828442083,0.24545324475507563,1.2260501713442091,-0.8307592754482627
48407,"San Jacinto County, TX",TX,Low,58.87404580152672,0.08367957139,0.074527709305,0.009151862085000004,Low,gradient_boosted_trees,0.0036614270567546284,0.0018065105740777312,0.005490435028245375,-0.0047619184738034726,8.367957139,7.4527709305,0.9151862085000004,0.36614270567546287,0.18065105740777312,0.5490435028245375,-0.47619184738034726
48419,"Shelby County, TX",TX,Low,55.72519083969466,0.1264044944,0.074527709305,0.051876785095000016,Low,gradient_boosted_trees,-0.014047313939900623,0.009804034812833599,0.06592409903490064,0.0026151081298447245,12.640449440000001,7.4527709305,5.187678509500001,-1.4047313939900623,0.9804034812833599,6.592409903490064,0.26151081298447243
48445,"Terry County, TX",TX,Low,52.035623409669206,0.05515712995,0.074527709305,-0.019370579354999994,Low,gradient_boosted_trees,-0.005208669020076463,0.006613073910020563,-0.01416191033492353,-0.0093618121561512,5.515712995,7.4527709305,-1.9370579354999993,-0.5208669020076463,0.6613073910020563,-1.4161910334923529,-0.93618121561512
48449,"Titus County, TX",TX,Low,46.81933842239186,0.05070690582,0.074527709305,-0.023820803484999993,Low,gradient_boosted_trees,-0.012599490461412522,0.0030956822304117147,-0.01122131302358747,-0.015286049885116743,5.070690582,7.4527709305,-2.3820803484999993,-1.2599490461412521,0.3095682230411715,-1.1221313023587471,-1.5286049885116744
48451,"Tom Green County, TX",TX,Low,77.32188295165395,0.058765030994999995,0.074527709305,-0.01576267831,Low,gradient_boosted_trees,0.0017752372359232996,0.004871598775219302,-0.0175379155459233,-0.003458403859113206,5.8765030995,7.4527709305,-1.576267831,0.17752372359232996,0.48715987752193024,-1.7537915545923302,-0.3458403859113206
48455,"Trinity County, TX",TX,Low,60.62340966921119,0.07022410323,0.074527709305,-0.004303606074999994,Low,gradient_boosted_trees,0.037757316779889485,0.013791022845064694,-0.04206092285488948,0.011140538846454058,7.022410323,7.4527709305,-0.4303606074999994,3.7757316779889485,1.3791022845064693,-4.206092285488948,1.1140538846454058
48457,"Tyler County, TX",TX,Low,61.00508905852418,0.06836475403,0.074527709305,-0.006162955274999993,Low,gradient_boosted_trees,0.015979114980703576,0.00194841179928805,-0.02214207025570357,0.010312295517586525,6.836475403000001,7.4527709305,-0.6162955274999993,1.5979114980703577,0.194841179928805,-2.214207025570357,1.0312295517586525
48459,"Upshur County, TX",TX,Low,66.92111959287533,0.0757178375,0.074527709305,0.0011901281950000009,Low,gradient_boosted_trees,-0.0028999577515759927,0.003920463947879842,0.004090085946575993,-0.005502595145077783,7.57178375,7.4527709305,0.11901281950000009,-0.2899957751575993,0.3920463947879842,0.4090085946575993,-0.5502595145077783
48463,"Uvalde County, TX",TX,Low,70.0381679389313,0.046007929505,0.074527709305,-0.028519779799999992,Low,gradient_boosted_trees,-0.006447809077754912,0.0030478662661500865,-0.02207197072224508,-0.01186905053841598,4.600792950500001,7.4527709305,-2.851977979999999,-0.6447809077754912,0.30478662661500866,-2.207197072224508,-1.186905053841598
48465,"Val Verde County, TX",TX,Low,76.08142493638677,0.062127812909999997,0.074527709305,-0.012399896394999999,Low,gradient_boosted_trees,-0.001119563349934523,0.007755085290967837,-0.011280333045065476,-0.002933013369737185,6.212781291,7.4527709305,-1.2399896394999999,-0.11195633499345231,0.7755085290967837,-1.1280333045065476,-0.29330133697371846
48467,"Van Zandt County, TX",TX,Low,58.778625954198475,0.059252668535,0.074527709305,-0.015275040769999998,Low,gradient_boosted_trees,-0.0011177724824845937,0.0037519364201942,-0.014157268287515404,-0.004727641284867544,5.9252668535,7.4527709305,-1.5275040769999997,-0.11177724824845937,0.37519364201942,-1.4157268287515405,-0.4727641284867544
48471,"Walker County, TX",TX,Low,73.82315521628499,0.04979519440500001,0.074527709305,-0.02473251489999999,Low,gradient_boosted_trees,-0.010692015878317368,0.003198328247838939,-0.01404049902168262,-0.011910503365843232,4.979519440500001,7.4527709305,-2.4732514899999987,-1.0692015878317367,0.3198328247838939,-1.404049902168262,-1.1910503365843232
48473,"Waller County, TX",TX,Low,70.26081424936386,0.035387406535,0.074527709305,-0.039140302769999996,Low,gradient_boosted_trees,-0.014576082275038716,0.002743919600591526,-0.024564220494961278,-0.017711480477858914,3.5387406534999997,7.4527709305,-3.9140302769999997,-1.4576082275038715,0.2743919600591526,-2.456422049496128,-1.7711480477858914
48477,"Washington County, TX",TX,Low,71.97837150127226,0.050854408485,0.074527709305,-0.023673300819999993,Low,gradient_boosted_trees,-0.0077418181486185065,0.0021301431066999,-0.015931482671381485,-0.009728240562572705,5.0854408485,7.4527709305,-2.367330081999999,-0.7741818148618507,0.21301431066999,-1.5931482671381485,-0.9728240562572704
48487,"Wilbarger County, TX",TX,Low,46.087786259541986,0.1788661231,0.074527709305,0.104338413795,Low,gradient_boosted_trees,-0.021073057928396127,0.013274671285341615,0.12541147172339612,-0.00695978712320165,17.88661231,7.4527709305,10.4338413795,-2.107305792839613,1.3274671285341615,12.541147172339612,-0.695978712320165
48489,"Willacy County, TX",TX,Low,77.48091603053436,0.087455012635,0.074527709305,0.01292730333,Low,gradient_boosted_trees,-0.005010411194438289,0.004708427831604851,0.01793771452443829,0.0014076269210304198,8.7455012635,7.4527709305,1.2927303330000002,-0.5010411194438289,0.4708427831604851,1.7937714524438289,0.140762692103042
48493,"Wilson County, TX",TX,Low,75.54071246819338,0.046824547115000004,0.074527709305,-0.02770316218999999,Low,gradient_boosted_trees,-0.015129483665793008,0.003326024979058279,-0.012573678524206983,-0.012546562004270656,4.6824547115,7.4527709305,-2.7703162189999992,-1.5129483665793009,0.33260249790582785,-1.2573678524206984,-1.2546562004270656
48497,"Wise County, TX",TX,Low,58.96946564885496,0.079402758165,0.074527709305,0.004875048860000009,Low,gradient_boosted_trees,-0.013526447600692834,0.006644345072801301,0.01840149646069284,-0.010852220255222887,7.940275816500001,7.4527709305,0.48750488600000086,-1.3526447600692835,0.6644345072801301,1.840149646069284,-1.0852220255222886
48499,"Wood County, TX",TX,Low,63.231552162849866,0.07514710842,0.074527709305,0.0006193991150000022,Low,gradient_boosted_trees,0.0008992847590741518,0.0042882369909684895,-0.0002798856440741496,0.0003205331474621108,7.5147108419999995,7.4527709305,0.06193991150000022,0.08992847590741518,0.428823699096849,-0.02798856440741496,0.03205331474621108
48501,"Yoakum County, TX",TX,Low,46.0559796437659,0.04282255372,0.074527709305,-0.03170515558499999,Low,gradient_boosted_trees,-0.02427144331896047,0.002807348637460884,-0.007433712266039522,-0.03160277826089495,4.282255372000001,7.4527709305,-3.170515558499999,-2.427144331896047,0.28073486374608836,-0.7433712266039523,-3.160277826089495
49003,"Box Elder County, UT",UT,Low,55.916030534351144,0.10268199445000001,0.074527709305,0.028154285145000013,Low,gradient_boosted_trees,-0.0016254936310297387,0.001097309851889786,0.02977977877602975,0.008300955991779017,10.268199445,7.4527709305,2.8154285145000015,-0.16254936310297385,0.1097309851889786,2.9779778776029753,0.8300955991779017
49005,"Cache County, UT",UT,Low,66.53944020356234,0.090559344785,0.074527709305,0.01603163548,Low,gradient_boosted_trees,-0.003942458387720957,0.00278501110718918,0.019974093867720956,0.0012258061724149062,9.0559344785,7.4527709305,1.603163548,-0.39424583877209574,0.278501110718918,1.9974093867720957,0.12258061724149062
49021,"Iron County, UT",UT,Low,61.41857506361323,0.070245781905,0.074527709305,-0.004281927399999996,Low,gradient_boosted_trees,0.009711833030071632,0.0019264684426410156,-0.013993760430071629,0.009878788421989535,7.0245781905,7.4527709305,-0.4281927399999996,0.9711833030071633,0.19264684426410156,-1.399376043007163,0.9878788421989535
49043,"Summit County, UT",UT,Low,60.08269720101781,0.08127085544,0.074527709305,0.006743146135000003,Low,gradient_boosted_trees,-0.009646694241563008,0.0023596612532758685,0.016389840376563013,0.0006998848147655998,8.127085544,7.4527709305,0.6743146135000002,-0.9646694241563009,0.23596612532758685,1.6389840376563012,0.06998848147655998
49045,"Tooele County, UT",UT,Low,48.88676844783715,0.08705339779,0.074527709305,0.012525688485000006,Low,gradient_boosted_trees,-0.0043200770483707,0.0024029186719709897,0.016845765533370707,0.004221667822034734,8.705339779000001,7.4527709305,1.2525688485000006,-0.43200770483707,0.24029186719709897,1.6845765533370707,0.42216678220347337
50003,"Bennington County, VT",VT,Low,52.32188295165394,0.07434174396,0.074527709305,-0.00018596534499999706,Low,gradient_boosted_trees,0.009011858188462637,0.0048624948056242906,-0.009197823533462634,0.006340920177743361,7.4341743959999995,7.4527709305,-0.018596534499999706,0.9011858188462637,0.48624948056242906,-0.9197823533462635,0.6340920177743361
50007,"Chittenden County, VT",VT,Low,63.899491094147585,0.047675547925,0.074527709305,-0.026852161379999996,Low,gradient_boosted_trees,-0.007125170843185609,0.0034666685426746136,-0.019726990536814388,-0.01400251154245926,4.7675547924999995,7.4527709305,-2.6852161379999995,-0.7125170843185609,0.34666685426746136,-1.9726990536814388,-1.400251154245926
50021,"Rutland County, VT",VT,Low,50.47709923664122,0.06272823429,0.074527709305,-0.011799475014999991,Low,gradient_boosted_trees,0.006141040061852651,0.004830738965129631,-0.017940515076852643,0.0011492423454923743,6.272823429000001,7.4527709305,-1.1799475014999992,0.6141040061852651,0.4830738965129631,-1.7940515076852643,0.11492423454923742
50023,"Washington County, VT",VT,Low,52.2264631043257,0.063738545985,0.074527709305,-0.01078916331999999,Low,gradient_boosted_trees,-0.006771311251622098,0.0010988082581361005,-0.004017852068377892,-0.008953304774965589,6.3738545985,7.4527709305,-1.078916331999999,-0.6771311251622097,0.10988082581361006,-0.4017852068377892,-0.8953304774965589
50025,"Windham County, VT",VT,Low,56.93384223918575,0.0719342158,0.074527709305,-0.0025934935049999885,Low,gradient_boosted_trees,0.0015933932446259705,0.008670066107482862,-0.004186886749625959,0.0017353449062932392,7.193421580000001,7.4527709305,-0.25934935049999885,0.15933932446259705,0.8670066107482862,-0.41868867496259593,0.1735344906293239
50027,"Windsor County, VT",VT,Low,61.57760814249363,0.07065915173,0.074527709305,-0.0038685575750000006,Low,gradient_boosted_trees,0.00521162702988557,0.003877797064914368,-0.00908018460488557,0.006328712772338568,7.065915173,7.4527709305,-0.38685575750000006,0.5211627029885569,0.3877797064914368,-0.908018460488557,0.6328712772338568
51003,"Albemarle County, VA",VA,Low,78.14885496183206,0.049142348335,0.074527709305,-0.025385360969999993,Low,gradient_boosted_trees,-0.015100831453104419,0.002082467894397231,-0.010284529516895574,-0.018720087585200558,4.9142348335,7.4527709305,-2.5385360969999993,-1.510083145310442,0.20824678943972308,-1.0284529516895573,-1.8720087585200558
51013,"Arlington County, VA",VA,Low,66.79389312977099,0.02831592209,0.074527709305,-0.046211787214999994,Low,gradient_boosted_trees,-0.026523047291509894,0.005088941706308778,-0.0196887399234901,-0.037993096580247736,2.831592209,7.4527709305,-4.6211787215,-2.6523047291509894,0.5088941706308778,-1.96887399234901,-3.7993096580247734
51015,"Augusta County, VA",VA,Low,68.60687022900763,0.072331704115,0.074527709305,-0.002196005189999989,Low,gradient_boosted_trees,0.0032438184805297795,0.003026075060246824,-0.005439823670529769,0.002944253792475265,7.233170411500001,7.4527709305,-0.21960051899999888,0.32438184805297793,0.3026075060246824,-0.5439823670529769,0.2944253792475265
51019,"Bedford County, VA",VA,Low,51.17684478371501,0.06038020674,0.074527709305,-0.014147502564999997,Low,gradient_boosted_trees,0.0012431612829639617,0.0004622368213237091,-0.015390663847963958,-0.003956525423022567,6.038020674,7.4527709305,-1.4147502564999996,0.12431612829639617,0.04622368213237091,-1.539066384796396,-0.3956525423022567
51027,"Buchanan County, VA",VA,Low,50.604325699745544,0.1491967409,0.074527709305,0.07466903159500002,Low,gradient_boosted_trees,0.0745437177690873,0.017671618984646767,0.00012531382591271512,0.07951819942659745,14.91967409,7.4527709305,7.466903159500002,7.45437177690873,1.7671618984646766,0.012531382591271512,7.951819942659745
51035,"Carroll County, VA",VA,Low,45.13358778625955,0.10428006137,0.074527709305,0.029752352065,Low,gradient_boosted_trees,0.023154394016738997,0.005126568839700856,0.006597958048261004,0.022788860125874787,10.428006136999999,7.4527709305,2.9752352065000003,2.3154394016739,0.5126568839700857,0.6597958048261003,2.2788860125874786
51047,"Culpeper County, VA",VA,Low,46.24681933842239,0.07106679911,0.074527709305,-0.003460910195,Low,gradient_boosted_trees,-0.008632989539670817,0.0007550560783648898,0.0051720793446708175,-0.009423091704552217,7.106679911,7.4527709305,-0.3460910195,-0.8632989539670818,0.07550560783648898,0.5172079344670818,-0.9423091704552217
51061,"Fauquier County, VA",VA,Low,47.67811704834606,0.045648993315,0.074527709305,-0.028878715989999998,Low,gradient_boosted_trees,-0.015785201721205303,0.0016782733104745335,-0.013093514268794695,-0.020198497854884298,4.5648993314999995,7.4527709305,-2.887871599,-1.5785201721205302,0.16782733104745334,-1.3093514268794695,-2.0198497854884296
51069,"Frederick County, VA",VA,Low,44.720101781170484,0.062805447425,0.074527709305,-0.011722261880000001,Low,gradient_boosted_trees,-0.014091128608192094,0.0018015996423409784,0.0023688667281920924,-0.011855247543643815,6.280544742499999,7.4527709305,-1.1722261880000002,-1.4091128608192094,0.18015996423409786,0.23688667281920925,-1.1855247543643814
51083,"Halifax County, VA",VA,Low,47.01017811704835,0.08922889637,0.074527709305,0.01470118706500001,Low,gradient_boosted_trees,0.011978757968602842,0.001688115589279381,0.002722429096397168,0.008856488860322025,8.922889637,7.4527709305,1.470118706500001,1.1978757968602842,0.1688115589279381,0.2722429096397168,0.8856488860322025
51085,"Hanover County, VA",VA,Low,53.49872773536896,0.05379018633,0.074527709305,-0.020737522974999992,Low,gradient_boosted_trees,-0.015505599412970911,0.0014901643639280103,-0.005231923562029081,-0.017482233345962765,5.379018633,7.4527709305,-2.073752297499999,-1.5505599412970912,0.14901643639280104,-0.523192356202908,-1.7482233345962765
51089,"Henry County, VA",VA,Low,63.61323155216285,0.09083914107499999,0.074527709305,0.016311431769999996,Low,gradient_boosted_trees,0.002510829080772215,0.002083859421474645,0.013800602689227781,0.005778689839309686,9.083914107499998,7.4527709305,1.6311431769999996,0.2510829080772215,0.2083859421474645,1.380060268922778,0.5778689839309686
51095,"James City County, VA",VA,Low,53.33969465648855,0.041188738775,0.074527709305,-0.03333897053,Low,gradient_boosted_trees,-0.012431282810417025,0.0017659866968978237,-0.02090768771958297,-0.01904485897155954,4.1188738775,7.4527709305,-3.333897053,-1.2431282810417026,0.17659866968978238,-2.090768771958297,-1.904485897155954
51105,"Lee County, VA",VA,Low,57.31552162849872,0.08381933732,0.074527709305,0.009291628015000011,Low,gradient_boosted_trees,0.02788260054231965,0.01002187841897286,-0.01859097252731964,0.0174210871726487,8.381933732,7.4527709305,0.9291628015000011,2.7882600542319653,1.002187841897286,-1.859097252731964,1.74210871726487
51107,"Loudoun County, VA",VA,Low,78.11704834605598,0.046198104505000004,0.074527709305,-0.02832960479999999,Low,gradient_boosted_trees,-0.026162080232384182,0.00611742999821759,-0.002167524567615809,-0.028217241569520365,4.6198104505,7.4527709305,-2.8329604799999992,-2.616208023238418,0.611742999821759,-0.2167524567615809,-2.8217241569520364
51117,"Mecklenburg County, VA",VA,Low,54.32569974554708,0.07631505,0.074527709305,0.0017873406950000004,Low,gradient_boosted_trees,0.01521729988473399,0.001999573177385214,-0.013429959189733989,0.014562074613563075,7.631505,7.4527709305,0.17873406950000004,1.521729988473399,0.19995731773852138,-1.3429959189733989,1.4562074613563074
51121,"Montgomery County, VA",VA,Low,47.51908396946565,0.07781885657000001,0.074527709305,0.003291147265000016,Low,gradient_boosted_trees,-0.0017690603684199903,0.006312400993103723,0.005060207633420006,-0.0006111245571004714,7.781885657000001,7.4527709305,0.3291147265000016,-0.17690603684199904,0.6312400993103723,0.5060207633420006,-0.06111245571004714
51131,"Northampton County, VA",VA,Low,44.465648854961835,0.11791921990000001,0.074527709305,0.043391510595000016,Low,gradient_boosted_trees,0.012283386265416711,0.0049380125408918915,0.031108124329583306,0.019282317002870433,11.79192199,7.4527709305,4.339151059500002,1.2283386265416711,0.4938012540891891,3.1108124329583307,1.9282317002870433
51143,"Pittsylvania County, VA",VA,Low,63.77226463104325,0.07071274019000001,0.074527709305,-0.003814969114999983,Low,gradient_boosted_trees,0.007512659498188921,0.005796457364218348,-0.011327628613188905,0.008171713423948169,7.071274019000001,7.4527709305,-0.3814969114999983,0.7512659498188922,0.5796457364218348,-1.1327628613188905,0.8171713423948169
51155,"Pulaski County, VA",VA,Low,45.92875318066158,0.09738259470499999,0.074527709305,0.022854885399999997,Low,gradient_boosted_trees,0.00515842565051538,0.0013053563114779046,0.017696459749484618,0.010861583923685412,9.7382594705,7.4527709305,2.28548854,0.515842565051538,0.13053563114779046,1.7696459749484619,1.0861583923685412
51165,"Rockingham County, VA",VA,Low,75.03180661577609,0.062233730805,0.074527709305,-0.012293978499999997,Low,gradient_boosted_trees,0.0024346254420914357,0.0018967550703890984,-0.014728603942091432,0.0017700758375875788,6.2233730805,7.4527709305,-1.2293978499999998,0.24346254420914357,0.18967550703890984,-1.4728603942091432,0.17700758375875789
51171,"Shenandoah County, VA",VA,Low,59.82824427480916,0.07159676888,0.074527709305,-0.0029309404250000004,Low,gradient_boosted_trees,0.005480582799331898,0.0017383615119361416,-0.008411523224331897,0.006982470751654828,7.159676888,7.4527709305,-0.29309404250000004,0.5480582799331898,0.17383615119361415,-0.8411523224331897,0.6982470751654828
51173,"Smyth County, VA",VA,Low,57.79262086513995,0.08011161839,0.074527709305,0.005583909085000005,Low,gradient_boosted_trees,0.012885523136317516,0.005064743365937666,-0.007301614051317511,0.00862514334239711,8.011161839,7.4527709305,0.5583909085000005,1.2885523136317516,0.5064743365937665,-0.7301614051317511,0.862514334239711
51177,"Spotsylvania County, VA",VA,Low,52.894402035623415,0.05113378892,0.074527709305,-0.023393920384999996,Low,gradient_boosted_trees,-0.018660813587993073,0.0020769096789766124,-0.004733106797006923,-0.020665712081334036,5.113378892,7.4527709305,-2.3393920384999998,-1.8660813587993073,0.20769096789766123,-0.4733106797006923,-2.0665712081334036
51179,"Stafford County, VA",VA,Low,65.04452926208651,0.046511509235,0.074527709305,-0.028016200069999997,Low,gradient_boosted_trees,-0.02102084582565986,0.001630078758214732,-0.006995354244340137,-0.02450068935372712,4.6511509234999995,7.4527709305,-2.8016200069999995,-2.102084582565986,0.1630078758214732,-0.6995354244340137,-2.450068935372712
51185,"Tazewell County, VA",VA,Low,60.17811704834606,0.04826926428,0.074527709305,-0.026258445024999993,Low,gradient_boosted_trees,-0.0005247138311950802,0.007563478211171641,-0.025733731193804912,-0.005688316198659873,4.826926428,7.4527709305,-2.6258445024999992,-0.052471383119508025,0.7563478211171641,-2.5733731193804914,-0.5688316198659873
51191,"Washington County, VA",VA,Low,46.56488549618321,0.07938660273,0.074527709305,0.00485889342500001,Low,gradient_boosted_trees,0.004279699081000381,0.0016482448405264283,0.000579194343999629,0.004879275769227761,7.938660273000001,7.4527709305,0.48588934250000104,0.42796990810003815,0.16482448405264283,0.0579194343999629,0.4879275769227761
51195,"Wise County, VA",VA,Low,50.413486005089055,0.057367651884999996,0.074527709305,-0.01716005742,Low,gradient_boosted_trees,0.0010789439180780996,0.004509174891722748,-0.018239001338078098,7.627693583806001e-05,5.7367651885,7.4527709305,-1.716005742,0.10789439180780996,0.4509174891722748,-1.8239001338078098,0.007627693583806001
51197,"Wythe County, VA",VA,Low,48.72773536895674,0.09494769079000001,0.074527709305,0.020419981485000016,Low,gradient_boosted_trees,0.0040341990458488,0.0028428041619603566,0.016385782439151217,0.010287890120111479,9.494769079000001,7.4527709305,2.0419981485000016,0.40341990458488003,0.28428041619603567,1.6385782439151217,1.0287890120111478
51199,"York County, VA",VA,Low,44.656488549618324,0.049167778770000004,0.074527709305,-0.02535993053499999,Low,gradient_boosted_trees,-0.013829831046578171,0.0012294557219409263,-0.01153009948842182,-0.014397000222180264,4.916777877,7.4527709305,-2.535993053499999,-1.3829831046578172,0.12294557219409263,-1.153009948842182,-1.4397000222180263
51510,"Alexandria, VA",VA,Low,73.69592875318067,0.02773501377,0.074527709305,-0.046792695535,Low,gradient_boosted_trees,-0.02596385457054842,0.004565999383225909,-0.02082884096445158,-0.041373412036512965,2.773501377,7.4527709305,-4.6792695535,-2.5963854570548417,0.4565999383225909,-2.082884096445158,-4.137341203651297
51550,"Chesapeake, VA",VA,Low,80.85241730279898,0.04280615426,0.074527709305,-0.031721555044999995,Low,gradient_boosted_trees,-0.009465292227668386,0.003019871700891675,-0.02225626281733161,-0.014796859195355515,4.280615426,7.4527709305,-3.1721555044999996,-0.9465292227668386,0.3019871700891675,-2.225626281733161,-1.4796859195355516
51590,"Danville, VA",VA,Low,68.03435114503816,0.13076304654999998,0.074527709305,0.05623533724499999,Low,gradient_boosted_trees,0.003175452902218883,0.0011274636988486536,0.053059884342781104,0.007973161005723355,13.076304654999998,7.4527709305,5.623533724499999,0.3175452902218883,0.11274636988486536,5.3059884342781105,0.7973161005723355
51650,"Hampton, VA",VA,Low,61.73664122137404,0.059427090565,0.074527709305,-0.015100618739999995,Low,gradient_boosted_trees,-0.005403021231525247,0.0005176207523902346,-0.009697597508474747,-0.005036174108449978,5.9427090565,7.4527709305,-1.5100618739999996,-0.5403021231525247,0.051762075239023465,-0.9697597508474747,-0.5036174108449978
51680,"Lynchburg, VA",VA,Low,49.300254452926204,0.07928053203999999,0.074527709305,0.004752822734999995,Low,gradient_boosted_trees,0.0009090727197736776,0.0019369215808159332,0.0038437500152263175,0.002039741469408229,7.928053203999999,7.4527709305,0.4752822734999995,0.09090727197736777,0.19369215808159332,0.38437500152263177,0.20397414694082291
51700,"Newport News, VA",VA,Low,72.2328244274809,0.05809816372,0.074527709305,-0.016429545584999997,Low,gradient_boosted_trees,-0.008703748090462822,0.0005245631364873839,-0.007725797494537175,-0.008500281738560976,5.809816372,7.4527709305,-1.6429545584999996,-0.8703748090462822,0.052456313648738394,-0.7725797494537174,-0.8500281738560976
51740,"Portsmouth, VA",VA,Low,53.975826972010175,0.06948478428499999,0.074527709305,-0.005042925020000005,Low,gradient_boosted_trees,-0.0010127733206446805,0.004567454771500829,-0.0040301516993553246,-0.005376517541927577,6.948478428499999,7.4527709305,-0.5042925020000005,-0.10127733206446805,0.4567454771500829,-0.40301516993553244,-0.5376517541927578
51770,"Roanoke County, VA",VA,Low,72.86895674300254,0.079029473125,0.074527709305,0.004501763820000004,Low,gradient_boosted_trees,-0.00016840485270243292,0.002853716627442129,0.004670168672702437,0.0008612519274156313,7.9029473125,7.4527709305,0.45017638200000043,-0.016840485270243292,0.28537166274421294,0.46701686727024366,0.08612519274156313
51800,"Suffolk, VA",VA,Low,60.1145038167939,0.049960077655,0.074527709305,-0.024567631649999998,Low,gradient_boosted_trees,0.0010885082953030012,0.0021810641939416686,-0.025656139945303,-0.007760392540614274,4.9960077655,7.4527709305,-2.456763165,0.10885082953030012,0.21810641939416686,-2.5656139945303003,-0.7760392540614275
51810,"Virginia Beach, VA",VA,Low,57.85623409669212,0.051843378365,0.074527709305,-0.022684330939999997,Low,gradient_boosted_trees,-0.01384766431342666,0.002953099388636449,-0.008836666626573337,-0.02033561618407497,5.1843378365,7.4527709305,-2.2684330939999997,-1.384766431342666,0.29530993886364487,-0.8836666626573336,-2.033561618407497
53017,"Douglas County, WA",WA,Low,74.07760814249363,0.08174700203499999,0.074527709305,0.007219292729999993,Low,gradient_boosted_trees,-0.007520248452095052,0.0022533247474385916,0.014739541182095046,-0.003341231499338395,8.174700203499999,7.4527709305,0.7219292729999993,-0.7520248452095052,0.22533247474385917,1.4739541182095046,-0.3341231499338395
53019,"Ferry County, WA",WA,Low,51.653944020356235,0.11968181759999999,0.074527709305,0.045154108294999995,Low,gradient_boosted_trees,0.023366476071566177,0.0049582624776261484,0.021787632223433818,0.03428355556760711,11.968181759999998,7.4527709305,4.5154108294999995,2.3366476071566176,0.49582624776261486,2.178763222343382,3.4283555567607107
53021,"Franklin County, WA",WA,Low,72.48727735368958,0.08495487607,0.074527709305,0.01042716676500001,Low,gradient_boosted_trees,0.004854344824434908,0.0025483383084693267,0.005572821940565101,0.006151696257109936,8.495487607000001,7.4527709305,1.0427166765000009,0.48543448244349086,0.2548338308469327,0.5572821940565101,0.6151696257109935
53025,"Grant County, WA",WA,Low,76.94020356234097,0.07301815185499999,0.074527709305,-0.0015095574500000042,Low,gradient_boosted_trees,0.001176795943607428,0.001717780101293577,-0.002686353393607432,0.00027046522289841143,7.301815185499999,7.4527709305,-0.15095574500000042,0.11767959436074281,0.1717780101293577,-0.2686353393607432,0.027046522289841144
53029,"Island County, WA",WA,Low,77.98982188295165,0.083197276845,0.074527709305,0.008669567540000006,Low,gradient_boosted_trees,0.00010015155098808104,0.00236009713880557,0.008569415989011925,-0.002425914596830433,8.3197276845,7.4527709305,0.8669567540000006,0.010015155098808105,0.23600971388055703,0.8569415989011925,-0.2425914596830433
53031,"Jefferson County, WA",WA,Low,64.3765903307888,0.07664833266,0.074527709305,0.0021206233550000037,Low,gradient_boosted_trees,0.0047748086234675755,0.006567575638514541,-0.002654185268467572,0.0031901018214131596,7.664833266,7.4527709305,0.21206233550000037,0.4774808623467576,0.6567575638514541,-0.2654185268467572,0.31901018214131593
53039,"Klickitat County, WA",WA,Low,73.88676844783714,0.08911801856000001,0.074527709305,0.014590309255000017,Low,gradient_boosted_trees,0.0018169413966762648,0.0012257796620215057,0.012773367858323751,0.005258504415600785,8.911801856,7.4527709305,1.4590309255000018,0.1816941396676265,0.12257796620215057,1.2773367858323752,0.5258504415600785
53043,"Lincoln County, WA",WA,Low,54.898218829516544,0.083572532945,0.074527709305,0.009044823640000005,Low,gradient_boosted_trees,0.007229918264910374,0.004038929214025833,0.0018149053750896307,0.008467994972199456,8.3572532945,7.4527709305,0.9044823640000005,0.7229918264910374,0.40389292140258326,0.18149053750896307,0.8467994972199456
53059,"Skamania County, WA",WA,Low,49.68193384223918,0.10947146490000001,0.074527709305,0.034943755595000014,Low,gradient_boosted_trees,0.00465864416498413,0.0070106477776877485,0.030285111430015884,0.013893439959362467,10.947146490000002,7.4527709305,3.4943755595000017,0.465864416498413,0.7010647777687748,3.0285111430015883,1.3893439959362466
53065,"Stevens County, WA",WA,Low,60.33715012722646,0.090686793025,0.074527709305,0.01615908372000001,Low,gradient_boosted_trees,0.005526776916317662,0.0022037190700436218,0.010632306803682347,0.0067693845444459595,9.0686793025,7.4527709305,1.615908372000001,0.5526776916317662,0.22037190700436218,1.0632306803682348,0.676938454444596
53071,"Walla Walla County, WA",WA,Low,60.36895674300254,0.072501317585,0.074527709305,-0.0020263917199999926,Low,gradient_boosted_trees,-0.0033575831182376392,0.0024540847466338763,0.0013311913982376467,-0.005259242951490537,7.2501317585,7.4527709305,-0.20263917199999926,-0.3357583118237639,0.24540847466338764,0.13311913982376467,-0.5259242951490537
54003,"Berkeley County, WV",WV,Low,68.25699745547074,0.0659076307,0.074527709305,-0.008620078604999998,Low,gradient_boosted_trees,-0.006239768349589468,0.0015535562107972087,-0.0023803102554105296,-0.006155185592850126,6.5907630699999995,7.4527709305,-0.8620078604999998,-0.6239768349589468,0.15535562107972087,-0.23803102554105296,-0.6155185592850126
54005,"Boone County, WV",WV,Low,69.37022900763358,0.04011838451,0.074527709305,-0.034409324794999994,Low,gradient_boosted_trees,0.008825746666576225,0.006448001346985172,-0.04323507146157622,-0.0011392031089347168,4.011838451,7.4527709305,-3.4409324794999994,0.8825746666576225,0.6448001346985172,-4.323507146157622,-0.11392031089347168
54009,"Brooke County, WV",WV,Low,54.230279898218825,0.041787713180000005,0.074527709305,-0.03273999612499999,Low,gradient_boosted_trees,-0.028189969001129866,0.00399479862737163,-0.004550027123870124,-0.02552552788168986,4.178771318000001,7.4527709305,-3.273999612499999,-2.8189969001129866,0.399479862737163,-0.4550027123870124,-2.552552788168986
54019,"Fayette County, WV",WV,Low,53.43511450381679,0.10408310035,0.074527709305,0.029555391045000004,Low,gradient_boosted_trees,-0.0025284302773887295,0.002225382486198474,0.03208382132238873,0.0010539573094397049,10.408310035,7.4527709305,2.9555391045000006,-0.25284302773887296,0.2225382486198474,3.208382132238873,0.10539573094397049
54025,"Greenbrier County, WV",WV,Low,75.76335877862596,0.06934034712500001,0.074527709305,-0.005187362179999988,Low,gradient_boosted_trees,0.016422233819012488,0.003308396405316017,-0.021609595999012476,0.0037743525166119085,6.934034712500001,7.4527709305,-0.5187362179999988,1.6422233819012488,0.3308396405316017,-2.1609595999012474,0.37743525166119085
54033,"Harrison County, WV",WV,Low,73.60050890585241,0.03025887883,0.074527709305,-0.04426883047499999,Low,gradient_boosted_trees,-0.0201104771159784,0.008589707181191569,-0.024158353359021594,-0.026358697529386785,3.025887883,7.4527709305,-4.4268830475,-2.01104771159784,0.8589707181191569,-2.4158353359021594,-2.6358697529386785
54035,"Jackson County, WV",WV,Low,56.45674300254453,0.07293407148,0.074527709305,-0.0015936378249999938,Low,gradient_boosted_trees,-0.007353108084835043,0.0021057484880987695,0.005759470259835049,-0.003634270457709604,7.293407148,7.4527709305,-0.15936378249999938,-0.7353108084835043,0.21057484880987695,0.5759470259835049,-0.3634270457709604
54037,"Jefferson County, WV",WV,Low,47.80534351145038,0.06118189131,0.074527709305,-0.013345817994999995,Low,gradient_boosted_trees,0.00038947679204060886,0.004185943676500785,-0.013735294787040603,-0.005558689397023351,6.118189131,7.4527709305,-1.3345817994999996,0.038947679204060885,0.4185943676500785,-1.3735294787040604,-0.5558689397023351
54041,"Lewis County, WV",WV,Low,43.70229007633588,0.10681334649999999,0.074527709305,0.032285637194999994,Low,gradient_boosted_trees,-0.020281823243894086,0.00929268402559133,0.052567460438894084,-0.00984913331558876,10.681334649999998,7.4527709305,3.2285637194999994,-2.028182324389409,0.929268402559133,5.256746043889408,-0.984913331558876
54043,"Lincoln County, WV",WV,Low,59.70101781170484,0.04758940146,0.074527709305,-0.026938307844999995,Low,gradient_boosted_trees,-0.0045435634742191115,0.005170819035126181,-0.022394744370780883,-0.012098258546477166,4.758940146,7.4527709305,-2.6938307844999994,-0.45435634742191117,0.5170819035126181,-2.2394744370780884,-1.2098258546477165
54045,"Logan County, WV",WV,Low,79.23027989821882,0.1472916528,0.074527709305,0.07276394349500001,Low,gradient_boosted_trees,0.007750877120012836,0.009498867351008411,0.06501306637498717,0.006661602698318168,14.72916528,7.4527709305,7.276394349500001,0.7750877120012836,0.9498867351008411,6.501306637498717,0.6661602698318168
54047,"McDowell County, WV",WV,Low,76.65394402035624,0.099158947785,0.074527709305,0.02463123848000001,Low,gradient_boosted_trees,0.0359404252548815,0.006185095096865325,-0.011309186774881491,0.038167359833115505,9.9158947785,7.4527709305,2.4631238480000013,3.5940425254881503,0.6185095096865325,-1.130918677488149,3.8167359833115504
54049,"Marion County, WV",WV,Low,71.50127226463104,0.063528441745,0.074527709305,-0.010999267559999998,Low,gradient_boosted_trees,-0.008257258020840173,0.0034734658162734982,-0.0027420095391598245,-0.006212133302527026,6.3528441744999995,7.4527709305,-1.099926756,-0.8257258020840174,0.3473465816273498,-0.2742009539159824,-0.6212133302527025
54051,"Marshall County, WV",WV,Low,56.80661577608143,0.06076794273,0.074527709305,-0.013759766574999992,Low,gradient_boosted_trees,-0.017566937736339504,0.0016035384394477797,0.0038071711613395127,-0.014471424426964636,6.076794273,7.4527709305,-1.3759766574999992,-1.7566937736339505,0.16035384394477797,0.38071711613395126,-1.4471424426964636
54053,"Mason County, WV",WV,Low,57.44274809160306,0.04517936226,0.074527709305,-0.029348347044999994,Low,gradient_boosted_trees,0.0013768439455548221,0.0075748772445507605,-0.030725190990554815,-0.004786520826802509,4.517936226,7.4527709305,-2.934834704499999,0.1376843945554822,0.7574877244550761,-3.0725190990554814,-0.4786520826802509
54055,"Mercer County, WV",WV,Low,65.235368956743,0.061380494825,0.074527709305,-0.013147214479999995,Low,gradient_boosted_trees,0.0027266178671889667,0.002868644620377641,-0.015873832347188963,-0.0034935800090342864,6.1380494825,7.4527709305,-1.3147214479999996,0.2726617867188967,0.28686446203776406,-1.5873832347188963,-0.3493580009034286
54057,"Mineral County, WV",WV,Low,52.83078880407125,0.07117915957000001,0.074527709305,-0.0033485497349999838,Low,gradient_boosted_trees,-0.002134557792659367,0.005305240030612852,-0.0012139919423406168,-0.0045261683115278666,7.117915957000001,7.4527709305,-0.3348549734999984,-0.2134557792659367,0.5305240030612852,-0.12139919423406167,-0.45261683115278667
54059,"Mingo County, WV",WV,Low,72.58269720101781,0.15723867349999998,0.074527709305,0.08271096419499999,Low,gradient_boosted_trees,0.026129417302395323,0.005481528773074366,0.05658154689260467,0.04988445950286457,15.723867349999999,7.4527709305,8.2710964195,2.612941730239532,0.5481528773074366,5.658154689260467,4.988445950286457
54061,"Monongalia County, WV",WV,Low,71.53307888040712,0.0332312205,0.074527709305,-0.041296488804999996,Low,gradient_boosted_trees,-0.018370289910175946,0.004957341670746798,-0.02292619889482405,-0.02110129461238139,3.32312205,7.4527709305,-4.1296488805,-1.8370289910175948,0.4957341670746798,-2.292619889482405,-2.1101294612381394
54067,"Nicholas County, WV",WV,Low,58.17430025445292,0.1430519838,0.074527709305,0.06852427449500001,Low,gradient_boosted_trees,0.01980412346737292,0.008522619014329857,0.048720151027627084,0.03418232517498432,14.30519838,7.4527709305,6.852427449500001,1.980412346737292,0.8522619014329857,4.872015102762709,3.418232517498432
54069,"Ohio County, WV",WV,Low,69.81552162849873,0.02465752334,0.074527709305,-0.049870185964999994,Low,gradient_boosted_trees,-0.027122468292202745,0.004090052547981549,-0.02274771767279725,-0.034322750838932464,2.4657523340000003,7.4527709305,-4.9870185965,-2.7122468292202746,0.4090052547981549,-2.274771767279725,-3.4322750838932463
54079,"Putnam County, WV",WV,Low,74.01399491094148,0.046660814575,0.074527709305,-0.027866894729999994,Low,gradient_boosted_trees,-0.013508102131993653,0.004766771165437878,-0.014358792598006341,-0.0200695689988238,4.6660814575,7.4527709305,-2.7866894729999996,-1.3508102131993653,0.4766771165437878,-1.435879259800634,-2.00695689988238
54081,"Raleigh County, WV",WV,Low,65.52162849872774,0.054562721095,0.074527709305,-0.019964988209999993,Low,gradient_boosted_trees,-0.011735363010821148,0.007026148553561147,-0.008229625199178844,-0.016350158796486287,5.4562721095,7.4527709305,-1.9964988209999992,-1.1735363010821147,0.7026148553561147,-0.8229625199178845,-1.6350158796486287
54083,"Randolph County, WV",WV,Low,57.06106870229007,0.06534689245,0.074527709305,-0.009180816854999996,Low,gradient_boosted_trees,-0.007176035138923465,0.0030431655562214786,-0.002004781716076531,-0.011197156680112588,6.534689245,7.4527709305,-0.9180816854999996,-0.7176035138923464,0.3043165556221479,-0.2004781716076531,-1.1197156680112588
54097,"Upshur County, WV",WV,Low,44.847328244274806,0.030709068495,0.074527709305,-0.04381864081,Low,gradient_boosted_trees,-0.0004905242395112706,0.002871099614849292,-0.043328116570488726,-0.003776420403719872,3.0709068495,7.4527709305,-4.381864081,-0.049052423951127064,0.2871099614849292,-4.332811657048873,-0.37764204037198723
54099,"Wayne County, WV",WV,Low,79.80279898218829,0.1078374062,0.074527709305,0.033309696895000004,Low,gradient_boosted_trees,-0.009104750032075254,0.003259501539844317,0.04241444692707526,0.0077293066375599935,10.78374062,7.4527709305,3.3309696895000003,-0.9104750032075254,0.3259501539844317,4.2414446927075256,0.7729306637559994
54103,"Wetzel County, WV",WV,Low,56.902035623409674,0.052035828575,0.074527709305,-0.022491880729999997,Low,gradient_boosted_trees,-0.0226707292154008,0.00422429791292319,0.0001788484854008017,-0.02515060611307718,5.2035828575,7.4527709305,-2.2491880729999996,-2.26707292154008,0.42242979129231906,0.01788484854008017,-2.515060611307718
54107,"Wood County, WV",WV,Low,79.83460559796438,0.063396996735,0.074527709305,-0.011130712569999993,Low,gradient_boosted_trees,-0.022892253522592474,0.008814739527278044,0.011761540952592481,-0.022907040442120555,6.3396996735,7.4527709305,-1.1130712569999992,-2.2892253522592476,0.8814739527278045,1.1761540952592482,-2.2907040442120556
54109,"Wyoming County, WV",WV,Low,67.36641221374046,0.07043982182,0.074527709305,-0.004087887484999997,Low,gradient_boosted_trees,-0.00736966317432228,0.0060849603020738255,0.003281775689322283,-0.005483380095524257,7.043982182,7.4527709305,-0.4087887484999997,-0.736966317432228,0.6084960302073825,0.3281775689322283,-0.5483380095524257
55001,"Adams County, WI",WI,Low,70.8969465648855,0.086181535,0.074527709305,0.011653825695000009,Low,gradient_boosted_trees,0.014204485724847013,0.001219853363495721,-0.002550660029847005,0.014824644778680833,8.6181535,7.4527709305,1.1653825695000009,1.4204485724847014,0.12198533634957211,-0.2550660029847005,1.4824644778680833
55005,"Barron County, WI",WI,Low,68.63867684478372,0.08741428074999999,0.074527709305,0.012886571444999995,Low,gradient_boosted_trees,0.0013523880663083782,0.0014305973919959078,0.011534183378691616,0.00457353408324303,8.741428074999998,7.4527709305,1.2886571444999995,0.13523880663083782,0.14305973919959078,1.1534183378691616,0.45735340832430305
55013,"Burnett County, WI",WI,Low,49.33206106870229,0.08471274831,0.074527709305,0.010185039005000007,Low,gradient_boosted_trees,0.014252241867668597,0.0018452313051404556,-0.00406720286266859,0.013027186167622471,8.471274831,7.4527709305,1.0185039005000007,1.4252241867668598,0.18452313051404556,-0.406720286266859,1.302718616762247
55017,"Chippewa County, WI",WI,Low,67.33460559796438,0.081241437295,0.074527709305,0.006713727990000001,Low,gradient_boosted_trees,-0.0037535692788530106,0.0024154558425241272,0.010467297268853011,-0.0029810337333277368,8.1241437295,7.4527709305,0.6713727990000001,-0.37535692788530106,0.24154558425241274,1.046729726885301,-0.2981033733327737
55019,"Clark County, WI",WI,Low,68.44783715012723,0.1088121157,0.074527709305,0.03428440639500001,Low,gradient_boosted_trees,-0.004001843787207175,0.0062672703399536045,0.03828625018220718,0.004539219335354717,10.88121157,7.4527709305,3.4284406395000007,-0.4001843787207175,0.6267270339953604,3.828625018220718,0.45392193353547167
55023,"Crawford County, WI",WI,Low,46.21501272264631,0.080365098355,0.074527709305,0.0058373890500000025,Low,gradient_boosted_trees,0.0009155142945984598,0.0013934123442659715,0.004921874755401543,0.0019681723154344366,8.0365098355,7.4527709305,0.5837389050000003,0.09155142945984597,0.13934123442659715,0.4921874755401543,0.19681723154344366
55027,"Dodge County, WI",WI,Low,69.91094147582697,0.086595899135,0.074527709305,0.012068189830000006,Low,gradient_boosted_trees,-8.744127906702775e-05,0.003101890430792885,0.012155631109067033,-0.0012930738834439992,8.6595899135,7.4527709305,1.2068189830000007,-0.008744127906702774,0.31018904307928846,1.2155631109067033,-0.12930738834439992
55029,"Door County, WI",WI,Low,46.88295165394402,0.10789438725,0.074527709305,0.033366677945000006,Low,gradient_boosted_trees,0.01679502675579546,0.0018258459254204588,0.016571651189204548,0.022664559042829577,10.789438725,7.4527709305,3.3366677945000007,1.679502675579546,0.18258459254204587,1.6571651189204548,2.266455904282958
55033,"Dunn County, WI",WI,Low,48.791348600508904,0.061188587729999994,0.074527709305,-0.013339121575000001,Low,gradient_boosted_trees,-6.661649498496414e-05,0.0030317955143092813,-0.013272505080015037,0.00021469884073163287,6.1188587729999995,7.4527709305,-1.3339121575000001,-0.006661649498496414,0.3031795514309281,-1.3272505080015036,0.021469884073163286
55035,"Eau Claire County, WI",WI,Low,78.30788804071247,0.06911015168500001,0.074527709305,-0.005417557619999985,Low,gradient_boosted_trees,-0.008733375679694707,0.00208009765025326,0.0033158180596947213,-0.010541376496967689,6.9110151685000005,7.4527709305,-0.5417557619999985,-0.8733375679694707,0.208009765025326,0.3315818059694721,-1.054137649696769
55037,"Florence County, WI",WI,Low,54.19847328244275,0.04690310215,0.074527709305,-0.027624607154999994,Low,gradient_boosted_trees,0.01775394091906798,0.006527327631279695,-0.04537854807406798,0.014929940060922927,4.690310215,7.4527709305,-2.7624607154999996,1.775394091906798,0.6527327631279695,-4.537854807406798,1.4929940060922928
55039,"Fond du Lac County, WI",WI,Low,76.30407124681933,0.06952636409499999,0.074527709305,-0.005001345210000008,Low,gradient_boosted_trees,-0.00423055445671834,0.0022060022604214226,-0.0007707907532816674,-0.006004449167005144,6.952636409499998,7.4527709305,-0.5001345210000008,-0.423055445671834,0.22060022604214224,-0.07707907532816674,-0.6004449167005145
55041,"Forest County, WI",WI,Low,47.391857506361326,0.15386205355,0.074527709305,0.079334344245,Low,gradient_boosted_trees,0.014495465878420405,0.003155779048951099,0.06483887836657959,0.02210006792880106,15.386205355,7.4527709305,7.9334344245,1.4495465878420406,0.3155779048951099,6.483887836657959,2.210006792880106
55043,"Grant County, WI",WI,Low,61.06870229007634,0.06398080488499999,0.074527709305,-0.010546904420000003,Low,gradient_boosted_trees,-0.00873856972371697,0.00017494859478234064,-0.001808334696283033,-0.008537589494130637,6.398080488499999,7.4527709305,-1.0546904420000003,-0.873856972371697,0.017494859478234065,-0.1808334696283033,-0.8537589494130637
55045,"Green County, WI",WI,Low,46.4058524173028,0.07384004483,0.074527709305,-0.0006876644749999883,Low,gradient_boosted_trees,-0.01305671039359583,0.0018258598504174207,0.012369045918595842,-0.008333296462403614,7.384004483000001,7.4527709305,-0.06876644749999883,-1.305671039359583,0.18258598504174206,1.2369045918595842,-0.8333296462403614
55047,"Green Lake County, WI",WI,Low,58.0470737913486,0.087998272555,0.074527709305,0.013470563250000012,Low,gradient_boosted_trees,0.011054754557113168,0.0016456975849081308,0.0024158086928868436,0.013735264604299184,8.7998272555,7.4527709305,1.3470563250000012,1.105475455711317,0.1645697584908131,0.24158086928868436,1.3735264604299184
55053,"Jackson County, WI",WI,Low,48.05979643765903,0.069157744705,0.074527709305,-0.005369964599999999,Low,gradient_boosted_trees,0.0002136768542481567,0.0008832368072582513,-0.005583641454248156,-0.0009639266533454003,6.9157744705,7.4527709305,-0.5369964599999999,0.02136768542481567,0.08832368072582512,-0.5583641454248156,-0.09639266533454002
55055,"Jefferson County, WI",WI,Low,75.79516539440203,0.06867856252,0.074527709305,-0.005849146784999995,Low,gradient_boosted_trees,-0.005048810652336886,0.0006640187385003126,-0.0008003361326631092,-0.004192566662038045,6.867856252,7.4527709305,-0.5849146784999995,-0.5048810652336886,0.06640187385003125,-0.08003361326631092,-0.41925666620380453
55057,"Juneau County, WI",WI,Low,70.80152671755725,0.096719466815,0.074527709305,0.022191757510000007,Low,gradient_boosted_trees,0.01138323279425133,0.0022490249203129253,0.010808524715748677,0.0125634016587294,9.6719466815,7.4527709305,2.2191757510000008,1.138323279425133,0.22490249203129253,1.0808524715748677,1.2563401658729398
55063,"La Crosse County, WI",WI,Low,80.53435114503816,0.063972192525,0.074527709305,-0.010555516779999996,Low,gradient_boosted_trees,-0.007934435303747994,0.0010056479810261322,-0.002621081476252002,-0.007282399391589363,6.3972192525,7.4527709305,-1.0555516779999996,-0.7934435303747994,0.10056479810261322,-0.26210814762520024,-0.7282399391589363
55067,"Langlade County, WI",WI,Low,49.55470737913486,0.095637497065,0.074527709305,0.02110978776,Low,gradient_boosted_trees,0.012613624397947122,0.004149643053545988,0.008496163362052877,0.009189876689537973,9.5637497065,7.4527709305,2.1109787759999996,1.261362439794712,0.4149643053545988,0.8496163362052876,0.9189876689537974
55069,"Lincoln County, WI",WI,Low,52.639949109414765,0.07625380934,0.074527709305,0.001726100035000011,Low,gradient_boosted_trees,0.005747186073971934,0.004205230923665798,-0.004021086038971923,0.005708586017255123,7.625380934000001,7.4527709305,0.1726100035000011,0.5747186073971934,0.4205230923665798,-0.4021086038971923,0.5708586017255124
55071,"Manitowoc County, WI",WI,Low,68.92493638676844,0.08862167904,0.074527709305,0.014093969735000003,Low,gradient_boosted_trees,0.0038491678006590934,0.0047727062953128755,0.01024480193434091,0.003181857317664439,8.862167904,7.4527709305,1.4093969735000003,0.38491678006590935,0.47727062953128757,1.024480193434091,0.31818573176644394
55075,"Marinette County, WI",WI,Low,80.02544529262087,0.09003880542500001,0.074527709305,0.015511096120000012,Low,gradient_boosted_trees,0.00975890058983883,0.0034639869305377606,0.005752195530161182,0.01018913790274077,9.003880542500001,7.4527709305,1.5511096120000012,0.9758900589838829,0.3463986930537761,0.5752195530161183,1.018913790274077
55077,"Marquette County, WI",WI,Low,47.58269720101781,0.10142907048,0.074527709305,0.026901361175,Low,gradient_boosted_trees,0.01735171436489807,0.005448746101749596,0.009549646810101928,0.0205605671078772,10.142907048,7.4527709305,2.6901361175,1.735171436489807,0.5448746101749595,0.9549646810101928,2.0560567107877197
55081,"Monroe County, WI",WI,Low,78.84860050890585,0.065706402445,0.074527709305,-0.008821306859999989,Low,gradient_boosted_trees,-0.0025330159076162747,0.0028176986414156307,-0.006288290952383714,-0.0009000703630158931,6.570640244500001,7.4527709305,-0.8821306859999989,-0.25330159076162745,0.2817698641415631,-0.6288290952383714,-0.09000703630158931
55083,"Oconto County, WI",WI,Low,61.45038167938931,0.09322011318,0.074527709305,0.018692403875,Low,gradient_boosted_trees,0.006075828781685339,0.003668752399953583,0.01261657509331466,0.00664920727207792,9.322011318,7.4527709305,1.8692403874999999,0.6075828781685338,0.36687523999535826,1.261657509331466,0.6649207272077919
55085,"Oneida County, WI",WI,Low,62.531806615776084,0.08199782209,0.074527709305,0.00747011278500001,Low,gradient_boosted_trees,0.010019762884941797,0.004644560733819474,-0.0025496500999417863,0.009068863697566902,8.199782209,7.4527709305,0.747011278500001,1.0019762884941796,0.4644560733819474,-0.25496500999417865,0.9068863697566901
55087,"Outagamie County, WI",WI,Low,79.67557251908397,0.085630293015,0.074527709305,0.011102583710000002,Low,gradient_boosted_trees,-0.0094381294109145,0.0006798912226823879,0.020540713120914503,-0.00695009257902619,8.5630293015,7.4527709305,1.1102583710000002,-0.94381294109145,0.06798912226823879,2.0540713120914504,-0.6950092579026189
55089,"Ozaukee County, WI",WI,Low,50.31806615776081,0.055786829295,0.074527709305,-0.018740880009999995,Low,gradient_boosted_trees,-0.009152477041668232,0.0010909502110330648,-0.009588402968331763,-0.012974403273545649,5.5786829295,7.4527709305,-1.8740880009999996,-0.9152477041668232,0.10909502110330647,-0.9588402968331763,-1.297440327354565
55095,"Polk County, WI",WI,Low,63.295165394402034,0.08470085309,0.074527709305,0.010173143785000005,Low,gradient_boosted_trees,0.0029870346651366276,0.0016273621983341235,0.0071861091198633775,0.006848036014144556,8.470085309,7.4527709305,1.0173143785000005,0.29870346651366275,0.16273621983341235,0.7186109119863378,0.6848036014144556
55097,"Portage County, WI",WI,Low,62.72264631043257,0.07454687612,0.074527709305,1.916681499999906e-05,Low,gradient_boosted_trees,-0.003906993439296061,0.0026946511037599717,0.0039261602542960605,-0.005522081292519445,7.454687611999999,7.4527709305,0.001916681499999906,-0.39069934392960615,0.2694651103759972,0.39261602542960605,-0.5522081292519445
55103,"Richland County, WI",WI,Low,51.55852417302798,0.07146623445,0.074527709305,-0.003061474854999996,Low,gradient_boosted_trees,0.008715726494985749,0.0017885781254852974,-0.011777201349985745,0.004342579334379266,7.1466234449999995,7.4527709305,-0.3061474854999996,0.8715726494985748,0.17885781254852973,-1.1777201349985744,0.43425793343792657
55109,"St. Croix County, WI",WI,Low,64.12213740458014,0.06348068140999999,0.074527709305,-0.011047027895000006,Low,gradient_boosted_trees,-0.014623766683369769,0.0010864633744283243,0.003576738788369763,-0.01458063914098041,6.348068140999999,7.4527709305,-1.1047027895000006,-1.4623766683369768,0.10864633744283242,0.3576738788369763,-1.4580639140980411
55111,"Sauk County, WI",WI,Low,72.10559796437659,0.078911472165,0.074527709305,0.004383762860000001,Low,gradient_boosted_trees,-0.0008349704485329704,0.004299933459200983,0.0052187333085329714,0.005685583109435217,7.891147216499999,7.4527709305,0.4383762860000001,-0.08349704485329704,0.42999334592009836,0.5218733308532971,0.5685583109435217
55113,"Sawyer County, WI",WI,Low,74.49109414758269,0.0788332308,0.074527709305,0.004305521495000006,Low,gradient_boosted_trees,0.011622731975406328,0.001960809683241718,-0.007317210480406322,0.012775851750290541,7.88332308,7.4527709305,0.4305521495000006,1.1622731975406329,0.1960809683241718,-0.7317210480406322,1.277585175029054
55115,"Shawano County, WI",WI,Low,63.13613231552163,0.1010268772,0.074527709305,0.02649916789500001,Low,gradient_boosted_trees,0.0045701364146736295,0.004478584668818177,0.021929031480326378,0.006202664697903004,10.10268772,7.4527709305,2.6499167895000006,0.45701364146736295,0.4478584668818177,2.192903148032638,0.6202664697903004
55117,"Sheboygan County, WI",WI,Low,70.19720101781171,0.084086949145,0.074527709305,0.009559239840000011,Low,gradient_boosted_trees,-0.007972209995700535,0.002225607851833317,0.017531449835700548,-0.0073214978389975465,8.4086949145,7.4527709305,0.9559239840000011,-0.7972209995700535,0.22256078518333172,1.7531449835700548,-0.7321497838997546
55121,"Trempealeau County, WI",WI,Low,58.651399491094146,0.06370946947,0.074527709305,-0.010818239834999993,Low,gradient_boosted_trees,-0.009288517134716059,0.0013558497261386164,-0.001529722700283934,-0.006807648938129074,6.370946947,7.4527709305,-1.0818239834999992,-0.9288517134716059,0.13558497261386163,-0.1529722700283934,-0.6807648938129074
55123,"Vernon County, WI",WI,Low,74.96819338422391,0.09245399664000001,0.074527709305,0.017926287335000013,Low,gradient_boosted_trees,0.0060014343527166865,0.0035375718763228626,0.011924852982283327,0.007037091142965438,9.245399664,7.4527709305,1.7926287335000013,0.6001434352716687,0.35375718763228625,1.1924852982283327,0.7037091142965438
55125,"Vilas County, WI",WI,Low,63.26335877862596,0.074527709305,0.074527709305,0.0,Low,gradient_boosted_trees,0.014738995938655073,0.003601744304244873,-0.014738995938655073,0.00814030733536557,7.4527709305,7.4527709305,0.0,1.4738995938655073,0.36017443042448727,-1.4738995938655073,0.814030733536557
55127,"Walworth County, WI",WI,Low,74.77735368956743,0.07131271639,0.074527709305,-0.0032149929149999923,Low,gradient_boosted_trees,0.0001105570888291199,0.0012124045215611767,-0.0033255500038291124,0.0030860000079204245,7.131271639,7.4527709305,-0.32149929149999923,0.011055708882911991,0.12124045215611767,-0.33255500038291125,0.3086000007920425
55131,"Washington County, WI",WI,Low,68.32061068702289,0.059604257970000005,0.074527709305,-0.01492345133499999,Low,gradient_boosted_trees,-0.00887660427985503,0.0025792029881840034,-0.006046847055144961,-0.007775951952234565,5.960425797,7.4527709305,-1.492345133499999,-0.8876604279855029,0.25792029881840034,-0.604684705514496,-0.7775951952234565
55135,"Waupaca County, WI",WI,Low,67.58905852417303,0.09438211956,0.074527709305,0.01985441025500001,Low,gradient_boosted_trees,0.00037444366986182326,0.0016859225227961944,0.019479966585138186,0.004907153322225849,9.438211956,7.4527709305,1.985441025500001,0.03744436698618232,0.16859225227961944,1.9479966585138186,0.49071533222258495
55137,"Waushara County, WI",WI,Low,43.25699745547074,0.10056791125,0.074527709305,0.026040201945000008,Low,gradient_boosted_trees,0.015035487579039648,0.002228416239794939,0.01100471436596036,0.01724405890283243,10.056791125,7.4527709305,2.6040201945000008,1.5035487579039648,0.22284162397949392,1.100471436596036,1.724405890283243
55141,"Wood County, WI",WI,Low,75.89058524173028,0.075227706795,0.074527709305,0.0006999974900000067,Low,gradient_boosted_trees,0.002566594306098627,0.002560055893865298,-0.0018665968160986204,0.0024339887249893244,7.5227706795,7.4527709305,0.06999974900000067,0.2566594306098627,0.2560055893865298,-0.18665968160986204,0.24339887249893244
56001,"Albany County, WY",WY,Low,48.473282442748086,0.037265498455000004,0.074527709305,-0.03726221084999999,Low,gradient_boosted_trees,-0.00755561261269552,0.0011836541177288212,-0.029706598237304472,-0.012240632366307345,3.7265498455000006,7.4527709305,-3.7262210849999993,-0.755561261269552,0.11836541177288212,-2.9706598237304473,-1.2240632366307345
56013,"Fremont County, WY",WY,Low,59.732824427480914,0.06997407315500001,0.074527709305,-0.0045536361499999845,Low,gradient_boosted_trees,-0.007751710534221582,0.0041853073625148845,0.0031980743842215976,-0.006041715661767777,6.997407315500001,7.4527709305,-0.45536361499999845,-0.7751710534221582,0.41853073625148846,0.31980743842215975,-0.6041715661767777
56021,"Laramie County, WY",WY,Low,76.68575063613231,0.05491724196,0.074527709305,-0.019610467344999993,Low,gradient_boosted_trees,-0.0128265924833195,0.0042863100224355116,-0.006783874861680493,-0.010355618677233305,5.491724196,7.4527709305,-1.9610467344999993,-1.28265924833195,0.42863100224355116,-0.6783874861680493,-1.0355618677233305
56023,"Lincoln County, WY",WY,Low,51.908396946564885,0.11698817389999999,0.074527709305,0.042460464595,Low,gradient_boosted_trees,-0.0041198019908110966,0.0014828334049941537,0.046580266585811096,0.0015385185061883575,11.698817389999999,7.4527709305,4.2460464595,-0.41198019908110967,0.14828334049941536,4.658026658581109,0.15385185061883574
56025,"Natrona County, WY",WY,Low,68.86132315521628,0.03766554433,0.074527709305,-0.03686216497499999,Low,gradient_boosted_trees,-0.01664893952883176,0.0011949616904874027,-0.020213225446168232,-0.01810269429765652,3.766554433,7.4527709305,-3.6862164974999994,-1.664893952883176,0.11949616904874028,-2.0213225446168233,-1.810269429765652
56029,"Park County, WY",WY,Low,57.729007633587784,0.07555184657,0.074527709305,0.0010241372650000025,Low,gradient_boosted_trees,-0.001495854536762182,0.0008577562101083968,0.0025199918017621845,0.00013618631349293845,7.555184657,7.4527709305,0.10241372650000025,-0.1495854536762182,0.08577562101083969,0.2519991801762185,0.013618631349293845
56033,"Sheridan County, WY",WY,Low,65.20356234096693,0.064937733195,0.074527709305,-0.009589976109999995,Low,gradient_boosted_trees,0.011834092565880354,0.004997209621671886,-0.02142406867588035,0.006539793780385569,6.4937733195,7.4527709305,-0.9589976109999996,1.1834092565880354,0.4997209621671886,-2.142406867588035,0.6539793780385569
56039,"Teton County, WY",WY,Low,70.64249363867684,0.09290105134000001,0.074527709305,0.018373342035000018,Low,gradient_boosted_trees,-0.003020730351359066,0.002001584462832322,0.021394072386359084,0.0025753788083307107,9.290105134000001,7.4527709305,1.8373342035000018,-0.3020730351359066,0.20015844628323223,2.139407238635908,0.25753788083307105
01015,"Calhoun County, AL",AL,Medium,88.45419847328245,0.08095792046,0.06512935039500001,0.01582857006499999,Medium,gradient_boosted_trees,0.007918978520784404,0.0045265569071277,0.007909591544215588,0.012029670814212159,8.095792046,6.5129350395,1.5828570064999992,0.7918978520784403,0.45265569071277,0.7909591544215588,1.202967081421216
01031,"Coffee County, AL",AL,Medium,83.42875318066157,0.07652364767,0.06512935039500001,0.011394297274999993,Medium,gradient_boosted_trees,-0.007553086553360087,0.0014024339413049383,0.01894738382836008,-0.0069299114313293485,7.652364767,6.5129350395,1.1394297274999992,-0.7553086553360087,0.14024339413049383,1.894738382836008,-0.6929911431329349
01039,"Covington County, AL",AL,Medium,82.44274809160305,0.1546148093,0.06512935039500001,0.08948545890499998,Medium,gradient_boosted_trees,0.006989333674874513,0.0013424734816785792,0.08249612523012546,0.02306127716901626,15.461480929999999,6.5129350395,8.948545890499998,0.6989333674874514,0.13424734816785794,8.249612523012546,2.306127716901626
01043,"Cullman County, AL",AL,Medium,81.93384223918575,0.077249918645,0.06512935039500001,0.012120568249999991,Medium,gradient_boosted_trees,-0.001146030549753563,0.0021320206724925453,0.013266598799753554,0.0006693938079293028,7.7249918645,6.5129350395,1.212056824999999,-0.11460305497535629,0.21320206724925453,1.3266598799753555,0.06693938079293028
01053,"Escambia County, AL",AL,Medium,85.01908396946564,0.088044179355,0.06512935039500001,0.022914828959999994,Medium,gradient_boosted_trees,0.00798276953426693,0.0050046186503877365,0.014932059425733064,0.013912360140873511,8.8044179355,6.5129350395,2.2914828959999993,0.798276953426693,0.5004618650387737,1.4932059425733064,1.3912360140873512
01055,"Etowah County, AL",AL,Medium,87.34096692111959,0.08481407799999999,0.06512935039500001,0.01968472760499998,Medium,gradient_boosted_trees,0.0073477574713281405,0.0060775882821995164,0.01233697013367184,0.010055319237306156,8.4814078,6.5129350395,1.9684727604999979,0.734775747132814,0.6077588282199516,1.233697013367184,1.0055319237306155
01069,"Houston County, AL",AL,Medium,87.78625954198473,0.05360088871,0.06512935039500001,-0.011528461685000005,Medium,gradient_boosted_trees,-0.003363793313609078,0.002403237308920233,-0.008164668371390927,-0.0020846081078282324,5.360088871,6.5129350395,-1.1528461685000004,-0.3363793313609078,0.2403237308920233,-0.8164668371390926,-0.20846081078282325
01077,"Lauderdale County, AL",AL,Medium,85.49618320610686,0.0756918983,0.06512935039500001,0.010562547904999997,Medium,gradient_boosted_trees,-0.00012177194218808316,0.00042802936020445667,0.01068431984718808,0.0007596743585750064,7.569189830000001,6.5129350395,1.0562547904999997,-0.012177194218808316,0.042802936020445666,1.068431984718808,0.07596743585750064
01095,"Marshall County, AL",AL,Medium,87.30916030534351,0.094649708165,0.06512935039500001,0.02952035776999999,Medium,gradient_boosted_trees,0.0023879392970492293,0.0030168998683884497,0.02713241847295076,0.007929930908541341,9.4649708165,6.5129350395,2.952035776999999,0.23879392970492294,0.30168998683884496,2.713241847295076,0.792993090854134
01101,"Montgomery County, AL",AL,Medium,91.82569974554707,0.050939036495,0.06512935039500001,-0.014190313900000008,Medium,gradient_boosted_trees,-0.012938126854190102,0.004041393920348985,-0.0012521870458099063,-0.011516716368605606,5.0939036495,6.5129350395,-1.419031390000001,-1.2938126854190102,0.4041393920348985,-0.12521870458099063,-1.1516716368605606
01103,"Morgan County, AL",AL,Medium,88.83587786259542,0.06480638291499999,0.06512935039500001,-0.0003229674800000193,Medium,gradient_boosted_trees,0.00154947123213987,0.0023861710208194307,-0.0018724387121398893,0.00035020302931799394,6.480638291499999,6.5129350395,-0.03229674800000193,0.15494712321398701,0.23861710208194306,-0.18724387121398894,0.03502030293179939
01117,"Shelby County, AL",AL,Medium,90.2671755725191,0.044991796005,0.06512935039500001,-0.020137554390000006,Medium,gradient_boosted_trees,-0.007552056519301988,0.0009924319074490144,-0.012585497870698018,-0.007799713463439974,4.4991796005,6.5129350395,-2.0137554390000005,-0.7552056519301988,0.09924319074490144,-1.258549787069802,-0.7799713463439973
01121,"Talladega County, AL",AL,Medium,84.66921119592875,0.06896060366500001,0.06512935039500001,0.0038312532700000013,Medium,gradient_boosted_trees,0.02296324435546492,0.004676197416523461,-0.019131991085464917,0.013773780262532226,6.8960603665,6.5129350395,0.3831253270000001,2.296324435546492,0.46761974165234604,-1.9131991085464917,1.3773780262532227
01125,"Tuscaloosa County, AL",AL,Medium,90.80788804071247,0.050943181535,0.06512935039500001,-0.014186168860000008,Medium,gradient_boosted_trees,-0.004127360120272065,0.003147766582937137,-0.010058808739727943,-0.005322066683960695,5.0943181535,6.5129350395,-1.4186168860000008,-0.4127360120272065,0.3147766582937137,-1.0058808739727942,-0.5322066683960694
01127,"Walker County, AL",AL,Medium,82.60178117048346,0.05983553302,0.06512935039500001,-0.0052938173750000095,Medium,gradient_boosted_trees,0.012063294067684948,0.0011009548676894486,-0.01735711144268496,0.004649760385049724,5.983553302,6.5129350395,-0.529381737500001,1.2063294067684949,0.11009548676894486,-1.735711144268496,0.4649760385049724
02090,"Fairbanks North Star Borough, AK",AK,Medium,88.5178117048346,0.048040737575,0.06512935039500001,-0.01708861282000001,Medium,gradient_boosted_trees,-0.016112494573813384,0.005804045683125104,-0.0009761182461866247,-0.02252684260678314,4.8040737575,6.5129350395,-1.7088612820000009,-1.6112494573813383,0.5804045683125104,-0.09761182461866247,-2.252684260678314
02122,"Kenai Peninsula Borough, AK",AK,Medium,93.03435114503816,0.048808177625,0.06512935039500001,-0.01632117277000001,Medium,gradient_boosted_trees,-0.0030170758792952787,0.002832075234421825,-0.013304096890704732,-0.0038289320764469323,4.8808177624999995,6.5129350395,-1.632117277000001,-0.30170758792952784,0.28320752344218253,-1.330409689070473,-0.38289320764469326
02170,"Matanuska-Susitna Borough, AK",AK,Medium,93.25699745547074,0.056052276144999996,0.06512935039500001,-0.009077074250000011,Medium,gradient_boosted_trees,-0.0013851560048672943,0.003088720669277704,-0.007691918245132717,-0.0018464991179063378,5.6052276144999995,6.5129350395,-0.9077074250000011,-0.13851560048672942,0.3088720669277704,-0.7691918245132717,-0.18464991179063378
04003,"Cochise County, AZ",AZ,Medium,92.84351145038168,0.074853698185,0.06512935039500001,0.00972434778999999,Medium,gradient_boosted_trees,0.009239216990896864,0.007701241893080703,0.00048513079910312597,0.011771901306250799,7.4853698185,6.5129350395,0.972434778999999,0.9239216990896865,0.7701241893080704,0.0485130799103126,1.1771901306250798
04005,"Coconino County, AZ",AZ,Medium,94.21119592875317,0.06460496066,0.06512935039500001,-0.0005243897350000054,Medium,gradient_boosted_trees,-0.0010774265009750189,0.0027404099410088525,0.0005530367659750135,0.002483810406818961,6.460496066,6.5129350395,-0.05243897350000054,-0.10774265009750189,0.2740409941008852,0.05530367659750135,0.2483810406818961
04007,"Gila County, AZ",AZ,Medium,90.17175572519083,0.07254371156,0.06512935039500001,0.007414361164999994,Medium,gradient_boosted_trees,0.020207239978588528,0.004580944332507812,-0.012792878813588534,0.017730519527395457,7.254371156,6.5129350395,0.7414361164999994,2.0207239978588527,0.4580944332507812,-1.2792878813588533,1.7730519527395456
04012,"La Paz County, AZ",AZ,Medium,83.52417302798982,0.07091526549499999,0.06512935039500001,0.005785915099999983,Medium,gradient_boosted_trees,0.012781860656451092,0.002381163250027246,-0.006995945556451109,0.008382591708373745,7.091526549499999,6.5129350395,0.5785915099999983,1.2781860656451092,0.2381163250027246,-0.6995945556451109,0.8382591708373746
04017,"Navajo County, AZ",AZ,Medium,88.07251908396947,0.085427542805,0.06512935039500001,0.02029819241,Medium,gradient_boosted_trees,0.006868800942008376,0.0032764959295946672,0.013429391467991623,0.014495783990521278,8.5427542805,6.5129350395,2.0298192409999998,0.6868800942008376,0.3276495929594667,1.3429391467991623,1.4495783990521278
04021,"Pinal County, AZ",AZ,Medium,93.8295165394402,0.08936384833,0.06512935039500001,0.024234497934999988,Medium,gradient_boosted_trees,0.011065467543847214,0.0016245779065815636,0.013169030391152773,0.013020238966423405,8.936384833,6.5129350395,2.423449793499999,1.1065467543847214,0.16245779065815635,1.3169030391152774,1.3020238966423405
04023,"Santa Cruz County, AZ",AZ,Medium,88.32697201017811,0.08108405824,0.06512935039500001,0.015954707845,Medium,gradient_boosted_trees,0.012348560995985558,0.002834910092976073,0.0036061468490144414,0.013261115186199664,8.108405824,6.5129350395,1.5954707844999998,1.2348560995985558,0.2834910092976073,0.36061468490144416,1.3261115186199663
04025,"Yavapai County, AZ",AZ,Medium,93.73409669211196,0.07837184884000001,0.06512935039500001,0.013242498445,Medium,gradient_boosted_trees,0.013623865600274678,0.005882657532000138,-0.0003813671552746773,0.014935974342476677,7.837184884000001,6.5129350395,1.3242498445000002,1.3623865600274678,0.5882657532000137,-0.03813671552746773,1.4935974342476677
04027,"Yuma County, AZ",AZ,Medium,92.55725190839695,0.06273254231,0.06512935039500001,-0.0023968080850000073,Medium,gradient_boosted_trees,0.013468472188317579,0.006352740972166384,-0.015865280273317586,0.010301215984296824,6.273254231,6.5129350395,-0.23968080850000073,1.346847218831758,0.6352740972166384,-1.5865280273317586,1.0301215984296823
05007,"Benton County, AR",AR,Medium,88.74045801526718,0.064959746555,0.06512935039500001,-0.0001696038400000044,Medium,gradient_boosted_trees,-0.000611652928900977,0.003087491259737608,0.00044204908890097265,0.002474782565935361,6.4959746555,6.5129350395,-0.01696038400000044,-0.06116529289009771,0.3087491259737608,0.04420490889009727,0.24747825659353612
05031,"Craighead County, AR",AR,Medium,91.79389312977099,0.05504797803,0.06512935039500001,-0.010081372365000008,Medium,gradient_boosted_trees,-0.0031789627550954567,0.001072654017129513,-0.0069024096099045504,-0.004258962823379496,5.504797803,6.5129350395,-1.0081372365000008,-0.3178962755095457,0.1072654017129513,-0.6902409609904551,-0.4258962823379496
05035,"Crittenden County, AR",AR,Medium,82.95165394402035,0.08285164690499999,0.06512935039500001,0.017722296509999985,Medium,gradient_boosted_trees,-0.0019844735455709877,0.0040631346101866975,0.019706770055570973,0.014777991089222231,8.285164690499998,6.5129350395,1.7722296509999986,-0.19844735455709878,0.4063134610186698,1.9706770055570972,1.477799108922223
05045,"Faulkner County, AR",AR,Medium,86.16412213740458,0.049787740785,0.06512935039500001,-0.015341609610000008,Medium,gradient_boosted_trees,-0.0022318906763560743,0.0011551845129585583,-0.013109718933643934,-0.002257884469922188,4.9787740785,6.5129350395,-1.5341609610000009,-0.22318906763560742,0.11551845129585583,-1.3109718933643935,-0.22578844699221878
05051,"Garland County, AR",AR,Medium,89.31297709923665,0.077637770275,0.06512935039500001,0.012508419879999996,Medium,gradient_boosted_trees,0.005990058649149984,0.005732693512591119,0.006518361230850012,0.009689973178478098,7.763777027500001,6.5129350395,1.2508419879999997,0.5990058649149984,0.5732693512591119,0.6518361230850012,0.9689973178478097
05069,"Jefferson County, AR",AR,Medium,85.17811704834605,0.07520280191,0.06512935039500001,0.010073451514999998,Medium,gradient_boosted_trees,0.0031305161880619777,0.0013572536650859257,0.006942935326938021,0.006951775174581332,7.520280191,6.5129350395,1.0073451514999998,0.31305161880619775,0.13572536650859257,0.6942935326938021,0.6951775174581333
05093,"Mississippi County, AR",AR,Medium,89.2175572519084,0.07634303170000001,0.06512935039500001,0.011213681305,Medium,gradient_boosted_trees,-0.007160331059425228,0.003724714871113941,0.018374012364425228,0.0025784222927688867,7.634303170000001,6.5129350395,1.1213681305,-0.7160331059425228,0.3724714871113941,1.8374012364425227,0.25784222927688866
05131,"Sebastian County, AR",AR,Medium,86.80025445292621,0.06875168106,0.06512935039500001,0.0036223306649999926,Medium,gradient_boosted_trees,0.0008036220639280179,0.000730369403195352,0.002818708601071975,0.002208963059904278,6.875168106,6.5129350395,0.36223306649999926,0.08036220639280178,0.0730369403195352,0.2818708601071975,0.2208963059904278
05143,"Washington County, AR",AR,Medium,92.27099236641222,0.070767683395,0.06512935039500001,0.005638332999999995,Medium,gradient_boosted_trees,-0.002376736659724224,0.002477215787827897,0.00801506965972422,0.0026062232325321935,7.0767683395,6.5129350395,0.5638332999999995,-0.2376736659724224,0.24772157878278972,0.8015069659724219,0.2606223232532194
05145,"White County, AR",AR,Medium,85.71882951653944,0.05191242549,0.06512935039500001,-0.01321692490500001,Medium,gradient_boosted_trees,-0.0013902859745257557,0.0035675898937741683,-0.011826638930474255,-0.002811189213359449,5.191242549,6.5129350395,-1.3216924905000011,-0.13902859745257556,0.35675898937741685,-1.1826638930474256,-0.2811189213359449
06007,"Butte County, CA",CA,Medium,93.92493638676844,0.062964252565,0.06512935039500001,-0.002165097830000004,Medium,gradient_boosted_trees,-0.0024105200496593207,0.0020929374112476254,0.0002454222196593167,-0.00019118714067326692,6.2964252565,6.5129350395,-0.2165097830000004,-0.24105200496593207,0.20929374112476254,0.02454222196593167,-0.01911871406732669
06009,"Calaveras County, CA",CA,Medium,86.60941475826972,0.050368738829999996,0.06512935039500001,-0.014760611565000012,Medium,gradient_boosted_trees,-0.004551994249752674,0.0014264817882813248,-0.010208617315247338,-0.003154423724616059,5.036873882999999,6.5129350395,-1.4760611565000012,-0.45519942497526733,0.1426481788281325,-1.020861731524734,-0.3154423724616059
06011,"Colusa County, CA",CA,Medium,81.13867684478372,0.080449490145,0.06512935039500001,0.01532013974999999,Medium,gradient_boosted_trees,-0.006787010858698488,0.001113373540082264,0.022107150608698476,-0.0015059495854942888,8.0449490145,6.5129350395,1.532013974999999,-0.6787010858698488,0.1113373540082264,2.210715060869848,-0.1505949585494289
06017,"El Dorado County, CA",CA,Medium,91.41221374045801,0.053521651735,0.06512935039500001,-0.011607698660000006,Medium,gradient_boosted_trees,-0.00911520105886388,0.003088576471346387,-0.002492497601136125,-0.010845928557818733,5.3521651735,6.5129350395,-1.1607698660000005,-0.9115201058863881,0.3088576471346387,-0.2492497601136125,-1.0845928557818734
06031,"Kings County, CA",CA,Medium,92.43002544529261,0.062578820965,0.06512935039500001,-0.0025505294300000037,Medium,gradient_boosted_trees,0.0015744668246096428,0.007564518501126276,-0.004124996254609646,-0.005090083268504681,6.2578820965,6.5129350395,-0.25505294300000037,0.15744668246096427,0.7564518501126276,-0.41249962546096464,-0.509008326850468
06033,"Lake County, CA",CA,Medium,93.00254452926208,0.043750307955,0.06512935039500001,-0.02137904244000001,Medium,gradient_boosted_trees,0.010001926862281036,0.0038875293408989807,-0.03138096930228104,-0.0016267531691945996,4.3750307955,6.5129350395,-2.137904244000001,1.0001926862281036,0.3887529340898981,-3.1380969302281043,-0.16267531691945997
06043,"Mariposa County, CA",CA,Medium,86.41857506361323,0.06914603004,0.06512935039500001,0.004016679644999993,Medium,gradient_boosted_trees,0.001835302067376474,0.0013470332022133445,0.0021813775776235193,0.003532274079606508,6.914603004,6.5129350395,0.4016679644999993,0.1835302067376474,0.13470332022133444,0.21813775776235192,0.35322740796065083
06057,"Nevada County, CA",CA,Medium,89.8854961832061,0.047666290585,0.06512935039500001,-0.017463059810000008,Medium,gradient_boosted_trees,-0.0028220041280962263,0.005228724376563016,-0.014641055681903782,-0.00763046104199789,4.7666290585,6.5129350395,-1.7463059810000008,-0.2822004128096226,0.5228724376563015,-1.464105568190378,-0.763046104199789
06061,"Placer County, CA",CA,Medium,93.06615776081425,0.051740370585,0.06512935039500001,-0.013388979810000007,Medium,gradient_boosted_trees,-0.00829894693894137,0.001793099367482842,-0.005090032871058636,-0.012400119609861381,5.1740370585,6.5129350395,-1.3388979810000006,-0.8298946938941371,0.1793099367482842,-0.5090032871058636,-1.2400119609861382
06063,"Plumas County, CA",CA,Medium,86.38676844783714,0.06456712787499999,0.06512935039500001,-0.0005622225200000164,Medium,gradient_boosted_trees,-0.0002413167903351276,0.0022780067515999684,-0.00032090572966488875,-0.006778546030066518,6.456712787499999,6.5129350395,-0.05622225200000164,-0.02413167903351276,0.22780067515999683,-0.03209057296648887,-0.6778546030066518
06069,"San Benito County, CA",CA,Medium,85.24173027989822,0.039402973035,0.06512935039500001,-0.02572637736000001,Medium,gradient_boosted_trees,-0.009952606009705208,0.0009702515816128137,-0.015773771350294803,-0.013078110007245113,3.9402973034999995,6.5129350395,-2.5726377360000012,-0.9952606009705208,0.09702515816128136,-1.5773771350294803,-1.3078110007245114
06089,"Shasta County, CA",CA,Medium,93.38422391857506,0.045567939445,0.06512935039500001,-0.01956141095000001,Medium,gradient_boosted_trees,0.004901966658681925,0.0006376478084161141,-0.024463377608681936,-0.0030853162253900853,4.5567939445,6.5129350395,-1.956141095000001,0.4901966658681925,0.06376478084161141,-2.4463377608681935,-0.3085316225390085
06093,"Siskiyou County, CA",CA,Medium,89.02671755725191,0.059757379525,0.06512935039500001,-0.005371970870000006,Medium,gradient_boosted_trees,0.005661007067423844,0.008305137708302351,-0.01103297793742385,0.0019840276807431396,5.9757379525,6.5129350395,-0.5371970870000007,0.5661007067423844,0.8305137708302351,-1.103297793742385,0.19840276807431395
06101,"Sutter County, CA",CA,Medium,83.7150127226463,0.075345968985,0.06512935039500001,0.01021661858999999,Medium,gradient_boosted_trees,0.01813448323459507,0.005974457974565223,-0.007917864644595079,0.014926976050782585,7.534596898499999,6.5129350395,1.021661858999999,1.813448323459507,0.5974457974565223,-0.7917864644595078,1.4926976050782585
06103,"Tehama County, CA",CA,Medium,88.89949109414759,0.060923188815,0.06512935039500001,-0.004206161580000006,Medium,gradient_boosted_trees,0.012974671995925483,0.001953931968349251,-0.017180833575925487,0.008624968605203665,6.0923188815,6.5129350395,-0.42061615800000063,1.2974671995925482,0.1953931968349251,-1.7180833575925487,0.8624968605203666
06109,"Tuolumne County, CA",CA,Medium,85.20992366412213,0.048086858025,0.06512935039500001,-0.01704249237000001,Medium,gradient_boosted_trees,-0.000326266701013577,0.0055903473736155125,-0.016716225668986433,-0.004942317779042361,4.808685802499999,6.5129350395,-1.7042492370000009,-0.0326266701013577,0.5590347373615513,-1.6716225668986433,-0.4942317779042361
06113,"Yolo County, CA",CA,Medium,91.38040712468194,0.05752464609,0.06512935039500001,-0.007604704305000008,Medium,gradient_boosted_trees,-0.005532886093949172,0.0007323415776272895,-0.002071818211050836,-0.0048302754226435905,5.752464609,6.5129350395,-0.7604704305000008,-0.5532886093949172,0.07323415776272894,-0.2071818211050836,-0.48302754226435907
08001,"Adams County, CO",CO,Medium,91.18956743002545,0.06585760735,0.06512935039500001,0.0007282569549999923,Medium,gradient_boosted_trees,0.002982682161864284,0.004397112459632749,-0.0022544252068642918,-0.0024259762265242896,6.585760735,6.5129350395,0.07282569549999923,0.2982682161864284,0.43971124596327493,-0.22544252068642917,-0.24259762265242896
08005,"Arapahoe County, CO",CO,Medium,93.79770992366412,0.07303821657500001,0.06512935039500001,0.007908866180000002,Medium,gradient_boosted_trees,-0.012236719571943507,0.0007858172078462059,0.020145585751943508,-0.010953971636182213,7.303821657500001,6.5129350395,0.7908866180000002,-1.2236719571943506,0.0785817207846206,2.014558575194351,-1.0953971636182214
08013,"Boulder County, CO",CO,Medium,90.71246819338423,0.060217723165,0.06512935039500001,-0.004911627230000007,Medium,gradient_boosted_trees,-0.01399967545494146,0.0020763191743089914,0.009088048224941454,-0.018221933378531122,6.0217723165,6.5129350395,-0.4911627230000007,-1.399967545494146,0.20763191743089915,0.9088048224941454,-1.8221933378531123
08035,"Douglas County, CO",CO,Medium,88.70865139949109,0.04520208325,0.06512935039500001,-0.01992726714500001,Medium,gradient_boosted_trees,-0.013379685158032997,0.0019120422701051675,-0.0065475819869670136,-0.022276947446070935,4.520208325,6.5129350395,-1.9927267145000012,-1.3379685158032997,0.19120422701051676,-0.6547581986967014,-2.2276947446070934
08069,"Larimer County, CO",CO,Medium,90.13994910941476,0.057678543595,0.06512935039500001,-0.007450806800000008,Medium,gradient_boosted_trees,-0.006932280738129203,0.0021272381523446816,-0.0005185260618708054,-0.008651469592724014,5.7678543595,6.5129350395,-0.7450806800000008,-0.6932280738129203,0.21272381523446815,-0.05185260618708054,-0.8651469592724014
08101,"Pueblo County, CO",CO,Medium,82.50636132315522,0.08546094396500001,0.06512935039500001,0.02033159357,Medium,gradient_boosted_trees,0.014718685492859705,0.00810104275136407,0.005612908077140296,0.0143862063474243,8.546094396500001,6.5129350395,2.033159357,1.4718685492859704,0.8101042751364069,0.5612908077140296,1.43862063474243
08123,"Weld County, CO",CO,Medium,89.15394402035624,0.06594971252500001,0.06512935039500001,0.0008203621300000019,Medium,gradient_boosted_trees,-0.002460951578365872,0.001896819504167822,0.003281313708365874,-0.006120831925794619,6.594971252500001,6.5129350395,0.08203621300000019,-0.2460951578365872,0.1896819504167822,0.3281313708365874,-0.6120831925794619
10001,"Kent County, DE",DE,Medium,84.51017811704835,0.0519897518,0.06512935039500001,-0.01313959859500001,Medium,gradient_boosted_trees,0.009612755383434904,0.006826252903093705,-0.022752353978434912,0.006074488581211074,5.19897518,6.5129350395,-1.313959859500001,0.9612755383434904,0.6826252903093706,-2.2752353978434914,0.6074488581211074
12001,"Alachua County, FL",FL,Medium,90.33078880407125,0.069541192935,0.06512935039500001,0.004411842539999988,Medium,gradient_boosted_trees,-0.000497751107857802,0.0006547304759358178,0.00490959364785779,-0.0009441413353653463,6.9541192935,6.5129350395,0.44118425399999883,-0.049775110785780195,0.06547304759358179,0.490959364785779,-0.09441413353653463
12005,"Bay County, FL",FL,Medium,94.11577608142494,0.054244292995,0.06512935039500001,-0.010885057400000009,Medium,gradient_boosted_trees,0.0008886500200280201,0.0017781765078331425,-0.01177370742002803,-0.001018701060411518,5.4244292995,6.5129350395,-1.0885057400000009,0.08886500200280201,0.17781765078331424,-1.177370742002803,-0.10187010604115179
12019,"Clay County, FL",FL,Medium,81.07506361323156,0.072478408755,0.06512935039500001,0.007349058359999994,Medium,gradient_boosted_trees,-0.0044970763267556885,0.003942060566854577,0.011846134686755681,-0.0027299409061586326,7.2478408755,6.5129350395,0.7349058359999994,-0.44970763267556885,0.3942060566854577,1.184613468675568,-0.27299409061586327
12027,"DeSoto County, FL",FL,Medium,81.64758269720102,0.11113846275,0.06512935039500001,0.04600911235499999,Medium,gradient_boosted_trees,0.021109186995276488,0.0024358916696383347,0.024899925359723504,0.02573117676046403,11.113846275,6.5129350395,4.600911235499999,2.110918699527649,0.24358916696383348,2.4899925359723505,2.573117676046403
12035,"Flagler County, FL",FL,Medium,82.76081424936386,0.06852097698500001,0.06512935039500001,0.003391626590000002,Medium,gradient_boosted_trees,0.010686383760095028,0.002110980223492726,-0.0072947571700950255,0.010078272161976343,6.852097698500001,6.5129350395,0.3391626590000002,1.0686383760095028,0.2110980223492726,-0.7294757170095025,1.0078272161976343
12053,"Hernando County, FL",FL,Medium,87.97709923664122,0.1003221142,0.06512935039500001,0.035192763805,Medium,gradient_boosted_trees,0.011996860064755204,0.0028319548367731736,0.023195903740244793,0.01713546703939391,10.032211420000001,6.5129350395,3.5192763805,1.1996860064755204,0.28319548367731734,2.319590374024479,1.713546703939391
12055,"Highlands County, FL",FL,Medium,89.44020356234097,0.10297302905,0.06512935039500001,0.03784367865499999,Medium,gradient_boosted_trees,0.007918375341657022,0.009085259290888867,0.02992530331334297,0.01982435735498967,10.297302905,6.5129350395,3.7843678654999993,0.7918375341657022,0.9085259290888867,2.992530331334297,1.982435735498967
12069,"Lake County, FL",FL,Medium,91.92111959287533,0.07616556060999999,0.06512935039500001,0.01103621021499998,Medium,gradient_boosted_trees,0.011361148125918175,0.002029164031294243,-0.00032493791091819414,0.00977027349072003,7.616556060999999,6.5129350395,1.1036210214999982,1.1361148125918175,0.20291640312942433,-0.032493791091819414,0.977027349072003
12073,"Leon County, FL",FL,Medium,93.35241730279898,0.066405683005,0.06512935039500001,0.001276332609999986,Medium,gradient_boosted_trees,1.0630326130862087e-05,0.003476038240954906,0.001265702283869124,0.0018344394882094772,6.640568300499999,6.5129350395,0.1276332609999986,0.0010630326130862087,0.3476038240954906,0.1265702283869124,0.18344394882094772
12085,"Martin County, FL",FL,Medium,94.08396946564885,0.06780570116500001,0.06512935039500001,0.002676350770000002,Medium,gradient_boosted_trees,-0.006242562575300634,0.001962792663206003,0.008918913345300636,-0.0016493710012218615,6.780570116500001,6.5129350395,0.2676350770000002,-0.6242562575300634,0.19627926632060028,0.8918913345300636,-0.16493710012218615
12087,"Monroe County, FL",FL,Medium,91.6030534351145,0.069370064485,0.06512935039500001,0.004240714089999986,Medium,gradient_boosted_trees,-0.022930906065741774,0.006158464013973706,0.02717162015574176,-0.010647658677335596,6.937006448499999,6.5129350395,0.4240714089999986,-2.2930906065741774,0.6158464013973706,2.717162015574176,-1.0647658677335596
12091,"Okaloosa County, FL",FL,Medium,92.4618320610687,0.060965101885,0.06512935039500001,-0.00416424851000001,Medium,gradient_boosted_trees,-0.0016438526297836986,0.002400460802710415,-0.0025203958802163112,-0.0014853303028884975,6.0965101885,6.5129350395,-0.416424851000001,-0.16438526297836986,0.24004608027104152,-0.2520395880216311,-0.14853303028884976
12097,"Osceola County, FL",FL,Medium,91.95292620865139,0.07900451593499999,0.06512935039500001,0.013875165539999984,Medium,gradient_boosted_trees,0.0033282715600576195,0.002169865110852706,0.010546893979942365,-0.0003892329893469672,7.900451593499999,6.5129350395,1.3875165539999985,0.33282715600576196,0.2169865110852706,1.0546893979942364,-0.03892329893469672
12109,"St. Johns County, FL",FL,Medium,87.53180661577609,0.050773656220000005,0.06512935039500001,-0.014355694175000003,Medium,gradient_boosted_trees,-0.008012216300733137,0.001133221838677777,-0.006343477874266866,-0.013337691987521971,5.077365622,6.5129350395,-1.4355694175000002,-0.8012216300733137,0.1133221838677777,-0.6343477874266865,-1.3337691987521971
12113,"Santa Rosa County, FL",FL,Medium,88.96310432569975,0.06040562112,0.06512935039500001,-0.004723729275000005,Medium,gradient_boosted_trees,-0.0014972957672674022,0.0003286640722457564,-0.0032264335077326024,-0.005626864069088012,6.040562112,6.5129350395,-0.4723729275000005,-0.14972957672674023,0.03286640722457564,-0.32264335077326023,-0.5626864069088012
12117,"Seminole County, FL",FL,Medium,91.4440203562341,0.07660872674,0.06512935039500001,0.011479376344999986,Medium,gradient_boosted_trees,-0.0003367495606717505,0.0016683005918548847,0.011816125905671737,0.0030556198657165894,7.660872673999999,6.5129350395,1.1479376344999985,-0.03367495606717505,0.16683005918548846,1.1816125905671737,0.30556198657165895
12119,"Sumter County, FL",FL,Medium,87.59541984732824,0.047174465129999996,0.06512935039500001,-0.017954885265000012,Medium,gradient_boosted_trees,0.004814131845813204,0.003908737109888598,-0.022769017110813215,-0.009135628861291172,4.717446513,6.5129350395,-1.7954885265000011,0.48141318458132043,0.3908737109888598,-2.2769017110813214,-0.9135628861291172
12131,"Walton County, FL",FL,Medium,88.58142493638677,0.050535230635,0.06512935039500001,-0.01459411976000001,Medium,gradient_boosted_trees,0.002433661791736159,0.003395463726654632,-0.01702778155173617,-0.0010087749770755527,5.0535230635,6.5129350395,-1.459411976000001,0.2433661791736159,0.33954637266546317,-1.702778155173617,-0.10087749770755526
13057,"Cherokee County, GA",GA,Medium,85.2735368956743,0.06524170410999999,0.06512935039500001,0.00011235371499998537,Medium,gradient_boosted_trees,-0.006746714652278826,0.003518464963319769,0.006859068367278811,-0.0006510850637946755,6.524170410999999,6.5129350395,0.011235371499998537,-0.6746714652278826,0.3518464963319769,0.6859068367278811,-0.06510850637946755
13063,"Clayton County, GA",GA,Medium,86.73664122137404,0.12249577214999999,0.06512935039500001,0.05736642175499998,Medium,gradient_boosted_trees,0.011968155047632741,0.005473633489443774,0.04539826670736724,0.03006929457153185,12.249577214999999,6.5129350395,5.736642175499998,1.196815504763274,0.5473633489443774,4.5398266707367245,3.006929457153185
13089,"DeKalb County, GA",GA,Medium,94.27480916030534,0.050071717254999995,0.06512935039500001,-0.015057633140000012,Medium,gradient_boosted_trees,0.003008410442563059,0.0026995243691784704,-0.01806604358256307,0.0008018703750658257,5.007171725499999,6.5129350395,-1.5057633140000013,0.3008410442563059,0.26995243691784704,-1.8066043582563072,0.08018703750658257
13095,"Dougherty County, GA",GA,Medium,82.79262086513995,0.053823582295,0.06512935039500001,-0.011305768100000009,Medium,gradient_boosted_trees,0.005490686424825852,0.004885423916828678,-0.016796454524825862,-0.004784414498779635,5.382358229499999,6.5129350395,-1.1305768100000009,0.5490686424825852,0.4885423916828678,-1.6796454524825861,-0.47844144987796344
13115,"Floyd County, GA",GA,Medium,81.96564885496184,0.097936643205,0.06512935039500001,0.03280729281,Medium,gradient_boosted_trees,0.007732565765275951,0.0037639496033848446,0.02507472704472405,0.009201467842057198,9.793664320500001,6.5129350395,3.280729281,0.7732565765275952,0.37639496033848446,2.507472704472405,0.9201467842057198
13117,"Forsyth County, GA",GA,Medium,86.1323155216285,0.05008683998,0.06512935039500001,-0.015042510415000009,Medium,gradient_boosted_trees,-0.005188005894856757,0.006803951533700414,-0.009854504520143251,-0.01165712997223385,5.0086839979999995,6.5129350395,-1.5042510415000008,-0.5188005894856758,0.6803951533700414,-0.9854504520143251,-1.1657129972233848
13127,"Glynn County, GA",GA,Medium,83.68320610687023,0.06173484002,0.06512935039500001,-0.0033945103750000066,Medium,gradient_boosted_trees,0.006901801092980465,0.004140933586090981,-0.010296311467980473,0.007212204643042713,6.173484002,6.5129350395,-0.33945103750000066,0.6901801092980465,0.4140933586090981,-1.0296311467980472,0.7212204643042712
13139,"Hall County, GA",GA,Medium,84.2557251908397,0.062550456895,0.06512935039500001,-0.0025788935000000124,Medium,gradient_boosted_trees,0.0022084014662857223,0.0037735372077743246,-0.004787294966285735,-0.0005829967074347973,6.255045689499999,6.5129350395,-0.25788935000000124,0.22084014662857224,0.37735372077743246,-0.47872949662857345,-0.05829967074347973
13179,"Liberty County, GA",GA,Medium,83.04707379134861,0.08185688219500001,0.06512935039500001,0.0167275318,Medium,gradient_boosted_trees,0.00394915491729614,0.004627331911313569,0.01277837688270386,-0.002962549768532179,8.185688219500001,6.5129350395,1.67275318,0.394915491729614,0.4627331911313569,1.2778376882703861,-0.2962549768532179
13245,"Richmond County, GA",GA,Medium,87.40458015267176,0.08137927905,0.06512935039500001,0.016249928654999996,Medium,gradient_boosted_trees,0.0031500084203027346,0.003712294304279138,0.013099920234697261,0.007938963291018331,8.137927905,6.5129350395,1.6249928654999994,0.31500084203027345,0.3712294304279138,1.309992023469726,0.7938963291018332
13313,"Whitfield County, GA",GA,Medium,81.48854961832062,0.09804262128999999,0.06512935039500001,0.032913270894999985,Medium,gradient_boosted_trees,0.0027018513080428607,0.0022219001832225445,0.030211419586957125,0.00408090926062076,9.804262129,6.5129350395,3.2913270894999984,0.2701851308042861,0.22219001832225446,3.0211419586957127,0.408090926062076
15007,"Kauai County, HI",HI,Medium,84.44656488549617,0.076921587985,0.06512935039500001,0.01179223758999999,Medium,gradient_boosted_trees,0.002897818949856674,0.0006295663238239738,0.008894418640143316,0.005421167830179115,7.6921587984999995,6.5129350395,1.179223758999999,0.2897818949856674,0.06295663238239739,0.8894418640143317,0.5421167830179114
15009,"Maui County, HI",HI,Medium,93.12977099236642,0.069374891355,0.06512935039500001,0.004245540959999988,Medium,gradient_boosted_trees,-0.0036846410608767396,0.0041316120372840515,0.007930182020876728,0.0007156256366643684,6.9374891355,6.5129350395,0.4245540959999988,-0.36846410608767394,0.41316120372840515,0.7930182020876728,0.07156256366643683
16001,"Ada County, ID",ID,Medium,87.75445292620864,0.092477403645,0.06512935039500001,0.02734805324999999,Medium,gradient_boosted_trees,-0.001977370138111527,0.006391405544003999,0.02932542338811152,-0.0038481865850557052,9.2477403645,6.5129350395,2.734805324999999,-0.1977370138111527,0.6391405544004,2.932542338811152,-0.3848186585055705
16019,"Bonneville County, ID",ID,Medium,82.41094147582697,0.08941681941,0.06512935039500001,0.024287469014999993,Medium,gradient_boosted_trees,0.0033596454935254753,0.0022527495725111787,0.020927823521474518,0.00909142857287359,8.941681941,6.5129350395,2.4287469014999994,0.33596454935254755,0.22527495725111787,2.092782352147452,0.9091428572873589
17019,"Champaign County, IL",IL,Medium,90.45801526717557,0.050615641055,0.06512935039500001,-0.014513709340000007,Medium,gradient_boosted_trees,-0.0019201504210132174,0.0017661790564972321,-0.012593558918986789,-0.0012277684300844624,5.0615641055000005,6.5129350395,-1.4513709340000007,-0.19201504210132173,0.1766179056497232,-1.259355891898679,-0.12277684300844624
17077,"Jackson County, IL",IL,Medium,87.11832061068702,0.051769188065,0.06512935039500001,-0.013360162330000008,Medium,gradient_boosted_trees,-0.008058823039074703,0.0021068383457023645,-0.005301339290925305,-0.009924219761454692,5.1769188065,6.5129350395,-1.336016233000001,-0.8058823039074703,0.21068383457023646,-0.5301339290925305,-0.9924219761454692
17091,"Kankakee County, IL",IL,Medium,88.23155216284987,0.073031075765,0.06512935039500001,0.007901725369999987,Medium,gradient_boosted_trees,0.0010208683337661819,0.004139018368586979,0.006880857036233806,0.002627704850244379,7.3031075764999995,6.5129350395,0.7901725369999988,0.10208683337661818,0.4139018368586979,0.6880857036233806,0.2627704850244379
17099,"LaSalle County, IL",IL,Medium,86.10050890585241,0.07044380654499999,0.06512935039500001,0.00531445614999998,Medium,gradient_boosted_trees,0.006011421038873606,0.0006001084918320407,-0.0006969648888736262,0.008382453669815264,7.0443806544999985,6.5129350395,0.531445614999998,0.6011421038873606,0.060010849183204075,-0.06969648888736261,0.8382453669815264
17111,"McHenry County, IL",IL,Medium,90.77608142493638,0.061415177429999995,0.06512935039500001,-0.003714172965000012,Medium,gradient_boosted_trees,-0.002212039673046928,0.0013612045935698994,-0.0015021332919530842,-0.003512657990254451,6.141517743,6.5129350395,-0.3714172965000012,-0.2212039673046928,0.13612045935698994,-0.15021332919530841,-0.35126579902544514
17113,"McLean County, IL",IL,Medium,86.89567430025446,0.069460398665,0.06512935039500001,0.004331048269999999,Medium,gradient_boosted_trees,-0.00518186512141237,0.007322120673206052,0.009512913391412369,-8.562086563321404e-05,6.9460398665000005,6.5129350395,0.43310482699999986,-0.518186512141237,0.7322120673206052,0.9512913391412369,-0.008562086563321405
17115,"Macon County, IL",IL,Medium,83.30152671755725,0.065283257325,0.06512935039500001,0.000153906929999989,Medium,gradient_boosted_trees,-0.013592802475196527,0.006106605060018488,0.013746709405196516,-0.01055930613821998,6.5283257325,6.5129350395,0.0153906929999989,-1.3592802475196528,0.6106605060018487,1.3746709405196516,-1.055930613821998
17119,"Madison County, IL",IL,Medium,93.41603053435115,0.054632955605,0.06512935039500001,-0.010496394790000009,Medium,gradient_boosted_trees,-0.0009158686010753092,0.0010434687413768675,-0.0095805261889247,0.0012439388001111301,5.4632955605,6.5129350395,-1.049639479000001,-0.09158686010753092,0.10434687413768676,-0.95805261889247,0.12439388001111301
17143,"Peoria County, IL",IL,Medium,90.68066157760815,0.04388130789,0.06512935039500001,-0.02124804250500001,Medium,gradient_boosted_trees,-0.0056342569946826945,0.0031637969426105217,-0.015613785510317314,-0.014119450036653708,4.388130789,6.5129350395,-2.124804250500001,-0.5634256994682695,0.31637969426105217,-1.5613785510317315,-1.411945003665371
17161,"Rock Island County, IL",IL,Medium,84.12849872773536,0.051516657095,0.06512935039500001,-0.013612693300000006,Medium,gradient_boosted_trees,-0.0051902490276293034,0.0023086741798403125,-0.008422444272370704,-0.007508099851915264,5.1516657095000005,6.5129350395,-1.3612693300000007,-0.5190249027629303,0.23086741798403124,-0.8422444272370704,-0.7508099851915264
17167,"Sangamon County, IL",IL,Medium,91.69847328244275,0.045023227505,0.06512935039500001,-0.02010612289000001,Medium,gradient_boosted_trees,-0.00264785922144318,0.003267175499832912,-0.01745826366855683,-0.006030224075389404,4.5023227505,6.5129350395,-2.010612289000001,-0.264785922144318,0.32671754998329117,-1.745826366855683,-0.6030224075389403
17179,"Tazewell County, IL",IL,Medium,84.19211195928753,0.04718847029,0.06512935039500001,-0.017940880105000008,Medium,gradient_boosted_trees,-0.005331164964427981,0.007512150104948473,-0.012609715140572027,-0.005824848895724362,4.718847029,6.5129350395,-1.7940880105000008,-0.5331164964427981,0.7512150104948473,-1.2609715140572026,-0.5824848895724363
17199,"Williamson County, IL",IL,Medium,85.7824427480916,0.0453715328,0.06512935039500001,-0.019757817595000005,Medium,gradient_boosted_trees,0.002404042492224684,0.002406856214008768,-0.022161860087224688,-0.001174902453037149,4.53715328,6.5129350395,-1.9757817595000005,0.24040424922246842,0.2406856214008768,-2.216186008722469,-0.11749024530371491
17201,"Winnebago County, IL",IL,Medium,92.36641221374046,0.086269481575,0.06512935039500001,0.021140131179999994,Medium,gradient_boosted_trees,0.0078116011066363565,0.0033691417806308217,0.013328530073363636,0.01130400510303461,8.6269481575,6.5129350395,2.1140131179999995,0.7811601106636357,0.33691417806308216,1.3328530073363636,1.130400510303461
18003,"Allen County, IN",IN,Medium,90.83969465648855,0.074814295595,0.06512935039500001,0.00968494519999999,Medium,gradient_boosted_trees,0.0004891391462042127,0.0024672610987876023,0.009195806053795776,0.0019460714289206385,7.4814295594999995,6.5129350395,0.9684945199999989,0.048913914620421266,0.24672610987876023,0.9195806053795776,0.19460714289206385
18019,"Clark County, IN",IN,Medium,81.36132315521628,0.075458255195,0.06512935039500001,0.010328904799999997,Medium,gradient_boosted_trees,0.0015154856578126347,0.00487796511190161,0.008813419142187362,0.001893424257994128,7.5458255195,6.5129350395,1.0328904799999996,0.15154856578126347,0.487796511190161,0.8813419142187362,0.1893424257994128
18039,"Elkhart County, IN",IN,Medium,83.7468193384224,0.06924687503999999,0.06512935039500001,0.004117524644999981,Medium,gradient_boosted_trees,-0.0008721908072358425,0.00211808777310633,0.004989715452235824,0.0022988317487323195,6.924687503999999,6.5129350395,0.41175246449999814,-0.08721908072358425,0.21180877731063302,0.4989715452235824,0.22988317487323195
18057,"Hamilton County, IN",IN,Medium,88.80407124681933,0.052834634840000005,0.06512935039500001,-0.012294715555000002,Medium,gradient_boosted_trees,-0.007237614847767465,0.002402557248261401,-0.005057100707232537,-0.013349813416290482,5.283463484,6.5129350395,-1.2294715555000002,-0.7237614847767465,0.2402557248261401,-0.5057100707232537,-1.3349813416290481
18127,"Porter County, IN",IN,Medium,81.39312977099237,0.061601837825000005,0.06512935039500001,-0.003527512570000002,Medium,gradient_boosted_trees,-0.005717255152921538,0.002157912078264645,0.0021897425829215363,-0.007611830807838221,6.160183782500001,6.5129350395,-0.3527512570000002,-0.5717255152921539,0.2157912078264645,0.21897425829215364,-0.7611830807838221
18141,"St. Joseph County, IN",IN,Medium,85.81424936386769,0.079833393645,0.06512935039500001,0.014704043249999993,Medium,gradient_boosted_trees,0.0008503921434157434,0.0023390655808569927,0.01385365110658425,0.004019908699426457,7.9833393645,6.5129350395,1.4704043249999992,0.08503921434157434,0.23390655808569927,1.385365110658425,0.40199086994264566
18157,"Tippecanoe County, IN",IN,Medium,81.8384223918575,0.06981230451,0.06512935039500001,0.004682954114999999,Medium,gradient_boosted_trees,0.004809012974699934,0.002863938535908183,-0.00012605885969993545,0.0036119785364476147,6.981230451000001,6.5129350395,0.46829541149999987,0.48090129746999344,0.2863938535908183,-0.012605885969993545,0.3611978536447615
18163,"Vanderburgh County, IN",IN,Medium,91.31679389312977,0.063668175085,0.06512935039500001,-0.0014611753100000069,Medium,gradient_boosted_trees,8.272689514849119e-05,0.0012661853759958024,-0.001543902205148498,-0.0014107189551987864,6.3668175085000005,6.5129350395,-0.1461175310000007,0.008272689514849118,0.12661853759958025,-0.1543902205148498,-0.14107189551987864
18167,"Vigo County, IN",IN,Medium,83.20610687022901,0.069146580715,0.06512935039500001,0.004017230319999995,Medium,gradient_boosted_trees,0.009126030401421178,0.0031972095120771852,-0.0051088000814211824,0.013884947559796303,6.9146580715,6.5129350395,0.40172303199999954,0.9126030401421178,0.31972095120771854,-0.5108800081421182,1.3884947559796303
19103,"Johnson County, IA",IA,Medium,87.43638676844783,0.04091725315,0.06512935039500001,-0.024212097245000008,Medium,gradient_boosted_trees,-0.007867580701073436,0.003471702762259801,-0.016344516543926574,-0.011401694171243175,4.091725315,6.5129350395,-2.4212097245000006,-0.7867580701073437,0.3471702762259801,-1.6344516543926573,-1.1401694171243175
19113,"Linn County, IA",IA,Medium,86.70483460559797,0.045255444825000005,0.06512935039500001,-0.019873905570000003,Medium,gradient_boosted_trees,-0.0035166239198536043,0.0019047433368435695,-0.0163572816501464,-0.005382124625288412,4.525544482500001,6.5129350395,-1.9873905570000003,-0.3516623919853604,0.19047433368435696,-1.63572816501464,-0.5382124625288411
19153,"Polk County, IA",IA,Medium,91.98473282442748,0.05008865001,0.06512935039500001,-0.015040700385000008,Medium,gradient_boosted_trees,-0.004459953396051983,0.0006918444441458932,-0.010580746988948026,-0.007980587677805953,5.008865001,6.5129350395,-1.5040700385000008,-0.44599533960519827,0.06918444441458932,-1.0580746988948027,-0.7980587677805953
19163,"Scott County, IA",IA,Medium,84.89185750636132,0.039489948005,0.06512935039500001,-0.02563940239000001,Medium,gradient_boosted_trees,-0.007484542587622124,0.002853311795793594,-0.018154859802377885,-0.0058775819946495144,3.9489948004999995,6.5129350395,-2.563940239000001,-0.7484542587622124,0.2853311795793594,-1.8154859802377885,-0.5877581994649514
19193,"Woodbury County, IA",IA,Medium,83.26972010178118,0.06523008175,0.06512935039500001,0.00010073135499999442,Medium,gradient_boosted_trees,-0.006619050990093765,0.004274787133924534,0.00671978234509376,-0.004139535042629476,6.523008175,6.5129350395,0.010073135499999442,-0.6619050990093766,0.4274787133924534,0.671978234509376,-0.41395350426294764
20177,"Shawnee County, KS",KS,Medium,88.04071246819338,0.06446439675,0.06512935039500001,-0.0006649536450000076,Medium,gradient_boosted_trees,0.00011358438887832196,0.004758924130104351,-0.0007785380338783296,0.0021733302446598256,6.446439675,6.5129350395,-0.06649536450000076,0.011358438887832197,0.4758924130104351,-0.07785380338783296,0.21733302446598257
20209,"Wyandotte County, KS",KS,Medium,89.3765903307888,0.08532276367,0.06512935039500001,0.02019341327499999,Medium,gradient_boosted_trees,0.01815671001090786,0.00021127225211702241,0.0020367032640921275,0.021438118325029603,8.532276367,6.5129350395,2.019341327499999,1.8156710010907862,0.021127225211702242,0.20367032640921273,2.1438118325029603
21059,"Daviess County, KY",KY,Medium,88.13613231552164,0.060680655784999996,0.06512935039500001,-0.004448694610000012,Medium,gradient_boosted_trees,-0.001007538625186403,0.0006160916982358035,-0.0034411559848136087,-0.002191023354703359,6.0680655785,6.5129350395,-0.4448694610000012,-0.1007538625186403,0.061609169823580355,-0.34411559848136086,-0.2191023354703359
21067,"Fayette County, KY",KY,Medium,92.04834605597965,0.06154909083,0.06512935039500001,-0.0035802595650000074,Medium,gradient_boosted_trees,0.0041062619466718615,0.0031407894025071116,-0.007686521511671869,0.005603903712989808,6.154909083,6.5129350395,-0.35802595650000074,0.41062619466718614,0.31407894025071115,-0.7686521511671869,0.5603903712989808
21071,"Floyd County, KY",KY,Medium,94.17938931297711,0.09260625726999999,0.06512935039500001,0.027476906874999985,Medium,gradient_boosted_trees,-0.0016826179129363586,0.009559255023357324,0.029159524787936344,0.02248117582898558,9.260625726999999,6.5129350395,2.7476906874999987,-0.16826179129363586,0.9559255023357324,2.9159524787936344,2.248117582898558
21083,"Graves County, KY",KY,Medium,83.96946564885496,0.08911147833,0.06512935039500001,0.023982127934999986,Medium,gradient_boosted_trees,0.008584470867711464,0.0033494780615190844,0.015397657067288522,0.014326785863641374,8.911147833,6.5129350395,2.3982127934999986,0.8584470867711463,0.33494780615190844,1.5397657067288522,1.4326785863641374
21145,"McCracken County, KY",KY,Medium,89.66284987277355,0.052449964125,0.06512935039500001,-0.01267938627000001,Medium,gradient_boosted_trees,0.0008974734105034911,0.0011583385593618917,-0.013576859680503501,-0.0053698720092245685,5.2449964125,6.5129350395,-1.2679386270000008,0.08974734105034911,0.11583385593618917,-1.3576859680503501,-0.5369872009224569
21195,"Pike County, KY",KY,Medium,87.88167938931298,0.031073531085,0.06512935039500001,-0.034055819310000006,Medium,gradient_boosted_trees,0.015168139933423143,0.0015857736528300896,-0.04922395924342315,-0.00022353972695370072,3.1073531085000003,6.5129350395,-3.4055819310000004,1.5168139933423144,0.15857736528300898,-4.9223959243423145,-0.02235397269537007
21227,"Warren County, KY",KY,Medium,88.48600508905852,0.054970380265,0.06512935039500001,-0.010158970130000007,Medium,gradient_boosted_trees,0.001356077621392929,0.0018336385826338588,-0.011515047751392936,-0.0032585631742596067,5.4970380265,6.5129350395,-1.0158970130000007,0.1356077621392929,0.1833638582633859,-1.1515047751392937,-0.32585631742596066
22001,"Acadia Parish, LA",LA,Medium,88.61323155216286,0.045414318735,0.06512935039500001,-0.019715031660000007,Medium,gradient_boosted_trees,-0.009129187002899249,0.008090534431267537,-0.010585844657100758,-0.011370152585253604,4.5414318735,6.5129350395,-1.9715031660000006,-0.912918700289925,0.8090534431267538,-1.0585844657100758,-1.1370152585253603
22005,"Ascension Parish, LA",LA,Medium,92.14376590330788,0.055270463310000004,0.06512935039500001,-0.009858887085000004,Medium,gradient_boosted_trees,-0.009196340175381313,0.00041529377876717776,-0.0006625469096186911,-0.008643596207139935,5.527046331,6.5129350395,-0.9858887085000003,-0.9196340175381312,0.041529377876717774,-0.06625469096186912,-0.8643596207139935
22017,"Caddo Parish, LA",LA,Medium,92.6208651399491,0.026205444044999998,0.06512935039500001,-0.03892390635000001,Medium,gradient_boosted_trees,-0.009239383073319828,0.005182667088834774,-0.029684523276680183,-0.02043736978278783,2.6205444045,6.5129350395,-3.892390635000001,-0.9239383073319828,0.5182667088834774,-2.968452327668018,-2.0437369782787833
22045,"Iberia Parish, LA",LA,Medium,90.61704834605598,0.02549379982,0.06512935039500001,-0.03963555057500001,Medium,gradient_boosted_trees,-0.01562759226265018,0.0020085625872757556,-0.024007958312349833,-0.02139541532179113,2.549379982,6.5129350395,-3.963555057500001,-1.5627592262650178,0.20085625872757557,-2.400795831234983,-2.139541532179113
22057,"Lafourche Parish, LA",LA,Medium,91.34860050890585,0.04083160174,0.06512935039500001,-0.024297748655000007,Medium,gradient_boosted_trees,-0.018857665380682762,0.008832685306223538,-0.005440083274317244,-0.029018363478932305,4.083160174,6.5129350395,-2.4297748655000007,-1.8857665380682762,0.8832685306223538,-0.5440083274317244,-2.9018363478932305
22073,"Ouachita Parish, LA",LA,Medium,87.5,0.04250775152,0.06512935039500001,-0.02262159887500001,Medium,gradient_boosted_trees,-0.013793552328127892,0.0020494102359745487,-0.008828046546872118,-0.016931982906604012,4.250775152,6.5129350395,-2.262159887500001,-1.3793552328127892,0.20494102359745486,-0.8828046546872118,-1.6931982906604013
22079,"Rapides Parish, LA",LA,Medium,84.28753180661577,0.02926374484,0.06512935039500001,-0.035865605555000006,Medium,gradient_boosted_trees,-0.019090371287380708,0.004271440985094295,-0.016775234267619298,-0.021735431088538665,2.926374484,6.5129350395,-3.5865605555000006,-1.9090371287380707,0.42714409850942947,-1.67752342676193,-2.1735431088538664
22089,"St. Charles Parish, LA",LA,Medium,85.05089058524173,0.03945239418,0.06512935039500001,-0.025676956215000005,Medium,gradient_boosted_trees,-0.022063867854813738,0.006524364130992397,-0.0036130883601862666,-0.024996922568232133,3.9452394180000003,6.5129350395,-2.5676956215000004,-2.206386785481374,0.6524364130992397,-0.3613088360186267,-2.4996922568232134
22095,"St. John the Baptist Parish, LA",LA,Medium,81.5203562340967,0.048168380260000004,0.06512935039500001,-0.016960970135000003,Medium,gradient_boosted_trees,-0.012418820459677654,0.005368049209223348,-0.004542149675322349,-0.018535811152931733,4.816838026,6.5129350395,-1.6960970135000002,-1.2418820459677655,0.5368049209223348,-0.4542149675322349,-1.8535811152931732
22097,"St. Landry Parish, LA",LA,Medium,88.19974554707379,0.05097444157,0.06512935039500001,-0.014154908825000007,Medium,gradient_boosted_trees,-0.021203267492262298,0.0033884009694219053,0.007048358667262292,-0.011733563818328834,5.097444157,6.5129350395,-1.4154908825000008,-2.12032674922623,0.3388400969421905,0.7048358667262291,-1.1733563818328834
22099,"St. Martin Parish, LA",LA,Medium,87.27735368956743,0.02289790018,0.06512935039500001,-0.04223145021500001,Medium,gradient_boosted_trees,-0.010126186258607941,0.0023295476984020653,-0.032105263956392065,-0.02444339225632843,2.289790018,6.5129350395,-4.223145021500001,-1.012618625860794,0.23295476984020652,-3.2105263956392065,-2.444339225632843
22101,"St. Mary Parish, LA",LA,Medium,88.93129770992367,0.028214785835000002,0.06512935039500001,-0.03691456456,Medium,gradient_boosted_trees,-0.011538435358568485,0.007024261425297746,-0.025376129201431515,-0.025675027598263025,2.8214785835000002,6.5129350395,-3.691456456,-1.1538435358568486,0.7024261425297746,-2.5376129201431517,-2.5675027598263025
22105,"Tangipahoa Parish, LA",LA,Medium,93.32061068702289,0.03675001265,0.06512935039500001,-0.02837933774500001,Medium,gradient_boosted_trees,0.004668813932099986,0.0022808076704967685,-0.0330481516771,0.0009569518477071293,3.6750012649999997,6.5129350395,-2.837933774500001,0.46688139320999855,0.22808076704967684,-3.3048151677099997,0.09569518477071293
22109,"Terrebonne Parish, LA",LA,Medium,94.24300254452926,0.044667078900000004,0.06512935039500001,-0.020462271495000003,Medium,gradient_boosted_trees,-0.0157989648522926,0.005121117676271037,-0.004663306642707404,-0.022761680331078126,4.46670789,6.5129350395,-2.0462271495000004,-1.57989648522926,0.5121117676271038,-0.4663306642707404,-2.2761680331078127
22113,"Vermilion Parish, LA",LA,Medium,84.764631043257,0.04037384776,0.06512935039500001,-0.02475550263500001,Medium,gradient_boosted_trees,-0.007195824259899897,0.00586936406838409,-0.017559678375100113,-0.01437342259299651,4.037384776,6.5129350395,-2.475550263500001,-0.7195824259899897,0.586936406838409,-1.7559678375100112,-1.437342259299651
22117,"Washington Parish, LA",LA,Medium,85.52798982188295,0.053880292785,0.06512935039500001,-0.011249057610000009,Medium,gradient_boosted_trees,0.015525268213550209,0.0087254184945321,-0.026774325823550216,0.00465832754709478,5.3880292784999995,6.5129350395,-1.1249057610000008,1.552526821355021,0.87254184945321,-2.6774325823550216,0.46583275470947805
23031,"York County, ME",ME,Medium,81.45674300254453,0.07927838405,0.06512935039500001,0.01414903365499999,Medium,gradient_boosted_trees,0.0064469791109276935,0.005530744060763818,0.007702054544072297,0.009425558907433544,7.927838405,6.5129350395,1.414903365499999,0.6446979110927693,0.5530744060763818,0.7702054544072297,0.9425558907433543
24003,"Anne Arundel County, MD",MD,Medium,81.87022900763358,0.038520238814999996,0.06512935039500001,-0.02660911158000001,Medium,gradient_boosted_trees,-0.003914654709541791,0.0011451188795837469,-0.02269445687045822,-0.008652943272535626,3.8520238814999996,6.5129350395,-2.660911158000001,-0.3914654709541791,0.11451188795837469,-2.269445687045822,-0.8652943272535626
24005,"Baltimore City County, MD",MD,Medium,93.98854961832062,0.05059919991,0.06512935039500001,-0.014530150485000004,Medium,gradient_boosted_trees,-0.005572557904507958,0.0036695482790343927,-0.008957592580492047,-0.006033625420339555,5.059919991,6.5129350395,-1.4530150485000004,-0.5572557904507958,0.36695482790343925,-0.8957592580492048,-0.6033625420339555
24031,"Montgomery County, MD",MD,Medium,91.66666666666666,0.027941026235,0.06512935039500001,-0.03718832416000001,Medium,gradient_boosted_trees,-0.00951493833098947,0.004051234978827741,-0.027673385829010536,-0.010381634111587074,2.7941026234999997,6.5129350395,-3.7188324160000006,-0.9514938330989471,0.4051234978827741,-2.7673385829010537,-1.0381634111587075
24033,"Prince George's County, MD",MD,Medium,93.1615776081425,0.04180844947,0.06512935039500001,-0.023320900925000006,Medium,gradient_boosted_trees,0.0027096339167741314,0.0033167185805849614,-0.026030534841774138,-0.004916376061986517,4.180844947,6.5129350395,-2.3320900925000005,0.2709633916774131,0.33167185805849614,-2.603053484177414,-0.49163760619865166
25001,"Barnstable County, MA",MA,Medium,89.09033078880407,0.056871674395,0.06512935039500001,-0.008257676000000005,Medium,gradient_boosted_trees,-0.0051763182957952885,0.004172389624582735,-0.003081357704204717,-0.008143016254051474,5.6871674395000005,6.5129350395,-0.8257676000000005,-0.5176318295795288,0.41723896245827347,-0.3081357704204717,-0.8143016254051474
25003,"Berkshire County, MA",MA,Medium,84.00127226463104,0.06502861904000001,0.06512935039500001,-0.00010073135499999442,Medium,gradient_boosted_trees,0.002328014485395108,0.0028338040676773968,-0.0024287458403951024,-0.0014569564055616415,6.502861904000001,6.5129350395,-0.010073135499999442,0.2328014485395108,0.2833804067677397,-0.24287458403951023,-0.14569564055616416
25005,"Bristol County, MA",MA,Medium,89.85368956743002,0.058564097775000004,0.06512935039500001,-0.006565252620000003,Medium,gradient_boosted_trees,0.008918371930546449,0.0035757568282348447,-0.015483624550546452,0.005587348830545837,5.856409777500001,6.5129350395,-0.6565252620000004,0.8918371930546448,0.35757568282348445,-1.548362455054645,0.5587348830545836
25013,"Hampden County, MA",MA,Medium,92.77989821882952,0.05597807977,0.06512935039500001,-0.009151270625000006,Medium,gradient_boosted_trees,-0.0009205622114897182,0.012024886401993704,-0.008230708413510288,0.00019024995747204303,5.597807977,6.5129350395,-0.9151270625000006,-0.09205622114897181,1.2024886401993704,-0.8230708413510288,0.0190249957472043
25021,"Norfolk County, MA",MA,Medium,92.01653944020356,0.05367416948,0.06512935039500001,-0.011455180915000009,Medium,gradient_boosted_trees,-0.006231230480286944,0.00386921436648794,-0.005223950434713065,-0.0062667218281718135,5.367416948,6.5129350395,-1.145518091500001,-0.6231230480286943,0.38692143664879397,-0.5223950434713065,-0.6266721828171814
25023,"Plymouth County, MA",MA,Medium,90.36259541984732,0.06461885521,0.06512935039500001,-0.0005104951850000011,Medium,gradient_boosted_trees,-0.002371645211606351,0.0027839347771913495,0.0018611500266063497,-9.87899321123025e-05,6.461885521000001,6.5129350395,-0.05104951850000011,-0.23716452116063508,0.278393477719135,0.18611500266063497,-0.00987899321123025
25025,"Suffolk County, MA",MA,Medium,93.51145038167938,0.042874421535,0.06512935039500001,-0.02225492886000001,Medium,gradient_boosted_trees,-0.011060546555821829,0.004275479029476214,-0.01119438230417818,-0.01957002514451717,4.2874421535,6.5129350395,-2.225492886000001,-1.1060546555821829,0.42754790294762135,-1.119438230417818,-1.9570025144517171
25027,"Worcester County, MA",MA,Medium,93.54325699745547,0.063749242645,0.06512935039500001,-0.001380107750000012,Medium,gradient_boosted_trees,-0.002817966182272338,0.00227490714348842,0.0014378584322723262,0.0014392404479412865,6.3749242645,6.5129350395,-0.1380107750000012,-0.28179661822723384,0.227490714348842,0.14378584322723262,0.14392404479412865
26021,"Berrien County, MI",MI,Medium,81.71119592875317,0.081206858135,0.06512935039500001,0.016077507739999997,Medium,gradient_boosted_trees,0.0010951477108369601,0.000427443399678307,0.014982360029163037,0.003939428474318176,8.1206858135,6.5129350395,1.6077507739999997,0.10951477108369602,0.042744339967830704,1.4982360029163038,0.39394284743181757
26049,"Genesee County, MI",MI,Medium,92.17557251908397,0.062953744905,0.06512935039500001,-0.00217560549000001,Medium,gradient_boosted_trees,0.008394351894481017,0.002626811181617753,-0.010569957384481026,0.007580626072623599,6.2953744904999995,6.5129350395,-0.217560549000001,0.8394351894481017,0.2626811181617753,-1.0569957384481026,0.7580626072623599
26065,"Ingham County, MI",MI,Medium,87.24554707379136,0.072233944465,0.06512935039500001,0.007104594069999998,Medium,gradient_boosted_trees,0.007950442448932728,0.0017565853588704663,-0.0008458483789327304,0.004880079932668706,7.2233944465,6.5129350395,0.7104594069999998,0.7950442448932729,0.17565853588704664,-0.08458483789327303,0.4880079932668706
26077,"Kalamazoo County, MI",MI,Medium,81.67938931297711,0.07233296148,0.06512935039500001,0.007203611084999992,Medium,gradient_boosted_trees,0.0005006352231580262,0.0010124085768467457,0.006702975861841966,-0.0013646860693800422,7.233296148,6.5129350395,0.7203611084999992,0.05006352231580262,0.10124085768467457,0.6702975861841965,-0.13646860693800422
26081,"Kent County, MI",MI,Medium,92.20737913486005,0.092317916395,0.06512935039500001,0.027188565999999997,Medium,gradient_boosted_trees,0.006291509795714992,0.0014230881042775097,0.020897056204285006,0.004917014443064455,9.2317916395,6.5129350395,2.7188565999999996,0.6291509795714992,0.14230881042775095,2.0897056204285005,0.49170144430644547
26115,"Monroe County, MI",MI,Medium,82.47455470737913,0.06684279665000001,0.06512935039500001,0.0017134462550000007,Medium,gradient_boosted_trees,0.00475364351374434,0.003714360883315944,-0.003040197258744339,0.004530008537471119,6.684279665000001,6.5129350395,0.17134462550000007,0.47536435137443395,0.3714360883315944,-0.3040197258744339,0.4530008537471119
26139,"Ottawa County, MI",MI,Medium,82.8880407124682,0.086937563015,0.06512935039500001,0.02180821261999999,Medium,gradient_boosted_trees,0.002092950130033039,0.0031303314961662354,0.01971526248996695,0.006277631902214397,8.693756301499999,6.5129350395,2.180821261999999,0.20929501300330391,0.31303314961662354,1.971526248996695,0.6277631902214397
26145,"Saginaw County, MI",MI,Medium,88.54961832061069,0.07805198760500001,0.06512935039500001,0.012922637210000004,Medium,gradient_boosted_trees,0.011564553792861263,0.001962999313341177,0.0013580834171387415,0.012940653491008446,7.8051987605000015,6.5129350395,1.2922637210000003,1.1564553792861263,0.1962999313341177,0.13580834171387415,1.2940653491008445
26147,"St. Clair County, MI",MI,Medium,81.99745547073792,0.075062515735,0.06512935039500001,0.009933165339999994,Medium,gradient_boosted_trees,0.009369255517055607,0.0009093555625545581,0.0005639098229443876,0.007623691530241282,7.5062515735,6.5129350395,0.9933165339999994,0.9369255517055607,0.09093555625545581,0.05639098229443876,0.7623691530241281
26161,"Washtenaw County, MI",MI,Medium,89.28117048346056,0.057388276584999995,0.06512935039500001,-0.007741073810000013,Medium,gradient_boosted_trees,-0.00943753520438442,0.0041250989758341485,0.0016964613943844069,-0.005291051269194905,5.738827658499999,6.5129350395,-0.7741073810000012,-0.943753520438442,0.41250989758341483,0.1696461394384407,-0.5291051269194905
27003,"Anoka County, MN",MN,Medium,88.00890585241731,0.06234000159,0.06512935039500001,-0.002789348805000008,Medium,gradient_boosted_trees,-0.00208450437423558,0.0017740489523555988,-0.0007048444307644281,-0.0014093388393876148,6.234000159,6.5129350395,-0.2789348805000008,-0.208450437423558,0.17740489523555988,-0.0704844430764428,-0.14093388393876147
27037,"Dakota County, MN",MN,Medium,89.50381679389314,0.05489918964,0.06512935039500001,-0.010230160755000009,Medium,gradient_boosted_trees,-0.0048215871173005595,0.001905722825767138,-0.0054085736376994495,-0.004326105460622895,5.489918964,6.5129350395,-1.0230160755000008,-0.4821587117300559,0.1905722825767138,-0.540857363769945,-0.4326105460622895
27109,"Olmsted County, MN",MN,Medium,82.3473282442748,0.066988600895,0.06512935039500001,0.0018592504999999926,Medium,gradient_boosted_trees,-0.006342071434894475,0.0012641634602630991,0.008201321934894468,-0.006232224642908067,6.6988600895,6.5129350395,0.18592504999999926,-0.6342071434894475,0.1264163460263099,0.8201321934894469,-0.6232224642908066
27145,"Stearns County, MN",MN,Medium,87.56361323155217,0.06044733861,0.06512935039500001,-0.004682011785000009,Medium,gradient_boosted_trees,-0.0026076113224432064,0.0012703631615213129,-0.002074400462556803,-0.0013585471302209851,6.044733861,6.5129350395,-0.4682011785000009,-0.2607611322443206,0.1270363161521313,-0.2074400462556803,-0.1358547130220985
27163,"Washington County, MN",MN,Medium,83.87404580152672,0.05674957246,0.06512935039500001,-0.008379777935000006,Medium,gradient_boosted_trees,-0.013868711121488736,0.002474051970073333,0.00548893318648873,-0.015590582299604245,5.674957246,6.5129350395,-0.8379777935000006,-1.3868711121488737,0.2474051970073333,0.548893318648873,-1.5590582299604245
28033,"DeSoto County, MS",MS,Medium,88.99491094147582,0.054254216605,0.06512935039500001,-0.010875133790000005,Medium,gradient_boosted_trees,-0.005276573342339545,0.005333630174606783,-0.00559856044766046,-0.0017905900677630284,5.4254216605000005,6.5129350395,-1.0875133790000004,-0.5276573342339546,0.5333630174606783,-0.559856044766046,-0.17905900677630285
28045,"Hancock County, MS",MS,Medium,82.72900763358778,0.08627964683,0.06512935039500001,0.021150296434999993,Medium,gradient_boosted_trees,0.00012855951117338922,0.005450695097163189,0.021021736923826605,0.010761199201338565,8.627964683,6.5129350395,2.1150296434999993,0.012855951117338922,0.545069509716319,2.1021736923826606,1.0761199201338565
28049,"Hinds County, MS",MS,Medium,94.30661577608143,0.056001142845000004,0.06512935039500001,-0.009128207550000003,Medium,gradient_boosted_trees,-0.01850598918026038,0.0018642519991548627,0.009377781630260377,-0.015744640278386755,5.6001142845,6.5129350395,-0.9128207550000003,-1.850598918026038,0.18642519991548628,0.9377781630260377,-1.5744640278386755
28059,"Jackson County, MS",MS,Medium,92.33460559796438,0.06558590825499999,0.06512935039500001,0.0004565578599999842,Medium,gradient_boosted_trees,0.0008364084993023937,0.00330111779536085,-0.00037985063930240945,0.001324515311893287,6.5585908255,6.5129350395,0.04565578599999842,0.08364084993023936,0.330111779536085,-0.037985063930240946,0.1324515311893287
28075,"Lauderdale County, MS",MS,Medium,86.95928753180662,-0.003309037298,0.06512935039500001,-0.06843838769300001,Medium,gradient_boosted_trees,-0.013734574063331914,0.005465891742158248,-0.05470381362966809,-0.02001667209764383,-0.3309037298,6.5129350395,-6.8438387693000005,-1.3734574063331915,0.5465891742158248,-5.470381362966809,-2.001667209764383
28081,"Lee County, MS",MS,Medium,81.26590330788804,0.06356364738,0.06512935039500001,-0.0015657030150000029,Medium,gradient_boosted_trees,-0.008908004270369523,0.0026132835789413294,0.00734230125536952,-0.0071329589464651545,6.356364738000001,6.5129350395,-0.1565703015000003,-0.8908004270369523,0.26132835789413295,0.734230125536952,-0.7132958946465154
28089,"Madison County, MS",MS,Medium,82.12468193384224,0.048355679945,0.06512935039500001,-0.016773670450000007,Medium,gradient_boosted_trees,-0.008827291599819938,0.0020607861633272465,-0.00794637885018007,-0.010590186936398115,4.8355679945,6.5129350395,-1.6773670450000007,-0.8827291599819937,0.20607861633272465,-0.7946378850180069,-1.0590186936398116
28109,"Pearl River County, MS",MS,Medium,86.06870229007633,0.07154641324,0.06512935039500001,0.006417062844999988,Medium,gradient_boosted_trees,0.00410163188516098,0.007092411119121586,0.002315430959839008,0.007563767703533503,7.154641324,6.5129350395,0.6417062844999988,0.41016318851609795,0.7092411119121586,0.2315430959839008,0.7563767703533503
28121,"Rankin County, MS",MS,Medium,84.98727735368958,0.039842291239999994,0.06512935039500001,-0.025287059155000013,Medium,gradient_boosted_trees,-0.005614486963956216,0.004983419886186959,-0.019672572191043798,-0.006144807963613485,3.9842291239999996,6.5129350395,-2.5287059155000016,-0.5614486963956217,0.4983419886186959,-1.9672572191043798,-0.6144807963613486
28149,"Warren County, MS",MS,Medium,86.29134860050891,0.041861573235,0.06512935039500001,-0.02326777716000001,Medium,gradient_boosted_trees,-0.013306426457734952,0.0025316864826010316,-0.009961350702265058,-0.013925164193854292,4.1861573235,6.5129350395,-2.326777716000001,-1.3306426457734952,0.25316864826010316,-0.9961350702265057,-1.3925164193854291
28151,"Washington County, MS",MS,Medium,82.98346055979644,0.1048282122,0.06512935039500001,0.039698861805,Medium,gradient_boosted_trees,-0.007441111381348911,0.007565167780858337,0.04713997318634891,0.00018759630945596606,10.48282122,6.5129350395,3.9698861805,-0.744111138134891,0.7565167780858336,4.713997318634891,0.018759630945596607
29019,"Boone County, MO",MO,Medium,85.75063613231552,0.054156292155,0.06512935039500001,-0.010973058240000007,Medium,gradient_boosted_trees,-0.005886269763607975,0.0030436955973296926,-0.005086788476392032,-0.003273385423012643,5.4156292155,6.5129350395,-1.0973058240000007,-0.5886269763607975,0.30436955973296925,-0.5086788476392032,-0.3273385423012643
29023,"Butler County, MO",MO,Medium,83.11068702290076,0.069418082645,0.06512935039500001,0.004288732249999996,Medium,gradient_boosted_trees,0.022497178742475255,0.005317259663021434,-0.018208446492475258,0.018242482097413023,6.9418082645000005,6.5129350395,0.42887322499999964,2.2497178742475255,0.5317259663021434,-1.8208446492475259,1.8242482097413022
29029,"Camden County, MO",MO,Medium,88.39058524173028,0.06167519942,0.06512935039500001,-0.0034541509750000074,Medium,gradient_boosted_trees,0.019893673703175834,0.004070210701169265,-0.02334782467817584,0.012932533471832253,6.167519942,6.5129350395,-0.34541509750000077,1.9893673703175834,0.4070210701169265,-2.3347824678175844,1.2932533471832253
29031,"Cape Girardeau County, MO",MO,Medium,85.68702290076335,0.04020454054,0.06512935039500001,-0.024924809855000007,Medium,gradient_boosted_trees,-0.005199994470547389,0.0021034551264423325,-0.01972481538445262,-0.005529155897440394,4.020454054,6.5129350395,-2.4924809855000007,-0.5199994470547389,0.21034551264423323,-1.9724815384452619,-0.5529155897440394
29047,"Clay County, MO",MO,Medium,89.79007633587787,0.058633692005,0.06512935039500001,-0.006495658390000006,Medium,gradient_boosted_trees,-0.0043191864070568865,0.0006206501232628639,-0.0021764719829431194,-0.002327829940488138,5.8633692005,6.5129350395,-0.6495658390000005,-0.43191864070568864,0.062065012326286396,-0.21764719829431195,-0.23278299404881378
29071,"Franklin County, MO",MO,Medium,83.46055979643766,0.068456446465,0.06512935039500001,0.0033270960699999935,Medium,gradient_boosted_trees,-0.001992751105438903,0.0020076877687773,0.005319847175438897,0.00021265501625398954,6.8456446465,6.5129350395,0.33270960699999935,-0.1992751105438903,0.20076877687772998,0.5319847175438897,0.021265501625398954
29077,"Greene County, MO",MO,Medium,90.07633587786259,0.06921238787,0.06512935039500001,0.004083037474999995,Medium,gradient_boosted_trees,0.0015980260791480288,0.0034505323665101483,0.0024850113958519663,0.002795257518359725,6.921238787,6.5129350395,0.40830374749999954,0.15980260791480289,0.34505323665101484,0.24850113958519662,0.2795257518359725
29097,"Jasper County, MO",MO,Medium,85.59160305343512,0.07039969949,0.06512935039500001,0.005270349094999988,Medium,gradient_boosted_trees,0.006044335295360744,0.003660816761695664,-0.0007739862003607566,0.0071771056711353465,7.039969949,6.5129350395,0.5270349094999988,0.6044335295360744,0.3660816761695664,-0.07739862003607566,0.7177105671135346
29099,"Jefferson County, MO",MO,Medium,90.52162849872774,0.055956708705,0.06512935039500001,-0.00917264169000001,Medium,gradient_boosted_trees,0.001681558833113247,0.0022453927563373843,-0.010854200523113257,-0.0009929726261199178,5.595670870499999,6.5129350395,-0.9172641690000011,0.16815588331132472,0.22453927563373843,-1.0854200523113258,-0.09929726261199177
29183,"St. Charles County, MO",MO,Medium,92.58905852417303,0.05375920947,0.06512935039500001,-0.011370140925000008,Medium,gradient_boosted_trees,-0.007922799066622698,0.0025454719244823528,-0.00344734185837731,-0.007331192573850029,5.375920947,6.5129350395,-1.1370140925000007,-0.7922799066622698,0.25454719244823526,-0.34473418583773097,-0.7331192573850029
29213,"Taney County, MO",MO,Medium,84.03307888040712,0.08190318793500001,0.06512935039500001,0.016773837540000003,Medium,gradient_boosted_trees,0.0010710785929988558,0.0035573555498126757,0.01570275894700115,0.0062396347268919685,8.190318793500001,6.5129350395,1.6773837540000003,0.10710785929988557,0.3557355549812676,1.5702758947001147,0.6239634726891968
30013,"Cascade County, MT",MT,Medium,83.14249363867684,0.07323078579,0.06512935039500001,0.008101435394999995,Medium,gradient_boosted_trees,0.0027918126147351108,0.0017572728688391662,0.005309622780264884,0.00454410094624566,7.323078579000001,6.5129350395,0.8101435394999995,0.2791812614735111,0.17572728688391662,0.5309622780264884,0.45441009462456594
30029,"Flathead County, MT",MT,Medium,86.45038167938931,0.08571699220500001,0.06512935039500001,0.02058764181,Medium,gradient_boosted_trees,0.0033975888094850367,0.0030346400962732263,0.017190053000514963,0.011807861073016786,8.571699220500001,6.5129350395,2.058764181,0.33975888094850365,0.3034640096273226,1.7190053000514964,1.1807861073016785
30031,"Gallatin County, MT",MT,Medium,80.9796437659033,0.081451709685,0.06512935039500001,0.01632235928999999,Medium,gradient_boosted_trees,-0.0030982266536038416,0.0018412974335607585,0.01942058594360383,-0.0008009479173709957,8.1451709685,6.5129350395,1.632235928999999,-0.30982266536038416,0.18412974335607585,1.9420585943603832,-0.08009479173709956
30111,"Yellowstone County, MT",MT,Medium,83.5559796437659,0.0506752979,0.06512935039500001,-0.014454052495000008,Medium,gradient_boosted_trees,-0.0030229668876894204,0.004671848399959142,-0.011431085607310588,-0.005658624804879046,5.06752979,6.5129350395,-1.4454052495000007,-0.30229668876894206,0.46718483999591426,-1.1431085607310587,-0.5658624804879047
31109,"Lancaster County, NE",NE,Medium,90.7442748091603,0.055563654425,0.06512935039500001,-0.00956569597000001,Medium,gradient_boosted_trees,-0.0045224936688093575,0.00400235221956607,-0.005043202301190652,-0.0005643052698980932,5.5563654425,6.5129350395,-0.956569597000001,-0.45224936688093575,0.400235221956607,-0.5043202301190652,-0.05643052698980932
31153,"Sarpy County, NE",NE,Medium,83.58778625954199,0.062059638715000004,0.06512935039500001,-0.0030697116800000035,Medium,gradient_boosted_trees,-0.013667742049375792,0.005369058461884596,0.010598030369375788,-0.004796434141167202,6.205963871500001,6.5129350395,-0.30697116800000035,-1.3667742049375793,0.5369058461884596,1.0598030369375788,-0.4796434141167202
32005,"Douglas County, NV",NV,Medium,84.38295165394402,0.07554908222000001,0.06512935039500001,0.010419731825,Medium,gradient_boosted_trees,0.003667299019582104,0.0009376726831566026,0.0067524328054178965,0.00663708464988516,7.554908222000001,6.5129350395,1.0419731825,0.36672990195821037,0.09376726831566026,0.6752432805417896,0.663708464988516
32007,"Elko County, NV",NV,Medium,87.91348600508906,0.07491423917,0.06512935039500001,0.009784888774999986,Medium,gradient_boosted_trees,-0.01332144090274163,0.002181774680580646,0.023106329677741615,-0.005285679887629756,7.491423917,6.5129350395,0.9784888774999987,-1.332144090274163,0.21817746805806462,2.3106329677741613,-0.5285679887629756
33009,"Grafton County, NH",NH,Medium,81.77480916030534,0.08959716244499999,0.06512935039500001,0.024467812049999982,Medium,gradient_boosted_trees,-0.0022490356112054724,0.0010327152448932836,0.026716847661205453,0.003678870679749378,8.9597162445,6.5129350395,2.446781204999998,-0.22490356112054724,0.10327152448932836,2.671684766120545,0.3678870679749378
33011,"Hillsborough County, NH",NH,Medium,89.75826972010178,0.07174370959000001,0.06512935039500001,0.0066143591950000025,Medium,gradient_boosted_trees,-0.0058877024011575775,0.0015775466781138914,0.01250206159615758,-0.002980790482267788,7.174370959000001,6.5129350395,0.6614359195000002,-0.5887702401157577,0.15775466781138914,1.250206159615758,-0.2980790482267788
33015,"Rockingham County, NH",NH,Medium,85.84605597964376,0.07422731979,0.06512935039500001,0.009097969394999988,Medium,gradient_boosted_trees,-0.004513484896921427,0.002403107007220513,0.013611454291921416,-0.003474550575621573,7.422731979,6.5129350395,0.9097969394999988,-0.4513484896921427,0.2403107007220513,1.3611454291921417,-0.3474550575621573
34001,"Atlantic County, NJ",NJ,Medium,92.970737913486,0.08634216008500001,0.06512935039500001,0.02121280969,Medium,gradient_boosted_trees,0.009084011977583809,0.0022303592896975107,0.012128797712416192,0.013090649829511193,8.634216008500001,6.5129350395,2.121280969,0.9084011977583808,0.22303592896975108,1.2128797712416193,1.3090649829511194
34005,"Burlington County, NJ",NJ,Medium,93.60687022900763,0.06127780176,0.06512935039500001,-0.003851548635000007,Medium,gradient_boosted_trees,-0.0016045147043143605,0.0017806291370943063,-0.0022470339306856464,-7.43928358793441e-05,6.127780176,6.5129350395,-0.3851548635000007,-0.16045147043143607,0.17806291370943064,-0.22470339306856466,-0.007439283587934409
34007,"Camden County, NJ",NJ,Medium,93.22519083969466,0.07609401772,0.06512935039500001,0.010964667324999997,Medium,gradient_boosted_trees,0.009842568173538164,0.002058287049682347,0.0011220991514618323,0.010732439278455937,7.609401772,6.5129350395,1.0964667324999997,0.9842568173538164,0.2058287049682347,0.11220991514618323,1.0732439278455936
34009,"Cape May County, NJ",NJ,Medium,91.03053435114504,0.076885825745,0.06512935039500001,0.01175647534999999,Medium,gradient_boosted_trees,0.006887859062841746,0.003459712151659272,0.0048686162871582435,0.005712313835576593,7.6885825745,6.5129350395,1.175647534999999,0.6887859062841746,0.3459712151659272,0.48686162871582433,0.5712313835576593
34011,"Cumberland County, NJ",NJ,Medium,82.56997455470739,0.081133456375,0.06512935039500001,0.01600410597999999,Medium,gradient_boosted_trees,0.007697567725647065,0.00856599108671719,0.008306538254352923,0.010144402665723841,8.1133456375,6.5129350395,1.600410597999999,0.7697567725647064,0.856599108671719,0.8306538254352923,1.0144402665723842
34015,"Gloucester County, NJ",NJ,Medium,86.64122137404581,0.07099881386,0.06512935039500001,0.005869463464999988,Medium,gradient_boosted_trees,0.00204331393704065,0.005271608653406324,0.003826149527959338,-0.0022377303113389497,7.099881386,6.5129350395,0.5869463464999989,0.204331393704065,0.5271608653406324,0.3826149527959338,-0.22377303113389496
34027,"Morris County, NJ",NJ,Medium,92.87531806615776,0.0490693668,0.06512935039500001,-0.016059983595000007,Medium,gradient_boosted_trees,-0.006348243287519322,0.004818054958594875,-0.009711740307480687,-0.008100536004100932,4.90693668,6.5129350395,-1.6059983595000007,-0.6348243287519322,0.4818054958594875,-0.9711740307480686,-0.8100536004100931
34035,"Somerset County, NJ",NJ,Medium,90.93511450381679,0.059176842345,0.06512935039500001,-0.005952508050000006,Medium,gradient_boosted_trees,-0.00785977612416006,0.002273761145339991,0.0019072680741600533,-0.004985647533167287,5.9176842345,6.5129350395,-0.5952508050000006,-0.7859776124160059,0.22737611453399909,0.19072680741600534,-0.4985647533167287
35005,"Chaves County, NM",NM,Medium,87.62722646310432,0.06349396216,0.06512935039500001,-0.001635388235000007,Medium,gradient_boosted_trees,-0.004835805112173604,0.00827352941583878,0.003200416877173597,-0.003023312671904194,6.349396216,6.5129350395,-0.1635388235000007,-0.4835805112173604,0.827352941583878,0.3200416877173597,-0.3023312671904194
35015,"Eddy County, NM",NM,Medium,83.65139949109415,0.060395641075,0.06512935039500001,-0.004733709320000008,Medium,gradient_boosted_trees,-0.020251214955244817,0.007295415143415125,0.015517505635244809,-0.01871646151101941,6.0395641074999995,6.5129350395,-0.4733709320000008,-2.025121495524482,0.7295415143415125,1.5517505635244808,-1.871646151101941
35025,"Lea County, NM",NM,Medium,86.00508905852418,0.041819810304999996,0.06512935039500001,-0.02330954009000001,Medium,gradient_boosted_trees,-0.025710916789320706,0.0034416793537741536,0.0024013766993206953,-0.028338408084489,4.181981030499999,6.5129350395,-2.330954009000001,-2.5710916789320706,0.34416793537741536,0.24013766993206953,-2.8338408084489
35035,"Otero County, NM",NM,Medium,84.70101781170484,0.07369931245,0.06512935039500001,0.008569962054999991,Medium,gradient_boosted_trees,0.01215231994110654,0.0019608037417238565,-0.003582357886106549,0.015915499361954945,7.369931245,6.5129350395,0.8569962054999991,1.215231994110654,0.19608037417238566,-0.35823578861065486,1.5915499361954946
35041,"Roosevelt County, NM",NM,Medium,84.06488549618321,0.05896268349,0.06512935039500001,-0.006166666905000007,Medium,gradient_boosted_trees,-0.004574483797171388,0.003042440293532767,-0.001592183107828619,-0.003089412558895905,5.896268349,6.5129350395,-0.6166666905000007,-0.45744837971713875,0.3042440293532767,-0.1592183107828619,-0.3089412558895905
35045,"San Juan County, NM",NM,Medium,88.29516539440203,0.056353027875,0.06512935039500001,-0.008776322520000004,Medium,gradient_boosted_trees,0.010447871349375975,0.006421123057598444,-0.01922419386937598,-0.0019868413124033363,5.635302787500001,6.5129350395,-0.8776322520000004,1.0447871349375975,0.6421123057598445,-1.922419386937598,-0.19868413124033363
35049,"Santa Fe County, NM",NM,Medium,85.97328244274809,0.056428591535,0.06512935039500001,-0.008700758860000005,Medium,gradient_boosted_trees,0.004090079166316102,0.004647548493657737,-0.012790838026316108,0.007210120257976079,5.6428591535,6.5129350395,-0.8700758860000004,0.40900791663161024,0.46475484936577366,-1.2790838026316107,0.7210120257976079
36001,"Albany County, NY",NY,Medium,85.87786259541986,0.042332803,0.06512935039500001,-0.022796547395000005,Medium,gradient_boosted_trees,-0.0009284122929372139,0.002305735496579945,-0.021868135102062793,-0.009863554848785178,4.2332803000000006,6.5129350395,-2.2796547395000006,-0.09284122929372139,0.23057354965799448,-2.1868135102062793,-0.9863554848785178
36007,"Broome County, NY",NY,Medium,87.46819338422391,0.07045581536500001,0.06512935039500001,0.00532646497,Medium,gradient_boosted_trees,0.008940186229213996,0.004104136124839501,-0.003613721259213996,0.007723727243258118,7.0455815365,6.5129350395,0.532646497,0.8940186229213996,0.41041361248395014,-0.3613721259213996,0.7723727243258118
36009,"Cattaraugus County, NY",NY,Medium,81.58396946564885,0.08165408736499999,0.06512935039500001,0.01652473696999998,Medium,gradient_boosted_trees,0.004803994308216577,0.001147848685448815,0.011720742661783405,0.008142647590897327,8.165408736499998,6.5129350395,1.6524736969999982,0.4803994308216577,0.1147848685448815,1.1720742661783405,0.8142647590897327
36013,"Chautauqua County, NY",NY,Medium,84.63740458015268,0.07835345885,0.06512935039500001,0.013224108454999994,Medium,gradient_boosted_trees,0.0071416698629635615,0.0010104152503089278,0.006082438592036433,0.011585297902678718,7.835345885000001,6.5129350395,1.3224108454999994,0.7141669862963561,0.10104152503089278,0.6082438592036433,1.1585297902678717
36025,"Delaware County, NY",NY,Medium,83.33333333333334,0.058691378275,0.06512935039500001,-0.00643797212000001,Medium,gradient_boosted_trees,0.009256618428036737,0.0025409353379445285,-0.01569459054803675,0.009469531986776268,5.8691378274999995,6.5129350395,-0.6437972120000011,0.9256618428036737,0.2540935337944529,-1.5694590548036749,0.9469531986776268
36027,"Dutchess County, NY",NY,Medium,88.26335877862596,0.08295354984,0.06512935039500001,0.017824199444999994,Medium,gradient_boosted_trees,-0.0044985447340115305,0.0016086035883281394,0.022322744179011526,0.00040674272067873926,8.295354984,6.5129350395,1.7824199444999995,-0.44985447340115303,0.16086035883281394,2.2322744179011527,0.040674272067873926
36055,"Monroe County, NY",NY,Medium,93.76590330788804,0.073725784305,0.06512935039500001,0.008596433909999993,Medium,gradient_boosted_trees,0.006438091872172105,0.0027876699921108423,0.0021583420378278872,0.006915232032383854,7.3725784305,6.5129350395,0.8596433909999992,0.6438091872172105,0.2787669992110842,0.21583420378278872,0.6915232032383853
36063,"Niagara County, NY",NY,Medium,83.36513994910942,0.090304877325,0.06512935039500001,0.025175526929999997,Medium,gradient_boosted_trees,0.008149612332365691,0.0021171679007435705,0.017025914597634306,0.009916707838662938,9.030487732500001,6.5129350395,2.517552693,0.8149612332365691,0.21171679007435706,1.7025914597634306,0.9916707838662938
36065,"Oneida County, NY",NY,Medium,86.32315521628499,0.07180855667,0.06512935039500001,0.006679206274999988,Medium,gradient_boosted_trees,0.010054892653310566,0.0014605342055318733,-0.0033756863783105783,0.011394649419054895,7.180855666999999,6.5129350395,0.6679206274999988,1.0054892653310565,0.14605342055318732,-0.33756863783105784,1.1394649419054894
36067,"Onondaga County, NY",NY,Medium,91.2531806615776,0.076799280195,0.06512935039500001,0.011669929799999992,Medium,gradient_boosted_trees,-0.0026541212212779705,0.0026165948180997198,0.014324051021277963,4.209417573971097e-05,7.6799280195,6.5129350395,1.1669929799999992,-0.2654121221277971,0.261659481809972,1.4324051021277964,0.004209417573971097
36071,"Orange County, NY",NY,Medium,90.5852417302799,0.06659577489,0.06512935039500001,0.0014664244949999933,Medium,gradient_boosted_trees,0.004817984356049809,0.0006019039761196856,-0.003351559861049816,0.005195298222744643,6.659577489,6.5129350395,0.14664244949999933,0.4817984356049809,0.06019039761196856,-0.3351559861049816,0.5195298222744643
36083,"Rensselaer County, NY",NY,Medium,82.15648854961832,0.056895374395000003,0.06512935039500001,-0.008233976000000004,Medium,gradient_boosted_trees,0.003356205770383668,0.002120108439581436,-0.011590181770383672,-0.0028713209769999225,5.6895374395000005,6.5129350395,-0.8233976000000004,0.3356205770383668,0.21201084395814357,-1.1590181770383672,-0.28713209769999226
36085,"Richmond County, NY",NY,Medium,90.99872773536896,0.06324027805,0.06512935039500001,-0.0018890723450000063,Medium,gradient_boosted_trees,-0.002181563846214605,0.0014731368753462036,0.00029249150121459866,-0.005217731978624965,6.324027805,6.5129350395,-0.18890723450000063,-0.2181563846214605,0.14731368753462037,0.029249150121459865,-0.5217731978624964
36087,"Rockland County, NY",NY,Medium,88.42239185750637,0.052790758315,0.06512935039500001,-0.012338592080000009,Medium,gradient_boosted_trees,-0.010401495594405041,0.006435364237012589,-0.001937096485594968,-0.018791396330758138,5.2790758315,6.5129350395,-1.2338592080000008,-1.0401495594405041,0.6435364237012589,-0.1937096485594968,-1.8791396330758139
36111,"Ulster County, NY",NY,Medium,87.69083969465649,0.087611913305,0.06512935039500001,0.02248256290999999,Medium,gradient_boosted_trees,0.008518516983245811,0.003074770937178268,0.013964045926754178,0.009921638218619572,8.761191330499999,6.5129350395,2.248256290999999,0.8518516983245812,0.3074770937178268,1.3964045926754178,0.9921638218619572
37013,"Beaufort County, NC",NC,Medium,88.16793893129771,0.087394836235,0.06512935039500001,0.022265485839999988,Medium,gradient_boosted_trees,0.003472843586499403,0.0027850913610174837,0.018792642253500583,0.004243153041345644,8.7394836235,6.5129350395,2.2265485839999988,0.3472843586499403,0.2785091361017484,1.8792642253500584,0.4243153041345644
37017,"Bladen County, NC",NC,Medium,84.57379134860051,0.068118590235,0.06512935039500001,0.002989239839999991,Medium,gradient_boosted_trees,0.02805166643464598,0.004491133979568826,-0.025062426594645987,0.02015229650085415,6.8118590235,6.5129350395,0.2989239839999991,2.805166643464598,0.4491133979568826,-2.506242659464599,2.015229650085415
37021,"Buncombe County, NC",NC,Medium,89.34478371501272,0.07292978883000001,0.06512935039500001,0.007800438435000001,Medium,gradient_boosted_trees,0.0034635475470677006,0.0041747477418583884,0.0043368908879323,0.006850500674415571,7.292978883000001,6.5129350395,0.7800438435000001,0.3463547547067701,0.41747477418583884,0.43368908879323,0.685050067441557
37025,"Cabarrus County, NC",NC,Medium,87.05470737913485,0.06843334576999999,0.06512935039500001,0.0033039953749999795,Medium,gradient_boosted_trees,0.00626590397403183,0.0030705365597563775,-0.0029619085990318502,0.006592117975727611,6.8433345769999985,6.5129350395,0.33039953749999795,0.626590397403183,0.3070536559756378,-0.296190859903185,0.6592117975727612
37031,"Carteret County, NC",NC,Medium,93.4796437659033,0.068216217845,0.06512935039500001,0.0030868674499999887,Medium,gradient_boosted_trees,0.004457245982924724,0.0011000612043953687,-0.001370378532924735,0.0033754882919512317,6.8216217845,6.5129350395,0.3086867449999989,0.44572459829247235,0.11000612043953688,-0.1370378532924735,0.3375488291951232
37047,"Columbus County, NC",NC,Medium,86.86386768447836,0.10385527794999999,0.06512935039500001,0.038725927554999984,Medium,gradient_boosted_trees,0.021964669394284226,0.00605524050731723,0.016761258160715758,0.024230305241663197,10.385527795,6.5129350395,3.8725927554999986,2.1964669394284226,0.605524050731723,1.6761258160715757,2.42303052416632
37049,"Craven County, NC",NC,Medium,93.57506361323156,0.061338730645,0.06512935039500001,-0.0037906197500000086,Medium,gradient_boosted_trees,0.00491257195624686,0.0014212053567424978,-0.008703191706246869,0.0037271882954924155,6.1338730644999995,6.5129350395,-0.37906197500000083,0.49125719562468595,0.1421205356742498,-0.8703191706246869,0.37271882954924157
37051,"Cumberland County, NC",NC,Medium,89.47201017811705,0.06965631345500001,0.06512935039500001,0.00452696306,Medium,gradient_boosted_trees,-0.002152374092836401,0.001611885715971468,0.006679337152836401,-0.0025055976856552375,6.9656313455,6.5129350395,0.452696306,-0.21523740928364013,0.1611885715971468,0.6679337152836401,-0.25055976856552375
37055,"Dare County, NC",NC,Medium,89.59923664122137,0.07387764711,0.06512935039500001,0.008748296714999992,Medium,gradient_boosted_trees,0.005121834104769023,0.006314596216239116,0.0036264626102309695,0.005354190307900166,7.387764711,6.5129350395,0.8748296714999992,0.5121834104769023,0.6314596216239116,0.36264626102309694,0.5354190307900166
37057,"Davidson County, NC",NC,Medium,87.21374045801527,0.071065647685,0.06512935039500001,0.005936297289999989,Medium,gradient_boosted_trees,0.007348311008913831,0.0019626216212160845,-0.0014120137189138418,0.007347897929158764,7.106564768499999,6.5129350395,0.593629728999999,0.7348311008913831,0.19626216212160846,-0.14120137189138418,0.7347897929158764
37061,"Duplin County, NC",NC,Medium,89.40839694656488,0.1235679941,0.06512935039500001,0.05843864370499999,Medium,gradient_boosted_trees,0.014371105724777719,0.003947185003378763,0.04406753798022227,0.022858285638093313,12.356799409999999,6.5129350395,5.843864370499999,1.437110572477772,0.3947185003378763,4.406753798022227,2.285828563809331
37063,"Durham County, NC",NC,Medium,89.63104325699746,0.065902494735,0.06512935039500001,0.0007731443399999899,Medium,gradient_boosted_trees,0.000704297009487532,0.0012495106247648973,6.884733051245792e-05,0.0030948632812522817,6.5902494735,6.5129350395,0.07731443399999899,0.0704297009487532,0.12495106247648972,0.006884733051245793,0.30948632812522814
37067,"Forsyth County, NC",NC,Medium,91.53944020356234,0.06879388278500001,0.06512935039500001,0.0036645323900000026,Medium,gradient_boosted_trees,0.003746605915040991,0.003752940495625308,-8.207352504098833e-05,0.0030334769685960777,6.879388278500001,6.5129350395,0.36645323900000026,0.3746605915040991,0.37529404956253076,-0.008207352504098833,0.3033476968596078
37071,"Gaston County, NC",NC,Medium,84.86005089058524,0.08454118161999999,0.06512935039500001,0.01941183122499998,Medium,gradient_boosted_trees,0.007178393082975146,0.004326078850161509,0.012233438142024836,0.009837972815307251,8.454118161999999,6.5129350395,1.9411831224999982,0.7178393082975145,0.4326078850161509,1.2233438142024835,0.9837972815307251
37081,"Guilford County, NC",NC,Medium,93.44783715012723,0.06483813255000001,0.06512935039500001,-0.0002912178449999969,Medium,gradient_boosted_trees,0.0035408382712396546,0.002206473646253444,-0.0038320561162396515,0.004311093488816372,6.483813255000001,6.5129350395,-0.029121784499999692,0.35408382712396547,0.2206473646253444,-0.38320561162396516,0.4311093488816372
37089,"Henderson County, NC",NC,Medium,83.77862595419847,0.07371197396,0.06512935039500001,0.008582623564999989,Medium,gradient_boosted_trees,0.006268570973956535,0.00044039833671243766,0.0023140525910434534,0.008479863762664741,7.3711973959999995,6.5129350395,0.8582623564999989,0.6268570973956535,0.04403983367124376,0.23140525910434534,0.8479863762664741
37101,"Johnston County, NC",NC,Medium,85.55979643765903,0.057874059695,0.06512935039500001,-0.007255290700000007,Medium,gradient_boosted_trees,0.009858713675167498,0.003465418337241745,-0.017114004375167503,0.004550901520547006,5.7874059695,6.5129350395,-0.7255290700000007,0.9858713675167499,0.3465418337241745,-1.7114004375167504,0.4550901520547006
37107,"Lenoir County, NC",NC,Medium,84.60559796437659,0.11691780365,0.06512935039500001,0.05178845325499999,Medium,gradient_boosted_trees,0.025187139342862142,0.0074669522506090975,0.02660131391213785,0.030842264991692597,11.691780365,6.5129350395,5.178845325499999,2.518713934286214,0.7466952250609098,2.6601313912137847,3.08422649916926
37141,"Pender County, NC",NC,Medium,86.92748091603053,0.064062376795,0.06512935039500001,-0.0010669736000000068,Medium,gradient_boosted_trees,0.005193645575310228,0.0015214839051360706,-0.0062606191753102345,0.005804055907523712,6.4062376795,6.5129350395,-0.10669736000000068,0.5193645575310227,0.15214839051360707,-0.6260619175310235,0.5804055907523712
37147,"Pitt County, NC",NC,Medium,89.82188295165395,0.0602097588,0.06512935039500001,-0.0049195915950000085,Medium,gradient_boosted_trees,0.004878170330603647,0.0025329288579773912,-0.009797761925603655,0.004391839548694399,6.02097588,6.5129350395,-0.49195915950000085,0.4878170330603647,0.2532928857977391,-0.9797761925603655,0.4391839548694399
37155,"Robeson County, NC",NC,Medium,91.0941475826972,0.12428032255000002,0.06512935039500001,0.05915097215500001,Medium,gradient_boosted_trees,0.032183366373336235,0.005913937678271737,0.026967605781663774,0.045292966409593904,12.428032255000002,6.5129350395,5.915097215500001,3.2183366373336235,0.5913937678271737,2.6967605781663773,4.529296640959391
37159,"Rowan County, NC",NC,Medium,82.91984732824427,0.099045171565,0.06512935039500001,0.03391582117,Medium,gradient_boosted_trees,0.011411863335299055,0.004224726381380705,0.022503957834700945,0.01719944333904685,9.9045171565,6.5129350395,3.391582117,1.1411863335299055,0.42247263813807046,2.2503957834700947,1.7199443339046852
37163,"Sampson County, NC",NC,Medium,90.20356234096693,0.093087604835,0.06512935039500001,0.027958254439999997,Medium,gradient_boosted_trees,0.02319803901648919,0.0029977084808331706,0.004760215423510808,0.02735926023985703,9.3087604835,6.5129350395,2.7958254439999997,2.319803901648919,0.29977084808331705,0.4760215423510808,2.735926023985703
37179,"Union County, NC",NC,Medium,89.05852417302799,0.059305186985,0.06512935039500001,-0.005824163410000006,Medium,gradient_boosted_trees,-0.006014926833473788,0.0015632024300233742,0.00019076342347378126,-0.005178148327484372,5.9305186985,6.5129350395,-0.5824163410000006,-0.6014926833473788,0.15632024300233743,0.019076342347378126,-0.5178148327484372
37191,"Wayne County, NC",NC,Medium,90.39440203562341,0.068163356355,0.06512935039500001,0.0030340059599999886,Medium,gradient_boosted_trees,0.007966004448515168,0.001497420302246369,-0.00493199848851518,0.011702569874465678,6.8163356355,6.5129350395,0.30340059599999886,0.7966004448515168,0.1497420302246369,-0.49319984885151796,1.1702569874465678
37193,"Wilkes County, NC",NC,Medium,82.63358778625954,0.093496539425,0.06512935039500001,0.02836718902999999,Medium,gradient_boosted_trees,0.01132054355256247,0.0016250323380801804,0.01704664547743752,0.021278529504279164,9.3496539425,6.5129350395,2.836718902999999,1.132054355256247,0.16250323380801804,1.7046645477437519,2.1278529504279167
38015,"Burleigh County, ND",ND,Medium,85.1145038167939,0.029532812895,0.06512935039500001,-0.03559653750000001,Medium,gradient_boosted_trees,-0.013998257030553173,0.0017805499090347658,-0.02159828046944684,-0.02166983243777523,2.9532812895,6.5129350395,-3.559653750000001,-1.3998257030553174,0.1780549909034766,-2.1598280469446838,-2.1669832437775227
39017,"Butler County, OH",OH,Medium,91.47582697201018,0.074309309605,0.06512935039500001,0.009179959209999991,Medium,gradient_boosted_trees,0.0059351688335188115,0.0038212094148138407,0.0032447903764811796,0.00562003157212932,7.4309309605,6.5129350395,0.917995920999999,0.5935168833518811,0.3821209414813841,0.324479037648118,0.5620031572129319
39093,"Lorain County, OH",OH,Medium,86.25954198473282,0.07848790843,0.06512935039500001,0.013358558034999996,Medium,gradient_boosted_trees,0.0061326351819007245,0.002760587435648419,0.007225922853099271,0.006926853798050088,7.848790843000001,6.5129350395,1.3358558034999994,0.6132635181900724,0.2760587435648419,0.7225922853099271,0.6926853798050088
39095,"Lucas County, OH",OH,Medium,92.39821882951654,0.07391585127,0.06512935039500001,0.008786500874999992,Medium,gradient_boosted_trees,-0.0050505786320638015,0.0030101215617821023,0.013837079507063792,-0.0008056461644199644,7.391585127,6.5129350395,0.8786500874999992,-0.5050578632063801,0.30101215617821026,1.3837079507063792,-0.08056461644199645
39099,"Mahoning County, OH",OH,Medium,83.61959287531806,0.10223649744999999,0.06512935039500001,0.037107147054999984,Medium,gradient_boosted_trees,0.008062165342970485,0.0010367364918572916,0.0290449817120295,0.014313763335330548,10.223649745,6.5129350395,3.7107147054999983,0.8062165342970485,0.10367364918572916,2.90449817120295,1.4313763335330547
39113,"Montgomery County, OH",OH,Medium,92.6526717557252,0.075987073595,0.06512935039500001,0.010857723199999988,Medium,gradient_boosted_trees,0.0051165223976283565,0.000681921286217717,0.005741200802371632,0.0037861837776883575,7.5987073595,6.5129350395,1.085772319999999,0.5116522397628357,0.0681921286217717,0.5741200802371632,0.3786183777688358
39151,"Stark County, OH",OH,Medium,87.94529262086515,0.06786626247,0.06512935039500001,0.0027369120749999865,Medium,gradient_boosted_trees,0.005466698054313999,0.001622143597571464,-0.002729785979314013,0.0038591966741269978,6.786626246999999,6.5129350395,0.27369120749999865,0.5466698054314,0.1622143597571464,-0.2729785979314013,0.3859196674126998
39153,"Summit County, OH",OH,Medium,91.15776081424937,0.07155794253,0.06512935039500001,0.006428592134999994,Medium,gradient_boosted_trees,0.00485802988100752,0.00031869090708613824,0.001570562253992474,0.005312034455050609,7.155794253,6.5129350395,0.6428592134999994,0.485802988100752,0.03186909070861382,0.1570562253992474,0.5312034455050609
39155,"Trumbull County, OH",OH,Medium,84.47837150127226,0.07955742371999999,0.06512935039500001,0.014428073324999985,Medium,gradient_boosted_trees,0.008938063223847886,0.0034199534517508645,0.005490010101152099,0.011096415208031282,7.955742372,6.5129350395,1.4428073324999984,0.8938063223847886,0.34199534517508645,0.5490010101152099,1.109641520803128
40017,"Canadian County, OK",OK,Medium,83.49236641221374,0.042334013125,0.06512935039500001,-0.022795337270000007,Medium,gradient_boosted_trees,-0.010268379215733436,0.0014340952764230585,-0.012526958054266572,-0.013983688177999977,4.2334013125,6.5129350395,-2.279533727000001,-1.0268379215733436,0.14340952764230586,-1.2526958054266573,-1.3983688177999978
40027,"Cleveland County, OK",OK,Medium,91.2849872773537,0.03910267129,0.06512935039500001,-0.026026679105000006,Medium,gradient_boosted_trees,-0.004669748312544372,0.001584796706851527,-0.021356930792455632,-0.008769601569163569,3.910267129,6.5129350395,-2.6026679105000006,-0.4669748312544372,0.1584796706851527,-2.1356930792455633,-0.8769601569163569
40031,"Comanche County, OK",OK,Medium,86.22773536895674,0.064486842035,0.06512935039500001,-0.000642508360000002,Medium,gradient_boosted_trees,-0.019512643393387163,0.0014638145149043684,0.01887013503338716,-0.013884781950486223,6.448684203500001,6.5129350395,-0.0642508360000002,-1.9512643393387163,0.14638145149043685,1.887013503338716,-1.3884781950486222
40037,"Creek County, OK",OK,Medium,83.23791348600508,0.062271774440000004,0.06512935039500001,-0.0028575759550000038,Medium,gradient_boosted_trees,-0.0023411213573325215,0.002601899801069953,-0.0005164545976674823,-0.0036934718436612054,6.2271774440000005,6.5129350395,-0.28575759550000035,-0.23411213573325215,0.2601899801069953,-0.05164545976674823,-0.3693471843661205
40041,"Delaware County, OK",OK,Medium,82.66539440203562,0.09887083700999999,0.06512935039500001,0.03374148661499998,Medium,gradient_boosted_trees,0.020244640288663292,0.0068627175729849745,0.01349684632633669,0.023918265202328294,9.887083700999998,6.5129350395,3.3741486614999983,2.0244640288663294,0.6862717572984974,1.3496846326336691,2.3918265202328293
40047,"Garfield County, OK",OK,Medium,82.09287531806616,0.040218236985,0.06512935039500001,-0.024911113410000005,Medium,gradient_boosted_trees,-0.025583427600001863,0.004778640608147442,0.0006723141900018582,-0.02883071749310374,4.0218236985,6.5129350395,-2.4911113410000003,-2.5583427600001865,0.4778640608147442,0.06723141900018582,-2.883071749310374
40065,"Jackson County, OK",OK,Medium,86.03689567430025,0.034773347940000005,0.06512935039500001,-0.030356002455000003,Medium,gradient_boosted_trees,-0.013203722595901878,0.00178991837403055,-0.017152279859098125,-0.023172841822203548,3.4773347940000003,6.5129350395,-3.0356002455000004,-1.3203722595901877,0.178991837403055,-1.7152279859098125,-2.3172841822203547
40079,"Le Flore County, OK",OK,Medium,82.69720101781171,0.07461236626000001,0.06512935039500001,0.009483015865,Medium,gradient_boosted_trees,0.02521370365995369,0.002353504334585726,-0.01573068779495369,0.016407676264103485,7.461236626000001,6.5129350395,0.9483015865,2.521370365995369,0.2353504334585726,-1.573068779495369,1.6407676264103486
40101,"Muskogee County, OK",OK,Medium,82.029262086514,0.06836712573,0.06512935039500001,0.0032377753349999983,Medium,gradient_boosted_trees,0.0028891848906200733,0.004646307144523646,0.00034859044437992497,9.205398997758359e-05,6.836712573000001,6.5129350395,0.3237775334999998,0.28891848906200734,0.46463071445236465,0.034859044437992495,0.009205398997758359
40119,"Payne County, OK",OK,Medium,83.93765903307889,0.074463344775,0.06512935039500001,0.009333994379999988,Medium,gradient_boosted_trees,0.003921521801408672,0.0038411436848803772,0.005412472578591316,0.004558682462536424,7.4463344775,6.5129350395,0.9333994379999988,0.39215218014086717,0.3841143684880377,0.5412472578591316,0.45586824625364236
40125,"Pottawatomie County, OK",OK,Medium,82.31552162849873,0.07579525096,0.06512935039500001,0.010665900564999997,Medium,gradient_boosted_trees,-0.005635909054160984,0.0013872884393256576,0.01630180961916098,-0.004650158887983983,7.579525096,6.5129350395,1.0665900564999997,-0.5635909054160984,0.13872884393256577,1.630180961916098,-0.4650158887983983
41003,"Benton County, OR",OR,Medium,84.35114503816794,0.064611997355,0.06512935039500001,-0.0005173530400000015,Medium,gradient_boosted_trees,0.003908961135061328,0.0020065596541663762,-0.00442631417506133,0.001748617422139774,6.461199735500001,6.5129350395,-0.05173530400000015,0.39089611350613285,0.20065596541663763,-0.442631417506133,0.1748617422139774
41011,"Coos County, OR",OR,Medium,91.88931297709924,0.07542943063,0.06512935039500001,0.010300080234999995,Medium,gradient_boosted_trees,0.008027233777095605,0.0028244511729511737,0.00227284645790439,0.006510386921964734,7.542943063,6.5129350395,1.0300080234999995,0.8027233777095605,0.2824451172951174,0.227284645790439,0.6510386921964734
41015,"Curry County, OR",OR,Medium,86.54580152671755,0.07762746946499999,0.06512935039500001,0.01249811906999998,Medium,gradient_boosted_trees,0.004876419109238067,0.004791778223391319,0.007621699960761913,0.008437172941781966,7.762746946499998,6.5129350395,1.249811906999998,0.4876419109238067,0.4791778223391319,0.7621699960761913,0.8437172941781966
41017,"Deschutes County, OR",OR,Medium,84.92366412213741,0.068385316495,0.06512935039500001,0.0032559660999999934,Medium,gradient_boosted_trees,0.0031281994351788204,0.0037440696111100094,0.00012776666482117302,0.004269059234918305,6.8385316495,6.5129350395,0.32559660999999934,0.31281994351788206,0.37440696111100097,0.012776666482117302,0.4269059234918305
41019,"Douglas County, OR",OR,Medium,92.93893129770993,0.08103685937,0.06512935039500001,0.015907508974999998,Medium,gradient_boosted_trees,0.009947959533902616,0.002669067174248902,0.005959549441097382,0.008019812481235868,8.103685937,6.5129350395,1.5907508974999998,0.9947959533902616,0.2669067174248902,0.5959549441097383,0.8019812481235868
41029,"Jackson County, OR",OR,Medium,92.52544529262087,0.060784757575,0.06512935039500001,-0.004344592820000007,Medium,gradient_boosted_trees,0.008260673853872203,0.0012045626575649426,-0.01260526667387221,0.008375398519950186,6.0784757575,6.5129350395,-0.43445928200000067,0.8260673853872204,0.12045626575649425,-1.260526667387221,0.8375398519950186
41033,"Josephine County, OR",OR,Medium,90.235368956743,0.055796704040000006,0.06512935039500001,-0.009332646355000002,Medium,gradient_boosted_trees,-0.0005407776295846763,0.0026729425793095138,-0.008791868725415325,0.0009030531598109496,5.579670404000001,6.5129350395,-0.9332646355000002,-0.054077762958467626,0.26729425793095135,-0.8791868725415325,0.09030531598109497
41041,"Lincoln County, OR",OR,Medium,89.94910941475827,0.08267811654,0.06512935039500001,0.01754876614499999,Medium,gradient_boosted_trees,0.006088511933881903,0.005352006166628258,0.011460254211118088,0.01172120040043074,8.267811653999999,6.5129350395,1.7548766144999992,0.6088511933881903,0.5352006166628258,1.1460254211118088,1.172120040043074
41043,"Linn County, OR",OR,Medium,88.10432569974554,0.084153556925,0.06512935039500001,0.01902420652999999,Medium,gradient_boosted_trees,0.012777084693884359,0.0034772236245313474,0.006247121836115631,0.014082919827592731,8.4153556925,6.5129350395,1.902420652999999,1.277708469388436,0.34772236245313476,0.6247121836115631,1.4082919827592733
41057,"Tillamook County, OR",OR,Medium,81.3295165394402,0.08682403242,0.06512935039500001,0.021694682024999995,Medium,gradient_boosted_trees,0.011069336524006658,0.0010391866591957183,0.010625345500993337,0.014912596103838811,8.682403242,6.5129350395,2.1694682024999996,1.1069336524006659,0.10391866591957183,1.0625345500993337,1.491259610383881
41059,"Umatilla County, OR",OR,Medium,82.28371501272265,0.08052972206,0.06512935039500001,0.015400371664999996,Medium,gradient_boosted_trees,0.010502969363477188,0.003197250802043779,0.004897402301522807,0.006848401513561932,8.052972206,6.5129350395,1.5400371664999994,1.0502969363477188,0.3197250802043779,0.4897402301522807,0.6848401513561932
41071,"Yamhill County, OR",OR,Medium,82.85623409669212,0.069238873855,0.06512935039500001,0.004109523459999986,Medium,gradient_boosted_trees,0.008935889102371634,0.003310400078663389,-0.004826365642371648,0.007121599679396329,6.9238873855,6.5129350395,0.41095234599999864,0.8935889102371635,0.3310400078663389,-0.48263656423716483,0.7121599679396329
42011,"Berks County, PA",PA,Medium,92.71628498727735,0.060088216099999994,0.06512935039500001,-0.005041134295000013,Medium,gradient_boosted_trees,0.0029847997280313225,0.0035454581663542793,-0.008025934023031336,0.0034264166385854907,6.008821609999999,6.5129350395,-0.5041134295000014,0.29847997280313227,0.35454581663542795,-0.8025934023031336,0.34264166385854905
42029,"Chester County, PA",PA,Medium,91.85750636132316,0.049375865705,0.06512935039500001,-0.015753484690000007,Medium,gradient_boosted_trees,-0.007470424378885353,0.005850259036163091,-0.008283060311114653,-0.0065112076447148065,4.9375865705,6.5129350395,-1.5753484690000006,-0.7470424378885353,0.5850259036163091,-0.8283060311114653,-0.6511207644714806
42041,"Cumberland County, PA",PA,Medium,86.19592875318067,0.05184411488,0.06512935039500001,-0.013285235515000007,Medium,gradient_boosted_trees,0.0019111374572594556,0.002152283964792102,-0.015196372972259464,-0.0029418023121335892,5.184411488,6.5129350395,-1.3285235515000007,0.19111374572594556,0.21522839647921022,-1.5196372972259464,-0.2941802312133589
42043,"Dauphin County, PA",PA,Medium,91.06234096692111,0.051065248344999994,0.06512935039500001,-0.014064102050000013,Medium,gradient_boosted_trees,0.0027412636717551015,0.0030669147445683965,-0.016805365721755113,-0.00021020204450699335,5.106524834499999,6.5129350395,-1.4064102050000014,0.27412636717551014,0.30669147445683964,-1.6805365721755112,-0.021020204450699336
42045,"Delaware County, PA",PA,Medium,92.90712468193384,0.061981309335,0.06512935039500001,-0.003148041060000009,Medium,gradient_boosted_trees,-0.004098493217512115,0.0023573764621617112,0.0009504521575121059,-0.006477964982656709,6.1981309335,6.5129350395,-0.3148041060000009,-0.4098493217512115,0.23573764621617113,0.09504521575121058,-0.6477964982656709
42049,"Erie County, PA",PA,Medium,84.0966921119593,0.058705220555,0.06512935039500001,-0.006424129840000008,Medium,gradient_boosted_trees,-0.0025814659141455676,0.0010345698264196935,-0.00384266392585444,-0.007867095827864675,5.8705220555,6.5129350395,-0.6424129840000008,-0.25814659141455676,0.10345698264196934,-0.384266392585444,-0.7867095827864675
42051,"Fayette County, PA",PA,Medium,82.22010178117048,0.030866301904999997,0.06512935039500001,-0.03426304849000001,Medium,gradient_boosted_trees,0.004887028455668233,0.004737588422709028,-0.039150076945668244,-0.0009168652749216163,3.0866301904999998,6.5129350395,-3.426304849000001,0.4887028455668233,0.4737588422709028,-3.9150076945668246,-0.09168652749216163
42069,"Lackawanna County, PA",PA,Medium,89.91730279898219,0.063518798545,0.06512935039500001,-0.0016105518500000027,Medium,gradient_boosted_trees,0.014995442511234074,0.006086121338363308,-0.016605994361234076,0.010187163871579167,6.351879854500001,6.5129350395,-0.16105518500000027,1.4995442511234074,0.6086121338363307,-1.6605994361234075,1.0187163871579168
42077,"Lehigh County, PA",PA,Medium,93.89312977099237,0.055393589615,0.06512935039500001,-0.009735760780000005,Medium,gradient_boosted_trees,0.0025058042040351767,0.001162758908070941,-0.012241564984035181,-0.00023541681793020768,5.5393589615000005,6.5129350395,-0.9735760780000005,0.2505804204035177,0.11627589080709409,-1.224156498403518,-0.02354168179302077
42079,"Luzerne County, PA",PA,Medium,91.63486005089058,0.075273969065,0.06512935039500001,0.010144618669999994,Medium,gradient_boosted_trees,0.01778493301206684,0.001223779121870271,-0.007640314342066846,0.013645231062240649,7.5273969065,6.5129350395,1.0144618669999994,1.778493301206684,0.1223779121870271,-0.7640314342066846,1.3645231062240648
42089,"Monroe County, PA",PA,Medium,85.08269720101781,0.09601728196,0.06512935039500001,0.030887931565,Medium,gradient_boosted_trees,0.007576321341766207,0.000574249606700546,0.023311610223233793,0.016449187986129526,9.601728196,6.5129350395,3.0887931565,0.7576321341766207,0.0574249606700546,2.3311610223233794,1.6449187986129525
42095,"Northampton County, PA",PA,Medium,90.01272264631042,0.051255159290000005,0.06512935039500001,-0.013874191105000003,Medium,gradient_boosted_trees,0.005530217008455578,0.002953865242918168,-0.01940440811345558,0.002214491985482765,5.1255159290000005,6.5129350395,-1.3874191105000002,0.5530217008455578,0.29538652429181683,-1.940440811345558,0.22144919854827652
42107,"Schuylkill County, PA",PA,Medium,85.30534351145039,0.081702277125,0.06512935039500001,0.016572926729999993,Medium,gradient_boosted_trees,0.0045819208155571944,0.0005171823868627842,0.011991005914442798,0.004436417523002604,8.170227712500001,6.5129350395,1.6572926729999993,0.45819208155571944,0.05171823868627842,1.1991005914442798,0.4436417523002604
42125,"Washington County, PA",PA,Medium,83.07888040712467,0.040970102295000005,0.06512935039500001,-0.024159248100000003,Medium,gradient_boosted_trees,0.0009316773718142496,0.0011836375460693685,-0.02509092547181425,-0.013630132535410311,4.0970102295,6.5129350395,-2.4159248100000004,0.09316773718142496,0.11836375460693685,-2.509092547181425,-1.363013253541031
42129,"Westmoreland County, PA",PA,Medium,87.8498727735369,0.081696827,0.06512935039500001,0.016567476604999992,Medium,gradient_boosted_trees,0.003114976783763109,0.006765515139795027,0.013452499821236884,0.0036224512882911857,8.1696827,6.5129350395,1.6567476604999993,0.31149767837631087,0.6765515139795026,1.3452499821236883,0.3622451288291186
42133,"York County, PA",PA,Medium,90.42620865139949,0.06222014519,0.06512935039500001,-0.002909205205000008,Medium,gradient_boosted_trees,0.003138239175916198,0.001891631424687927,-0.006047444380916206,-0.0006024490491623978,6.222014519,6.5129350395,-0.29092052050000083,0.3138239175916198,0.1891631424687927,-0.6047444380916206,-0.06024490491623978
44007,"Providence County, RI",RI,Medium,93.6704834605598,0.09018458846499999,0.06512935039500001,0.025055238069999985,Medium,gradient_boosted_trees,0.005284895229893799,0.0038339329734054343,0.019770342840106186,0.011624858537195585,9.0184588465,6.5129350395,2.5055238069999985,0.5284895229893799,0.38339329734054345,1.9770342840106185,1.1624858537195586
45003,"Aiken County, SC",SC,Medium,84.22391857506362,0.053989729114999996,0.06512935039500001,-0.011139621280000012,Medium,gradient_boosted_trees,0.010668136157364597,0.006644145846131606,-0.021807757437364607,0.006257976309609867,5.3989729115,6.5129350395,-1.1139621280000012,1.0668136157364596,0.6644145846131606,-2.1807757437364605,0.6257976309609867
45007,"Anderson County, SC",SC,Medium,87.18193384223919,0.05884440614,0.06512935039500001,-0.006284944255000008,Medium,gradient_boosted_trees,0.006908214213690804,0.003484106209030898,-0.013193158468690812,0.00367449484928754,5.884440614,6.5129350395,-0.6284944255000008,0.6908214213690804,0.3484106209030898,-1.319315846869081,0.367449484928754
45029,"Colleton County, SC",SC,Medium,85.46437659033079,0.05518067835,0.06512935039500001,-0.00994867204500001,Medium,gradient_boosted_trees,0.02990895042542394,0.008970591872382342,-0.039857622470423945,0.021369592557365095,5.518067835,6.5129350395,-0.9948672045000009,2.990895042542394,0.8970591872382342,-3.9857622470423943,2.1369592557365094
45033,"Dillon County, SC",SC,Medium,84.31933842239185,0.10590609605000001,0.06512935039500001,0.040776745655,Medium,gradient_boosted_trees,0.02848496306917551,0.0038571365994494768,0.01229178258582449,0.036260080064106866,10.590609605000001,6.5129350395,4.077674565500001,2.8484963069175513,0.38571365994494766,1.2291782585824491,3.6260080064106868
45035,"Dorchester County, SC",SC,Medium,93.70229007633588,0.06013293261,0.06512935039500001,-0.0049964177850000055,Medium,gradient_boosted_trees,0.004134581055348487,0.0048712519670879645,-0.009130998840348493,0.0015909660683823222,6.013293261,6.5129350395,-0.4996417785000006,0.4134581055348487,0.48712519670879645,-0.9130998840348493,0.15909660683823224
45041,"Florence County, SC",SC,Medium,89.56743002544529,0.058929455905,0.06512935039500001,-0.00619989449000001,Medium,gradient_boosted_trees,0.006706999520228386,0.004865459595850124,-0.012906894010228397,0.0014568093021382368,5.8929455905,6.5129350395,-0.6199894490000011,0.6706999520228386,0.48654595958501246,-1.2906894010228396,0.1456809302138237
45043,"Georgetown County, SC",SC,Medium,92.49363867684478,0.07598860867,0.06512935039500001,0.010859258274999992,Medium,gradient_boosted_trees,0.004399487279636847,0.0017939253366628927,0.006459770995363144,0.006729339779328231,7.598860867,6.5129350395,1.0859258274999992,0.4399487279636847,0.17939253366628927,0.6459770995363144,0.6729339779328232
45045,"Greenville County, SC",SC,Medium,93.95674300254453,0.0629110481,0.06512935039500001,-0.002218302295000002,Medium,gradient_boosted_trees,0.0031819010331456394,0.002719937135075976,-0.005400203328145642,0.0035563618422294017,6.29110481,6.5129350395,-0.2218302295000002,0.31819010331456393,0.2719937135075976,-0.5400203328145642,0.3556361842229402
45073,"Oconee County, SC",SC,Medium,85.6234096692112,0.07402977599,0.06512935039500001,0.008900425594999997,Medium,gradient_boosted_trees,0.008137826260682877,0.004280955927506746,0.0007625993343171201,0.003422898975500843,7.402977599000001,6.5129350395,0.8900425594999997,0.8137826260682877,0.4280955927506746,0.076259933431712,0.3422898975500843
45075,"Orangeburg County, SC",SC,Medium,87.72264631043257,0.10021737525999999,0.06512935039500001,0.035088024864999984,Medium,gradient_boosted_trees,0.030640241162992795,0.006489423830036502,0.004447783702007189,0.0311841861862741,10.021737525999999,6.5129350395,3.5088024864999983,3.0640241162992794,0.6489423830036501,0.44477837020071886,3.11841861862741
45083,"Spartanburg County, SC",SC,Medium,90.64885496183206,0.0654860661,0.06512935039500001,0.0003567157049999964,Medium,gradient_boosted_trees,0.005473816556132097,0.006176048456994933,-0.005117100851132101,0.003521170002954102,6.54860661,6.5129350395,0.03567157049999964,0.5473816556132097,0.6176048456994934,-0.51171008511321,0.3521170002954102
45085,"Sumter County, SC",SC,Medium,81.74300254452926,0.05863626295,0.06512935039500001,-0.006493087445000011,Medium,gradient_boosted_trees,0.0015407723146944792,0.00276142120804778,-0.00803385975969449,0.0034333706579780443,5.8636262949999995,6.5129350395,-0.6493087445000011,0.1540772314694479,0.276142120804778,-0.803385975969449,0.34333706579780443
45089,"Williamsburg County, SC",SC,Medium,82.06106870229007,0.08855589299,0.06512935039500001,0.02342654259499999,Medium,gradient_boosted_trees,0.030059190349010934,0.002684637585661589,-0.006632647754010946,0.026721587944592402,8.855589299,6.5129350395,2.342654259499999,3.0059190349010936,0.2684637585661589,-0.6632647754010946,2.67215879445924
45091,"York County, SC",SC,Medium,88.67684478371501,0.06585785248,0.06512935039500001,0.000728502084999999,Medium,gradient_boosted_trees,-0.0009185974444144884,0.0017562591106983062,0.0016470995294144875,5.833805801732519e-06,6.5857852480000005,6.5129350395,0.0728502084999999,-0.09185974444144884,0.17562591106983064,0.16470995294144875,0.000583380580173252
46099,"Minnehaha County, SD",SD,Medium,89.53562340966921,0.054589249415,0.06512935039500001,-0.010540100980000008,Medium,gradient_boosted_trees,-0.010113434779675816,0.0012619054456750765,-0.00042666620032419215,-0.013738079182466669,5.4589249415,6.5129350395,-1.054010098000001,-1.0113434779675816,0.12619054456750764,-0.042666620032419215,-1.373807918246667
47045,"Dyer County, TN",TN,Medium,86.57760814249363,0.05264415259,0.06512935039500001,-0.012485197805000008,Medium,gradient_boosted_trees,-0.011590549019698753,0.0011678145799985406,-0.0008946487853012542,-0.011265002564393426,5.264415259,6.5129350395,-1.2485197805000008,-1.1590549019698753,0.11678145799985407,-0.08946487853012541,-1.1265002564393425
47053,"Gibson County, TN",TN,Medium,85.94147582697201,0.096667228065,0.06512935039500001,0.03153787766999999,Medium,gradient_boosted_trees,0.005075893283680963,0.0013951594065003735,0.02646198438631903,0.021757781071382345,9.6667228065,6.5129350395,3.153787766999999,0.5075893283680963,0.13951594065003736,2.646198438631903,2.1757781071382345
47079,"Henry County, TN",TN,Medium,84.7328244274809,0.08889603478,0.06512935039500001,0.023766684384999986,Medium,gradient_boosted_trees,0.006779122913939811,0.005171085228682115,0.016987561471060175,0.011803072848568914,8.889603478,6.5129350395,2.3766684384999985,0.6779122913939811,0.5171085228682115,1.6987561471060175,1.1803072848568914
47093,"Knox County, TN",TN,Medium,92.1119592875318,0.068010320515,0.06512935039500001,0.0028809701199999926,Medium,gradient_boosted_trees,-0.005251234302954559,0.001656625120731431,0.00813220442295455,-0.00222858627011672,6.8010320515,6.5129350395,0.28809701199999926,-0.5251234302954558,0.16566251207314311,0.813220442295455,-0.222858627011672
47113,"Madison County, TN",TN,Medium,92.08015267175573,0.07465333504999999,0.06512935039500001,0.009523984654999984,Medium,gradient_boosted_trees,0.00040704438506396993,0.005912024164709849,0.009116940269936015,0.0019488210238130163,7.465333504999999,6.5129350395,0.9523984654999984,0.04070443850639699,0.5912024164709849,0.9116940269936015,0.19488210238130163
47125,"Montgomery County, TN",TN,Medium,87.37277353689568,0.06100775635,0.06512935039500001,-0.00412159404500001,Medium,gradient_boosted_trees,-0.0033748465322153945,0.001982301021160601,-0.0007467475127846154,-0.004230675231171664,6.100775635,6.5129350395,-0.412159404500001,-0.3374846532215395,0.19823010211606013,-0.07467475127846154,-0.4230675231171664
47131,"Obion County, TN",TN,Medium,81.29770992366412,0.06786043481,0.06512935039500001,0.0027310844149999874,Medium,gradient_boosted_trees,0.007746548413363944,0.0024607323887697835,-0.005015463998363956,0.00939344091619741,6.786043480999999,6.5129350395,0.27310844149999874,0.7746548413363944,0.24607323887697835,-0.5015463998363956,0.9393440916197411
47149,"Rutherford County, TN",TN,Medium,91.73027989821882,0.066352026215,0.06512935039500001,0.001222675819999991,Medium,gradient_boosted_trees,0.0010885106148399168,0.005065232562518059,0.00013416520516007415,-0.0022003518017723054,6.6352026214999995,6.5129350395,0.1222675819999991,0.10885106148399168,0.5065232562518059,0.013416520516007415,-0.22003518017723053
47165,"Sumner County, TN",TN,Medium,87.65903307888041,0.07506417933000001,0.06512935039500001,0.009934828935,Medium,gradient_boosted_trees,-0.010100139795294028,0.0033047956125733143,0.020034968730294027,-0.006858851275526505,7.506417933000001,6.5129350395,0.9934828935000001,-1.0100139795294028,0.3304795612573314,2.0034968730294027,-0.6858851275526505
47167,"Tipton County, TN",TN,Medium,81.04325699745547,0.072508215815,0.06512935039500001,0.0073788654199999915,Medium,gradient_boosted_trees,-0.0026418983650554214,0.004785512104729304,0.010020763785055413,0.00033764955077731745,7.2508215815,6.5129350395,0.7378865419999991,-0.2641898365055421,0.47855121047293037,1.0020763785055413,0.033764955077731744
47187,"Williamson County, TN",TN,Medium,85.14631043256998,0.05711888221,0.06512935039500001,-0.008010468185000008,Medium,gradient_boosted_trees,-0.014224938931330325,0.0019850798653996645,0.006214470746330317,-0.018452319538815334,5.711888221,6.5129350395,-0.8010468185000008,-1.4224938931330324,0.19850798653996646,0.6214470746330316,-1.8452319538815334
48021,"Bastrop County, TX",TX,Medium,81.1704834605598,0.05231180079,0.06512935039500001,-0.012817549605000006,Medium,gradient_boosted_trees,-0.002021090382138859,0.0033939947681678427,-0.010796459222861148,-0.005996804454436532,5.2311800790000005,6.5129350395,-1.2817549605000007,-0.2021090382138859,0.3393994768167843,-1.0796459222861148,-0.5996804454436533
48027,"Bell County, TX",TX,Medium,91.12595419847328,0.05277894609,0.06512935039500001,-0.012350404305000007,Medium,gradient_boosted_trees,0.0026631452859241164,0.001329224110018357,-0.015013549590924123,0.00262322208084552,5.2778946090000005,6.5129350395,-1.2350404305000007,0.26631452859241167,0.1329224110018357,-1.5013549590924122,0.26232220808455203
48039,"Brazoria County, TX",TX,Medium,93.63867684478372,0.04460800601,0.06512935039500001,-0.020521344385000008,Medium,gradient_boosted_trees,-0.010559768550027522,0.005247234034653627,-0.009961575834972486,-0.0138260422991812,4.460800601,6.5129350395,-2.052134438500001,-1.0559768550027522,0.5247234034653627,-0.9961575834972486,-1.38260422991812
48041,"Brazos County, TX",TX,Medium,88.35877862595419,0.045888347585,0.06512935039500001,-0.019241002810000005,Medium,gradient_boosted_trees,-0.00653317100900291,0.000315631816235949,-0.012707831800997094,-0.007630771585491847,4.5888347585,6.5129350395,-1.9241002810000005,-0.653317100900291,0.0315631816235949,-1.2707831800997094,-0.7630771585491847
48091,"Comal County, TX",TX,Medium,92.68447837150127,0.0364027352,0.06512935039500001,-0.028726615195000006,Medium,gradient_boosted_trees,-0.010394369649358233,0.0034794306321978725,-0.018332245545641772,-0.015208464190126723,3.64027352,6.5129350395,-2.8726615195000007,-1.0394369649358233,0.34794306321978724,-1.8332245545641772,-1.5208464190126723
48123,"DeWitt County, TX",TX,Medium,83.9058524173028,0.082093999885,0.06512935039500001,0.016964649489999997,Medium,gradient_boosted_trees,-0.008797452274978143,0.008591251442191075,0.02576210176497814,0.00041967419426674444,8.209399988500001,6.5129350395,1.6964649489999997,-0.8797452274978144,0.8591251442191075,2.576210176497814,0.041967419426674445
48135,"Ector County, TX",TX,Medium,82.82442748091603,0.0391968189,0.06512935039500001,-0.025932531495000008,Medium,gradient_boosted_trees,-0.0027293557000967676,0.002917532671365282,-0.02320317579490324,-0.011422489737298713,3.91968189,6.5129350395,-2.5932531495000006,-0.2729355700096768,0.2917532671365282,-2.320317579490324,-1.1422489737298713
48139,"Ellis County, TX",TX,Medium,81.61577608142494,0.06332955691,0.06512935039500001,-0.0017997934850000064,Medium,gradient_boosted_trees,-0.0079595961916209,0.0009300862181256912,0.006159802706620894,-0.004967812738380066,6.332955691,6.5129350395,-0.17997934850000064,-0.7959596191620901,0.09300862181256912,0.6159802706620895,-0.4967812738380066
48177,"Gonzales County, TX",TX,Medium,85.65521628498728,0.02508809683,0.06512935039500001,-0.040041253565000004,Medium,gradient_boosted_trees,-2.118880073077433e-05,0.0015861030376281967,-0.04002006476426923,-0.009484037941100752,2.508809683,6.5129350395,-4.0041253565,-0.002118880073077433,0.15861030376281968,-4.002006476426923,-0.9484037941100751
48183,"Gregg County, TX",TX,Medium,86.99109414758269,0.054500349605,0.06512935039500001,-0.01062900079000001,Medium,gradient_boosted_trees,-0.006872986218408653,0.0009468936532495493,-0.003756014571591356,-0.005457982704965,5.4500349605,6.5129350395,-1.062900079000001,-0.6872986218408653,0.09468936532495492,-0.3756014571591356,-0.5457982704965
48187,"Guadalupe County, TX",TX,Medium,91.50763358778626,0.04187086823,0.06512935039500001,-0.02325848216500001,Medium,gradient_boosted_trees,-0.0054731823093433244,0.002706526759999218,-0.017785299855656685,-0.007374985546496141,4.187086823,6.5129350395,-2.325848216500001,-0.5473182309343324,0.2706526759999218,-1.7785299855656684,-0.737498554649614
48209,"Hays County, TX",TX,Medium,90.55343511450383,0.039483939620000005,0.06512935039500001,-0.025645410775000002,Medium,gradient_boosted_trees,-0.00869067247236388,0.0019805090759648196,-0.01695473830263612,-0.012441013944474527,3.9483939620000004,6.5129350395,-2.5645410775000004,-0.8690672472363881,0.19805090759648197,-1.695473830263612,-1.2441013944474526
48213,"Henderson County, TX",TX,Medium,84.54198473282443,0.05184690301,0.06512935039500001,-0.013282447385000007,Medium,gradient_boosted_trees,0.008147695035203793,0.001142030261605809,-0.0214301424202038,0.005593788783490262,5.184690301,6.5129350395,-1.3282447385000007,0.8147695035203792,0.11420302616058091,-2.14301424202038,0.5593788783490262
48231,"Hunt County, TX",TX,Medium,82.1882951653944,0.05921421619,0.06512935039500001,-0.0059151342050000055,Medium,gradient_boosted_trees,7.785444700462677e-05,0.0041896633406835965,-0.005992988652004632,-0.002801362027537519,5.921421619,6.5129350395,-0.5915134205000006,0.007785444700462677,0.41896633406835965,-0.5992988652004632,-0.2801362027537519
48249,"Jim Wells County, TX",TX,Medium,86.51399491094148,0.01299216883,0.06512935039500001,-0.05213718156500001,Medium,gradient_boosted_trees,-0.005619009457782651,0.00630053743909161,-0.046518172107217357,-0.019617474037627505,1.299216883,6.5129350395,-5.213718156500001,-0.5619009457782651,0.6300537439091609,-4.6518172107217355,-1.9617474037627505
48251,"Johnson County, TX",TX,Medium,86.67302798982189,0.080675764375,0.06512935039500001,0.015546413979999993,Medium,gradient_boosted_trees,-0.010655806767955448,0.0016489098890444523,0.02620222074795544,-0.007253943251942193,8.0675764375,6.5129350395,1.5546413979999993,-1.0655806767955447,0.16489098890444523,2.620222074795544,-0.7253943251942193
48273,"Kleberg County, TX",TX,Medium,84.4147582697201,0.09175778864,0.06512935039500001,0.026628438244999997,Medium,gradient_boosted_trees,-0.007279740364471331,0.0026869163661155503,0.03390817860947133,-0.002900752158581518,9.175778864,6.5129350395,2.6628438244999995,-0.7279740364471331,0.26869163661155504,3.3908178609471333,-0.2900752158581518
48309,"McLennan County, TX",TX,Medium,91.22137404580153,0.064170998945,0.06512935039500001,-0.0009583514500000057,Medium,gradient_boosted_trees,-0.0035715943037457985,0.0066101261345421795,0.002613242853745793,0.002260515093677526,6.4170998945,6.5129350395,-0.09583514500000057,-0.35715943037457987,0.6610126134542179,0.2613242853745793,0.22605150936775262
48329,"Midland County, TX",TX,Medium,81.20229007633588,0.04196637722,0.06512935039500001,-0.02316297317500001,Medium,gradient_boosted_trees,-0.010325153325039414,0.0027810746194108066,-0.012837819849960597,-0.007698695338380718,4.196637721999999,6.5129350395,-2.316297317500001,-1.0325153325039413,0.27810746194108066,-1.2837819849960597,-0.7698695338380718
48361,"Orange County, TX",TX,Medium,85.90966921119593,0.03838716045,0.06512935039500001,-0.02674218994500001,Medium,gradient_boosted_trees,-0.005413593984379431,0.0030371678096878943,-0.02132859596062058,-0.01671214465259554,3.838716045,6.5129350395,-2.674218994500001,-0.5413593984379431,0.30371678096878946,-2.1328595960620578,-1.6712144652595537
48367,"Parker County, TX",TX,Medium,81.10687022900763,0.062033976825,0.06512935039500001,-0.003095373570000004,Medium,gradient_boosted_trees,-0.020294836996764726,0.007746412419359234,0.017199463426764722,-0.014957223532873066,6.2033976825,6.5129350395,-0.3095373570000004,-2.0294836996764727,0.7746412419359234,1.7199463426764723,-1.4957223532873065
48375,"Potter County, TX",TX,Medium,90.48982188295165,0.056543610630000005,0.06512935039500001,-0.008585739765000003,Medium,gradient_boosted_trees,-0.012076860649072483,0.0018511316204933318,0.0034911208840724805,-0.013540216437833853,5.6543610630000005,6.5129350395,-0.8585739765000002,-1.2076860649072483,0.18511316204933317,0.34911208840724806,-1.3540216437833854
48381,"Randall County, TX",TX,Medium,86.76844783715013,0.042690201920000004,0.06512935039500001,-0.022439148475000004,Medium,gradient_boosted_trees,-0.009553123052595446,0.0029462807908790453,-0.012886025422404558,-0.010030394282253286,4.269020192,6.5129350395,-2.2439148475,-0.9553123052595446,0.29462807908790456,-1.288602542240456,-1.0030394282253285
48423,"Smith County, TX",TX,Medium,84.16030534351145,0.050826424159999994,0.06512935039500001,-0.014302926235000013,Medium,gradient_boosted_trees,-0.00626789417200625,0.0020664873210159214,-0.008035032062993764,-0.011117616792315725,5.082642416,6.5129350395,-1.4302926235000013,-0.626789417200625,0.20664873210159215,-0.8035032062993764,-1.1117616792315725
48427,"Starr County, TX",TX,Medium,84.79643765903307,0.069430020165,0.06512935039500001,0.004300669769999987,Medium,gradient_boosted_trees,0.03306903657143376,0.0023779969540098133,-0.02876836680143377,0.018461401123233634,6.9430020164999995,6.5129350395,0.43006697699999874,3.306903657143376,0.23779969540098134,-2.876836680143377,1.8461401123233634
48441,"Taylor County, TX",TX,Medium,83.81043256997455,0.05271431106,0.06512935039500001,-0.01241503933500001,Medium,gradient_boosted_trees,-0.002771735258477268,0.0009785630192189708,-0.009643304076522741,-0.005758960296802042,5.271431106,6.5129350395,-1.2415039335000009,-0.27717352584772675,0.09785630192189708,-0.9643304076522742,-0.5758960296802041
48469,"Victoria County, TX",TX,Medium,86.4821882951654,0.042148935139999996,0.06512935039500001,-0.02298041525500001,Medium,gradient_boosted_trees,-0.005041344168727843,0.00203197486486428,-0.017939071086272167,-0.006882482621151837,4.214893514,6.5129350395,-2.2980415255000013,-0.5041344168727843,0.20319748648642802,-1.7939071086272167,-0.6882482621151838
48479,"Webb County, TX",TX,Medium,89.24936386768448,0.04470365771,0.06512935039500001,-0.02042569268500001,Medium,gradient_boosted_trees,-0.00029074893858002573,0.005617932783633772,-0.020134943746419984,-0.007282399911086782,4.470365771,6.5129350395,-2.042569268500001,-0.029074893858002573,0.5617932783633772,-2.0134943746419984,-0.7282399911086782
48481,"Wharton County, TX",TX,Medium,83.01526717557252,0.06525140021,0.06512935039500001,0.00012204981499999712,Medium,gradient_boosted_trees,-0.010164420311072403,0.005301653522201232,0.0102864701260724,-0.00876058703147313,6.525140021,6.5129350395,0.012204981499999712,-1.0164420311072402,0.5301653522201232,1.02864701260724,-0.876058703147313
48485,"Wichita County, TX",TX,Medium,81.90203562340967,0.060656426944999994,0.06512935039500001,-0.004472923450000013,Medium,gradient_boosted_trees,-0.00630600284633253,0.004257315083036086,0.0018330793963325168,-0.008834496133983157,6.065642694499999,6.5129350395,-0.4472923450000013,-0.630600284633253,0.4257315083036086,0.18330793963325168,-0.8834496133983157
48491,"Williamson County, TX",TX,Medium,90.10814249363868,0.039672055705,0.06512935039500001,-0.025457294690000007,Medium,gradient_boosted_trees,-0.015860670762628797,0.004638419749822107,-0.00959662392737121,-0.02296305229797491,3.9672055705,6.5129350395,-2.5457294690000007,-1.5860670762628797,0.4638419749822107,-0.959662392737121,-2.296305229797491
49011,"Davis County, UT",UT,Medium,87.81806615776081,0.08220676578,0.06512935039500001,0.01707741538499999,Medium,gradient_boosted_trees,-0.0038652075115802975,0.0009457361034820125,0.020942622896580287,-0.0016716462872373775,8.220676577999999,6.5129350395,1.7077415384999988,-0.38652075115802975,0.09457361034820125,2.0942622896580287,-0.16716462872373775
49053,"Washington County, UT",UT,Medium,92.8117048346056,0.07070514182,0.06512935039500001,0.00557579142499999,Medium,gradient_boosted_trees,0.010598738170801281,0.0037799586976515697,-0.005022946745801291,0.011871523868952615,7.070514182,6.5129350395,0.557579142499999,1.059873817080128,0.377995869765157,-0.5022946745801291,1.1871523868952616
49057,"Weber County, UT",UT,Medium,87.02290076335878,0.099855259165,0.06512935039500001,0.034725908769999994,Medium,gradient_boosted_trees,0.000532326139835874,0.001960643327424742,0.03419358263016412,0.008585698923384337,9.9855259165,6.5129350395,3.4725908769999996,0.0532326139835874,0.1960643327424742,3.419358263016412,0.8585698923384337
51001,"Accomack County, VA",VA,Medium,81.01145038167938,0.0906280378,0.06512935039500001,0.025498687404999998,Medium,gradient_boosted_trees,0.0012747551940463858,0.0019873076087526054,0.024223932210953612,0.009043440080889595,9.062803780000001,6.5129350395,2.5498687405,0.12747551940463858,0.19873076087526054,2.422393221095361,0.9043440080889595
51041,"Chesterfield County, VA",VA,Medium,84.82824427480917,0.054914105935,0.06512935039500001,-0.010215244460000009,Medium,gradient_boosted_trees,-0.00024903827802824256,0.0023012340665052185,-0.009966206181971766,-0.001459690286812861,5.4914105934999995,6.5129350395,-1.0215244460000008,-0.024903827802824255,0.23012340665052186,-0.9966206181971766,-0.1459690286812861
51087,"Henrico County, VA",VA,Medium,83.3969465648855,0.059754992865,0.06512935039500001,-0.0053743575300000054,Medium,gradient_boosted_trees,-0.005081244184385711,0.0031642080786640717,-0.00029311334561429436,-0.004790901877162108,5.9754992865,6.5129350395,-0.5374357530000006,-0.5081244184385711,0.3164208078664072,-0.029311334561429436,-0.4790901877162108
51153,"Prince William County, VA",VA,Medium,83.17430025445293,0.04614944521,0.06512935039500001,-0.018979905185000007,Medium,gradient_boosted_trees,-0.01600411582106921,0.003195615989647546,-0.002975789363930798,-0.010600794793037613,4.614944521,6.5129350395,-1.8979905185000008,-1.600411582106921,0.3195615989647546,-0.2975789363930798,-1.0600794793037613
51710,"Norfolk, VA",VA,Medium,81.23409669211196,0.053986357145,0.06512935039500001,-0.01114299325000001,Medium,gradient_boosted_trees,-0.004713629734102017,0.0028435198666340944,-0.006429363515897994,-0.008067332045649581,5.398635714499999,6.5129350395,-1.114299325000001,-0.47136297341020167,0.28435198666340944,-0.6429363515897994,-0.8067332045649581
53005,"Benton County, WA",WA,Medium,87.08651399491094,0.08561908514,0.06512935039500001,0.020489734744999988,Medium,gradient_boosted_trees,3.6562719943476065e-05,0.0004538676541381781,0.02045317202505651,0.003728820535804791,8.561908513999999,6.5129350395,2.0489734744999986,0.0036562719943476064,0.04538676541381781,2.045317202505651,0.3728820535804791
53007,"Chelan County, WA",WA,Medium,90.87150127226464,0.074250341285,0.06512935039500001,0.009120990889999986,Medium,gradient_boosted_trees,-0.011943141593150847,0.007815586033366679,0.02106413248315083,-0.0018582027170294584,7.425034128499999,6.5129350395,0.9120990889999986,-1.1943141593150848,0.7815586033366678,2.106413248315083,-0.18582027170294585
53009,"Clallam County, WA",WA,Medium,89.7264631043257,0.086115068635,0.06512935039500001,0.020985718239999993,Medium,gradient_boosted_trees,0.006280789302911627,0.00122097402395104,0.014704928937088364,0.00678582127121885,8.6115068635,6.5129350395,2.098571823999999,0.6280789302911627,0.122097402395104,1.4704928937088364,0.678582127121885
53011,"Clark County, WA",WA,Medium,92.23918575063614,0.07361073818,0.06512935039500001,0.008481387784999989,Medium,gradient_boosted_trees,0.006846718060634159,0.0015700831083558225,0.0016346697243658295,0.0023210827412331846,7.3610738179999995,6.5129350395,0.8481387784999989,0.6846718060634159,0.15700831083558225,0.16346697243658295,0.23210827412331847
53015,"Cowlitz County, WA",WA,Medium,90.29898218829516,0.10393764435,0.06512935039500001,0.03880829395499999,Medium,gradient_boosted_trees,0.011435303905537536,0.0027993953194305502,0.027372990049462455,0.015190573533819888,10.393764435,6.5129350395,3.880829395499999,1.1435303905537537,0.27993953194305504,2.7372990049462453,1.5190573533819889
53035,"Kitsap County, WA",WA,Medium,92.30279898218829,0.08699115923,0.06512935039500001,0.021861808834999996,Medium,gradient_boosted_trees,0.0016352933985542628,0.0016266755414999245,0.020226515436445734,0.0052558496888456515,8.699115923,6.5129350395,2.1861808834999996,0.16352933985542628,0.16266755414999245,2.0226515436445736,0.5255849688845652
53037,"Kittitas County, WA",WA,Medium,89.12213740458014,0.088846324605,0.06512935039500001,0.02371697420999999,Medium,gradient_boosted_trees,0.0003788039572647928,0.000409153437062354,0.0233381702527352,0.003680646136123608,8.8846324605,6.5129350395,2.371697420999999,0.037880395726479284,0.0409153437062354,2.33381702527352,0.3680646136123608
53041,"Lewis County, WA",WA,Medium,89.69465648854961,0.10765710865,0.06512935039500001,0.04252775825499999,Medium,gradient_boosted_trees,0.01677711104899031,0.004225074819295029,0.025750647206009683,0.01878437007162049,10.765710864999999,6.5129350395,4.252775825499999,1.677711104899031,0.4225074819295029,2.5750647206009685,1.8784370071620489
53045,"Mason County, WA",WA,Medium,85.33715012722645,0.09876217932,0.06512935039500001,0.033632828925,Medium,gradient_boosted_trees,0.020379274431753986,0.011115399695875683,0.01325355449324601,0.02021269452399235,9.876217932000001,6.5129350395,3.3632828924999996,2.0379274431753984,1.1115399695875683,1.3253554493246011,2.0212694523992347
53047,"Okanogan County, WA",WA,Medium,89.18575063613231,0.06612895648,0.06512935039500001,0.0009996060849999933,Medium,gradient_boosted_trees,0.01433164037603986,0.004636197668876953,-0.013332034291039867,0.010603971564907453,6.612895648,6.5129350395,0.09996060849999933,1.433164037603986,0.4636197668876953,-1.3332034291039867,1.0603971564907453
53049,"Pacific County, WA",WA,Medium,92.74809160305344,0.08688303328,0.06512935039500001,0.021753682884999986,Medium,gradient_boosted_trees,0.010385625774883066,0.0029538999210923776,0.01136805711011692,0.013939018517951398,8.688303328,6.5129350395,2.1753682884999987,1.0385625774883067,0.2953899921092378,1.136805711011692,1.3939018517951398
53057,"Skagit County, WA",WA,Medium,88.77226463104326,0.085791761345,0.06512935039500001,0.020662410949999988,Medium,gradient_boosted_trees,0.007949070507680485,0.004076886809585822,0.012713340442319502,0.010748466149442073,8.579176134499999,6.5129350395,2.0662410949999988,0.7949070507680486,0.4076886809585822,1.2713340442319503,1.0748466149442073
53063,"Spokane County, WA",WA,Medium,89.98091603053436,0.09648022691,0.06512935039500001,0.03135087651499999,Medium,gradient_boosted_trees,0.004431037213304797,0.0023779286975705717,0.02691983930169519,0.004589570986148772,9.648022691,6.5129350395,3.135087651499999,0.4431037213304797,0.23779286975705716,2.691983930169519,0.4589570986148772
53073,"Whatcom County, WA",WA,Medium,90.96692111959288,0.08325600724000001,0.06512935039500001,0.018126656845000005,Medium,gradient_boosted_trees,0.008996624691151896,0.0008680198384648755,0.00913003215384811,0.011123274900930374,8.325600724000001,6.5129350395,1.8126656845000007,0.8996624691151897,0.08680198384648755,0.9130032153848109,1.1123274900930373
53077,"Yakima County, WA",WA,Medium,94.0203562340967,0.088354046795,0.06512935039500001,0.023224696399999994,Medium,gradient_boosted_trees,-0.00043211707110580623,0.003034063321513851,0.0236568134711058,0.000598319437528512,8.8354046795,6.5129350395,2.3224696399999996,-0.04321170711058062,0.3034063321513851,2.3656813471105798,0.059831943752851204
54011,"Cabell County, WV",WV,Medium,85.36895674300254,0.04334572715,0.06512935039500001,-0.02178362324500001,Medium,gradient_boosted_trees,-0.010945698519486484,0.0052531788810011,-0.010837924725513525,-0.007369138631434631,4.334572715,6.5129350395,-2.178362324500001,-1.0945698519486484,0.52531788810011,-1.0837924725513526,-0.7369138631434631
55009,"Brown County, WI",WI,Medium,90.04452926208651,0.07988858079,0.06512935039500001,0.01475923039499999,Medium,gradient_boosted_trees,0.0003965792347051486,0.0024952783588887916,0.01436265116029484,0.0034715775406555763,7.988858079,6.5129350395,1.475923039499999,0.03965792347051486,0.24952783588887917,1.4362651160294841,0.34715775406555766
55021,"Columbia County, WI",WI,Medium,81.42493638676844,0.07891097860999999,0.06512935039500001,0.01378162821499998,Medium,gradient_boosted_trees,0.00032900627126767517,0.0017947885751550977,0.013452621943732306,-0.0008522061511350317,7.891097860999999,6.5129350395,1.378162821499998,0.032900627126767515,0.17947885751550977,1.3452621943732306,-0.08522061511350316
55025,"Dane County, WI",WI,Medium,93.86132315521628,0.06291989933,0.06512935039500001,-0.0022094510650000065,Medium,gradient_boosted_trees,-0.004435000397089317,0.0034145527500080174,0.0022255493320893103,-2.2739212006696134e-05,6.291989933,6.5129350395,-0.22094510650000065,-0.4435000397089317,0.34145527500080175,0.22255493320893102,-0.0022739212006696137
55059,"Kenosha County, WI",WI,Medium,84.95547073791349,0.07760918720000001,0.06512935039500001,0.012479836805000005,Medium,gradient_boosted_trees,0.007065526881602172,0.0006871338903302884,0.005414309923397833,0.00927792801043585,7.760918720000001,6.5129350395,1.2479836805000004,0.7065526881602172,0.06871338903302884,0.5414309923397833,0.927792801043585
55073,"Marathon County, WI",WI,Medium,87.1501272264631,0.071737030865,0.06512935039500001,0.006607680469999988,Medium,gradient_boosted_trees,0.003480790879055898,0.006033588759251306,0.00312688959094409,0.0024819550088660677,7.1737030865,6.5129350395,0.6607680469999988,0.3480790879055898,0.6033588759251306,0.312688959094409,0.24819550088660677
55101,"Racine County, WI",WI,Medium,85.43256997455471,0.075438763895,0.06512935039500001,0.01030941349999999,Medium,gradient_boosted_trees,0.0050599857260318695,0.0017587816858307844,0.00524942777396812,0.0065954716605417,7.543876389499999,6.5129350395,1.0309413499999989,0.5059985726031869,0.17587816858307845,0.5249427773968119,0.65954716605417
55105,"Rock County, WI",WI,Medium,86.35496183206108,0.087189631145,0.06512935039500001,0.022060280749999994,Medium,gradient_boosted_trees,0.005665092860393552,0.0020823125925355022,0.016395187889606443,0.006569365994102456,8.7189631145,6.5129350395,2.2060280749999994,0.5665092860393551,0.2082312592535502,1.6395187889606442,0.6569365994102456
55133,"Waukesha County, WI",WI,Medium,88.8676844783715,0.060100577424999996,0.06512935039500001,-0.005028772970000012,Medium,gradient_boosted_trees,-0.0026708633807397395,0.0026159911683122632,-0.002357909589260272,-0.002267563447042438,6.0100577425,6.5129350395,-0.5028772970000012,-0.267086338073974,0.26159911683122633,-0.23579095892602722,-0.2267563447042438
55139,"Winnebago County, WI",WI,Medium,86.83206106870229,0.081223502655,0.06512935039500001,0.016094152259999994,Medium,gradient_boosted_trees,0.00031866573917408976,0.0023099681559873436,0.015775486520825905,0.0016734912689003764,8.1223502655,6.5129350395,1.6094152259999994,0.03186657391740898,0.23099681559873436,1.5775486520825905,0.16734912689003764
01003,"Baldwin County, AL",AL,High,96.72391857506362,0.04269937671,0.0597248519075,-0.0170254751975,High + Very High,gradient_boosted_trees,-0.003851820705742895,0.004417607822845562,-0.013173654491757105,-0.01529290653232428,4.269937671,5.9724851907500005,-1.70254751975,-0.3851820705742895,0.44176078228455623,-1.3173654491757105,-1.529290653232428
01073,"Jefferson County, AL",AL,High,97.6145038167939,0.0523654789,0.0597248519075,-0.007359373007500003,High + Very High,gradient_boosted_trees,-0.007807067083346642,0.0011928264773226104,0.0004476940758466391,-0.009048458056947498,5.23654789,5.9724851907500005,-0.7359373007500003,-0.7807067083346642,0.11928264773226104,0.04476940758466391,-0.9048458056947497
01089,"Madison County, AL",AL,High,94.56106870229007,0.051215888375000004,0.0597248519075,-0.008508963532499997,High + Very High,gradient_boosted_trees,-0.014937281010293976,0.0056511224078300525,0.006428317477793979,-0.008533549657361882,5.1215888375,5.9724851907500005,-0.8508963532499997,-1.4937281010293977,0.5651122407830053,0.6428317477793979,-0.8533549657361882
01097,"Mobile County, AL",AL,High,98.02798982188295,0.042404521495,0.0597248519075,-0.0173203304125,High + Very High,gradient_boosted_trees,-0.006782497977442664,0.008679746096870474,-0.010537832435057338,-0.012407257649924303,4.2404521495,5.9724851907500005,-1.7320330412500002,-0.6782497977442664,0.8679746096870474,-1.0537832435057337,-1.2407257649924304
02020,"Anchorage Borough, AK",AK,High,97.39185750636132,0.031811052235,0.0597248519075,-0.027913799672500003,High + Very High,gradient_boosted_trees,-0.004500690763116557,0.002129260233556104,-0.023413108909383445,-0.024745130822901158,3.1811052235,5.9724851907500005,-2.79137996725,-0.45006907631165566,0.21292602335561042,-2.3413108909383444,-2.4745130822901156
04015,"Mohave County, AZ",AZ,High,94.75190839694656,0.06510144346999999,0.0597248519075,0.005376591562499991,High + Very High,gradient_boosted_trees,0.017166102509397225,0.008609129269189037,-0.011789510946897234,0.0063229269516322,6.510144346999999,5.9724851907500005,0.537659156249999,1.7166102509397225,0.8609129269189038,-1.1789510946897235,0.63229269516322
04019,"Pima County, AZ",AZ,High,99.10941475826972,0.0688231951,0.0597248519075,0.009098343192499997,High + Very High,gradient_boosted_trees,0.01175721881308879,0.0022262359398182367,-0.0026588756205887937,0.011480969980641915,6.882319509999999,5.9724851907500005,0.9098343192499997,1.175721881308879,0.22262359398182366,-0.26588756205887937,1.1480969980641915
05119,"Pulaski County, AR",AR,High,96.78753180661577,0.043835188260000005,0.0597248519075,-0.015889663647499996,High + Very High,gradient_boosted_trees,-0.004055435122640777,0.0014714226522192975,-0.011834228524859219,-0.0130692862220383,4.383518826,5.9724851907500005,-1.5889663647499996,-0.40554351226407775,0.14714226522192975,-1.1834228524859218,-1.30692862220383
06015,"Del Norte County, CA",CA,High,94.43384223918575,0.08348586485000001,0.0597248519075,0.023761012942500007,High + Very High,gradient_boosted_trees,-0.0052700137533434116,0.004674396920822239,0.02903102669584342,0.01716580667468339,8.348586485,5.9724851907500005,2.3761012942500006,-0.5270013753343411,0.46743969208222386,2.903102669584342,1.716580667468339
06019,"Fresno County, CA",CA,High,99.30025445292621,0.06441772321,0.0597248519075,0.0046928713024999985,High + Very High,gradient_boosted_trees,0.009504015853094976,0.001557676305528542,-0.0048111445505949774,0.0052311863230759485,6.441772321,5.9724851907500005,0.46928713024999985,0.9504015853094976,0.1557676305528542,-0.48111445505949774,0.5231186323075948
06023,"Humboldt County, CA",CA,High,96.7557251908397,0.042193260595000004,0.0597248519075,-0.017531591312499997,High + Very High,gradient_boosted_trees,0.0003359346269058273,0.004567239804625977,-0.017867525939405826,-0.014795074046815683,4.2193260595,5.9724851907500005,-1.7531591312499997,0.03359346269058273,0.45672398046259766,-1.7867525939405826,-1.4795074046815684
06025,"Imperial County, CA",CA,High,96.46946564885496,0.08191073617,0.0597248519075,0.022185884262499997,High + Very High,gradient_boosted_trees,0.0029708696708310805,0.004307407807933366,0.019215014591668918,0.017957640623462185,8.191073617,5.9724851907500005,2.2185884262499997,0.29708696708310806,0.4307407807933366,1.9215014591668917,1.7957640623462185
06029,"Kern County, CA",CA,High,98.88676844783714,0.054904978525,0.0597248519075,-0.004819873382499999,High + Very High,gradient_boosted_trees,0.01399189947817255,0.002946548197927244,-0.01881177286067255,0.00302170004846692,5.4904978525,5.9724851907500005,-0.48198733824999995,1.3991899478172551,0.2946548197927244,-1.881177286067255,0.302170004846692
06039,"Madera County, CA",CA,High,96.43765903307889,0.076893945065,0.0597248519075,0.017169093157499996,High + Very High,gradient_boosted_trees,0.001018212063654657,0.007274176236321274,0.01615088109384534,0.011682119130788576,7.689394506499999,5.9724851907500005,1.7169093157499995,0.1018212063654657,0.7274176236321274,1.615088109384534,1.1682119130788575
06041,"Marin County, CA",CA,High,96.37404580152672,0.03205152179,0.0597248519075,-0.0276733301175,High + Very High,gradient_boosted_trees,-0.017733724149331418,0.0025509769181905452,-0.00993960596816858,-0.027827861683435456,3.205152179,5.9724851907500005,-2.76733301175,-1.7733724149331418,0.2550976918190545,-0.9939605968168581,-2.7827861683435455
06045,"Mendocino County, CA",CA,High,94.3384223918575,0.043637384975,0.0597248519075,-0.016087466932500002,High + Very High,gradient_boosted_trees,-0.004794925464295757,0.008520269186570393,-0.011292541468204246,-0.013900333535897851,4.3637384975,5.9724851907500005,-1.6087466932500003,-0.4794925464295757,0.8520269186570393,-1.1292541468204247,-1.390033353589785
06047,"Merced County, CA",CA,High,96.85114503816794,0.08538250672,0.0597248519075,0.0256576548125,High + Very High,gradient_boosted_trees,0.009379124083685936,0.0022923654338294123,0.016278530728814064,0.023005501543730038,8.538250672,5.9724851907500005,2.56576548125,0.9379124083685936,0.22923654338294122,1.6278530728814065,2.3005501543730036
06053,"Monterey County, CA",CA,High,98.72773536895674,0.06433874541500001,0.0597248519075,0.004613893507500008,High + Very High,gradient_boosted_trees,-0.006440761116923725,0.005646988811713968,0.011054654624423732,0.000962169348837763,6.433874541500001,5.9724851907500005,0.4613893507500008,-0.6440761116923724,0.5646988811713968,1.1054654624423732,0.09621693488377629
06055,"Napa County, CA",CA,High,95.26081424936386,0.05461398811,0.0597248519075,-0.005110863797500004,High + Very High,gradient_boosted_trees,-0.013880214835105117,0.002032307780980245,0.008769351037605113,-0.007614263640807609,5.461398811,5.9724851907500005,-0.5110863797500004,-1.3880214835105118,0.2032307780980245,0.8769351037605113,-0.7614263640807609
06067,"Sacramento County, CA",CA,High,98.1234096692112,0.063025538805,0.0597248519075,0.003300686897500002,High + Very High,gradient_boosted_trees,0.010327119061608483,0.0036738242638372763,-0.007026432164108481,0.006397194187709816,6.3025538805000005,5.9724851907500005,0.3300686897500002,1.0327119061608483,0.36738242638372764,-0.7026432164108481,0.6397194187709816
06077,"San Joaquin County, CA",CA,High,98.60050890585241,0.06823094875499999,0.0597248519075,0.008506096847499992,High + Very High,gradient_boosted_trees,0.016434257201145722,0.0019594973990752673,-0.00792816035364573,0.011474535131310762,6.823094875499999,5.9724851907500005,0.8506096847499991,1.6434257201145723,0.19594973990752673,-0.7928160353645731,1.1474535131310761
06079,"San Luis Obispo County, CA",CA,High,95.8969465648855,0.050673009150000003,0.0597248519075,-0.009051842757499998,High + Very High,gradient_boosted_trees,0.010173258230280252,0.0017350569759518597,-0.01922510098778025,-0.0016512806497471283,5.067300915000001,5.9724851907500005,-0.9051842757499997,1.0173258230280253,0.17350569759518597,-1.9225100987780248,-0.16512806497471283
06081,"San Mateo County, CA",CA,High,99.23664122137404,0.040911418025,0.0597248519075,-0.0188134338825,High + Very High,gradient_boosted_trees,-0.015187401461285277,0.0044140055202980455,-0.003626032421214724,-0.019037287211337944,4.0911418025,5.9724851907500005,-1.8813433882500001,-1.5187401461285277,0.44140055202980455,-0.36260324212147244,-1.9037287211337943
06083,"Santa Barbara County, CA",CA,High,98.9821882951654,0.080776941385,0.0597248519075,0.021052089477499994,High + Very High,gradient_boosted_trees,-0.007058320162794493,0.000463417963850134,0.028110409640294487,0.010809748156392582,8.0776941385,5.9724851907500005,2.1052089477499996,-0.7058320162794494,0.0463417963850134,2.8110409640294485,1.0809748156392582
06087,"Santa Cruz County, CA",CA,High,97.80534351145039,0.05177647128,0.0597248519075,-0.007948380627500001,High + Very High,gradient_boosted_trees,-0.004427339434672191,0.00498743652843606,-0.00352104119282781,-0.006481092965778447,5.177647128,5.9724851907500005,-0.7948380627500001,-0.4427339434672191,0.498743652843606,-0.352104119282781,-0.6481092965778447
06095,"Solano County, CA",CA,High,97.01017811704835,0.06253574038,0.0597248519075,0.002810888472499995,High + Very High,gradient_boosted_trees,0.003927763183419063,0.0036287767946828428,-0.0011168747109190679,0.001999048655261333,6.253574038,5.9724851907500005,0.2810888472499995,0.3927763183419063,0.36287767946828425,-0.11168747109190678,0.1999048655261333
06097,"Sonoma County, CA",CA,High,99.07760814249363,0.043683096615,0.0597248519075,-0.0160417552925,High + Very High,gradient_boosted_trees,-0.005705427925357726,0.0027025063883998448,-0.010336327367142274,-0.016050957404459474,4.3683096615,5.9724851907500005,-1.6041755292500002,-0.5705427925357726,0.27025063883998446,-1.0336327367142275,-1.6050957404459474
06099,"Stanislaus County, CA",CA,High,96.88295165394402,0.06955598281,0.0597248519075,0.009831130902499999,High + Very High,gradient_boosted_trees,0.005388164489918901,0.0019344114711428565,0.004442966412581097,0.009259952128058224,6.955598281,5.9724851907500005,0.9831130902499998,0.5388164489918902,0.19344114711428564,0.44429664125810975,0.9259952128058224
06107,"Tulare County, CA",CA,High,97.04198473282443,0.060822247915,0.0597248519075,0.001097396007500001,High + Very High,gradient_boosted_trees,0.006284006717295852,0.002430267558716126,-0.005186610709795851,0.0023918504753814955,6.0822247915,5.9724851907500005,0.10973960075000011,0.6284006717295852,0.24302675587161263,-0.5186610709795851,0.23918504753814956
06111,"Ventura County, CA",CA,High,99.39567430025446,0.04890435636,0.0597248519075,-0.010820495547500003,High + Very High,gradient_boosted_trees,0.002098882303200014,0.0035992612199538176,-0.012919377850700017,-0.009191688504971275,4.890435635999999,5.9724851907500005,-1.0820495547500002,0.2098882303200014,0.35992612199538176,-1.2919377850700016,-0.9191688504971275
08031,"Denver County, CO",CO,High,95.22900763358778,0.06581624763499999,0.0597248519075,0.00609139572749999,High + Very High,gradient_boosted_trees,0.0017482633546694246,0.004487034752351191,0.0043431323728305654,0.006479217738807898,6.581624763499999,5.9724851907500005,0.6091395727499991,0.17482633546694246,0.4487034752351191,0.43431323728305654,0.6479217738807899
08059,"Jefferson County, CO",CO,High,94.94274809160305,0.066898896095,0.0597248519075,0.007174044187499992,High + Very High,gradient_boosted_trees,0.00010147331909649185,0.0020611447066997486,0.0070725708684035,0.006811693629482383,6.6898896095,5.9724851907500005,0.7174044187499993,0.010147331909649185,0.20611447066997488,0.70725708684035,0.6811693629482383
10003,"New Castle County, DE",DE,High,95.29262086513995,0.043171094029999996,0.0597248519075,-0.016553757877500005,High + Very High,gradient_boosted_trees,0.005139768107226859,0.0027785128224056617,-0.021693525984726864,-0.007999820814566318,4.317109403,5.9724851907500005,-1.6553757877500006,0.5139768107226859,0.27785128224056616,-2.1693525984726865,-0.7999820814566319
11001,"District of Columbia, DC",DC,High,97.58269720101781,0.0076691844095,0.0597248519075,-0.052055667498,High + Very High,gradient_boosted_trees,-0.0012961061686832982,0.0013945910881409973,-0.05075956132931671,-0.03294340759815636,0.76691844095,5.9724851907500005,-5.2055667498,-0.1296106168683298,0.13945910881409973,-5.075956132931671,-3.294340759815636
12009,"Brevard County, FL",FL,High,98.40966921119593,0.07672808777000001,0.0597248519075,0.017003235862500007,High + Very High,gradient_boosted_trees,0.00840350244626952,0.0007785874468728985,0.008599733416230488,0.014873260187077565,7.672808777000001,5.9724851907500005,1.7003235862500008,0.840350244626952,0.07785874468728984,0.8599733416230487,1.4873260187077564
12011,"Broward County, FL",FL,High,99.45928753180662,0.081048143605,0.0597248519075,0.021323291697499996,High + Very High,gradient_boosted_trees,0.0042299496212066245,0.004162093081010244,0.017093342076293372,0.01727664452901432,8.104814360499999,5.9724851907500005,2.1323291697499998,0.42299496212066245,0.4162093081010244,1.7093342076293372,1.727664452901432
12015,"Charlotte County, FL",FL,High,95.19720101781171,0.06732980582,0.0597248519075,0.007604953912500004,High + Very High,gradient_boosted_trees,0.007291638271306004,0.012029925827274105,0.0003133156411939996,0.00775807774195893,6.732980582000001,5.9724851907500005,0.7604953912500003,0.7291638271306005,1.2029925827274106,0.031331564119399954,0.775807774195893
12017,"Citrus County, FL",FL,High,94.6882951653944,0.1052582849,0.0597248519075,0.0455334329925,High + Very High,gradient_boosted_trees,0.010009254921210126,0.0064844991466562595,0.03552417807128987,0.02539614834175091,10.52582849,5.9724851907500005,4.55334329925,1.0009254921210127,0.648449914665626,3.5524178071289874,2.539614834175091
12021,"Collier County, FL",FL,High,98.91857506361323,0.035955423155,0.0597248519075,-0.023769428752500002,High + Very High,gradient_boosted_trees,-0.00673118361306363,0.002181253871174385,-0.017038245139436373,-0.02039342127130197,3.5955423155,5.9724851907500005,-2.37694287525,-0.673118361306363,0.2181253871174385,-1.7038245139436372,-2.039342127130197
12031,"Duval County, FL",FL,High,97.20101781170484,0.070934886915,0.0597248519075,0.011210035007499994,High + Very High,gradient_boosted_trees,0.0026546311225897133,0.0017954382070132545,0.00855540388491028,0.009515595788492214,7.093488691499999,5.9724851907500005,1.1210035007499994,0.26546311225897135,0.17954382070132546,0.855540388491028,0.9515595788492214
12033,"Escambia County, FL",FL,High,95.10178117048346,0.080576986575,0.0597248519075,0.020852134667499994,High + Very High,gradient_boosted_trees,0.005236904453200468,0.000628517618405303,0.015615230214299527,0.016900153928023458,8.0576986575,5.9724851907500005,2.0852134667499995,0.5236904453200468,0.06285176184053029,1.5615230214299527,1.6900153928023458
12057,"Hillsborough County, FL",FL,High,98.82315521628499,0.067681792435,0.0597248519075,0.007956940527499998,High + Very High,gradient_boosted_trees,0.01386333149071789,0.004465949704457332,-0.005906390963217892,0.015851223828572198,6.7681792435,5.9724851907500005,0.7956940527499998,1.386333149071789,0.4465949704457332,-0.5906390963217891,1.5851223828572198
12061,"Indian River County, FL",FL,High,95.64249363867684,0.071419534545,0.0597248519075,0.011694682637499995,High + Very High,gradient_boosted_trees,0.0014222099997632978,0.00436190681247466,0.010272472637736698,0.007566172326023875,7.141953454499999,5.9724851907500005,1.1694682637499996,0.14222099997632978,0.436190681247466,1.0272472637736698,0.7566172326023874
12071,"Lee County, FL",FL,High,99.04580152671755,0.04151845646,0.0597248519075,-0.018206395447500003,High + Very High,gradient_boosted_trees,-0.0031349321158541475,0.001290702143058529,-0.015071463331645855,-0.01711931659066073,4.151845646,5.9724851907500005,-1.8206395447500003,-0.31349321158541477,0.1290702143058529,-1.5071463331645856,-1.7119316590660731
12081,"Manatee County, FL",FL,High,97.55089058524173,0.049404816049999994,0.0597248519075,-0.010320035857500007,High + Very High,gradient_boosted_trees,-0.004322762892683085,0.0012298205375553897,-0.005997272964816921,-0.011191206937845788,4.9404816049999996,5.9724851907500005,-1.0320035857500007,-0.4322762892683085,0.12298205375553897,-0.5997272964816921,-1.1191206937845788
12083,"Marion County, FL",FL,High,94.72010178117048,0.10500362569999999,0.0597248519075,0.04527877379249999,High + Very High,gradient_boosted_trees,0.013506886034666245,0.00468916021116874,0.031771887757833746,0.03119360128055984,10.50036257,5.9724851907500005,4.527877379249999,1.3506886034666246,0.468916021116874,3.1771887757833746,3.119360128055984
12095,"Orange County, FL",FL,High,98.44147582697201,0.07953744835000001,0.0597248519075,0.01981259644250001,High + Very High,gradient_boosted_trees,0.012532939923207545,0.002329836389083237,0.007279656519292466,0.019749293220889825,7.953744835000001,5.9724851907500005,1.981259644250001,1.2532939923207544,0.23298363890832371,0.7279656519292466,1.9749293220889825
12099,"Palm Beach County, FL",FL,High,99.20483460559797,0.066329339755,0.0597248519075,0.006604487847499993,High + Very High,gradient_boosted_trees,0.00936548019424158,0.0021269616996179015,-0.002760992346741587,0.007852118114434602,6.632933975499999,5.9724851907500005,0.6604487847499994,0.936548019424158,0.21269616996179014,-0.2760992346741587,0.7852118114434602
12101,"Pasco County, FL",FL,High,95.96055979643766,0.08903088936,0.0597248519075,0.029306037452500003,High + Very High,gradient_boosted_trees,0.01559286763507742,0.004005467798751458,0.013713169817422583,0.029734164421643495,8.903088936,5.9724851907500005,2.9306037452500004,1.5592867635077419,0.40054677987514575,1.3713169817422584,2.9734164421643494
12103,"Pinellas County, FL",FL,High,98.21882951653944,0.085866453555,0.0597248519075,0.0261416016475,High + Very High,gradient_boosted_trees,0.010438803861120371,0.006977444319802316,0.015702797786379626,0.023401199095583376,8.5866453555,5.9724851907500005,2.61416016475,1.0438803861120372,0.6977444319802316,1.5702797786379625,2.3401199095583376
12105,"Polk County, FL",FL,High,96.53307888040712,0.084984932045,0.0597248519075,0.0252600801375,High + Very High,gradient_boosted_trees,0.010750798389415903,0.0027502354323282975,0.014509281748084099,0.022043324106981527,8.4984932045,5.9724851907500005,2.5260080137500003,1.0750798389415903,0.27502354323282974,1.45092817480841,2.2043324106981528
12111,"St. Lucie County, FL",FL,High,96.0559796437659,0.071451917615,0.0597248519075,0.011727065707499998,High + Very High,gradient_boosted_trees,0.007832960033901784,0.007621539369642621,0.003894105673598214,0.011438058516964531,7.1451917615,5.9724851907500005,1.1727065707499997,0.7832960033901784,0.7621539369642621,0.3894105673598214,1.143805851696453
12115,"Sarasota County, FL",FL,High,98.15521628498728,0.04794488668,0.0597248519075,-0.011779965227500001,High + Very High,gradient_boosted_trees,-0.0028079951865402613,0.0046864033305488205,-0.00897197004095974,-0.007634160132965725,4.794488668,5.9724851907500005,-1.1779965227500002,-0.28079951865402614,0.46864033305488206,-0.897197004095974,-0.7634160132965725
12127,"Volusia County, FL",FL,High,96.2150127226463,0.086708307125,0.0597248519075,0.026983455217499994,High + Very High,gradient_boosted_trees,0.011089689663692717,0.0037525096296074103,0.015893765553807275,0.027919811872394628,8.670830712499999,5.9724851907500005,2.6983455217499994,1.1089689663692717,0.375250962960741,1.5893765553807275,2.791981187239463
13051,"Chatham County, GA",GA,High,97.42366412213741,0.071566902765,0.0597248519075,0.011842050857499994,High + Very High,gradient_boosted_trees,-0.008712656155962636,0.0014414808277546846,0.020554707013462632,0.010637850393964312,7.156690276499999,5.9724851907500005,1.1842050857499995,-0.8712656155962636,0.14414808277546848,2.0554707013462634,1.0637850393964312
13067,"Cobb County, GA",GA,High,94.37022900763358,0.06566776261,0.0597248519075,0.005942910702499998,High + Very High,gradient_boosted_trees,-0.003678001003481523,0.0005119820184784982,0.00962091170598152,0.002671256316189725,6.566776261,5.9724851907500005,0.5942910702499998,-0.3678001003481523,0.05119820184784982,0.9620911705981521,0.2671256316189725
13121,"Fulton County, GA",GA,High,95.80152671755725,0.045853099225,0.0597248519075,-0.013871752682500002,High + Very High,gradient_boosted_trees,0.002561593247241019,0.006191088095969045,-0.016433345929741022,-0.009382145147784243,4.5853099225,5.9724851907500005,-1.3871752682500003,0.2561593247241019,0.6191088095969045,-1.6433345929741021,-0.9382145147784243
13135,"Gwinnett County, GA",GA,High,95.41984732824427,0.06623494459500001,0.0597248519075,0.00651009268750001,High + Very High,gradient_boosted_trees,0.00843659132834445,0.0018697049390534622,-0.0019264986408444405,0.006227621484724259,6.623494459500002,5.9724851907500005,0.6510092687500011,0.843659132834445,0.18697049390534623,-0.19264986408444404,0.622762148472426
15001,"Hawaii County, HI",HI,High,98.50508905852418,0.06597067527,0.0597248519075,0.0062458233625,High + Very High,gradient_boosted_trees,0.0009972262863255316,0.00211093815351812,0.0052485970761744685,0.00504852685625102,6.597067527,5.9724851907500005,0.62458233625,0.09972262863255316,0.211093815351812,0.5248597076174468,0.504852685625102
15003,"Honolulu County, HI",HI,High,98.75954198473282,0.02952495183,0.0597248519075,-0.0301999000775,High + Very High,gradient_boosted_trees,-0.013465366290806491,0.00517425803190367,-0.016734533786693512,-0.029009164424198264,2.952495183,5.9724851907500005,-3.01999000775,-1.346536629080649,0.517425803190367,-1.6734533786693513,-2.9009164424198266
17043,"DuPage County, IL",IL,High,97.64631043256998,0.048424474625000005,0.0597248519075,-0.011300377282499996,High + Very High,gradient_boosted_trees,-0.004704765062820828,0.0015568139474957685,-0.006595612219679168,-0.008102754520484493,4.842447462500001,5.9724851907500005,-1.1300377282499996,-0.4704765062820828,0.15568139474957685,-0.6595612219679168,-0.8102754520484492
17089,"Kane County, IL",IL,High,94.59287531806616,0.059544760759999996,0.0597248519075,-0.00018009114750000554,High + Very High,gradient_boosted_trees,-0.002248818793866909,0.004406058350601795,0.0020687276463669034,-0.00031011620626550694,5.954476076,5.9724851907500005,-0.018009114750000554,-0.22488187938669088,0.4406058350601795,0.20687276463669033,-0.031011620626550693
17097,"Lake County, IL",IL,High,95.99236641221374,0.05744448797,0.0597248519075,-0.0022803639375000018,High + Very High,gradient_boosted_trees,-0.007772814827852098,0.002267383305147362,0.005492450890352096,-0.005811335418777736,5.7444487969999996,5.9724851907500005,-0.22803639375000018,-0.7772814827852098,0.22673833051473619,0.5492450890352096,-0.5811335418777737
17163,"St. Clair County, IL",IL,High,94.91094147582697,0.06555625637,0.0597248519075,0.005831404462499995,High + Very High,gradient_boosted_trees,-0.005954688676927888,0.004227069090420435,0.011786093139427883,0.0036176312925201245,6.5556256369999995,5.9724851907500005,0.5831404462499995,-0.5954688676927888,0.4227069090420435,1.1786093139427885,0.3617631292520124
17197,"Will County, IL",IL,High,97.264631043257,0.05853222447,0.0597248519075,-0.0011926274375000032,High + Very High,gradient_boosted_trees,0.0029077558230301208,0.0026454962844390615,-0.004100383260530124,0.0009361909364547687,5.853222446999999,5.9724851907500005,-0.11926274375000032,0.2907755823030121,0.26454962844390617,-0.41003832605301244,0.09361909364547687
18089,"Lake County, IN",IN,High,95.92875318066157,0.0594321038,0.0597248519075,-0.00029274810750000435,High + Very High,gradient_boosted_trees,0.004528768214093723,0.0014600612711553873,-0.004821516321593727,0.0027563525891612004,5.94321038,5.9724851907500005,-0.029274810750000435,0.45287682140937224,0.14600612711553873,-0.4821516321593727,0.27563525891612006
18097,"Marion County, IN",IN,High,97.48727735368958,0.06692579507,0.0597248519075,0.007200943162500001,High + Very High,gradient_boosted_trees,-0.0036805294249981856,0.0025569834906365896,0.010881472587498187,0.004612823597549527,6.6925795070000005,5.9724851907500005,0.7200943162500001,-0.36805294249981857,0.25569834906365896,1.0881472587498187,0.4612823597549527
20091,"Johnson County, KS",KS,High,94.8473282442748,0.06277777777499999,0.0597248519075,0.0030529258674999865,High + Very High,gradient_boosted_trees,-0.001258827000395972,0.0068668776989463075,0.0043117528678959585,-9.103636577241789e-05,6.277777777499999,5.9724851907500005,0.30529258674999865,-0.1258827000395972,0.6866877698946308,0.4311752867895958,-0.009103636577241789
20173,"Sedgwick County, KS",KS,High,96.5966921119593,0.05029995454,0.0597248519075,-0.009424897367500004,High + Very High,gradient_boosted_trees,-0.005078666066868438,0.0032189045518551717,-0.004346231300631566,-0.007906521713738483,5.029995454,5.9724851907500005,-0.9424897367500005,-0.5078666066868438,0.3218904551855172,-0.4346231300631566,-0.7906521713738482
21111,"Jefferson County, KY",KY,High,98.2824427480916,0.058407058129999995,0.0597248519075,-0.0013177937775000065,High + Very High,gradient_boosted_trees,0.0017939978161966767,0.0021456603974362087,-0.003111791593696683,0.0010881191033454815,5.840705813,5.9724851907500005,-0.13177937775000065,0.1793997816196677,0.21456603974362087,-0.3111791593696683,0.10881191033454815
22019,"Calcasieu Parish, LA",LA,High,95.70610687022901,0.033267150504999995,0.0597248519075,-0.026457701402500006,High + Very High,gradient_boosted_trees,-0.013887914470426801,0.005139657071186768,-0.012569786932073205,-0.02725332375854748,3.3267150504999994,5.9724851907500005,-2.6457701402500007,-1.38879144704268,0.5139657071186768,-1.2569786932073204,-2.725332375854748
22033,"East Baton Rouge Parish, LA",LA,High,97.96437659033079,0.04490293941,0.0597248519075,-0.014821912497499999,High + Very High,gradient_boosted_trees,-0.002594130155289018,0.001884844503679223,-0.012227782342210981,-0.011262737606804522,4.490293941,5.9724851907500005,-1.4821912497499998,-0.2594130155289018,0.1884844503679223,-1.2227782342210982,-1.1262737606804523
22051,"Jefferson Parish, LA",LA,High,98.66412213740458,0.06213587823,0.0597248519075,0.0024110263224999956,High + Very High,gradient_boosted_trees,-0.002874876313158614,0.0028437459683119835,0.005285902635658609,-0.0014845682976130075,6.213587822999999,5.9724851907500005,0.24110263224999956,-0.28748763131586136,0.28437459683119837,0.5285902635658609,-0.14845682976130076
22055,"Lafayette Parish, LA",LA,High,95.16539440203562,0.01666395204,0.0597248519075,-0.0430608998675,High + Very High,gradient_boosted_trees,-0.006617158692426868,0.005325334993012619,-0.03644374117507313,-0.021414364514232537,1.6663952039999999,5.9724851907500005,-4.30608998675,-0.6617158692426868,0.5325334993012619,-3.644374117507313,-2.1414364514232536
22063,"Livingston Parish, LA",LA,High,94.46564885496184,0.06385393724,0.0597248519075,0.004129085332500004,High + Very High,gradient_boosted_trees,-0.002481257714953607,0.003829475906483277,0.006610343047453612,0.002286727163378483,6.385393724000001,5.9724851907500005,0.41290853325000043,-0.2481257714953607,0.38294759064832773,0.6610343047453612,0.2286727163378483
22071,"Orleans Parish, LA",LA,High,98.25063613231552,0.044955151355,0.0597248519075,-0.0147697005525,High + Very High,gradient_boosted_trees,0.0011657279331453146,0.008812922116279867,-0.015935428485645317,-0.013125583335383752,4.4955151355,5.9724851907500005,-1.47697005525,0.11657279331453146,0.8812922116279867,-1.5935428485645318,-1.3125583335383753
22103,"St. Tammany Parish, LA",LA,High,96.56488549618321,0.03327590644,0.0597248519075,-0.0264489454675,High + Very High,gradient_boosted_trees,0.0019458187294228123,0.001621104383485495,-0.02839476419692281,-0.022591500741381536,3.3275906440000003,5.9724851907500005,-2.64489454675,0.19458187294228124,0.1621104383485495,-2.8394764196922813,-2.259150074138154
24510,"Baltimore County, MD",MD,High,95.00636132315522,0.04230956882,0.0597248519075,-0.017415283087500004,High + Very High,gradient_boosted_trees,0.0037217829251848956,0.0033319186546715996,-0.021137066012684898,-0.012170214967300821,4.230956882,5.9724851907500005,-1.7415283087500004,0.37217829251848955,0.33319186546715995,-2.1137066012684897,-1.217021496730082
25009,"Essex County, MA",MA,High,95.57888040712467,0.066618926025,0.0597248519075,0.006894074117499996,High + Very High,gradient_boosted_trees,0.0012118119043147083,0.0037714806332204325,0.0056822622131852876,0.004783934395458855,6.6618926025,5.9724851907500005,0.6894074117499995,0.12118119043147083,0.37714806332204326,0.5682262213185287,0.4783934395458855
25017,"Middlesex County, MA",MA,High,96.94656488549617,0.051404233475,0.0597248519075,-0.008320618432500003,High + Very High,gradient_boosted_trees,-0.0016770554682114438,0.003888756012093148,-0.006643562964288559,-0.008032053792824316,5.1404233475,5.9724851907500005,-0.8320618432500003,-0.16770554682114439,0.3888756012093148,-0.664356296428856,-0.8032053792824315
26099,"Macomb County, MI",MI,High,96.66030534351145,0.068547581715,0.0597248519075,0.008822729807499999,High + Very High,gradient_boosted_trees,0.010054247114268276,0.001469244845805172,-0.0012315173067682771,0.0095207489021973,6.8547581715,5.9724851907500005,0.8822729807499998,1.0054247114268275,0.14692448458051718,-0.12315173067682772,0.95207489021973
26125,"Oakland County, MI",MI,High,97.51908396946564,0.06313951514,0.0597248519075,0.0034146632325000037,High + Very High,gradient_boosted_trees,-0.001305149306432038,0.0038598811649939984,0.004719812538932042,0.001528177492515474,6.313951514,5.9724851907500005,0.34146632325000037,-0.1305149306432038,0.38598811649939985,0.47198125389320417,0.1528177492515474
26163,"Wayne County, MI",MI,High,98.95038167938931,0.075525428645,0.0597248519075,0.015800576737500002,High + Very High,gradient_boosted_trees,0.005939231289744935,0.002191221662482518,0.009861345447755066,0.01169461496680607,7.5525428645,5.9724851907500005,1.5800576737500003,0.5939231289744935,0.21912216624825182,0.9861345447755067,1.169461496680607
27053,"Hennepin County, MN",MN,High,98.31424936386769,0.049629253675,0.0597248519075,-0.010095598232500003,High + Very High,gradient_boosted_trees,-0.0011097762617953524,0.001991652271609321,-0.00898582197070465,-0.008179778920998608,4.9629253675,5.9724851907500005,-1.0095598232500003,-0.11097762617953523,0.1991652271609321,-0.898582197070465,-0.8179778920998607
27123,"Ramsey County, MN",MN,High,94.62468193384224,0.056226064859999994,0.0597248519075,-0.003498787047500007,High + Very High,gradient_boosted_trees,-0.0018789848639233018,0.0008174766066962155,-0.0016198021835767053,-0.004322992820463598,5.622606486,5.9724851907500005,-0.3498787047500007,-0.18789848639233017,0.08174766066962155,-0.16198021835767054,-0.43229928204635987
28047,"Harrison County, MS",MS,High,95.61068702290076,0.05673169016,0.0597248519075,-0.0029931617475000005,High + Very High,gradient_boosted_trees,0.0056858944284722745,0.003026967330730618,-0.008679056175972276,-0.00026422931647752327,5.673169016,5.9724851907500005,-0.29931617475000005,0.5685894428472275,0.3026967330730618,-0.8679056175972276,-0.026422931647752328
29095,"Jackson County, MO",MO,High,96.50127226463104,0.063086212585,0.0597248519075,0.0033613606774999943,High + Very High,gradient_boosted_trees,0.0029577726572189954,0.0015870959601662106,0.00040358802028099897,0.0019838265345800575,6.3086212585,5.9724851907500005,0.33613606774999943,0.29577726572189955,0.15870959601662105,0.0403588020280999,0.19838265345800574
29510,"St. Louis County, MO",MO,High,98.69592875318067,0.046274055565,0.0597248519075,-0.013450796342500002,High + Very High,gradient_boosted_trees,0.005343187818756666,0.004839440512886251,-0.018793984161256667,-0.01026187832962502,4.6274055565,5.9724851907500005,-1.3450796342500002,0.5343187818756666,0.4839440512886251,-1.8793984161256667,-1.026187832962502
31055,"Douglas County, NE",NE,High,95.86513994910942,0.06214594661,0.0597248519075,0.0024210947025000013,High + Very High,gradient_boosted_trees,0.0001792240821009127,0.0016360804631714067,0.0022418706203990884,0.004136624009448347,6.2145946610000005,5.9724851907500005,0.24210947025000013,0.01792240821009127,0.16360804631714065,0.22418706203990885,0.4136624009448347
32031,"Washoe County, NV",NV,High,96.69211195928753,0.07518514444999999,0.0597248519075,0.01546029254249999,High + Very High,gradient_boosted_trees,0.004668474170342402,0.0019779075579556674,0.010791818372157588,0.0120858262640072,7.518514444999999,5.9724851907500005,1.546029254249999,0.4668474170342402,0.19779075579556674,1.0791818372157587,1.20858262640072
34003,"Bergen County, NJ",NJ,High,97.83715012722645,0.058707720379999995,0.0597248519075,-0.0010171315275000065,High + Very High,gradient_boosted_trees,-5.5144245523789694e-05,0.0021321663630272402,-0.0009619872819762168,-0.0019922216606433,5.870772037999999,5.9724851907500005,-0.10171315275000065,-0.005514424552378969,0.21321663630272403,-0.09619872819762168,-0.19922216606433
34013,"Essex County, NJ",NJ,High,97.70992366412213,0.07821409817,0.0597248519075,0.018489246262499995,High + Very High,gradient_boosted_trees,0.00037214511677333893,0.0068066185391500375,0.018117101145726656,0.013828891303741219,7.821409816999999,5.9724851907500005,1.8489246262499994,0.037214511677333896,0.6806618539150038,1.8117101145726657,1.382889130374122
34017,"Hudson County, NJ",NJ,High,97.2328244274809,0.057368620440000004,0.0597248519075,-0.0023562314674999973,High + Very High,gradient_boosted_trees,0.0035916825850389766,0.0023884040376523923,-0.0059479140525389735,-0.0006373346268270086,5.736862044,5.9724851907500005,-0.23562314674999973,0.35916825850389766,0.23884040376523924,-0.5947914052538974,-0.06373346268270086
34021,"Mercer County, NJ",NJ,High,95.35623409669212,0.062078504425,0.0597248519075,0.002353652517499999,High + Very High,gradient_boosted_trees,-0.001990406571380349,0.0030803601103176308,0.004344059088880348,0.0008299874476838202,6.2078504425,5.9724851907500005,0.2353652517499999,-0.1990406571380349,0.3080360110317631,0.4344059088880348,0.08299874476838201
34023,"Middlesex County, NJ",NJ,High,97.7735368956743,0.05570674378,0.0597248519075,-0.004018108127500003,High + Very High,gradient_boosted_trees,-2.1997833014873497e-05,0.0007384870514316257,-0.00399611029448513,-0.0018956953874939859,5.570674378,5.9724851907500005,-0.4018108127500003,-0.0021997833014873497,0.07384870514316257,-0.39961102944851296,-0.18956953874939858
34025,"Monmouth County, NJ",NJ,High,96.31043256997455,0.05374343478,0.0597248519075,-0.005981417127499999,High + Very High,gradient_boosted_trees,-0.009214607970002448,0.003609020202353968,0.0032331908425024484,-0.006740586809989587,5.374343478,5.9724851907500005,-0.5981417127499999,-0.9214607970002447,0.3609020202353968,0.32331908425024486,-0.6740586809989587
34029,"Ocean County, NJ",NJ,High,96.15139949109415,0.055500562404999995,0.0597248519075,-0.004224289502500006,High + Very High,gradient_boosted_trees,0.010165640671745973,0.0073242602811155145,-0.01438993017424598,0.0009736780226842083,5.550056240499999,5.9724851907500005,-0.4224289502500006,1.0165640671745972,0.7324260281115514,-1.438993017424598,0.09736780226842083
34031,"Passaic County, NJ",NJ,High,95.83333333333334,0.069774900735,0.0597248519075,0.010050048827500005,High + Very High,gradient_boosted_trees,0.0023657559305360755,0.0015890594962502881,0.007684292896963929,0.0117291180662092,6.9774900735,5.9724851907500005,1.0050048827500004,0.23657559305360754,0.15890594962502883,0.7684292896963929,1.1729118066209199
34039,"Union County, NJ",NJ,High,95.48346055979644,0.08276920667,0.0597248519075,0.023044354762499997,High + Very High,gradient_boosted_trees,0.002760271480671924,0.0014723968836246992,0.020284083281828073,0.01599449054535521,8.276920667,5.9724851907500005,2.3044354762499997,0.2760271480671924,0.14723968836246992,2.0284083281828074,1.5994490545355209
35013,"Dona Ana County, NM",NM,High,96.08778625954199,0.052130863595,0.0597248519075,-0.007593988312500001,High + Very High,gradient_boosted_trees,0.000447120459299439,0.00686659784966409,-0.00804110877179944,-0.004750165175121109,5.2130863595,5.9724851907500005,-0.7593988312500001,0.0447120459299439,0.686659784966409,-0.804110877179944,-0.47501651751211094
36005,"Bronx County, NY",NY,High,98.34605597964376,0.06173726929,0.0597248519075,0.0020124173824999994,High + Very High,gradient_boosted_trees,-0.006682740742183669,0.0008759353054956962,0.008695158124683668,0.001191248299435103,6.173726929,5.9724851907500005,0.20124173824999994,-0.6682740742183669,0.08759353054956963,0.8695158124683667,0.1191248299435103
36029,"Erie County, NY",NY,High,97.67811704834605,0.074897876915,0.0597248519075,0.015173025007499993,High + Very High,gradient_boosted_trees,0.0016197354622382283,0.0018899376651075304,0.013553289545261766,0.012982126740110256,7.489787691499999,5.9724851907500005,1.5173025007499994,0.16197354622382285,0.18899376651075303,1.3553289545261766,1.2982126740110256
36047,"Kings County, NY",NY,High,99.26844783715013,0.031271607874999996,0.0597248519075,-0.028453244032500005,High + Very High,gradient_boosted_trees,-0.010601029372042978,0.004777960169561154,-0.017852214660457028,-0.027014750480315083,3.1271607874999994,5.9724851907500005,-2.8453244032500007,-1.0601029372042978,0.47779601695611534,-1.7852214660457029,-2.7014750480315084
36059,"Nassau County, NY",NY,High,97.13740458015268,0.060037272955,0.0597248519075,0.0003124210474999972,High + Very High,gradient_boosted_trees,-0.005015214929545238,0.003446830782292544,0.005327635977045235,-0.0005368733913578221,6.0037272955,5.9724851907500005,0.031242104749999722,-0.5015214929545239,0.34468307822925437,0.5327635977045235,-0.05368733913578221
36061,"New York County, NY",NY,High,98.79134860050891,0.004538258307,0.0597248519075,-0.0551865936005,High + Very High,gradient_boosted_trees,-0.01751453884675414,0.007748068206267153,-0.03767205475374587,-0.04615847218554951,0.4538258307,5.9724851907500005,-5.51865936005,-1.751453884675414,0.7748068206267154,-3.767205475374587,-4.6158472185549515
36081,"Queens County, NY",NY,High,99.17302798982189,0.059573124049999995,0.0597248519075,-0.00015172785750000584,High + Very High,gradient_boosted_trees,-0.007911936185138317,0.00973350053255595,0.007760208327638312,-0.003069303963299074,5.957312405,5.9724851907500005,-0.015172785750000584,-0.7911936185138317,0.973350053255595,0.7760208327638312,-0.3069303963299074
36103,"Suffolk County, NY",NY,High,97.32824427480917,0.062957396825,0.0597248519075,0.0032325449174999965,High + Very High,gradient_boosted_trees,-0.0037763639933942657,0.005892592856197837,0.007008908910894262,0.0010307741576921308,6.2957396825,5.9724851907500005,0.32325449174999965,-0.37763639933942655,0.5892592856197837,0.7008908910894263,0.10307741576921307
36119,"Westchester County, NY",NY,High,96.18320610687023,0.04779914794,0.0597248519075,-0.0119257039675,High + Very High,gradient_boosted_trees,0.0003207467054274461,0.00507833579333866,-0.012246450672927445,-0.006583565787610419,4.779914794,5.9724851907500005,-1.1925703967499999,0.03207467054274461,0.507833579333866,-1.2246450672927445,-0.6583565787610419
37019,"Brunswick County, NC",NC,High,95.76972010178118,0.045489466,0.0597248519075,-0.014235385907500002,High + Very High,gradient_boosted_trees,0.007529788572914867,0.003353483951175901,-0.02176517448041487,-0.008528596280902703,4.5489466,5.9724851907500005,-1.4235385907500002,0.7529788572914867,0.3353483951175901,-2.176517448041487,-0.8528596280902703
37119,"Mecklenburg County, NC",NC,High,97.07379134860051,0.07235220554499999,0.0597248519075,0.012627353637499991,High + Very High,gradient_boosted_trees,-0.0028144155395511124,0.005323286992307155,0.015441769177051104,0.008931593886090498,7.2352205545,5.9724851907500005,1.2627353637499992,-0.2814415539551112,0.5323286992307155,1.5441769177051103,0.8931593886090498
37129,"New Hanover County, NC",NC,High,96.11959287531806,0.063610822165,0.0597248519075,0.003885970257499996,High + Very High,gradient_boosted_trees,-0.0007280688557974882,0.0012865921902453982,0.004614039113297485,0.0024176332794762865,6.3610822165,5.9724851907500005,0.3885970257499996,-0.07280688557974882,0.12865921902453983,0.46140391132974845,0.24176332794762864
37133,"Onslow County, NC",NC,High,94.97455470737913,0.06433501530499999,0.0597248519075,0.004610163397499992,High + Very High,gradient_boosted_trees,-0.01407620344128938,0.004760554317576275,0.018686366838789374,-0.0027507416124880717,6.433501530499999,5.9724851907500005,0.46101633974999917,-1.407620344128938,0.47605543175762755,1.8686366838789374,-0.2750741612488072
37183,"Wake County, NC",NC,High,95.54707379134861,0.04963198302,0.0597248519075,-0.010092868887500002,High + Very High,gradient_boosted_trees,0.0024651235794956993,0.005454345284548733,-0.012557992466995701,-0.006643256367162684,4.963198302,5.9724851907500005,-1.0092868887500002,0.24651235794956994,0.5454345284548733,-1.2557992466995702,-0.6643256367162684
39035,"Cuyahoga County, OH",OH,High,97.99618320610686,0.0738700343,0.0597248519075,0.014145182392499997,High + Very High,gradient_boosted_trees,-0.006087151224042338,0.002282679547646871,0.020232333616542336,0.00924970691537619,7.38700343,5.9724851907500005,1.4145182392499998,-0.6087151224042339,0.22826795476468711,2.0232333616542335,0.924970691537619
39049,"Franklin County, OH",OH,High,98.05979643765903,0.07210472629,0.0597248519075,0.012379874382500003,High + Very High,gradient_boosted_trees,0.01118924331032991,0.001942505272573214,0.001190631072170092,0.012294759298315359,7.210472629000001,5.9724851907500005,1.2379874382500002,1.118924331032991,0.1942505272573214,0.11906310721700922,1.2294759298315359
39061,"Hamilton County, OH",OH,High,96.34223918575063,0.07640843053499999,0.0597248519075,0.016683578627499987,High + Very High,gradient_boosted_trees,-0.001999939037151579,0.0008802070788791017,0.018683517664651567,0.010850271504735625,7.6408430534999985,5.9724851907500005,1.6683578627499986,-0.1999939037151579,0.08802070788791018,1.8683517664651568,1.0850271504735625
40109,"Oklahoma County, OK",OK,High,97.93256997455471,0.047153690085000005,0.0597248519075,-0.012571161822499996,High + Very High,gradient_boosted_trees,0.002159964007120196,0.0037995093247131444,-0.014731125829620191,-0.006511390041199509,4.715369008500001,5.9724851907500005,-1.2571161822499997,0.2159964007120196,0.37995093247131445,-1.473112582962019,-0.6511390041199508
40143,"Tulsa County, OK",OK,High,97.90076335877863,0.050653544,0.0597248519075,-0.0090713079075,High + Very High,gradient_boosted_trees,-0.0037717392768957733,0.00827394123158252,-0.005299568630604226,-0.010128327197959176,5.0653544,5.9724851907500005,-0.9071307907499999,-0.37717392768957736,0.827394123158252,-0.5299568630604226,-1.0128327197959177
41005,"Clackamas County, OR",OR,High,94.8791348600509,0.051426190994999996,0.0597248519075,-0.008298660912500005,High + Very High,gradient_boosted_trees,0.009897964646477358,0.002826891506799068,-0.018196625558977365,-0.0010714574253638967,5.142619099499999,5.9724851907500005,-0.8298660912500005,0.9897964646477359,0.2826891506799068,-1.8196625558977366,-0.10714574253638967
41007,"Clatsop County, OR",OR,High,95.06997455470739,0.08072724701,0.0597248519075,0.0210023951025,High + Very High,gradient_boosted_trees,0.011855241909042568,0.004692856796514908,0.009147153193457434,0.017948573487051915,8.072724701,5.9724851907500005,2.10023951025,1.1855241909042569,0.4692856796514908,0.9147153193457433,1.7948573487051915
41039,"Lane County, OR",OR,High,96.4058524173028,0.07401286399000001,0.0597248519075,0.01428801208250001,High + Very High,gradient_boosted_trees,0.008889304304094242,0.007900374461353147,0.005398707778405768,0.014794329132791533,7.401286399000001,5.9724851907500005,1.428801208250001,0.8889304304094242,0.7900374461353147,0.5398707778405768,1.4794329132791533
41047,"Marion County, OR",OR,High,95.51526717557252,0.083186966855,0.0597248519075,0.0234621149475,High + Very High,gradient_boosted_trees,0.017339479101311523,0.0017214287318890323,0.006122635846188478,0.02173918535852264,8.3186966855,5.9724851907500005,2.3462114947500003,1.7339479101311523,0.17214287318890323,0.6122635846188478,2.173918535852264
41051,"Multnomah County, OR",OR,High,98.47328244274809,0.03720480762,0.0597248519075,-0.0225200442875,High + Very High,gradient_boosted_trees,0.0018263289031714856,0.004266354127701347,-0.024346373190671483,-0.019314473802918557,3.720480762,5.9724851907500005,-2.25200442875,0.18263289031714855,0.42663541277013467,-2.434637319067148,-1.9314473802918557
41067,"Washington County, OR",OR,High,96.02417302798982,0.049187734215,0.0597248519075,-0.0105371176925,High + Very High,gradient_boosted_trees,0.005582125371050788,0.002544279782415426,-0.016119243063550788,-0.0032654178209266804,4.9187734215,5.9724851907500005,-1.05371176925,0.5582125371050788,0.25442797824154256,-1.6119243063550788,-0.32654178209266804
42003,"Allegheny County, PA",PA,High,98.09160305343512,0.053070991925000005,0.0597248519075,-0.006653859982499996,High + Very High,gradient_boosted_trees,-0.006852295841923032,0.0015048839514205832,0.00019843585942303562,-0.00957498022845293,5.307099192500001,5.9724851907500005,-0.6653859982499997,-0.6852295841923032,0.1504883951420583,0.019843585942303562,-0.9574980228452931
42017,"Bucks County, PA",PA,High,94.78371501272265,0.052357064535,0.0597248519075,-0.007367787372500004,High + Very High,gradient_boosted_trees,0.002763156156514341,0.0032011746655676823,-0.010130943529014344,-0.006745993116995118,5.2357064535,5.9724851907500005,-0.7367787372500003,0.2763156156514341,0.32011746655676826,-1.0130943529014345,-0.6745993116995118
42071,"Lancaster County, PA",PA,High,95.0381679389313,0.06319408489,0.0597248519075,0.0034692329825000007,High + Very High,gradient_boosted_trees,0.00250007388156629,0.0020702373648291993,0.0009691591009337109,0.0018904767212774157,6.319408489000001,5.9724851907500005,0.34692329825000007,0.250007388156629,0.20702373648291994,0.09691591009337108,0.18904767212774157
42091,"Montgomery County, PA",PA,High,96.81933842239185,0.047911952375,0.0597248519075,-0.011812899532500004,High + Very High,gradient_boosted_trees,-0.0004425946602534244,0.0036611584810332396,-0.01137030487224658,-0.009416855993061472,4.791195237499999,5.9724851907500005,-1.1812899532500003,-0.04425946602534244,0.366115848103324,-1.137030487224658,-0.9416855993061471
45013,"Beaufort County, SC",SC,High,97.10559796437659,0.059876579765,0.0597248519075,0.0001517278574999989,High + Very High,gradient_boosted_trees,-0.010239038249478616,0.007510861007584091,0.010390766106978614,-0.004848756237732442,5.9876579765,5.9724851907500005,0.01517278574999989,-1.0239038249478616,0.7510861007584091,1.0390766106978615,-0.4848756237732442
45015,"Berkeley County, SC",SC,High,94.81552162849873,0.058991403100000006,0.0597248519075,-0.0007334488074999951,High + Very High,gradient_boosted_trees,-0.004245595190160617,0.004942559655124896,0.003512146382660622,-0.002413344717240387,5.899140310000001,5.9724851907500005,-0.07334488074999951,-0.4245595190160617,0.4942559655124896,0.3512146382660622,-0.24133447172403868
45019,"Charleston County, SC",SC,High,98.6323155216285,0.06591164158,0.0597248519075,0.006186789672499998,High + Very High,gradient_boosted_trees,0.0006967516389292727,0.002856651263823643,0.005490038033570725,0.005338909098047987,6.591164158,5.9724851907500005,0.6186789672499998,0.06967516389292727,0.2856651263823643,0.5490038033570726,0.5338909098047987
45051,"Horry County, SC",SC,High,98.18702290076335,0.046025200295,0.0597248519075,-0.013699651612500002,High + Very High,gradient_boosted_trees,0.013269407821881551,0.003170143821990146,-0.026969059434381555,0.0005142020426338952,4.6025200295,5.9724851907500005,-1.3699651612500001,1.3269407821881551,0.31701438219901457,-2.6969059434381557,0.051420204263389516
47037,"Davidson County, TN",TN,High,97.16921119592875,0.08658121746,0.0597248519075,0.026856365552499997,High + Very High,gradient_boosted_trees,-0.001063549505941973,0.0021171554186350783,0.02791991505844197,0.01688458262353794,8.658121745999999,5.9724851907500005,2.68563655525,-0.1063549505941973,0.21171554186350783,2.791991505844197,1.6884582623537938
47157,"Shelby County, TN",TN,High,99.36386768447836,0.056885974955,0.0597248519075,-0.0028388769524999996,High + Very High,gradient_boosted_trees,-0.00026715819665597236,0.0012666668607318487,-0.0025717187558440273,-0.00199470410015484,5.6885974955,5.9724851907500005,-0.28388769524999996,-0.026715819665597235,0.12666668607318488,-0.25717187558440274,-0.19947041001548402
48029,"Bexar County, TX",TX,High,99.42748091603053,0.052258332465,0.0597248519075,-0.0074665194425,High + Very High,gradient_boosted_trees,-0.0004911247823971185,0.006114881028445337,-0.006975394660102881,-0.006713492754830637,5.225833246500001,5.9724851907500005,-0.7466519442499999,-0.04911247823971185,0.6114881028445337,-0.6975394660102882,-0.6713492754830637
48061,"Cameron County, TX",TX,High,97.29643765903307,0.056990121835,0.0597248519075,-0.0027347300725000037,High + Very High,gradient_boosted_trees,-0.0007783912673641581,0.0029997766275384665,-0.0019563388051358458,-0.0013202560842236115,5.6990121835,5.9724851907500005,-0.27347300725000034,-0.07783912673641581,0.29997766275384663,-0.19563388051358457,-0.13202560842236116
48085,"Collin County, TX",TX,High,98.85496183206108,0.03412922767,0.0597248519075,-0.025595624237500003,High + Very High,gradient_boosted_trees,-0.017462970448445816,0.00456127259640425,-0.008132653789054187,-0.026940377659802107,3.412922767,5.9724851907500005,-2.55956242375,-1.7462970448445816,0.45612725964042494,-0.8132653789054187,-2.6940377659802106
48121,"Denton County, TX",TX,High,96.9147582697201,0.047618210189999996,0.0597248519075,-0.012106641717500005,High + Very High,gradient_boosted_trees,-0.01357258442250607,0.006288915756380485,0.0014659427050060653,-0.014618309860998071,4.761821018999999,5.9724851907500005,-1.2106641717500004,-1.357258442250607,0.6288915756380485,0.14659427050060653,-1.461830986099807
48141,"El Paso County, TX",TX,High,95.45165394402035,0.049903314160000004,0.0597248519075,-0.009821537747499998,High + Very High,gradient_boosted_trees,0.00019572527143684482,0.007676349355297862,-0.010017263018936842,-0.005509182075185693,4.990331416,5.9724851907500005,-0.9821537747499998,0.01957252714368448,0.7676349355297862,-1.0017263018936842,-0.5509182075185693
48157,"Fort Bend County, TX",TX,High,97.45547073791349,0.02124503287,0.0597248519075,-0.0384798190375,High + Very High,gradient_boosted_trees,-0.010817988219658481,0.0020777699695989048,-0.027661830817841522,-0.03051792487708506,2.124503287,5.9724851907500005,-3.84798190375,-1.081798821965848,0.2077769969598905,-2.766183081784152,-3.051792487708506
48167,"Galveston County, TX",TX,High,95.3880407124682,0.04387958919,0.0597248519075,-0.015845262717500003,High + Very High,gradient_boosted_trees,-0.008145521234845814,0.0030036134278717606,-0.007699741482654189,-0.016359320698106333,4.387958919,5.9724851907500005,-1.5845262717500002,-0.8145521234845814,0.3003613427871761,-0.7699741482654189,-1.6359320698106332
48215,"Hidalgo County, TX",TX,High,99.01399491094148,0.06861854048999999,0.0597248519075,0.00889368858249999,High + Very High,gradient_boosted_trees,0.010175538410416208,0.004560370238032804,-0.001281849827916218,0.0097647716203106,6.861854048999999,5.9724851907500005,0.889368858249999,1.0175538410416207,0.4560370238032804,-0.1281849827916218,0.9764771620310599
48245,"Jefferson County, TX",TX,High,95.67430025445293,0.051570714265,0.0597248519075,-0.008154137642500003,High + Very High,gradient_boosted_trees,-0.009400942794997149,0.005209490076652085,0.0012468051524971453,-0.009257896152392224,5.1570714265,5.9724851907500005,-0.8154137642500003,-0.9400942794997149,0.5209490076652085,0.12468051524971452,-0.9257896152392223
48303,"Lubbock County, TX",TX,High,96.2468193384224,0.041800151905,0.0597248519075,-0.017924700002500002,High + Very High,gradient_boosted_trees,-0.004532462256837528,0.005336025571378102,-0.013392237745662474,-0.015150024793048314,4.1800151905,5.9724851907500005,-1.7924700002500003,-0.4532462256837528,0.5336025571378102,-1.3392237745662474,-1.5150024793048313
48339,"Montgomery County, TX",TX,High,95.73791348600508,0.027844234395,0.0597248519075,-0.0318806175125,High + Very High,gradient_boosted_trees,-0.01917078626067897,0.0012777539403494988,-0.01270983125182103,-0.03083737777852156,2.7844234395000003,5.9724851907500005,-3.1880617512500002,-1.917078626067897,0.12777539403494986,-1.270983125182103,-3.0837377778521557
48439,"Tarrant County, TX",TX,High,99.14122137404581,0.074794821715,0.0597248519075,0.0150699698075,High + Very High,gradient_boosted_trees,0.008980166633722406,0.0033408152212161023,0.006089803173777594,0.011518459796488504,7.4794821715,5.9724851907500005,1.5069969807499999,0.8980166633722406,0.33408152212161024,0.6089803173777595,1.1518459796488503
48453,"Travis County, TX",TX,High,97.74173027989822,0.049049199655,0.0597248519075,-0.0106756522525,High + Very High,gradient_boosted_trees,0.0024641870155956602,0.0015044999169255586,-0.01313983926809566,-0.009252697947985672,4.9049199655,5.9724851907500005,-1.06756522525,0.24641870155956602,0.15044999169255585,-1.313983926809566,-0.9252697947985672
49035,"Salt Lake County, UT",UT,High,98.56870229007633,0.083093548485,0.0597248519075,0.0233686965775,High + Very High,gradient_boosted_trees,-0.001197082842325253,0.005564304102569874,0.024565779419825254,0.019892369324185647,8.3093548485,5.9724851907500005,2.33686965775,-0.1197082842325253,0.5564304102569875,2.4565779419825255,1.9892369324185648
49049,"Utah County, UT",UT,High,95.32442748091603,0.076284324325,0.0597248519075,0.0165594724175,High + Very High,gradient_boosted_trees,-0.009631866920232475,0.0029755655217686026,0.026191339337732475,0.010269294212784403,7.6284324325,5.9724851907500005,1.6559472417499999,-0.9631866920232475,0.2975565521768603,2.6191339337732473,1.0269294212784403
51059,"Fairfax County, VA",VA,High,94.65648854961832,0.03818609187,0.0597248519075,-0.0215387600375,High + Very High,gradient_boosted_trees,-0.019804096242507,0.005038324831627013,-0.0017346637949929994,-0.022211872666460845,3.8186091870000003,5.9724851907500005,-2.15387600375,-1.9804096242507,0.5038324831627014,-0.17346637949929994,-2.2211872666460843
53027,"Grays Harbor County, WA",WA,High,96.97837150127226,0.08400875296999999,0.0597248519075,0.024283901062499988,High + Very High,gradient_boosted_trees,0.0068395083917069345,0.007005094759229758,0.017444392670793053,0.02472751973492386,8.400875296999999,5.9724851907500005,2.428390106249999,0.6839508391706934,0.7005094759229757,1.7444392670793052,2.472751973492386
53053,"Pierce County, WA",WA,High,98.53689567430025,0.09853844813,0.0597248519075,0.038813596222499996,High + Very High,gradient_boosted_trees,0.008278271486245348,0.0017258811667481546,0.03053532473625465,0.021343175941441472,9.853844813,5.9724851907500005,3.8813596222499998,0.8278271486245348,0.17258811667481547,3.053532473625465,2.1343175941441475
53061,"Snohomish County, WA",WA,High,97.86895674300254,0.08646998744,0.0597248519075,0.026745135532500006,High + Very High,gradient_boosted_trees,0.002741304486681457,0.006543190526321311,0.02400383104581855,0.022586122506234957,8.646998744000001,5.9724851907500005,2.6745135532500006,0.2741304486681457,0.6543190526321311,2.400383104581855,2.2586122506234956
53067,"Thurston County, WA",WA,High,94.49745547073792,0.081752951785,0.0597248519075,0.0220280998775,High + Very High,gradient_boosted_trees,0.00496814209356532,0.0041583906583358725,0.017059957783934678,0.01632758663942031,8.1752951785,5.9724851907500005,2.20280998775,0.496814209356532,0.41583906583358726,1.7059957783934678,1.632758663942031
54039,"Kanawha County, WV",WV,High,94.529262086514,0.05110114067,0.0597248519075,-0.008623711237499998,High + Very High,gradient_boosted_trees,-0.004106505909685727,0.0030130096049326496,-0.004517205327814271,-0.0074212008469501335,5.1101140670000005,5.9724851907500005,-0.8623711237499998,-0.4106505909685727,0.30130096049326494,-0.4517205327814271,-0.7421200846950133
55079,"Milwaukee County, WI",WI,High,98.37786259541986,0.06780076247,0.0597248519075,0.008075910562499997,High + Very High,gradient_boosted_trees,0.004311236304255065,0.003234264188966831,0.0037646742582449315,0.00908946546858738,6.780076247,5.9724851907500005,0.8075910562499997,0.4311236304255065,0.3234264188966831,0.37646742582449316,0.908946546858738
04013,"Maricopa County, AZ",AZ,Very High,99.87277353689568,0.0725702335,0.058524829545000004,0.014045403954999994,High + Very High,gradient_boosted_trees,0.0075827321716164285,0.0015157090260506417,0.006462671783383565,0.012995134224992098,7.25702335,5.8524829545,1.4045403954999993,0.7582732171616429,0.15157090260506417,0.6462671783383566,1.2995134224992098
06001,"Alameda County, CA",CA,Very High,99.77735368956743,0.050106259264999994,0.058524829545000004,-0.00841857028000001,High + Very High,gradient_boosted_trees,-0.00792250836482078,0.0042763505795730405,-0.00049606191517923,-0.007415133931117865,5.0106259264999995,5.8524829545,-0.841857028000001,-0.792250836482078,0.42763505795730405,-0.049606191517923004,-0.7415133931117865
06013,"Contra Costa County, CA",CA,Very High,99.49109414758269,0.051334130709999995,0.058524829545000004,-0.007190698835000009,High + Very High,gradient_boosted_trees,0.00103636129710317,0.006793487333252055,-0.008227060132103179,-0.005792722268179743,5.133413071,5.8524829545,-0.7190698835000009,0.103636129710317,0.6793487333252055,-0.8227060132103179,-0.5792722268179743
06037,"Los Angeles County, CA",CA,Very High,100.0,0.06075950389,0.058524829545000004,0.002234674344999993,High + Very High,gradient_boosted_trees,-0.0022798323660909903,0.00409773857432629,0.004514506711090983,0.0016809305787141436,6.075950389,5.8524829545,0.22346743449999928,-0.22798323660909903,0.40977385743262895,0.45145067110909826,0.16809305787141438
06059,"Orange County, CA",CA,Very High,99.80916030534351,0.057737135514999996,0.058524829545000004,-0.0007876940300000079,High + Very High,gradient_boosted_trees,-0.0019429797392253925,0.003519012267218154,0.0011552857092253846,-0.00031600679997086854,5.773713551499999,5.8524829545,-0.07876940300000079,-0.19429797392253925,0.3519012267218154,0.11552857092253846,-0.03160067999708686
06065,"Riverside County, CA",CA,Very High,99.90458015267176,0.05569952795,0.058524829545000004,-0.002825301595000003,High + Very High,gradient_boosted_trees,0.01508927846618735,0.00303274462201513,-0.017914580061187353,0.0029131703486887667,5.569952795,5.8524829545,-0.28253015950000027,1.508927846618735,0.303274462201513,-1.7914580061187353,0.29131703486887667
06071,"San Bernardino County, CA",CA,Very High,99.84096692111959,0.057233797924999996,0.058524829545000004,-0.0012910316200000077,High + Very High,gradient_boosted_trees,0.012096911978220696,0.002176402305190754,-0.013387943598220703,0.0024829908633461897,5.723379792499999,5.8524829545,-0.12910316200000077,1.2096911978220695,0.2176402305190754,-1.3387943598220704,0.24829908633461897
06073,"San Diego County, CA",CA,Very High,99.71374045801527,0.06566542528,0.058524829545000004,0.007140595734999991,High + Very High,gradient_boosted_trees,-0.0035254508119184507,0.0017867504492372775,0.010666046546918441,0.004269735220477879,6.566542527999999,5.8524829545,0.714059573499999,-0.3525450811918451,0.17867504492372774,1.0666046546918442,0.42697352204778793
06075,"San Francisco County, CA",CA,Very High,99.52290076335878,0.01587691851,0.058524829545000004,-0.042647911035,High + Very High,gradient_boosted_trees,-0.03117228124952053,0.0020824342422315865,-0.01147562978547947,-0.045143565414132704,1.587691851,5.8524829545,-4.2647911035,-3.117228124952053,0.20824342422315867,-1.147562978547947,-4.51435654141327
06085,"Santa Clara County, CA",CA,Very High,99.74554707379136,0.06462723543,0.058524829545000004,0.006102405884999995,High + Very High,gradient_boosted_trees,-0.011587584476221104,0.0013462689068084886,0.017689990361221097,0.000183476042957305,6.462723543,5.8524829545,0.6102405884999995,-1.1587584476221104,0.13462689068084885,1.7689990361221097,0.0183476042957305
12086,"Miami-Dade County, FL",FL,Very High,99.61832061068702,0.08454213494,0.058524829545000004,0.026017305394999996,High + Very High,gradient_boosted_trees,0.001390569742309285,0.0016233796689832528,0.02462673565269071,0.01872561043193017,8.454213494,5.8524829545,2.6017305394999997,0.1390569742309285,0.16233796689832528,2.462673565269071,1.8725610431930169
17031,"Cook County, IL",IL,Very High,99.96819338422391,0.052232153645,0.058524829545000004,-0.006292675900000003,High + Very High,gradient_boosted_trees,-0.0005040562987925844,0.0006359659012517922,-0.005788619601207418,-0.004778787475793309,5.2232153645,5.8524829545,-0.6292675900000002,-0.050405629879258444,0.06359659012517922,-0.5788619601207418,-0.4778787475793309
32003,"Clark County, NV",NV,Very High,99.55470737913485,0.07205980559,0.058524829545000004,0.013534976044999994,High + Very High,gradient_boosted_trees,0.00968976944986368,0.0042608257918144935,0.003845206595136314,0.014804385792330472,7.2059805589999995,5.8524829545,1.3534976044999993,0.968976944986368,0.4260825791814494,0.3845206595136314,1.4804385792330472
42101,"Philadelphia County, PA",PA,Very High,99.58651399491094,0.058524829545000004,0.058524829545000004,0.0,High + Very High,gradient_boosted_trees,-0.0009478054158272477,0.0022857820714554085,0.0009478054158272477,-9.621622547245225e-05,5.8524829545,5.8524829545,0.0,-0.09478054158272477,0.22857820714554086,0.09478054158272477,-0.009621622547245225
48113,"Dallas County, TX",TX,Very High,99.6501272264631,0.067202177495,0.058524829545000004,0.008677347949999997,High + Very High,gradient_boosted_trees,-0.0022522558059202614,0.0027579262206799053,0.010929603755920258,0.009118885082105838,6.7202177495,5.8524829545,0.8677347949999997,-0.22522558059202613,0.27579262206799054,1.0929603755920259,0.9118885082105838
48201,"Harris County, TX",TX,Very High,99.93638676844783,0.043464157475,0.058524829545000004,-0.015060672070000003,High + Very High,gradient_boosted_trees,0.0008051231123928308,0.003771597925819438,-0.015865795182392832,-0.01218364528963732,4.3464157475,5.8524829545,-1.5060672070000003,0.08051231123928307,0.37715979258194376,-1.5865795182392832,-1.218364528963732
53033,"King County, WA",WA,Very High,99.68193384223919,0.08216953336499999,0.058524829545000004,0.023644703819999988,High + Very High,gradient_boosted_trees,-0.003580027264061343,0.0019492491316431368,0.02722473108406133,0.016938659453050148,8.2169533365,5.8524829545,2.3644703819999986,-0.3580027264061343,0.19492491316431368,2.722473108406133,1.6938659453050149
