fips,county_name,state,nri_risk_rating,incident_count,migration_trend_profile,migration_trend_profile_label,assignment_confidence,assignment_margin,second_best_profile,second_best_profile_label
01001,Autauga County,AL,Low,12,3,Gradual post-incident migration gain counties,0.9322100609061847,0.8646644595208661,0,Strong post-incident migration gain counties
01003,Baldwin County,AL,High,12,0,Strong post-incident migration gain counties,0.7610180500198258,0.5281762104395213,3,Gradual post-incident migration gain counties
01005,Barbour County,AL,Low,12,0,Strong post-incident migration gain counties,0.9839944950546926,0.9755539239012889,2,Volatile migration counties
01007,Bibb County,AL,Very Low,9,3,Gradual post-incident migration gain counties,0.6484886139096283,0.30945926580158517,0,Strong post-incident migration gain counties
01009,Blount County,AL,Low,12,3,Gradual post-incident migration gain counties,0.9938727576832248,0.9878021107725923,0,Strong post-incident migration gain counties
01013,Butler County,AL,Low,13,3,Gradual post-incident migration gain counties,0.7673602933710211,0.5367258519230061,0,Strong post-incident migration gain counties
01015,Calhoun County,AL,Moderate,10,3,Gradual post-incident migration gain counties,0.9962761899898389,0.9925818057446094,0,Strong post-incident migration gain counties
01017,Chambers County,AL,Low,11,0,Strong post-incident migration gain counties,0.8390342044890504,0.7538174773806309,3,Gradual post-incident migration gain counties
01019,Cherokee County,AL,Low,10,0,Strong post-incident migration gain counties,0.9719334125149695,0.9486167684544516,3,Gradual post-incident migration gain counties
01021,Chilton County,AL,Low,10,3,Gradual post-incident migration gain counties,0.5932642144105661,0.18713461059645548,0,Strong post-incident migration gain counties
01027,Clay County,AL,Very Low,1,1,Spike-and-fade migration counties,0.9970131610013652,0.9947821877035958,2,Volatile migration counties
01029,Cleburne County,AL,Very Low,8,0,Strong post-incident migration gain counties,0.8048362416042223,0.6321889622630005,1,Spike-and-fade migration counties
01031,Coffee County,AL,Moderate,12,0,Strong post-incident migration gain counties,0.8703663124962928,0.7425647724912224,3,Gradual post-incident migration gain counties
01033,Colbert County,AL,Low,11,3,Gradual post-incident migration gain counties,0.9817794458766823,0.963692938706999,0,Strong post-incident migration gain counties
01037,Coosa County,AL,Very Low,2,1,Spike-and-fade migration counties,0.9872892381108217,0.974578604965307,2,Volatile migration counties
01043,Cullman County,AL,Moderate,11,3,Gradual post-incident migration gain counties,0.8065179543373853,0.615639901569565,0,Strong post-incident migration gain counties
01045,Dale County,AL,Low,13,3,Gradual post-incident migration gain counties,0.9995791716177067,0.9992251966326948,0,Strong post-incident migration gain counties
01047,Dallas County,AL,Low,7,2,Volatile migration counties,0.9999398212001813,0.9998934064336205,1,Spike-and-fade migration counties
01049,DeKalb County,AL,Low,11,3,Gradual post-incident migration gain counties,0.9988582881999787,0.9977394052222318,0,Strong post-incident migration gain counties
01051,Elmore County,AL,Low,12,3,Gradual post-incident migration gain counties,0.9995156266307821,0.9990705549274655,0,Strong post-incident migration gain counties
01053,Escambia County,AL,Moderate,11,0,Strong post-incident migration gain counties,0.9605530416820945,0.9239729026021191,1,Spike-and-fade migration counties
01055,Etowah County,AL,Moderate,10,3,Gradual post-incident migration gain counties,0.9997987329100151,0.9996257394509264,0,Strong post-incident migration gain counties
01057,Fayette County,AL,Very Low,9,3,Gradual post-incident migration gain counties,0.8257302534429704,0.6526357525820784,0,Strong post-incident migration gain counties
01059,Franklin County,AL,Low,8,0,Strong post-incident migration gain counties,0.9252321655531667,0.856330391283044,3,Gradual post-incident migration gain counties
01061,Geneva County,AL,Low,13,3,Gradual post-incident migration gain counties,0.8094027983824957,0.6192962793360257,0,Strong post-incident migration gain counties
01065,Hale County,AL,Very Low,11,1,Spike-and-fade migration counties,0.757010008133132,0.5178589719281533,0,Strong post-incident migration gain counties
01067,Henry County,AL,Very Low,11,3,Gradual post-incident migration gain counties,0.8586156605459562,0.7176387949859585,0,Strong post-incident migration gain counties
01069,Houston County,AL,Moderate,12,0,Strong post-incident migration gain counties,0.8980727749561896,0.7986285859305666,3,Gradual post-incident migration gain counties
01071,Jackson County,AL,Low,10,0,Strong post-incident migration gain counties,0.6408879311943296,0.2835243564195899,3,Gradual post-incident migration gain counties
01073,Jefferson County,AL,High,11,3,Gradual post-incident migration gain counties,0.9996686047855989,0.9994099849811318,2,Volatile migration counties
01077,Lauderdale County,AL,Moderate,8,3,Gradual post-incident migration gain counties,0.8467244841601257,0.6942306440104343,0,Strong post-incident migration gain counties
01079,Lawrence County,AL,Low,8,0,Strong post-incident migration gain counties,0.9144957283639444,0.8337438961449726,3,Gradual post-incident migration gain counties
01081,Lee County,AL,Low,9,3,Gradual post-incident migration gain counties,0.9216395467501797,0.8456788186222911,0,Strong post-incident migration gain counties
01083,Limestone County,AL,Low,9,0,Strong post-incident migration gain counties,0.9897146545938567,0.9806102298089611,1,Spike-and-fade migration counties
01089,Madison County,AL,High,8,3,Gradual post-incident migration gain counties,0.577257291436691,0.1563928977697392,0,Strong post-incident migration gain counties
01093,Marion County,AL,Low,11,3,Gradual post-incident migration gain counties,0.9985884077409086,0.9972049871168193,0,Strong post-incident migration gain counties
01095,Marshall County,AL,Moderate,9,3,Gradual post-incident migration gain counties,0.9924388985177073,0.9849234086924343,0,Strong post-incident migration gain counties
01097,Mobile County,AL,High,15,2,Volatile migration counties,0.9999999999998685,0.9999999999997362,3,Gradual post-incident migration gain counties
01101,Montgomery County,AL,Moderate,9,3,Gradual post-incident migration gain counties,0.9644736547804657,0.9297449842509622,0,Strong post-incident migration gain counties
01103,Morgan County,AL,Moderate,10,3,Gradual post-incident migration gain counties,0.9889784252026069,0.9780262895276335,0,Strong post-incident migration gain counties
01111,Randolph County,AL,Very Low,11,0,Strong post-incident migration gain counties,0.620483099872229,0.24664650779778452,3,Gradual post-incident migration gain counties
01115,St. Clair County,AL,Low,10,3,Gradual post-incident migration gain counties,0.9038556038987242,0.8082319958409128,0,Strong post-incident migration gain counties
01117,Shelby County,AL,Moderate,10,3,Gradual post-incident migration gain counties,0.9999044337470312,0.9998138249189632,2,Volatile migration counties
01121,Talladega County,AL,Moderate,9,3,Gradual post-incident migration gain counties,0.6365618946543611,0.2741840012628351,0,Strong post-incident migration gain counties
01123,Tallapoosa County,AL,Low,10,3,Gradual post-incident migration gain counties,0.9467080783557492,0.8937307469502973,0,Strong post-incident migration gain counties
01125,Tuscaloosa County,AL,Moderate,9,3,Gradual post-incident migration gain counties,0.9995249155733636,0.9990774273282732,0,Strong post-incident migration gain counties
01127,Walker County,AL,Moderate,9,0,Strong post-incident migration gain counties,0.709176806761113,0.4289228554678318,3,Gradual post-incident migration gain counties
01133,Winston County,AL,Low,9,0,Strong post-incident migration gain counties,0.8673436487628791,0.7375713542018151,1,Spike-and-fade migration counties
02020,Anchorage Municipality,AK,High,4,0,Strong post-incident migration gain counties,0.7265184265787287,0.46947604597650233,3,Gradual post-incident migration gain counties
02090,Fairbanks North Star Borough,AK,Moderate,6,2,Volatile migration counties,1.0,1.0,1,Spike-and-fade migration counties
02122,Kenai Peninsula Borough,AK,Moderate,9,0,Strong post-incident migration gain counties,0.6988071951195273,0.4087517928308625,3,Gradual post-incident migration gain counties
02170,Matanuska-Susitna Borough,AK,Moderate,9,1,Spike-and-fade migration counties,0.9555969734800395,0.9112137310825054,2,Volatile migration counties
02240,Southeast Fairbanks Census Area,AK,Low,5,1,Spike-and-fade migration counties,0.8725543641664802,0.7451087284505229,2,Volatile migration counties
04001,Apache County,AZ,Low,8,3,Gradual post-incident migration gain counties,0.9983091276202113,0.9966882844128694,0,Strong post-incident migration gain counties
04003,Cochise County,AZ,Moderate,8,0,Strong post-incident migration gain counties,0.6598282723561307,0.32131714573789544,3,Gradual post-incident migration gain counties
04005,Coconino County,AZ,Moderate,13,1,Spike-and-fade migration counties,0.9291562007832319,0.8610043183283318,0,Strong post-incident migration gain counties
04007,Gila County,AZ,Moderate,10,2,Volatile migration counties,0.999999999999936,0.999999999999871,3,Gradual post-incident migration gain counties
04009,Graham County,AZ,Low,3,1,Spike-and-fade migration counties,0.9958090923715259,0.9929774205508857,2,Volatile migration counties
04012,La Paz County,AZ,Moderate,7,0,Strong post-incident migration gain counties,0.9435271423598003,0.8883069345427497,1,Spike-and-fade migration counties
04013,Maricopa County,AZ,Very High,14,3,Gradual post-incident migration gain counties,0.9997101556862072,0.9994428107159309,2,Volatile migration counties
04015,Mohave County,AZ,High,9,3,Gradual post-incident migration gain counties,0.9838631225926239,0.9681295583492865,0,Strong post-incident migration gain counties
04017,Navajo County,AZ,Moderate,8,3,Gradual post-incident migration gain counties,0.9996224925585178,0.999292335334238,0,Strong post-incident migration gain counties
04019,Pima County,AZ,High,8,3,Gradual post-incident migration gain counties,0.9998817892942828,0.9998201873058026,0,Strong post-incident migration gain counties
04021,Pinal County,AZ,Moderate,11,2,Volatile migration counties,0.9995184293080411,0.9990517250923084,0,Strong post-incident migration gain counties
04023,Santa Cruz County,AZ,Moderate,7,0,Strong post-incident migration gain counties,0.604917602744282,0.2224269950673256,3,Gradual post-incident migration gain counties
04025,Yavapai County,AZ,Moderate,14,3,Gradual post-incident migration gain counties,0.9560576787587028,0.9140576617044812,0,Strong post-incident migration gain counties
04027,Yuma County,AZ,Moderate,7,0,Strong post-incident migration gain counties,0.7353420289793384,0.4718404861025256,1,Spike-and-fade migration counties
05001,Arkansas County,AR,Low,5,0,Strong post-incident migration gain counties,0.8754152108073405,0.7986951666207627,1,Spike-and-fade migration counties
05003,Ashley County,AR,Low,1,0,Strong post-incident migration gain counties,0.6298789828860586,0.2731584136397889,1,Spike-and-fade migration counties
05005,Baxter County,AR,Low,2,0,Strong post-incident migration gain counties,0.5323398333534171,0.06780871692376295,1,Spike-and-fade migration counties
05007,Benton County,AR,Moderate,3,0,Strong post-incident migration gain counties,0.9880120707605179,0.978657635201136,1,Spike-and-fade migration counties
05009,Boone County,AR,Low,3,0,Strong post-incident migration gain counties,0.7805385411029588,0.5623704952173342,1,Spike-and-fade migration counties
05015,Carroll County,AR,Low,3,0,Strong post-incident migration gain counties,0.968198886255509,0.9504494197924446,1,Spike-and-fade migration counties
05019,Clark County,AR,Very Low,2,1,Spike-and-fade migration counties,0.9842238091544389,0.968448156019233,2,Volatile migration counties
05021,Clay County,AR,Low,1,0,Strong post-incident migration gain counties,0.9357377625864002,0.8836448614825023,1,Spike-and-fade migration counties
05023,Cleburne County,AR,Low,4,1,Spike-and-fade migration counties,0.5429986643300526,0.0887654334246244,0,Strong post-incident migration gain counties
05027,Columbia County,AR,Very Low,1,3,Gradual post-incident migration gain counties,0.5076307637453108,0.021656811551176602,0,Strong post-incident migration gain counties
05029,Conway County,AR,Low,4,0,Strong post-incident migration gain counties,0.9852444668426177,0.9767842293745316,3,Gradual post-incident migration gain counties
05031,Craighead County,AR,Moderate,4,0,Strong post-incident migration gain counties,0.9448701747547584,0.8972193934020097,1,Spike-and-fade migration counties
05033,Crawford County,AR,Low,5,0,Strong post-incident migration gain counties,0.988571465076179,0.9820292010778364,3,Gradual post-incident migration gain counties
05037,Cross County,AR,Low,2,3,Gradual post-incident migration gain counties,0.9890204065938741,0.9781414550000113,0,Strong post-incident migration gain counties
05045,Faulkner County,AR,Moderate,6,3,Gradual post-incident migration gain counties,0.9899225504057514,0.9799455120566345,0,Strong post-incident migration gain counties
05047,Franklin County,AR,Low,4,0,Strong post-incident migration gain counties,0.9574583033293277,0.9186825962476425,1,Spike-and-fade migration counties
05049,Fulton County,AR,Low,1,2,Volatile migration counties,0.999809312174817,0.9996186243504441,1,Spike-and-fade migration counties
05051,Garland County,AR,Moderate,2,0,Strong post-incident migration gain counties,0.48634644467027494,0.12041007655406677,3,Gradual post-incident migration gain counties
05053,Grant County,AR,Very Low,3,0,Strong post-incident migration gain counties,0.842790683853114,0.7190202142175367,1,Spike-and-fade migration counties
05055,Greene County,AR,Low,2,0,Strong post-incident migration gain counties,0.7183414429444439,0.45885525253545995,1,Spike-and-fade migration counties
05059,Hot Spring County,AR,Low,1,0,Strong post-incident migration gain counties,0.9190485307641005,0.8562938759086665,3,Gradual post-incident migration gain counties
05063,Independence County,AR,Low,1,0,Strong post-incident migration gain counties,0.8234528632538491,0.649813704509741,1,Spike-and-fade migration counties
05065,Izard County,AR,Low,3,1,Spike-and-fade migration counties,0.9898402686494409,0.9811053137715408,2,Volatile migration counties
05067,Jackson County,AR,Low,1,0,Strong post-incident migration gain counties,0.9908023554820399,0.9831633914147291,2,Volatile migration counties
05069,Jefferson County,AR,Moderate,7,2,Volatile migration counties,0.9995589090753463,0.9991870541533131,0,Strong post-incident migration gain counties
05071,Johnson County,AR,Low,3,1,Spike-and-fade migration counties,0.6377043847871718,0.33609099891450056,0,Strong post-incident migration gain counties
05075,Lawrence County,AR,Low,1,2,Volatile migration counties,0.9999948806932308,0.9999897613864615,1,Spike-and-fade migration counties
05081,Little River County,AR,Low,1,1,Spike-and-fade migration counties,0.9845232459163613,0.9690465974168699,2,Volatile migration counties
05083,Logan County,AR,Low,5,0,Strong post-incident migration gain counties,0.8174917407122992,0.6410339462159211,1,Spike-and-fade migration counties
05085,Lonoke County,AR,Low,3,3,Gradual post-incident migration gain counties,0.530647690401717,0.09630454146880352,0,Strong post-incident migration gain counties
05087,Madison County,AR,Low,5,1,Spike-and-fade migration counties,0.9825064732934695,0.9708345647820222,2,Volatile migration counties
05089,Marion County,AR,Low,4,1,Spike-and-fade migration counties,0.608308081419865,0.22072720713941707,0,Strong post-incident migration gain counties
05091,Miller County,AR,Low,1,0,Strong post-incident migration gain counties,0.9900955012617916,0.9823434412531833,1,Spike-and-fade migration counties
05093,Mississippi County,AR,Moderate,2,2,Volatile migration counties,0.9999951725236625,0.999992071197646,0,Strong post-incident migration gain counties
05097,Montgomery County,AR,Very Low,2,2,Volatile migration counties,0.9999999841094988,0.9999999682189976,1,Spike-and-fade migration counties
05101,Newton County,AR,Very Low,2,1,Spike-and-fade migration counties,0.618033828382047,0.2402478675352414,0,Strong post-incident migration gain counties
05103,Ouachita County,AR,Low,3,3,Gradual post-incident migration gain counties,0.9630539158943765,0.9266285120339006,0,Strong post-incident migration gain counties
05105,Perry County,AR,Very Low,4,0,Strong post-incident migration gain counties,0.771545174825896,0.544863340496603,3,Gradual post-incident migration gain counties
05109,Pike County,AR,Very Low,1,0,Strong post-incident migration gain counties,0.6195542963226833,0.30639496049716847,2,Volatile migration counties
05111,Poinsett County,AR,Low,4,0,Strong post-incident migration gain counties,0.8538573040713694,0.7097210398294511,3,Gradual post-incident migration gain counties
05113,Polk County,AR,Low,5,0,Strong post-incident migration gain counties,0.9433399912534423,0.9074551108967768,3,Gradual post-incident migration gain counties
05115,Pope County,AR,Low,3,0,Strong post-incident migration gain counties,0.9928561208898428,0.988902468088491,1,Spike-and-fade migration counties
05119,Pulaski County,AR,High,5,3,Gradual post-incident migration gain counties,0.9510218995378121,0.9022512317930091,0,Strong post-incident migration gain counties
05121,Randolph County,AR,Low,1,2,Volatile migration counties,0.9680546630292857,0.9361093260585722,1,Spike-and-fade migration counties
05123,St. Francis County,AR,Low,1,2,Volatile migration counties,0.9999999999996927,0.9999999999993856,1,Spike-and-fade migration counties
05125,Saline County,AR,Low,2,3,Gradual post-incident migration gain counties,0.9583015323363454,0.916786640636971,0,Strong post-incident migration gain counties
05129,Searcy County,AR,Very Low,2,1,Spike-and-fade migration counties,0.7811063879127534,0.5658275829613995,0,Strong post-incident migration gain counties
05131,Sebastian County,AR,Moderate,5,0,Strong post-incident migration gain counties,0.8245108380949703,0.6508271489939296,3,Gradual post-incident migration gain counties
05133,Sevier County,AR,Low,1,1,Spike-and-fade migration counties,0.7895528023027447,0.58900810367821,2,Volatile migration counties
05135,Sharp County,AR,Low,2,1,Spike-and-fade migration counties,0.989716772147687,0.9796510130461187,2,Volatile migration counties
05137,Stone County,AR,Low,3,0,Strong post-incident migration gain counties,0.6482893583502157,0.2979763270205866,1,Spike-and-fade migration counties
05139,Union County,AR,Low,1,3,Gradual post-incident migration gain counties,0.6323387538633609,0.2721130295523265,0,Strong post-incident migration gain counties
05141,Van Buren County,AR,Low,3,0,Strong post-incident migration gain counties,0.9985314700643224,0.9977426578657982,1,Spike-and-fade migration counties
05143,Washington County,AR,Moderate,4,3,Gradual post-incident migration gain counties,0.9376680160050079,0.8757357149885564,0,Strong post-incident migration gain counties
05145,White County,AR,Moderate,4,3,Gradual post-incident migration gain counties,0.8978360443875316,0.7959598837962856,0,Strong post-incident migration gain counties
05149,Yell County,AR,Low,6,0,Strong post-incident migration gain counties,0.9459474785925337,0.9187073221014697,1,Spike-and-fade migration counties
06001,Alameda County,CA,Very High,22,0,Strong post-incident migration gain counties,0.8892399208600019,0.8299835615317062,3,Gradual post-incident migration gain counties
06003,Alpine County,CA,Very Low,19,2,Volatile migration counties,1.0,1.0,1,Spike-and-fade migration counties
06005,Amador County,CA,Low,24,1,Spike-and-fade migration counties,0.8743811043676957,0.7573558790455539,0,Strong post-incident migration gain counties
06007,Butte County,CA,Moderate,31,1,Spike-and-fade migration counties,0.9956733204131475,0.9914269769703681,2,Volatile migration counties
06009,Calaveras County,CA,Moderate,25,0,Strong post-incident migration gain counties,0.8089365857671045,0.6281634535624633,1,Spike-and-fade migration counties
06011,Colusa County,CA,Moderate,21,3,Gradual post-incident migration gain counties,0.9306198189500892,0.862234446538945,0,Strong post-incident migration gain counties
06013,Contra Costa County,CA,Very High,21,3,Gradual post-incident migration gain counties,0.981768353106593,0.9639050770600339,0,Strong post-incident migration gain counties
06015,Del Norte County,CA,High,21,2,Volatile migration counties,0.999974998993851,0.9999499979877025,1,Spike-and-fade migration counties
06017,El Dorado County,CA,Moderate,29,0,Strong post-incident migration gain counties,0.7919883907899699,0.6836890675015123,3,Gradual post-incident migration gain counties
06019,Fresno County,CA,High,23,3,Gradual post-incident migration gain counties,0.9832952770998563,0.9668344966920142,0,Strong post-incident migration gain counties
06021,Glenn County,CA,Low,22,0,Strong post-incident migration gain counties,0.8567782425674294,0.7224699930717506,1,Spike-and-fade migration counties
06023,Humboldt County,CA,High,21,0,Strong post-incident migration gain counties,0.7858369117639622,0.5745543459065231,1,Spike-and-fade migration counties
06025,Imperial County,CA,High,19,1,Spike-and-fade migration counties,0.9902713384264603,0.9806743561542507,2,Volatile migration counties
06027,Inyo County,CA,Low,15,0,Strong post-incident migration gain counties,0.6428983321982842,0.31958104860912323,3,Gradual post-incident migration gain counties
06029,Kern County,CA,High,25,3,Gradual post-incident migration gain counties,0.9091695252706834,0.8205605168423754,0,Strong post-incident migration gain counties
06031,Kings County,CA,Moderate,20,3,Gradual post-incident migration gain counties,0.6386544073086856,0.28367150107589134,0,Strong post-incident migration gain counties
06033,Lake County,CA,Moderate,34,3,Gradual post-incident migration gain counties,0.8572568267192872,0.7161350611360995,0,Strong post-incident migration gain counties
06035,Lassen County,CA,Low,20,0,Strong post-incident migration gain counties,0.747181866171637,0.577396114821372,1,Spike-and-fade migration counties
06037,Los Angeles County,CA,Very High,41,3,Gradual post-incident migration gain counties,0.7645865459219522,0.5345801716737196,0,Strong post-incident migration gain counties
06039,Madera County,CA,High,26,0,Strong post-incident migration gain counties,0.6603032858149188,0.3454268394588206,3,Gradual post-incident migration gain counties
06041,Marin County,CA,High,23,0,Strong post-incident migration gain counties,0.5887441530707156,0.25661531036405033,3,Gradual post-incident migration gain counties
06043,Mariposa County,CA,Moderate,28,0,Strong post-incident migration gain counties,0.7370377703879303,0.5807420838505692,3,Gradual post-incident migration gain counties
06045,Mendocino County,CA,High,29,3,Gradual post-incident migration gain counties,0.6172919791046034,0.26399241237346016,0,Strong post-incident migration gain counties
06047,Merced County,CA,High,22,1,Spike-and-fade migration counties,0.6335114797141159,0.31311394669611087,0,Strong post-incident migration gain counties
06051,Mono County,CA,Low,22,1,Spike-and-fade migration counties,0.8588243194043096,0.7195487602906562,2,Volatile migration counties
06053,Monterey County,CA,High,27,3,Gradual post-incident migration gain counties,0.9976964163944229,0.9955047246421913,0,Strong post-incident migration gain counties
06055,Napa County,CA,High,37,3,Gradual post-incident migration gain counties,0.9998041067936067,0.9996309064272301,2,Volatile migration counties
06057,Nevada County,CA,Moderate,26,0,Strong post-incident migration gain counties,0.5063330409657559,0.03351157388768916,1,Spike-and-fade migration counties
06059,Orange County,CA,Very High,26,3,Gradual post-incident migration gain counties,0.9752756453818054,0.9511021545682101,0,Strong post-incident migration gain counties
06061,Placer County,CA,Moderate,25,3,Gradual post-incident migration gain counties,0.9992247245648005,0.9985282476507766,0,Strong post-incident migration gain counties
06063,Plumas County,CA,Moderate,22,1,Spike-and-fade migration counties,0.9578788448927269,0.9236867326754533,2,Volatile migration counties
06065,Riverside County,CA,Very High,29,3,Gradual post-incident migration gain counties,0.9964603986019657,0.9930297389770638,0,Strong post-incident migration gain counties
06067,Sacramento County,CA,High,25,3,Gradual post-incident migration gain counties,0.9984224856298788,0.9968890620446265,0,Strong post-incident migration gain counties
06069,San Benito County,CA,Moderate,22,1,Spike-and-fade migration counties,0.9013975705230356,0.8512243919348831,0,Strong post-incident migration gain counties
06071,San Bernardino County,CA,Very High,27,3,Gradual post-incident migration gain counties,0.999349546991245,0.9988031684496408,0,Strong post-incident migration gain counties
06073,San Diego County,CA,Very High,27,3,Gradual post-incident migration gain counties,0.7800675328913308,0.5661248522080934,0,Strong post-incident migration gain counties
06075,San Francisco County,CA,Very High,20,0,Strong post-incident migration gain counties,0.6026141457307131,0.20962300116168303,1,Spike-and-fade migration counties
06077,San Joaquin County,CA,High,21,3,Gradual post-incident migration gain counties,0.992830295200373,0.985783036882907,0,Strong post-incident migration gain counties
06079,San Luis Obispo County,CA,High,24,0,Strong post-incident migration gain counties,0.6046152973902378,0.2166715762802286,1,Spike-and-fade migration counties
06081,San Mateo County,CA,High,24,1,Spike-and-fade migration counties,0.5834960528935106,0.17301863263810074,0,Strong post-incident migration gain counties
06083,Santa Barbara County,CA,High,29,1,Spike-and-fade migration counties,0.9859731637966777,0.9720313551088008,2,Volatile migration counties
06085,Santa Clara County,CA,Very High,24,1,Spike-and-fade migration counties,0.5363368964982556,0.07632174229702987,0,Strong post-incident migration gain counties
06087,Santa Cruz County,CA,High,25,1,Spike-and-fade migration counties,0.9380382690300537,0.8761024448946362,2,Volatile migration counties
06089,Shasta County,CA,Moderate,30,3,Gradual post-incident migration gain counties,0.9996976753168011,0.9993982348466108,2,Volatile migration counties
06091,Sierra County,CA,Very Low,9,1,Spike-and-fade migration counties,0.5399136202016482,0.07983601369422327,2,Volatile migration counties
06093,Siskiyou County,CA,Moderate,27,0,Strong post-incident migration gain counties,0.6949826024804713,0.41363115583035076,3,Gradual post-incident migration gain counties
06095,Solano County,CA,High,27,3,Gradual post-incident migration gain counties,0.8740877297557494,0.749872725334683,0,Strong post-incident migration gain counties
06097,Sonoma County,CA,High,33,3,Gradual post-incident migration gain counties,0.9998369747104482,0.9997286930495679,0,Strong post-incident migration gain counties
06099,Stanislaus County,CA,High,21,3,Gradual post-incident migration gain counties,0.9931457511024355,0.9864151730561045,0,Strong post-incident migration gain counties
06101,Sutter County,CA,Moderate,20,3,Gradual post-incident migration gain counties,0.997904526910257,0.9958430808221077,0,Strong post-incident migration gain counties
06103,Tehama County,CA,Moderate,21,3,Gradual post-incident migration gain counties,0.8183077355453479,0.6374571086881609,0,Strong post-incident migration gain counties
06105,Trinity County,CA,Low,27,1,Spike-and-fade migration counties,0.6092834358398194,0.22548533465762988,0,Strong post-incident migration gain counties
06107,Tulare County,CA,High,24,3,Gradual post-incident migration gain counties,0.9981685789162927,0.9964062755445282,0,Strong post-incident migration gain counties
06109,Tuolumne County,CA,Moderate,26,1,Spike-and-fade migration counties,0.9853213091742298,0.9707304028847996,2,Volatile migration counties
06111,Ventura County,CA,High,30,3,Gradual post-incident migration gain counties,0.9987375252385323,0.9975675048245537,0,Strong post-incident migration gain counties
06113,Yolo County,CA,Moderate,25,1,Spike-and-fade migration counties,0.9833819837510597,0.9667919764738657,2,Volatile migration counties
06115,Yuba County,CA,Low,25,0,Strong post-incident migration gain counties,0.5556379285855017,0.11764039795814496,3,Gradual post-incident migration gain counties
08001,Adams County,CO,Moderate,4,3,Gradual post-incident migration gain counties,0.9994467510740394,0.9988938051175476,2,Volatile migration counties
08003,Alamosa County,CO,Very Low,1,0,Strong post-incident migration gain counties,0.9945284771684932,0.9900194225285376,1,Spike-and-fade migration counties
08005,Arapahoe County,CO,Moderate,4,0,Strong post-incident migration gain counties,0.5722027922369359,0.20445231920351414,1,Spike-and-fade migration counties
08007,Archuleta County,CO,Very Low,1,2,Volatile migration counties,0.9999999999362181,0.9999999998724363,1,Spike-and-fade migration counties
08013,Boulder County,CO,Moderate,8,3,Gradual post-incident migration gain counties,0.6325260630186667,0.26937719056605425,0,Strong post-incident migration gain counties
08014,Broomfield County,CO,Very Low,2,2,Volatile migration counties,0.9218723497907495,0.8603891738022217,0,Strong post-incident migration gain counties
08015,Chaffee County,CO,Low,1,2,Volatile migration counties,0.9939969685567109,0.987993937430203,1,Spike-and-fade migration counties
08019,Clear Creek County,CO,Low,3,1,Spike-and-fade migration counties,0.5753954611077391,0.15434540993074125,0,Strong post-incident migration gain counties
08027,Custer County,CO,Very Low,2,2,Volatile migration counties,0.9999972658385591,0.9999945316771167,1,Spike-and-fade migration counties
08029,Delta County,CO,Low,1,2,Volatile migration counties,0.9999999999999183,0.9999999999998375,1,Spike-and-fade migration counties
08031,Denver County,CO,High,4,3,Gradual post-incident migration gain counties,0.7481337437464096,0.5094345468594563,0,Strong post-incident migration gain counties
08035,Douglas County,CO,Moderate,2,1,Spike-and-fade migration counties,0.9881045648573985,0.9820271807267708,2,Volatile migration counties
08037,Eagle County,CO,Low,3,1,Spike-and-fade migration counties,0.990977469702908,0.9819662974272834,2,Volatile migration counties
08039,Elbert County,CO,Very Low,3,0,Strong post-incident migration gain counties,0.9880685037540712,0.9781574348148828,2,Volatile migration counties
08041,El Paso County,CO,Moderate,1,3,Gradual post-incident migration gain counties,0.921133401847543,0.8437678263812514,0,Strong post-incident migration gain counties
08043,Fremont County,CO,Low,6,1,Spike-and-fade migration counties,0.8714488934234531,0.7463449975774915,2,Volatile migration counties
08045,Garfield County,CO,Low,3,0,Strong post-incident migration gain counties,0.9795301085726313,0.96431938735541,3,Gradual post-incident migration gain counties
08047,Gilpin County,CO,Very Low,2,2,Volatile migration counties,0.9999876952819793,0.9999753905639595,1,Spike-and-fade migration counties
08049,Grand County,CO,Low,3,1,Spike-and-fade migration counties,0.9959689385112681,0.9919467551342002,2,Volatile migration counties
08051,Gunnison County,CO,Low,1,1,Spike-and-fade migration counties,0.9877781348069332,0.9758546004976746,2,Volatile migration counties
08055,Huerfano County,CO,Very Low,3,0,Strong post-incident migration gain counties,0.7901363555094005,0.5888399323453238,2,Volatile migration counties
08059,Jefferson County,CO,High,6,3,Gradual post-incident migration gain counties,0.9998234126442826,0.9996567338076889,2,Volatile migration counties
08063,Kit Carson County,CO,Very Low,1,1,Spike-and-fade migration counties,0.7188172346041941,0.44615516149187395,0,Strong post-incident migration gain counties
08065,Lake County,CO,Very Low,2,0,Strong post-incident migration gain counties,0.5458174003725436,0.09448909248567605,1,Spike-and-fade migration counties
08067,La Plata County,CO,Low,1,0,Strong post-incident migration gain counties,0.9935525516341756,0.9892150620388662,1,Spike-and-fade migration counties
08069,Larimer County,CO,Moderate,5,0,Strong post-incident migration gain counties,0.9820490310646139,0.9696283942630076,3,Gradual post-incident migration gain counties
08071,Las Animas County,CO,Very Low,1,2,Volatile migration counties,0.9999997117076471,0.9999994234152944,1,Spike-and-fade migration counties
08075,Logan County,CO,Low,5,1,Spike-and-fade migration counties,0.9902145216651606,0.9805361239204126,2,Volatile migration counties
08077,Mesa County,CO,Low,2,0,Strong post-incident migration gain counties,0.9741179868205835,0.9553782165199485,3,Gradual post-incident migration gain counties
08081,Moffat County,CO,Very Low,1,2,Volatile migration counties,0.998938982078939,0.9979002571735309,1,Spike-and-fade migration counties
08083,Montezuma County,CO,Low,1,1,Spike-and-fade migration counties,0.5455708234548099,0.09258621063313505,0,Strong post-incident migration gain counties
08085,Montrose County,CO,Low,1,1,Spike-and-fade migration counties,0.8596415275284665,0.7232221325439949,0,Strong post-incident migration gain counties
08087,Morgan County,CO,Low,4,0,Strong post-incident migration gain counties,0.9892473072390052,0.9835958225340782,1,Spike-and-fade migration counties
08089,Otero County,CO,Low,1,1,Spike-and-fade migration counties,0.5658387543105992,0.13377084142420392,0,Strong post-incident migration gain counties
08091,Ouray County,CO,Very Low,1,2,Volatile migration counties,0.9896208393176215,0.9792416786533652,1,Spike-and-fade migration counties
08093,Park County,CO,Very Low,2,2,Volatile migration counties,0.9999999933718939,0.9999999867437864,1,Spike-and-fade migration counties
08095,Phillips County,CO,Very Low,1,1,Spike-and-fade migration counties,0.6527438077583675,0.3054876877727221,2,Volatile migration counties
08097,Pitkin County,CO,Low,1,1,Spike-and-fade migration counties,0.9107242664372378,0.8214730884420274,2,Volatile migration counties
08099,Prowers County,CO,Low,1,1,Spike-and-fade migration counties,0.9195305040605934,0.8390610420204856,2,Volatile migration counties
08101,Pueblo County,CO,Moderate,5,3,Gradual post-incident migration gain counties,0.6806129867416333,0.36201415452934094,0,Strong post-incident migration gain counties
08105,Rio Grande County,CO,Low,2,0,Strong post-incident migration gain counties,0.8203923232566954,0.6499728469341247,3,Gradual post-incident migration gain counties
08107,Routt County,CO,Very Low,1,1,Spike-and-fade migration counties,0.9904382563270707,0.9809229384153654,2,Volatile migration counties
08109,Saguache County,CO,Very Low,2,2,Volatile migration counties,0.9999999939643978,0.9999999879287949,1,Spike-and-fade migration counties
08117,Summit County,CO,Low,1,2,Volatile migration counties,0.9999999999813376,0.9999999999626766,1,Spike-and-fade migration counties
08119,Teller County,CO,Very Low,2,1,Spike-and-fade migration counties,0.9753072113487399,0.9506145167004516,2,Volatile migration counties
08123,Weld County,CO,Moderate,3,0,Strong post-incident migration gain counties,0.9945179021618971,0.9898986385645212,1,Spike-and-fade migration counties
10001,Kent County,DE,Moderate,1,0,Strong post-incident migration gain counties,0.9342643404895843,0.8833751589643482,1,Spike-and-fade migration counties
10003,New Castle County,DE,High,2,3,Gradual post-incident migration gain counties,0.7648093821722295,0.5300417781956567,0,Strong post-incident migration gain counties
11001,District of Columbia,DC,High,1,1,Spike-and-fade migration counties,0.9961121310157923,0.9934993918054351,2,Volatile migration counties
12001,Alachua County,FL,Moderate,47,3,Gradual post-incident migration gain counties,0.9399948156458043,0.881770598337917,0,Strong post-incident migration gain counties
12003,Baker County,FL,Very Low,46,1,Spike-and-fade migration counties,0.5214641409310248,0.18013265388340277,0,Strong post-incident migration gain counties
12005,Bay County,FL,Moderate,51,0,Strong post-incident migration gain counties,0.9767979366327281,0.9549684683620481,1,Spike-and-fade migration counties
12007,Bradford County,FL,Very Low,46,1,Spike-and-fade migration counties,0.9809279228642402,0.9618565369542506,2,Volatile migration counties
12009,Brevard County,FL,High,45,3,Gradual post-incident migration gain counties,0.9941009439242904,0.9885417248171343,0,Strong post-incident migration gain counties
12011,Broward County,FL,High,46,1,Spike-and-fade migration counties,0.7958833505105691,0.5938919380128163,0,Strong post-incident migration gain counties
12015,Charlotte County,FL,High,45,2,Volatile migration counties,0.9999999990714414,0.9999999981428822,1,Spike-and-fade migration counties
12017,Citrus County,FL,High,49,2,Volatile migration counties,1.0,1.0,1,Spike-and-fade migration counties
12019,Clay County,FL,Moderate,47,3,Gradual post-incident migration gain counties,0.8556040043156291,0.7148810857276943,0,Strong post-incident migration gain counties
12021,Collier County,FL,High,47,1,Spike-and-fade migration counties,0.9573988680049164,0.9219223425944668,0,Strong post-incident migration gain counties
12023,Columbia County,FL,Low,45,1,Spike-and-fade migration counties,0.9928771316550974,0.9887706470452226,0,Strong post-incident migration gain counties
12027,DeSoto County,FL,Moderate,44,1,Spike-and-fade migration counties,0.9736989778717422,0.9526536632241867,0,Strong post-incident migration gain counties
12029,Dixie County,FL,Very Low,48,0,Strong post-incident migration gain counties,0.959716281897347,0.9267011372198602,3,Gradual post-incident migration gain counties
12031,Duval County,FL,High,48,0,Strong post-incident migration gain counties,0.8220618859016017,0.6734333135527028,3,Gradual post-incident migration gain counties
12033,Escambia County,FL,High,45,3,Gradual post-incident migration gain counties,0.973852914003823,0.9478796382500329,0,Strong post-incident migration gain counties
12035,Flagler County,FL,Moderate,47,2,Volatile migration counties,0.9997971885283018,0.9996060611461434,0,Strong post-incident migration gain counties
12037,Franklin County,FL,Low,49,2,Volatile migration counties,0.9861733215388374,0.9726720879560463,1,Spike-and-fade migration counties
12039,Gadsden County,FL,Low,48,0,Strong post-incident migration gain counties,0.6362638547312045,0.27570352649758206,1,Spike-and-fade migration counties
12041,Gilchrist County,FL,Very Low,48,1,Spike-and-fade migration counties,0.5220474814137275,0.049033546782845716,0,Strong post-incident migration gain counties
12043,Glades County,FL,Low,42,0,Strong post-incident migration gain counties,0.7906218602793783,0.6102588417615324,1,Spike-and-fade migration counties
12045,Gulf County,FL,Low,47,1,Spike-and-fade migration counties,0.9949665819271714,0.9918668737405726,2,Volatile migration counties
12047,Hamilton County,FL,Low,45,2,Volatile migration counties,0.99937875468412,0.9987833470504127,1,Spike-and-fade migration counties
12049,Hardee County,FL,Low,44,0,Strong post-incident migration gain counties,0.8246138572977978,0.6622198919510809,1,Spike-and-fade migration counties
12051,Hendry County,FL,Low,42,1,Spike-and-fade migration counties,0.9400048782837592,0.8911349159592775,0,Strong post-incident migration gain counties
12053,Hernando County,FL,Moderate,48,3,Gradual post-incident migration gain counties,0.7060733423621676,0.4258468404155864,0,Strong post-incident migration gain counties
12055,Highlands County,FL,Moderate,42,0,Strong post-incident migration gain counties,0.9852278081330265,0.9741728582043927,1,Spike-and-fade migration counties
12057,Hillsborough County,FL,High,47,1,Spike-and-fade migration counties,0.9687237283526354,0.9405821518934998,0,Strong post-incident migration gain counties
12059,Holmes County,FL,Low,45,1,Spike-and-fade migration counties,0.7729780517261324,0.5483976343851251,0,Strong post-incident migration gain counties
12061,Indian River County,FL,High,45,0,Strong post-incident migration gain counties,0.49402719032620634,0.056774605586474125,1,Spike-and-fade migration counties
12063,Jackson County,FL,Low,45,0,Strong post-incident migration gain counties,0.9957743463987498,0.993181332290943,3,Gradual post-incident migration gain counties
12065,Jefferson County,FL,Very Low,49,1,Spike-and-fade migration counties,0.973158484136162,0.9526890147600029,0,Strong post-incident migration gain counties
12069,Lake County,FL,Moderate,46,2,Volatile migration counties,0.99981004515168,0.9996412780146718,0,Strong post-incident migration gain counties
12071,Lee County,FL,High,45,1,Spike-and-fade migration counties,0.9328167164950614,0.8794746655470707,2,Volatile migration counties
12073,Leon County,FL,Moderate,46,3,Gradual post-incident migration gain counties,0.6817806377369908,0.36790883050388157,0,Strong post-incident migration gain counties
12075,Levy County,FL,Low,48,0,Strong post-incident migration gain counties,0.9849902141492404,0.971792590073431,1,Spike-and-fade migration counties
12079,Madison County,FL,Low,46,0,Strong post-incident migration gain counties,0.8581767416647395,0.7205912832479697,1,Spike-and-fade migration counties
12081,Manatee County,FL,High,48,3,Gradual post-incident migration gain counties,0.6309114946202826,0.26882844324837785,0,Strong post-incident migration gain counties
12083,Marion County,FL,High,47,0,Strong post-incident migration gain counties,0.9694823759327043,0.941864225371573,1,Spike-and-fade migration counties
12085,Martin County,FL,Moderate,45,3,Gradual post-incident migration gain counties,0.9986535312123842,0.9973732008361719,0,Strong post-incident migration gain counties
12086,Miami-Dade County,FL,Very High,44,1,Spike-and-fade migration counties,0.9895354882332289,0.9821726929957113,0,Strong post-incident migration gain counties
12087,Monroe County,FL,Moderate,42,1,Spike-and-fade migration counties,0.9457372144487127,0.893949897442514,0,Strong post-incident migration gain counties
12089,Nassau County,FL,Low,48,2,Volatile migration counties,1.0,0.9999999999999992,1,Spike-and-fade migration counties
12091,Okaloosa County,FL,Moderate,45,0,Strong post-incident migration gain counties,0.5335785436353893,0.0710308005405047,1,Spike-and-fade migration counties
12093,Okeechobee County,FL,Low,43,0,Strong post-incident migration gain counties,0.8951291427651523,0.7913633663721914,1,Spike-and-fade migration counties
12095,Orange County,FL,High,46,1,Spike-and-fade migration counties,0.9950140874464242,0.990734967169366,2,Volatile migration counties
12097,Osceola County,FL,Moderate,47,2,Volatile migration counties,0.9999999999999982,0.9999999999999956,1,Spike-and-fade migration counties
12099,Palm Beach County,FL,High,45,0,Strong post-incident migration gain counties,0.8293313299680174,0.6977159644377329,1,Spike-and-fade migration counties
12101,Pasco County,FL,High,47,2,Volatile migration counties,0.9998876663729983,0.9998003271797918,0,Strong post-incident migration gain counties
12103,Pinellas County,FL,High,47,1,Spike-and-fade migration counties,0.9309788493616429,0.8656786624789083,0,Strong post-incident migration gain counties
12105,Polk County,FL,High,45,0,Strong post-incident migration gain counties,0.8002074856657618,0.6073837960047943,1,Spike-and-fade migration counties
12107,Putnam County,FL,Low,48,0,Strong post-incident migration gain counties,0.8281286847266185,0.6668907295556585,3,Gradual post-incident migration gain counties
12109,St. Johns County,FL,Moderate,48,2,Volatile migration counties,0.9999999999622631,0.9999999999251329,1,Spike-and-fade migration counties
12111,St. Lucie County,FL,High,45,2,Volatile migration counties,1.0,0.9999999999999997,1,Spike-and-fade migration counties
12113,Santa Rosa County,FL,Moderate,46,3,Gradual post-incident migration gain counties,0.9961653710407281,0.9925940980252154,0,Strong post-incident migration gain counties
12115,Sarasota County,FL,High,47,1,Spike-and-fade migration counties,0.9487527799049993,0.9140161621489421,0,Strong post-incident migration gain counties
12117,Seminole County,FL,Moderate,47,1,Spike-and-fade migration counties,0.9749793675283492,0.9520247087796607,0,Strong post-incident migration gain counties
12119,Sumter County,FL,Moderate,46,2,Volatile migration counties,0.99999043718675,0.9999808745824574,1,Spike-and-fade migration counties
12121,Suwannee County,FL,Low,46,0,Strong post-incident migration gain counties,0.9955145081258485,0.9922934133608922,1,Spike-and-fade migration counties
12123,Taylor County,FL,Low,48,2,Volatile migration counties,0.9999999999970299,0.9999999999940589,1,Spike-and-fade migration counties
12125,Union County,FL,Very Low,10,1,Spike-and-fade migration counties,0.8163301255883479,0.6326602582280085,2,Volatile migration counties
12127,Volusia County,FL,High,47,3,Gradual post-incident migration gain counties,0.8337219970586607,0.6714032503400844,0,Strong post-incident migration gain counties
12129,Wakulla County,FL,Low,48,1,Spike-and-fade migration counties,0.9686268273016064,0.9507853907442081,2,Volatile migration counties
12131,Walton County,FL,Moderate,47,2,Volatile migration counties,0.9997655837799968,0.9995429906795298,0,Strong post-incident migration gain counties
12133,Washington County,FL,Low,45,0,Strong post-incident migration gain counties,0.9676124602710905,0.9510236955599465,2,Volatile migration counties
13009,Baldwin County,GA,Low,5,1,Spike-and-fade migration counties,0.988706868770891,0.9790478473768475,2,Volatile migration counties
13011,Banks County,GA,Very Low,5,0,Strong post-incident migration gain counties,0.9480578695038255,0.899834300395872,1,Spike-and-fade migration counties
13013,Barrow County,GA,Low,4,0,Strong post-incident migration gain counties,0.9377934570017481,0.8774439507825216,1,Spike-and-fade migration counties
13015,Bartow County,GA,Low,3,0,Strong post-incident migration gain counties,0.902801877954108,0.8077459574387397,3,Gradual post-incident migration gain counties
13019,Berrien County,GA,Very Low,1,1,Spike-and-fade migration counties,0.916826391779837,0.8379704229851421,0,Strong post-incident migration gain counties
13021,Bibb County,GA,Low,4,0,Strong post-incident migration gain counties,0.7055077575869851,0.4361077782353074,3,Gradual post-incident migration gain counties
13023,Bleckley County,GA,Very Low,4,1,Spike-and-fade migration counties,0.7914521347452101,0.588817771290613,0,Strong post-incident migration gain counties
13025,Brantley County,GA,Very Low,1,0,Strong post-incident migration gain counties,0.6874408739974742,0.37636739827914995,1,Spike-and-fade migration counties
13027,Brooks County,GA,Very Low,1,2,Volatile migration counties,0.9999972852422382,0.9999945704844773,1,Spike-and-fade migration counties
13029,Bryan County,GA,Low,6,0,Strong post-incident migration gain counties,0.8701923346139917,0.7461003843301036,3,Gradual post-incident migration gain counties
13031,Bulloch County,GA,Low,10,0,Strong post-incident migration gain counties,0.9963468236751504,0.9935959928330221,1,Spike-and-fade migration counties
13033,Burke County,GA,Very Low,5,0,Strong post-incident migration gain counties,0.6166950485059516,0.2347619896381692,3,Gradual post-incident migration gain counties
13035,Butts County,GA,Very Low,6,0,Strong post-incident migration gain counties,0.8864564340490535,0.7762735539372183,3,Gradual post-incident migration gain counties
13039,Camden County,GA,Low,7,0,Strong post-incident migration gain counties,0.8607173509707,0.7304487836969389,3,Gradual post-incident migration gain counties
13045,Carroll County,GA,Low,6,0,Strong post-incident migration gain counties,0.9910433137522645,0.984914750316317,2,Volatile migration counties
13049,Charlton County,GA,Very Low,3,1,Spike-and-fade migration counties,0.6432912651340736,0.28861900067482,0,Strong post-incident migration gain counties
13051,Chatham County,GA,High,6,1,Spike-and-fade migration counties,0.9943970103731484,0.9905036760208769,2,Volatile migration counties
13055,Chattooga County,GA,Low,3,1,Spike-and-fade migration counties,0.9889327575555327,0.9779975312676555,2,Volatile migration counties
13057,Cherokee County,GA,Moderate,4,0,Strong post-incident migration gain counties,0.9449867688137689,0.9028402727735202,3,Gradual post-incident migration gain counties
13063,Clayton County,GA,Moderate,3,1,Spike-and-fade migration counties,0.6995791556806166,0.40168272166316166,0,Strong post-incident migration gain counties
13067,Cobb County,GA,High,3,3,Gradual post-incident migration gain counties,0.6324045979534385,0.29332166233710205,0,Strong post-incident migration gain counties
13071,Colquitt County,GA,Low,6,0,Strong post-incident migration gain counties,0.9662729102963142,0.9477959385509055,1,Spike-and-fade migration counties
13073,Columbia County,GA,Low,3,1,Spike-and-fade migration counties,0.9305232390174847,0.8632666719031269,2,Volatile migration counties
13075,Cook County,GA,Very Low,1,0,Strong post-incident migration gain counties,0.8132166748708691,0.6277349064487632,1,Spike-and-fade migration counties
13077,Coweta County,GA,Low,5,0,Strong post-incident migration gain counties,0.8008535015173277,0.6355782970953088,3,Gradual post-incident migration gain counties
13081,Crisp County,GA,Low,1,1,Spike-and-fade migration counties,0.9962382745121372,0.992506772203631,2,Volatile migration counties
13085,Dawson County,GA,Very Low,5,0,Strong post-incident migration gain counties,0.9929330686680303,0.9870614405809198,1,Spike-and-fade migration counties
13087,Decatur County,GA,Low,5,0,Strong post-incident migration gain counties,0.9270428916827865,0.8604721671291572,3,Gradual post-incident migration gain counties
13089,DeKalb County,GA,Moderate,3,0,Strong post-incident migration gain counties,0.8601088083943719,0.7576764142317606,1,Spike-and-fade migration counties
13095,Dougherty County,GA,Moderate,6,2,Volatile migration counties,1.0,0.9999999999999999,1,Spike-and-fade migration counties
13097,Douglas County,GA,Low,5,3,Gradual post-incident migration gain counties,0.9980363999168969,0.996118816253716,0,Strong post-incident migration gain counties
13103,Effingham County,GA,Low,6,0,Strong post-incident migration gain counties,0.9452774751661615,0.8959791397222121,3,Gradual post-incident migration gain counties
13105,Elbert County,GA,Very Low,5,0,Strong post-incident migration gain counties,0.9817928271411634,0.9684469487891502,3,Gradual post-incident migration gain counties
13107,Emanuel County,GA,Very Low,7,0,Strong post-incident migration gain counties,0.8488658523927975,0.7486306668122347,1,Spike-and-fade migration counties
13111,Fannin County,GA,Low,7,1,Spike-and-fade migration counties,0.9871114219223439,0.9743011717024951,2,Volatile migration counties
13113,Fayette County,GA,Low,5,0,Strong post-incident migration gain counties,0.8677424638643109,0.7377840739517664,3,Gradual post-incident migration gain counties
13115,Floyd County,GA,Moderate,3,3,Gradual post-incident migration gain counties,0.9646645195267856,0.9294415173156181,0,Strong post-incident migration gain counties
13117,Forsyth County,GA,Moderate,5,2,Volatile migration counties,1.0,1.0,1,Spike-and-fade migration counties
13119,Franklin County,GA,Very Low,5,0,Strong post-incident migration gain counties,0.9970424416287272,0.9949752087862536,1,Spike-and-fade migration counties
13121,Fulton County,GA,High,4,0,Strong post-incident migration gain counties,0.8440419610585697,0.6952129401195251,1,Spike-and-fade migration counties
13123,Gilmer County,GA,Low,7,0,Strong post-incident migration gain counties,0.7918345367180601,0.5855131134137358,1,Spike-and-fade migration counties
13127,Glynn County,GA,Moderate,7,3,Gradual post-incident migration gain counties,0.6977477486368787,0.4091763568655417,0,Strong post-incident migration gain counties
13129,Gordon County,GA,Low,4,0,Strong post-incident migration gain counties,0.8616797302209944,0.7397041844502465,3,Gradual post-incident migration gain counties
13131,Grady County,GA,Low,4,0,Strong post-incident migration gain counties,0.6436789019057393,0.2961603508930676,3,Gradual post-incident migration gain counties
13133,Greene County,GA,Very Low,5,0,Strong post-incident migration gain counties,0.8849831978345247,0.7738875232338731,1,Spike-and-fade migration counties
13135,Gwinnett County,GA,High,3,3,Gradual post-incident migration gain counties,0.8051380078192422,0.6174812711468369,0,Strong post-incident migration gain counties
13137,Habersham County,GA,Very Low,6,0,Strong post-incident migration gain counties,0.6278086126848147,0.259735496103136,1,Spike-and-fade migration counties
13139,Hall County,GA,Moderate,5,3,Gradual post-incident migration gain counties,0.9784030221106912,0.9569225388592002,0,Strong post-incident migration gain counties
13143,Haralson County,GA,Very Low,6,0,Strong post-incident migration gain counties,0.9291159516608104,0.8596284177204644,1,Spike-and-fade migration counties
13147,Hart County,GA,Very Low,4,0,Strong post-incident migration gain counties,0.9011260880108667,0.8513805621651404,3,Gradual post-incident migration gain counties
13149,Heard County,GA,Very Low,6,0,Strong post-incident migration gain counties,0.9876921691471726,0.9763863947690177,1,Spike-and-fade migration counties
13151,Henry County,GA,Low,4,0,Strong post-incident migration gain counties,0.9780837232695684,0.9605262195739889,3,Gradual post-incident migration gain counties
13153,Houston County,GA,Low,5,3,Gradual post-incident migration gain counties,0.6691677435135001,0.3390571183555439,0,Strong post-incident migration gain counties
13157,Jackson County,GA,Very Low,4,2,Volatile migration counties,1.0,1.0,1,Spike-and-fade migration counties
13159,Jasper County,GA,Very Low,6,1,Spike-and-fade migration counties,0.9692238679666505,0.9425053283979885,0,Strong post-incident migration gain counties
13163,Jefferson County,GA,Very Low,2,0,Strong post-incident migration gain counties,0.9940481302761619,0.9906132525591855,2,Volatile migration counties
13169,Jones County,GA,Very Low,6,0,Strong post-incident migration gain counties,0.6296995363663442,0.2602168621412402,3,Gradual post-incident migration gain counties
13171,Lamar County,GA,Very Low,6,0,Strong post-incident migration gain counties,0.9911924528150168,0.9828315382250924,1,Spike-and-fade migration counties
13173,Lanier County,GA,Very Low,1,2,Volatile migration counties,0.9999938565809721,0.9999877167935664,0,Strong post-incident migration gain counties
13175,Laurens County,GA,Low,5,3,Gradual post-incident migration gain counties,0.9859708935114448,0.972011348022872,0,Strong post-incident migration gain counties
13179,Liberty County,GA,Moderate,6,0,Strong post-incident migration gain counties,0.9491360330659289,0.907139672855092,1,Spike-and-fade migration counties
13181,Lincoln County,GA,Very Low,3,1,Spike-and-fade migration counties,0.9551167581974895,0.9149156108808424,0,Strong post-incident migration gain counties
13183,Long County,GA,Very Low,2,0,Strong post-incident migration gain counties,0.4396089674533789,0.001865268776659601,2,Volatile migration counties
13185,Lowndes County,GA,Low,2,1,Spike-and-fade migration counties,0.7662759483498068,0.5382433465679681,0,Strong post-incident migration gain counties
13187,Lumpkin County,GA,Low,6,2,Volatile migration counties,0.6143491852238842,0.23350070793178923,0,Strong post-incident migration gain counties
13189,McDuffie County,GA,Very Low,3,1,Spike-and-fade migration counties,0.9950558906438003,0.9912820663589564,2,Volatile migration counties
13191,McIntosh County,GA,Low,6,0,Strong post-incident migration gain counties,0.8963921355661085,0.7945204962600327,3,Gradual post-incident migration gain counties
13199,Meriwether County,GA,Very Low,6,0,Strong post-incident migration gain counties,0.8005057055992622,0.6100963249193952,1,Spike-and-fade migration counties
13205,Mitchell County,GA,Low,4,1,Spike-and-fade migration counties,0.956142683566716,0.9161789822756481,0,Strong post-incident migration gain counties
13207,Monroe County,GA,Very Low,5,0,Strong post-incident migration gain counties,0.9345263118216581,0.8745038177085539,3,Gradual post-incident migration gain counties
13211,Morgan County,GA,Very Low,6,0,Strong post-incident migration gain counties,0.9322366739753083,0.865484666532799,1,Spike-and-fade migration counties
13213,Murray County,GA,Low,3,0,Strong post-incident migration gain counties,0.7875109092351891,0.5802240914767414,1,Spike-and-fade migration counties
13217,Newton County,GA,Low,6,0,Strong post-incident migration gain counties,0.5057462050800904,0.019928255323381106,3,Gradual post-incident migration gain counties
13223,Paulding County,GA,Low,4,0,Strong post-incident migration gain counties,0.958574532671187,0.918085821218593,1,Spike-and-fade migration counties
13225,Peach County,GA,Very Low,5,1,Spike-and-fade migration counties,0.505050203972707,0.021833423582568567,0,Strong post-incident migration gain counties
13227,Pickens County,GA,Very Low,8,0,Strong post-incident migration gain counties,0.9952878593108283,0.9916401946212361,1,Spike-and-fade migration counties
13229,Pierce County,GA,Very Low,7,3,Gradual post-incident migration gain counties,0.9997309196545552,0.999495524645458,0,Strong post-incident migration gain counties
13231,Pike County,GA,Very Low,5,1,Spike-and-fade migration counties,0.9897141872820766,0.9795911239341321,2,Volatile migration counties
13233,Polk County,GA,Low,3,0,Strong post-incident migration gain counties,0.6933175962753091,0.3888491247913002,1,Spike-and-fade migration counties
13235,Pulaski County,GA,Very Low,4,0,Strong post-incident migration gain counties,0.9839811475901353,0.9749030312049841,2,Volatile migration counties
13237,Putnam County,GA,Low,6,0,Strong post-incident migration gain counties,0.9915419069997549,0.985032365651168,1,Spike-and-fade migration counties
13241,Rabun County,GA,Low,5,0,Strong post-incident migration gain counties,0.9455828541926993,0.8934571625030618,1,Spike-and-fade migration counties
13245,Richmond County,GA,Moderate,3,3,Gradual post-incident migration gain counties,0.9984771029602969,0.9970423442968848,0,Strong post-incident migration gain counties
13247,Rockdale County,GA,Low,3,0,Strong post-incident migration gain counties,0.5860462306282331,0.3035646050964517,3,Gradual post-incident migration gain counties
13251,Screven County,GA,Low,1,1,Spike-and-fade migration counties,0.619162760415756,0.23833027479163588,2,Volatile migration counties
13255,Spalding County,GA,Very Low,5,0,Strong post-incident migration gain counties,0.9949405395684642,0.9910813889724572,1,Spike-and-fade migration counties
13257,Stephens County,GA,Very Low,5,0,Strong post-incident migration gain counties,0.8119389749426672,0.6379937885394116,1,Spike-and-fade migration counties
13267,Tattnall County,GA,Low,1,1,Spike-and-fade migration counties,0.9657677375113959,0.9363049775412396,0,Strong post-incident migration gain counties
13275,Thomas County,GA,Low,6,0,Strong post-incident migration gain counties,0.8960998609988767,0.8199280637528509,3,Gradual post-incident migration gain counties
13277,Tift County,GA,Low,1,1,Spike-and-fade migration counties,0.9131348761365935,0.8291853222504116,0,Strong post-incident migration gain counties
13281,Towns County,GA,Very Low,5,1,Spike-and-fade migration counties,0.965968259313449,0.9386149875243975,0,Strong post-incident migration gain counties
13285,Troup County,GA,Low,5,3,Gradual post-incident migration gain counties,0.8154352636426254,0.6371610539291879,0,Strong post-incident migration gain counties
13291,Union County,GA,Low,5,0,Strong post-incident migration gain counties,0.9870519371405302,0.9788242825421484,1,Spike-and-fade migration counties
13293,Upson County,GA,Very Low,7,0,Strong post-incident migration gain counties,0.9614281952297828,0.9242803579047686,1,Spike-and-fade migration counties
13297,Walton County,GA,Low,3,0,Strong post-incident migration gain counties,0.9528879854402389,0.906377979490048,1,Spike-and-fade migration counties
13299,Ware County,GA,Low,8,0,Strong post-incident migration gain counties,0.9788124051780233,0.958087884871684,1,Spike-and-fade migration counties
13305,Wayne County,GA,Low,3,0,Strong post-incident migration gain counties,0.6788678234080955,0.3695957388911745,1,Spike-and-fade migration counties
13311,White County,GA,Low,7,0,Strong post-incident migration gain counties,0.8842474606059013,0.7702756954378225,3,Gradual post-incident migration gain counties
13313,Whitfield County,GA,Moderate,4,3,Gradual post-incident migration gain counties,0.9790136891284953,0.9581193653283361,0,Strong post-incident migration gain counties
13317,Wilkes County,GA,Very Low,1,1,Spike-and-fade migration counties,0.9388989427221625,0.8886077576862831,2,Volatile migration counties
15001,Hawaii County,HI,High,11,3,Gradual post-incident migration gain counties,0.9922517669320576,0.9846938723654363,0,Strong post-incident migration gain counties
15003,Honolulu County,HI,High,5,0,Strong post-incident migration gain counties,0.6811647425834888,0.5105096655182557,3,Gradual post-incident migration gain counties
15007,Kauai County,HI,Moderate,6,1,Spike-and-fade migration counties,0.9056387899749472,0.8147019061176972,0,Strong post-incident migration gain counties
15009,Maui County,HI,Moderate,13,0,Strong post-incident migration gain counties,0.7296072522573154,0.5069455742045522,3,Gradual post-incident migration gain counties
16001,Ada County,ID,Moderate,4,0,Strong post-incident migration gain counties,0.974409978580306,0.9586501879886834,3,Gradual post-incident migration gain counties
16003,Adams County,ID,Very Low,3,2,Volatile migration counties,1.0,1.0,1,Spike-and-fade migration counties
16005,Bannock County,ID,Low,3,0,Strong post-incident migration gain counties,0.9698625628929582,0.9428249451033801,3,Gradual post-incident migration gain counties
16007,Bear Lake County,ID,Very Low,3,0,Strong post-incident migration gain counties,0.987819543059873,0.9781256059163894,1,Spike-and-fade migration counties
16009,Benewah County,ID,Very Low,7,0,Strong post-incident migration gain counties,0.9745770149542374,0.9581963462773281,1,Spike-and-fade migration counties
16011,Bingham County,ID,Low,4,0,Strong post-incident migration gain counties,0.9442501109368346,0.9046731733793371,2,Volatile migration counties
16013,Blaine County,ID,Low,6,0,Strong post-incident migration gain counties,0.9439851311618989,0.9002696147331559,1,Spike-and-fade migration counties
16015,Boise County,ID,Low,3,0,Strong post-incident migration gain counties,0.9389527216974057,0.8835345626021033,2,Volatile migration counties
16017,Bonner County,ID,Low,8,0,Strong post-incident migration gain counties,0.9876110878102856,0.9791442712683597,1,Spike-and-fade migration counties
16019,Bonneville County,ID,Moderate,4,0,Strong post-incident migration gain counties,0.991425899527146,0.9845549554403109,1,Spike-and-fade migration counties
16021,Boundary County,ID,Very Low,5,1,Spike-and-fade migration counties,0.9393293935206284,0.9034657011237608,0,Strong post-incident migration gain counties
16027,Canyon County,ID,Low,4,0,Strong post-incident migration gain counties,0.9905034348439551,0.9837679207780419,3,Gradual post-incident migration gain counties
16029,Caribou County,ID,Very Low,1,2,Volatile migration counties,0.9999999999841673,0.9999999999683885,1,Spike-and-fade migration counties
16031,Cassia County,ID,Low,4,0,Strong post-incident migration gain counties,0.6835878032672864,0.36796530039726544,3,Gradual post-incident migration gain counties
16035,Clearwater County,ID,Low,3,1,Spike-and-fade migration counties,0.9149360031482187,0.8362156777826929,0,Strong post-incident migration gain counties
16039,Elmore County,ID,Low,6,0,Strong post-incident migration gain counties,0.521586226746608,0.04653950086464953,1,Spike-and-fade migration counties
16041,Franklin County,ID,Very Low,4,1,Spike-and-fade migration counties,0.97612125864252,0.9522486973977274,2,Volatile migration counties
16043,Fremont County,ID,Very Low,3,1,Spike-and-fade migration counties,0.47660510573562803,0.017552783080833023,2,Volatile migration counties
16045,Gem County,ID,Very Low,4,1,Spike-and-fade migration counties,0.5165509419058438,0.04536844988113664,0,Strong post-incident migration gain counties
16047,Gooding County,ID,Very Low,2,0,Strong post-incident migration gain counties,0.9959098578151504,0.9932973130111566,1,Spike-and-fade migration counties
16049,Idaho County,ID,Low,7,0,Strong post-incident migration gain counties,0.9982294842321617,0.9973339845453293,2,Volatile migration counties
16051,Jefferson County,ID,Very Low,4,1,Spike-and-fade migration counties,0.9848452287321372,0.9743461235698413,0,Strong post-incident migration gain counties
16053,Jerome County,ID,Very Low,4,0,Strong post-incident migration gain counties,0.9801151205648732,0.9656171017744123,3,Gradual post-incident migration gain counties
16055,Kootenai County,ID,Low,8,0,Strong post-incident migration gain counties,0.9948646746379453,0.9911986605316657,1,Spike-and-fade migration counties
16057,Latah County,ID,Very Low,5,0,Strong post-incident migration gain counties,0.7840567603543516,0.5690797044897682,3,Gradual post-incident migration gain counties
16061,Lewis County,ID,Very Low,2,2,Volatile migration counties,1.0,1.0,1,Spike-and-fade migration counties
16065,Madison County,ID,Low,3,2,Volatile migration counties,0.9999999999986287,0.999999999997258,1,Spike-and-fade migration counties
16067,Minidoka County,ID,Very Low,4,0,Strong post-incident migration gain counties,0.9473398796716604,0.8992501356123086,3,Gradual post-incident migration gain counties
16069,Nez Perce County,ID,Very Low,4,3,Gradual post-incident migration gain counties,0.7181848999450792,0.4395334444432373,0,Strong post-incident migration gain counties
16071,Oneida County,ID,Very Low,1,2,Volatile migration counties,0.9999969823338709,0.9999939657738975,1,Spike-and-fade migration counties
16073,Owyhee County,ID,Low,3,0,Strong post-incident migration gain counties,0.8148185334743673,0.697431993438326,2,Volatile migration counties
16075,Payette County,ID,Very Low,3,0,Strong post-incident migration gain counties,0.9896503256442537,0.9798347036712982,1,Spike-and-fade migration counties
16079,Shoshone County,ID,Low,5,0,Strong post-incident migration gain counties,0.9202485894394383,0.8462813016719095,1,Spike-and-fade migration counties
16081,Teton County,ID,Very Low,3,1,Spike-and-fade migration counties,0.9888607353838128,0.9786643222201674,2,Volatile migration counties
16083,Twin Falls County,ID,Low,4,3,Gradual post-incident migration gain counties,0.9996823760870737,0.9994200215059297,0,Strong post-incident migration gain counties
16085,Valley County,ID,Low,6,0,Strong post-incident migration gain counties,0.8121250954811563,0.6335977239030438,1,Spike-and-fade migration counties
16087,Washington County,ID,Very Low,4,1,Spike-and-fade migration counties,0.9859386774218387,0.9786973387921031,0,Strong post-incident migration gain counties
17001,Adams County,IL,Low,2,2,Volatile migration counties,0.9999999999998455,0.9999999999996902,3,Gradual post-incident migration gain counties
17005,Bond County,IL,Very Low,1,0,Strong post-incident migration gain counties,0.8909750409218171,0.7982653166996567,1,Spike-and-fade migration counties
17011,Bureau County,IL,Low,2,3,Gradual post-incident migration gain counties,0.9987472299074621,0.9979954777992148,0,Strong post-incident migration gain counties
17015,Carroll County,IL,Very Low,1,0,Strong post-incident migration gain counties,0.9906328217702229,0.984524147041521,2,Volatile migration counties
17019,Champaign County,IL,Moderate,1,3,Gradual post-incident migration gain counties,0.9983109628403436,0.996689396153336,0,Strong post-incident migration gain counties
17021,Christian County,IL,Low,1,3,Gradual post-incident migration gain counties,0.9490826040125191,0.8983655085905485,0,Strong post-incident migration gain counties
17023,Clark County,IL,Very Low,2,3,Gradual post-incident migration gain counties,0.9964372634655818,0.9929267775852467,0,Strong post-incident migration gain counties
17029,Coles County,IL,Low,2,1,Spike-and-fade migration counties,0.6386869627978485,0.27892007772655864,2,Volatile migration counties
17031,Cook County,IL,Very High,3,1,Spike-and-fade migration counties,0.9717641516372083,0.946789481421929,2,Volatile migration counties
17037,DeKalb County,IL,Low,1,1,Spike-and-fade migration counties,0.9470561167074334,0.899999827770288,0,Strong post-incident migration gain counties
17039,De Witt County,IL,Very Low,1,3,Gradual post-incident migration gain counties,0.6628964297890177,0.3481410911900323,0,Strong post-incident migration gain counties
17041,Douglas County,IL,Low,3,0,Strong post-incident migration gain counties,0.6427483678750517,0.3167884583755865,1,Spike-and-fade migration counties
17043,DuPage County,IL,High,1,1,Spike-and-fade migration counties,0.8266363624834107,0.6558280227173983,0,Strong post-incident migration gain counties
17045,Edgar County,IL,Very Low,1,0,Strong post-incident migration gain counties,0.9460758325955183,0.893040186772926,1,Spike-and-fade migration counties
17049,Effingham County,IL,Low,1,0,Strong post-incident migration gain counties,0.9585638481039106,0.9184281562262834,3,Gradual post-incident migration gain counties
17051,Fayette County,IL,Low,2,1,Spike-and-fade migration counties,0.9748316875400843,0.9540792940096422,0,Strong post-incident migration gain counties
17057,Fulton County,IL,Low,2,3,Gradual post-incident migration gain counties,0.9061257451183724,0.8127165170846882,0,Strong post-incident migration gain counties
17061,Greene County,IL,Very Low,1,1,Spike-and-fade migration counties,0.6243736840222738,0.2514512456771875,2,Volatile migration counties
17063,Grundy County,IL,Low,2,3,Gradual post-incident migration gain counties,0.9651030482613449,0.9304531325647517,0,Strong post-incident migration gain counties
17067,Hancock County,IL,Very Low,2,0,Strong post-incident migration gain counties,0.9821713127330877,0.9688787735696405,1,Spike-and-fade migration counties
17073,Henry County,IL,Low,2,3,Gradual post-incident migration gain counties,0.5036394093523042,0.015753372564868695,0,Strong post-incident migration gain counties
17077,Jackson County,IL,Moderate,1,0,Strong post-incident migration gain counties,0.9264528868124579,0.8580518228906522,1,Spike-and-fade migration counties
17083,Jersey County,IL,Very Low,2,3,Gradual post-incident migration gain counties,0.9986962270706984,0.9974161956312879,0,Strong post-incident migration gain counties
17089,Kane County,IL,High,1,3,Gradual post-incident migration gain counties,0.983030652951133,0.9661784616877652,0,Strong post-incident migration gain counties
17093,Kendall County,IL,Low,1,3,Gradual post-incident migration gain counties,0.7854831211590684,0.5743999422473856,0,Strong post-incident migration gain counties
17095,Knox County,IL,Low,2,0,Strong post-incident migration gain counties,0.6861942237567794,0.3902132062290207,1,Spike-and-fade migration counties
17097,Lake County,IL,High,1,0,Strong post-incident migration gain counties,0.8601657258696217,0.7287903040162462,3,Gradual post-incident migration gain counties
17099,LaSalle County,IL,Moderate,2,3,Gradual post-incident migration gain counties,0.7079449728831739,0.4192623070513446,0,Strong post-incident migration gain counties
17103,Lee County,IL,Low,1,0,Strong post-incident migration gain counties,0.9566354811857798,0.9169390059005059,1,Spike-and-fade migration counties
17105,Livingston County,IL,Low,1,2,Volatile migration counties,0.9987752178842474,0.9975504357684956,1,Spike-and-fade migration counties
17107,Logan County,IL,Low,1,1,Spike-and-fade migration counties,0.9846733865501739,0.9693657647434125,2,Volatile migration counties
17109,McDonough County,IL,Very Low,1,2,Volatile migration counties,0.9999999990317576,0.9999999984241885,1,Spike-and-fade migration counties
17111,McHenry County,IL,Moderate,1,3,Gradual post-incident migration gain counties,0.9991930332205491,0.9984262167957794,0,Strong post-incident migration gain counties
17115,Macon County,IL,Moderate,1,0,Strong post-incident migration gain counties,0.8564643459667273,0.720898999006083,1,Spike-and-fade migration counties
17117,Macoupin County,IL,Low,1,0,Strong post-incident migration gain counties,0.985047339100589,0.9722974842210833,3,Gradual post-incident migration gain counties
17119,Madison County,IL,Moderate,2,3,Gradual post-incident migration gain counties,0.9995950766338678,0.9992129155078957,0,Strong post-incident migration gain counties
17123,Marshall County,IL,Very Low,1,0,Strong post-incident migration gain counties,0.9394451420298252,0.8808249281407641,3,Gradual post-incident migration gain counties
17127,Massac County,IL,Low,1,1,Spike-and-fade migration counties,0.903534685470441,0.8130425410982298,0,Strong post-incident migration gain counties
17129,Menard County,IL,Very Low,1,3,Gradual post-incident migration gain counties,0.9057584313007775,0.8128357611762237,0,Strong post-incident migration gain counties
17131,Mercer County,IL,Very Low,2,0,Strong post-incident migration gain counties,0.962744338594497,0.9281533040012191,1,Spike-and-fade migration counties
17133,Monroe County,IL,Very Low,2,0,Strong post-incident migration gain counties,0.5163718812810166,0.03608220003713003,1,Spike-and-fade migration counties
17135,Montgomery County,IL,Low,1,1,Spike-and-fade migration counties,0.6336364439369747,0.2722042945454385,0,Strong post-incident migration gain counties
17137,Morgan County,IL,Low,4,3,Gradual post-incident migration gain counties,0.9978481135858226,0.995732821687098,0,Strong post-incident migration gain counties
17139,Moultrie County,IL,Low,2,1,Spike-and-fade migration counties,0.8900599146963403,0.7840754017012563,0,Strong post-incident migration gain counties
17141,Ogle County,IL,Low,1,0,Strong post-incident migration gain counties,0.6882909873676804,0.40425453081467916,3,Gradual post-incident migration gain counties
17143,Peoria County,IL,Moderate,1,1,Spike-and-fade migration counties,0.9715009062839999,0.943050859351993,2,Volatile migration counties
17157,Randolph County,IL,Low,1,2,Volatile migration counties,0.5956262145352451,0.24041106327141332,0,Strong post-incident migration gain counties
17161,Rock Island County,IL,Moderate,2,1,Spike-and-fade migration counties,0.5467334303900645,0.09744206231274077,0,Strong post-incident migration gain counties
17163,St. Clair County,IL,High,2,3,Gradual post-incident migration gain counties,0.9876779369904348,0.9755760929921082,0,Strong post-incident migration gain counties
17167,Sangamon County,IL,Moderate,1,0,Strong post-incident migration gain counties,0.8633955225472729,0.7291189308770754,1,Spike-and-fade migration counties
17173,Shelby County,IL,Low,2,1,Spike-and-fade migration counties,0.7954907896862649,0.5959743409559554,0,Strong post-incident migration gain counties
17177,Stephenson County,IL,Low,1,0,Strong post-incident migration gain counties,0.8568306692239896,0.7179407424739374,3,Gradual post-incident migration gain counties
17179,Tazewell County,IL,Moderate,2,1,Spike-and-fade migration counties,0.9854816491501593,0.9710166420570174,2,Volatile migration counties
17181,Union County,IL,Low,1,0,Strong post-incident migration gain counties,0.6115559303962677,0.25310246699560834,3,Gradual post-incident migration gain counties
17183,Vermilion County,IL,Low,2,0,Strong post-incident migration gain counties,0.5859495626991077,0.17567481343501073,3,Gradual post-incident migration gain counties
17187,Warren County,IL,Very Low,1,2,Volatile migration counties,0.9930949732240406,0.9874110065780308,0,Strong post-incident migration gain counties
17189,Washington County,IL,Low,1,0,Strong post-incident migration gain counties,0.7914171532616304,0.6237518189896611,1,Spike-and-fade migration counties
17195,Whiteside County,IL,Low,2,3,Gradual post-incident migration gain counties,0.718408636105636,0.43764531447424143,0,Strong post-incident migration gain counties
17197,Will County,IL,High,2,2,Volatile migration counties,0.9999999999997691,0.9999999999995383,3,Gradual post-incident migration gain counties
17201,Winnebago County,IL,Moderate,1,3,Gradual post-incident migration gain counties,0.9958442960290684,0.9920197924533541,0,Strong post-incident migration gain counties
17203,Woodford County,IL,Very Low,2,0,Strong post-incident migration gain counties,0.6445552315297735,0.2992177682472483,1,Spike-and-fade migration counties
18003,Allen County,IN,Moderate,1,3,Gradual post-incident migration gain counties,0.9905001418728945,0.9811568642562974,0,Strong post-incident migration gain counties
18007,Benton County,IN,Very Low,2,1,Spike-and-fade migration counties,0.9935254456600602,0.9873193158377185,2,Volatile migration counties
18009,Blackford County,IN,Very Low,1,0,Strong post-incident migration gain counties,0.8969030837152223,0.8211343465232718,3,Gradual post-incident migration gain counties
18011,Boone County,IN,Low,1,3,Gradual post-incident migration gain counties,0.6210714848751008,0.284014386556332,0,Strong post-incident migration gain counties
18013,Brown County,IN,Very Low,1,0,Strong post-incident migration gain counties,0.9960631358214775,0.9935606640757813,1,Spike-and-fade migration counties
18015,Carroll County,IN,Very Low,1,3,Gradual post-incident migration gain counties,0.7825008175919509,0.5672106503590907,0,Strong post-incident migration gain counties
18019,Clark County,IN,Moderate,1,3,Gradual post-incident migration gain counties,0.9553860818508629,0.9110774981188855,0,Strong post-incident migration gain counties
18021,Clay County,IN,Very Low,1,1,Spike-and-fade migration counties,0.992092904528587,0.984194465553377,2,Volatile migration counties
18023,Clinton County,IN,Very Low,2,0,Strong post-incident migration gain counties,0.7384295931600751,0.553576472916841,3,Gradual post-incident migration gain counties
18029,Dearborn County,IN,Low,1,0,Strong post-incident migration gain counties,0.9398760596455564,0.8853823603644707,3,Gradual post-incident migration gain counties
18039,Elkhart County,IN,Moderate,1,0,Strong post-incident migration gain counties,0.776288702472376,0.5587801808897966,1,Spike-and-fade migration counties
18043,Floyd County,IN,Low,1,1,Spike-and-fade migration counties,0.5636230057642289,0.12863220382874824,0,Strong post-incident migration gain counties
18049,Fulton County,IN,Very Low,1,0,Strong post-incident migration gain counties,0.9298387973012944,0.8616875577915256,1,Spike-and-fade migration counties
18051,Gibson County,IN,Low,1,0,Strong post-incident migration gain counties,0.9374760491092751,0.8996383067279007,3,Gradual post-incident migration gain counties
18053,Grant County,IN,Low,1,0,Strong post-incident migration gain counties,0.9647920728584595,0.931747958670303,3,Gradual post-incident migration gain counties
18057,Hamilton County,IN,Moderate,1,0,Strong post-incident migration gain counties,0.7446070815064577,0.4939890288797049,3,Gradual post-incident migration gain counties
18061,Harrison County,IN,Low,1,0,Strong post-incident migration gain counties,0.517260685642364,0.03603136534035917,1,Spike-and-fade migration counties
18063,Hendricks County,IN,Low,1,0,Strong post-incident migration gain counties,0.562287179737718,0.1282277737292447,3,Gradual post-incident migration gain counties
18067,Howard County,IN,Low,1,0,Strong post-incident migration gain counties,0.7610188758337003,0.5981306109707303,3,Gradual post-incident migration gain counties
18073,Jasper County,IN,Very Low,2,3,Gradual post-incident migration gain counties,0.8343857196273536,0.6730700064300279,0,Strong post-incident migration gain counties
18077,Jefferson County,IN,Low,1,1,Spike-and-fade migration counties,0.9914150976761186,0.9861816332148288,2,Volatile migration counties
18081,Johnson County,IN,Low,2,3,Gradual post-incident migration gain counties,0.8397613108566052,0.6799436395487303,0,Strong post-incident migration gain counties
18085,Kosciusko County,IN,Low,1,1,Spike-and-fade migration counties,0.9937792713104084,0.9880370400706793,2,Volatile migration counties
18089,Lake County,IN,High,3,3,Gradual post-incident migration gain counties,0.9997389070939829,0.9994954825694597,0,Strong post-incident migration gain counties
18091,LaPorte County,IN,Low,1,0,Strong post-incident migration gain counties,0.8821914547324397,0.7900243160246265,3,Gradual post-incident migration gain counties
18095,Madison County,IN,Low,1,0,Strong post-incident migration gain counties,0.9664669084018029,0.9454420546357792,1,Spike-and-fade migration counties
18097,Marion County,IN,High,1,0,Strong post-incident migration gain counties,0.8526707128210984,0.7566358323662832,3,Gradual post-incident migration gain counties
18099,Marshall County,IN,Very Low,1,3,Gradual post-incident migration gain counties,0.9895005858555986,0.9790684295963388,0,Strong post-incident migration gain counties
18105,Monroe County,IN,Low,1,2,Volatile migration counties,0.9999999999999964,0.9999999999999937,1,Spike-and-fade migration counties
18107,Montgomery County,IN,Very Low,1,0,Strong post-incident migration gain counties,0.5506874510545985,0.11442944966820168,3,Gradual post-incident migration gain counties
18109,Morgan County,IN,Low,2,0,Strong post-incident migration gain counties,0.8781386909849526,0.7610363611632739,3,Gradual post-incident migration gain counties
18111,Newton County,IN,Very Low,2,0,Strong post-incident migration gain counties,0.8755319248905227,0.7606033092980446,3,Gradual post-incident migration gain counties
18119,Owen County,IN,Very Low,2,0,Strong post-incident migration gain counties,0.9962538483071718,0.9942316255245346,3,Gradual post-incident migration gain counties
18121,Parke County,IN,Very Low,1,2,Volatile migration counties,0.9999999783467024,0.999999956693405,1,Spike-and-fade migration counties
18127,Porter County,IN,Moderate,1,0,Strong post-incident migration gain counties,0.9017631956406953,0.8361452398486775,1,Spike-and-fade migration counties
18131,Pulaski County,IN,Very Low,1,0,Strong post-incident migration gain counties,0.9825148644141953,0.9677455974372567,2,Volatile migration counties
18133,Putnam County,IN,Low,1,0,Strong post-incident migration gain counties,0.6227601665266526,0.2576220187337097,1,Spike-and-fade migration counties
18141,St. Joseph County,IN,Moderate,1,0,Strong post-incident migration gain counties,0.5500956087289814,0.2030577325530526,1,Spike-and-fade migration counties
18147,Spencer County,IN,Very Low,1,3,Gradual post-incident migration gain counties,0.5995052368312115,0.19978604201946376,0,Strong post-incident migration gain counties
18149,Starke County,IN,Very Low,1,0,Strong post-incident migration gain counties,0.5613232698024302,0.12642832032374884,1,Spike-and-fade migration counties
18155,Switzerland County,IN,Very Low,1,1,Spike-and-fade migration counties,0.9787311982778157,0.9574624700316221,2,Volatile migration counties
18159,Tipton County,IN,Very Low,1,0,Strong post-incident migration gain counties,0.9271318092248481,0.8607294036551447,3,Gradual post-incident migration gain counties
18163,Vanderburgh County,IN,Moderate,2,3,Gradual post-incident migration gain counties,0.9998913590476877,0.9998368655167821,0,Strong post-incident migration gain counties
18169,Wabash County,IN,Very Low,1,0,Strong post-incident migration gain counties,0.886154171745542,0.7751077511011772,1,Spike-and-fade migration counties
18173,Warrick County,IN,Low,1,0,Strong post-incident migration gain counties,0.8640686611369228,0.7533176881388725,1,Spike-and-fade migration counties
18181,White County,IN,Very Low,2,0,Strong post-incident migration gain counties,0.63426787939387,0.2777167216461277,1,Spike-and-fade migration counties
19005,Allamakee County,IA,Very Low,5,1,Spike-and-fade migration counties,0.9879196892611872,0.978300755126861,0,Strong post-incident migration gain counties
19007,Appanoose County,IA,Very Low,4,0,Strong post-incident migration gain counties,0.8671950502141977,0.7424476025226832,1,Spike-and-fade migration counties
19009,Audubon County,IA,Very Low,1,1,Spike-and-fade migration counties,0.9740544395411039,0.9563956589734929,2,Volatile migration counties
19011,Benton County,IA,Very Low,4,3,Gradual post-incident migration gain counties,0.9286523395891748,0.8575651593260465,0,Strong post-incident migration gain counties
19013,Black Hawk County,IA,Low,2,3,Gradual post-incident migration gain counties,0.967961240380968,0.9361473053303226,0,Strong post-incident migration gain counties
19015,Boone County,IA,Very Low,5,3,Gradual post-incident migration gain counties,0.936900554464667,0.8742651433368643,0,Strong post-incident migration gain counties
19017,Bremer County,IA,Very Low,4,3,Gradual post-incident migration gain counties,0.9942660366449003,0.9885651214829105,0,Strong post-incident migration gain counties
19019,Buchanan County,IA,Very Low,5,3,Gradual post-incident migration gain counties,0.9976759623902076,0.9953732684566314,0,Strong post-incident migration gain counties
19021,Buena Vista County,IA,Very Low,2,1,Spike-and-fade migration counties,0.8483133564236702,0.7499905088938543,0,Strong post-incident migration gain counties
19023,Butler County,IA,Very Low,3,0,Strong post-incident migration gain counties,0.9118672549038045,0.8265998787354011,3,Gradual post-incident migration gain counties
19027,Carroll County,IA,Low,3,0,Strong post-incident migration gain counties,0.9907462472990564,0.9838111737810797,3,Gradual post-incident migration gain counties
19029,Cass County,IA,Low,5,1,Spike-and-fade migration counties,0.9081374626358902,0.8201167781096168,0,Strong post-incident migration gain counties
19031,Cedar County,IA,Very Low,7,3,Gradual post-incident migration gain counties,0.9630932952344512,0.926344138967633,0,Strong post-incident migration gain counties
19033,Cerro Gordo County,IA,Low,4,0,Strong post-incident migration gain counties,0.5978638003640048,0.27291056361103844,3,Gradual post-incident migration gain counties
19039,Clarke County,IA,Very Low,2,2,Volatile migration counties,0.943970874726642,0.8879417494570468,1,Spike-and-fade migration counties
19041,Clay County,IA,Very Low,3,0,Strong post-incident migration gain counties,0.9973137085710729,0.9958872126129961,2,Volatile migration counties
19043,Clayton County,IA,Very Low,7,2,Volatile migration counties,0.9999999999999574,0.9999999999999148,3,Gradual post-incident migration gain counties
19045,Clinton County,IA,Low,6,3,Gradual post-incident migration gain counties,0.9977652671440975,0.9955663414743898,0,Strong post-incident migration gain counties
19047,Crawford County,IA,Low,3,1,Spike-and-fade migration counties,0.8721444920396512,0.7442889862187129,2,Volatile migration counties
19049,Dallas County,IA,Low,7,3,Gradual post-incident migration gain counties,0.9836036945843833,0.9677858936875418,0,Strong post-incident migration gain counties
19053,Decatur County,IA,Very Low,3,0,Strong post-incident migration gain counties,0.9886935767329338,0.9786221101101406,2,Volatile migration counties
19055,Delaware County,IA,Low,4,3,Gradual post-incident migration gain counties,0.9893168626089541,0.9786946532182277,0,Strong post-incident migration gain counties
19057,Des Moines County,IA,Low,5,3,Gradual post-incident migration gain counties,0.9996868378604791,0.9995200054657599,0,Strong post-incident migration gain counties
19059,Dickinson County,IA,Very Low,3,1,Spike-and-fade migration counties,0.7467369959104239,0.49527701259777135,0,Strong post-incident migration gain counties
19061,Dubuque County,IA,Low,4,3,Gradual post-incident migration gain counties,0.9669532881941216,0.9341936458129406,0,Strong post-incident migration gain counties
19063,Emmet County,IA,Very Low,4,0,Strong post-incident migration gain counties,0.994313043912712,0.9897648482713787,2,Volatile migration counties
19065,Fayette County,IA,Low,4,3,Gradual post-incident migration gain counties,0.9552489116553433,0.9107905256895829,0,Strong post-incident migration gain counties
19067,Floyd County,IA,Low,5,0,Strong post-incident migration gain counties,0.60672740924358,0.22192687015333656,3,Gradual post-incident migration gain counties
19069,Franklin County,IA,Very Low,5,3,Gradual post-incident migration gain counties,0.9951214808161439,0.9903019484889818,0,Strong post-incident migration gain counties
19073,Greene County,IA,Very Low,7,3,Gradual post-incident migration gain counties,0.9891963994557147,0.9785335454783284,0,Strong post-incident migration gain counties
19075,Grundy County,IA,Very Low,3,3,Gradual post-incident migration gain counties,0.7227335742483506,0.4480676629143568,0,Strong post-incident migration gain counties
19077,Guthrie County,IA,Very Low,7,3,Gradual post-incident migration gain counties,0.9518855832202714,0.9038971217438124,0,Strong post-incident migration gain counties
19079,Hamilton County,IA,Low,5,3,Gradual post-incident migration gain counties,0.9994437392025941,0.9989625164331286,0,Strong post-incident migration gain counties
19081,Hancock County,IA,Very Low,4,0,Strong post-incident migration gain counties,0.691966812882743,0.39000210047712597,3,Gradual post-incident migration gain counties
19083,Hardin County,IA,Low,4,0,Strong post-incident migration gain counties,0.988136630588706,0.9784151937629242,3,Gradual post-incident migration gain counties
19085,Harrison County,IA,Very Low,4,0,Strong post-incident migration gain counties,0.9951836869154096,0.9920695223781093,3,Gradual post-incident migration gain counties
19087,Henry County,IA,Very Low,3,1,Spike-and-fade migration counties,0.9185488038155709,0.8390492528249818,2,Volatile migration counties
19091,Humboldt County,IA,Very Low,5,3,Gradual post-incident migration gain counties,0.9376100428454305,0.8756192997094574,0,Strong post-incident migration gain counties
19095,Iowa County,IA,Very Low,4,0,Strong post-incident migration gain counties,0.7527514548103826,0.5718200925880164,3,Gradual post-incident migration gain counties
19097,Jackson County,IA,Very Low,7,3,Gradual post-incident migration gain counties,0.9928099634047695,0.9856879812446158,0,Strong post-incident migration gain counties
19099,Jasper County,IA,Low,7,3,Gradual post-incident migration gain counties,0.9888545136623649,0.9778697518913532,0,Strong post-incident migration gain counties
19101,Jefferson County,IA,Very Low,2,1,Spike-and-fade migration counties,0.988019280681838,0.9787648822034227,0,Strong post-incident migration gain counties
19103,Johnson County,IA,Moderate,3,3,Gradual post-incident migration gain counties,0.8772125555993433,0.7552322146772338,0,Strong post-incident migration gain counties
19105,Jones County,IA,Very Low,4,0,Strong post-incident migration gain counties,0.9888827886199696,0.9812564073623201,1,Spike-and-fade migration counties
19109,Kossuth County,IA,Very Low,4,3,Gradual post-incident migration gain counties,0.915849911377171,0.8337275769637691,0,Strong post-incident migration gain counties
19111,Lee County,IA,Low,5,3,Gradual post-incident migration gain counties,0.6793437321016051,0.36174549090952685,0,Strong post-incident migration gain counties
19113,Linn County,IA,Moderate,4,0,Strong post-incident migration gain counties,0.5295184513713568,0.10616847888617209,1,Spike-and-fade migration counties
19115,Louisa County,IA,Very Low,1,3,Gradual post-incident migration gain counties,0.6179131422806234,0.24165559265729153,0,Strong post-incident migration gain counties
19121,Madison County,IA,Very Low,4,0,Strong post-incident migration gain counties,0.9054867683290325,0.8222013429452817,1,Spike-and-fade migration counties
19123,Mahaska County,IA,Very Low,3,1,Spike-and-fade migration counties,0.9948047807946525,0.9909190095226461,2,Volatile migration counties
19125,Marion County,IA,Very Low,6,3,Gradual post-incident migration gain counties,0.9981745882669766,0.9964264952620056,0,Strong post-incident migration gain counties
19127,Marshall County,IA,Low,5,3,Gradual post-incident migration gain counties,0.752095172446737,0.5052629227397682,0,Strong post-incident migration gain counties
19129,Mills County,IA,Very Low,4,2,Volatile migration counties,0.9999864694439728,0.9999729826032427,0,Strong post-incident migration gain counties
19131,Mitchell County,IA,Very Low,4,1,Spike-and-fade migration counties,0.5720173864845906,0.14676964622774163,0,Strong post-incident migration gain counties
19137,Montgomery County,IA,Very Low,5,0,Strong post-incident migration gain counties,0.9900575795200331,0.9848984930562223,2,Volatile migration counties
19139,Muscatine County,IA,Low,7,3,Gradual post-incident migration gain counties,0.6682592258508638,0.3470556444725331,0,Strong post-incident migration gain counties
19141,Obrien County,IA,Very Low,1,1,Spike-and-fade migration counties,0.6381695834128361,0.2952511651145099,0,Strong post-incident migration gain counties
19145,Page County,IA,Very Low,3,0,Strong post-incident migration gain counties,0.9725590323291721,0.9513342517744089,3,Gradual post-incident migration gain counties
19147,Palo Alto County,IA,Very Low,2,0,Strong post-incident migration gain counties,0.9108936846904491,0.8245524304545011,1,Spike-and-fade migration counties
19149,Plymouth County,IA,Low,3,0,Strong post-incident migration gain counties,0.9810473876246865,0.9646772756222464,1,Spike-and-fade migration counties
19151,Pocahontas County,IA,Very Low,1,2,Volatile migration counties,0.9999927957215996,0.9999855914431984,1,Spike-and-fade migration counties
19153,Polk County,IA,Moderate,6,3,Gradual post-incident migration gain counties,0.9984205292334889,0.9969002003923525,0,Strong post-incident migration gain counties
19155,Pottawattamie County,IA,Low,5,0,Strong post-incident migration gain counties,0.9056819126823921,0.8501947914310781,3,Gradual post-incident migration gain counties
19157,Poweshiek County,IA,Very Low,3,1,Spike-and-fade migration counties,0.8517558691133051,0.7076208301556258,0,Strong post-incident migration gain counties
19163,Scott County,IA,Moderate,6,3,Gradual post-incident migration gain counties,0.8115421275625927,0.627228293602172,0,Strong post-incident migration gain counties
19165,Shelby County,IA,Very Low,3,0,Strong post-incident migration gain counties,0.9798583884083796,0.9631323825009686,1,Spike-and-fade migration counties
19167,Sioux County,IA,Low,1,3,Gradual post-incident migration gain counties,0.5017918283976547,0.00447781856223467,0,Strong post-incident migration gain counties
19169,Story County,IA,Low,6,0,Strong post-incident migration gain counties,0.6193072087872635,0.2613050920051864,3,Gradual post-incident migration gain counties
19171,Tama County,IA,Low,4,0,Strong post-incident migration gain counties,0.9859871347709795,0.978278499104574,1,Spike-and-fade migration counties
19175,Union County,IA,Low,3,1,Spike-and-fade migration counties,0.9868601183393725,0.9801070453678198,2,Volatile migration counties
19179,Wapello County,IA,Low,3,0,Strong post-incident migration gain counties,0.9815609117328346,0.9644813808991781,1,Spike-and-fade migration counties
19181,Warren County,IA,Very Low,6,3,Gradual post-incident migration gain counties,0.9952502849555539,0.990559713256637,0,Strong post-incident migration gain counties
19183,Washington County,IA,Low,3,0,Strong post-incident migration gain counties,0.505998571383288,0.013915943613695358,3,Gradual post-incident migration gain counties
19189,Winnebago County,IA,Very Low,4,0,Strong post-incident migration gain counties,0.815122791261345,0.6402409886173599,1,Spike-and-fade migration counties
19191,Winneshiek County,IA,Very Low,5,0,Strong post-incident migration gain counties,0.6819607605852805,0.3703287851520957,3,Gradual post-incident migration gain counties
19193,Woodbury County,IA,Moderate,6,0,Strong post-incident migration gain counties,0.6597444526480309,0.3330789308753522,3,Gradual post-incident migration gain counties
19195,Worth County,IA,Very Low,4,3,Gradual post-incident migration gain counties,0.527573832053986,0.06066483037774589,0,Strong post-incident migration gain counties
19197,Wright County,IA,Very Low,5,3,Gradual post-incident migration gain counties,0.7427252662842497,0.4884206725635165,0,Strong post-incident migration gain counties
20001,Allen County,KS,Very Low,1,0,Strong post-incident migration gain counties,0.9061601539744325,0.837040287769235,1,Spike-and-fade migration counties
20003,Anderson County,KS,Very Low,3,3,Gradual post-incident migration gain counties,0.9416077831570139,0.8846805332817392,0,Strong post-incident migration gain counties
20009,Barton County,KS,Low,9,3,Gradual post-incident migration gain counties,0.9749214374234623,0.9503163686941357,0,Strong post-incident migration gain counties
20011,Bourbon County,KS,Very Low,2,3,Gradual post-incident migration gain counties,0.6583131685518867,0.3177921825765634,0,Strong post-incident migration gain counties
20013,Brown County,KS,Very Low,1,1,Spike-and-fade migration counties,0.9307234947158574,0.865323026423768,0,Strong post-incident migration gain counties
20015,Butler County,KS,Low,4,0,Strong post-incident migration gain counties,0.8106386615449791,0.6227360196153002,3,Gradual post-incident migration gain counties
20021,Cherokee County,KS,Low,3,0,Strong post-incident migration gain counties,0.8193674743544231,0.6413144797125325,3,Gradual post-incident migration gain counties
20027,Clay County,KS,Very Low,1,0,Strong post-incident migration gain counties,0.7151480093595632,0.47679570970803464,1,Spike-and-fade migration counties
20035,Cowley County,KS,Low,6,3,Gradual post-incident migration gain counties,0.9939000518826325,0.9878578304524646,0,Strong post-incident migration gain counties
20041,Dickinson County,KS,Low,2,0,Strong post-incident migration gain counties,0.8085177417974141,0.6502302830937585,2,Volatile migration counties
20045,Douglas County,KS,Low,2,3,Gradual post-incident migration gain counties,0.5496877579144439,0.10114839256265146,0,Strong post-incident migration gain counties
20051,Ellis County,KS,Very Low,3,3,Gradual post-incident migration gain counties,0.9877960926972733,0.9757606800177258,0,Strong post-incident migration gain counties
20053,Ellsworth County,KS,Very Low,1,2,Volatile migration counties,0.9999998962058713,0.9999997924117432,1,Spike-and-fade migration counties
20055,Finney County,KS,Low,2,1,Spike-and-fade migration counties,0.9048262211312593,0.8339467174285305,0,Strong post-incident migration gain counties
20057,Ford County,KS,Low,4,2,Volatile migration counties,1.0,0.9999999999999997,1,Spike-and-fade migration counties
20059,Franklin County,KS,Low,4,3,Gradual post-incident migration gain counties,0.6802388156198497,0.36287042114952933,0,Strong post-incident migration gain counties
20061,Geary County,KS,Very Low,3,2,Volatile migration counties,0.9999721057659706,0.9999442115376208,1,Spike-and-fade migration counties
20067,Grant County,KS,Very Low,1,2,Volatile migration counties,0.9992399856285449,0.9984799760901343,1,Spike-and-fade migration counties
20073,Greenwood County,KS,Very Low,1,2,Volatile migration counties,0.9999999863381994,0.9999999726763987,1,Spike-and-fade migration counties
20079,Harvey County,KS,Very Low,7,3,Gradual post-incident migration gain counties,0.8671521152630406,0.7349608661480692,0,Strong post-incident migration gain counties
20087,Jefferson County,KS,Very Low,3,0,Strong post-incident migration gain counties,0.9704719563178701,0.9554932092112448,1,Spike-and-fade migration counties
20091,Johnson County,KS,High,2,3,Gradual post-incident migration gain counties,0.999846311868128,0.9997387898647301,0,Strong post-incident migration gain counties
20103,Leavenworth County,KS,Low,2,0,Strong post-incident migration gain counties,0.7235530948898359,0.46059573291927675,1,Spike-and-fade migration counties
20107,Linn County,KS,Very Low,3,0,Strong post-incident migration gain counties,0.8284811075785382,0.680433787291298,2,Volatile migration counties
20111,Lyon County,KS,Low,2,0,Strong post-incident migration gain counties,0.9754061234949566,0.9534251335695557,1,Spike-and-fade migration counties
20113,McPherson County,KS,Very Low,5,0,Strong post-incident migration gain counties,0.5427588125771146,0.12775712411013684,1,Spike-and-fade migration counties
20115,Marion County,KS,Very Low,4,1,Spike-and-fade migration counties,0.9492209123642137,0.901972491294585,0,Strong post-incident migration gain counties
20121,Miami County,KS,Low,2,0,Strong post-incident migration gain counties,0.9967926805727614,0.9945657611583151,1,Spike-and-fade migration counties
20125,Montgomery County,KS,Low,3,0,Strong post-incident migration gain counties,0.9731519101582087,0.9565659963655743,1,Spike-and-fade migration counties
20139,Osage County,KS,Very Low,3,0,Strong post-incident migration gain counties,0.9922790689742208,0.9885825362958098,3,Gradual post-incident migration gain counties
20143,Ottawa County,KS,Very Low,1,2,Volatile migration counties,0.9539984560212036,0.9080060920172885,1,Spike-and-fade migration counties
20149,Pottawatomie County,KS,Very Low,3,3,Gradual post-incident migration gain counties,0.6318499589899369,0.2646713215547756,0,Strong post-incident migration gain counties
20151,Pratt County,KS,Low,6,0,Strong post-incident migration gain counties,0.8277414640818826,0.6606303871721273,1,Spike-and-fade migration counties
20155,Reno County,KS,Low,6,3,Gradual post-incident migration gain counties,0.9996055423653095,0.9992408062289352,0,Strong post-incident migration gain counties
20159,Rice County,KS,Very Low,7,0,Strong post-incident migration gain counties,0.6457215530282586,0.3183490479786008,1,Spike-and-fade migration counties
20161,Riley County,KS,Low,4,0,Strong post-incident migration gain counties,0.5456104754643537,0.15675709463765602,1,Spike-and-fade migration counties
20167,Russell County,KS,Very Low,3,3,Gradual post-incident migration gain counties,0.6267404340203421,0.2571232489585009,0,Strong post-incident migration gain counties
20169,Saline County,KS,Low,4,3,Gradual post-incident migration gain counties,0.9169754788626509,0.8347246259615195,0,Strong post-incident migration gain counties
20173,Sedgwick County,KS,High,1,3,Gradual post-incident migration gain counties,0.8218225464256826,0.6456525918166205,0,Strong post-incident migration gain counties
20175,Seward County,KS,Very Low,2,2,Volatile migration counties,0.9995249922834386,0.9990499860058253,1,Spike-and-fade migration counties
20191,Sumner County,KS,Low,7,0,Strong post-incident migration gain counties,0.7878119518265534,0.5788071205401937,3,Gradual post-incident migration gain counties
20197,Wabaunsee County,KS,Very Low,1,0,Strong post-incident migration gain counties,0.9478475922005422,0.8962146116128576,1,Spike-and-fade migration counties
20209,Wyandotte County,KS,Moderate,4,0,Strong post-incident migration gain counties,0.8448543419061323,0.7626602302477526,1,Spike-and-fade migration counties
21001,Adair County,KY,Very Low,1,0,Strong post-incident migration gain counties,0.9406463950314943,0.9000579779021656,1,Spike-and-fade migration counties
21003,Allen County,KY,Very Low,1,0,Strong post-incident migration gain counties,0.8749129725615127,0.7739665163279101,1,Spike-and-fade migration counties
21005,Anderson County,KY,Very Low,4,0,Strong post-incident migration gain counties,0.9371405786784848,0.8782473551740745,3,Gradual post-incident migration gain counties
21009,Barren County,KY,Low,2,0,Strong post-incident migration gain counties,0.7865229617443413,0.6203278348270667,3,Gradual post-incident migration gain counties
21011,Bath County,KY,Very Low,3,0,Strong post-incident migration gain counties,0.9337502223413507,0.8848136256261784,3,Gradual post-incident migration gain counties
21013,Bell County,KY,Low,5,3,Gradual post-incident migration gain counties,0.49918139459025385,0.002033301262297893,0,Strong post-incident migration gain counties
21017,Bourbon County,KY,Very Low,3,1,Spike-and-fade migration counties,0.509477399284907,0.02242293480324503,0,Strong post-incident migration gain counties
21019,Boyd County,KY,Low,6,0,Strong post-incident migration gain counties,0.966980538996332,0.949231556589982,1,Spike-and-fade migration counties
21021,Boyle County,KY,Very Low,3,0,Strong post-incident migration gain counties,0.8337508047103528,0.7401811137634555,1,Spike-and-fade migration counties
21027,Breckinridge County,KY,Very Low,3,3,Gradual post-incident migration gain counties,0.9994879171744685,0.9990380728520539,0,Strong post-incident migration gain counties
21029,Bullitt County,KY,Low,6,3,Gradual post-incident migration gain counties,0.9998543876183484,0.9997129650818798,2,Volatile migration counties
21033,Caldwell County,KY,Very Low,5,3,Gradual post-incident migration gain counties,0.9960618462971182,0.992210311696359,0,Strong post-incident migration gain counties
21035,Calloway County,KY,Low,2,3,Gradual post-incident migration gain counties,0.9830037511608272,0.9661451697350468,0,Strong post-incident migration gain counties
21037,Campbell County,KY,Low,2,0,Strong post-incident migration gain counties,0.8690128577073866,0.785286921629325,1,Spike-and-fade migration counties
21041,Carroll County,KY,Very Low,3,0,Strong post-incident migration gain counties,0.9975178091860082,0.9965207750273138,1,Spike-and-fade migration counties
21043,Carter County,KY,Low,6,3,Gradual post-incident migration gain counties,0.8590959683446254,0.7184822791795725,0,Strong post-incident migration gain counties
21045,Casey County,KY,Very Low,1,0,Strong post-incident migration gain counties,0.8873884193567748,0.7819480351342785,3,Gradual post-incident migration gain counties
21047,Christian County,KY,Low,4,2,Volatile migration counties,0.9999999999999947,0.9999999999999899,1,Spike-and-fade migration counties
21049,Clark County,KY,Very Low,5,0,Strong post-incident migration gain counties,0.911910683744875,0.8315054991684373,1,Spike-and-fade migration counties
21051,Clay County,KY,Low,7,3,Gradual post-incident migration gain counties,0.5629389101589021,0.1331877514321726,0,Strong post-incident migration gain counties
21059,Daviess County,KY,Moderate,3,3,Gradual post-incident migration gain counties,0.6351559950273674,0.2727476619360888,0,Strong post-incident migration gain counties
21061,Edmonson County,KY,Very Low,4,1,Spike-and-fade migration counties,0.6935180787041791,0.3901035731763631,0,Strong post-incident migration gain counties
21065,Estill County,KY,Very Low,9,3,Gradual post-incident migration gain counties,0.9905361495172685,0.981267422436907,0,Strong post-incident migration gain counties
21067,Fayette County,KY,Moderate,2,0,Strong post-incident migration gain counties,0.7714559097631801,0.5446109907275781,1,Spike-and-fade migration counties
21069,Fleming County,KY,Very Low,1,0,Strong post-incident migration gain counties,0.994388787370781,0.9914070221773147,2,Volatile migration counties
21071,Floyd County,KY,Moderate,8,1,Spike-and-fade migration counties,0.9480317391679225,0.8985252077490993,0,Strong post-incident migration gain counties
21073,Franklin County,KY,Low,5,3,Gradual post-incident migration gain counties,0.5887401627223687,0.18184585251120894,0,Strong post-incident migration gain counties
21077,Gallatin County,KY,Very Low,3,0,Strong post-incident migration gain counties,0.47704126822596427,0.032870293674819195,1,Spike-and-fade migration counties
21079,Garrard County,KY,Very Low,2,2,Volatile migration counties,0.47698260089010963,0.04491004422214412,1,Spike-and-fade migration counties
21081,Grant County,KY,Very Low,4,0,Strong post-incident migration gain counties,0.9791687265054932,0.9648941834952207,3,Gradual post-incident migration gain counties
21083,Graves County,KY,Moderate,5,0,Strong post-incident migration gain counties,0.9631702031412457,0.9414406552559802,1,Spike-and-fade migration counties
21085,Grayson County,KY,Low,3,3,Gradual post-incident migration gain counties,0.9878839058305517,0.975876879137002,0,Strong post-incident migration gain counties
21087,Green County,KY,Very Low,1,1,Spike-and-fade migration counties,0.9866281099006738,0.9747726850739474,2,Volatile migration counties
21089,Greenup County,KY,Low,4,3,Gradual post-incident migration gain counties,0.9993226605840672,0.9986673363912534,0,Strong post-incident migration gain counties
21093,Hardin County,KY,Low,2,0,Strong post-incident migration gain counties,0.9631268153812376,0.9442776233320874,3,Gradual post-incident migration gain counties
21095,Harlan County,KY,Low,2,3,Gradual post-incident migration gain counties,0.8336077404246731,0.6695338899103709,0,Strong post-incident migration gain counties
21097,Harrison County,KY,Very Low,2,0,Strong post-incident migration gain counties,0.9767755046256432,0.9569758600808204,1,Spike-and-fade migration counties
21099,Hart County,KY,Very Low,4,3,Gradual post-incident migration gain counties,0.9316909805362902,0.8639772487128621,0,Strong post-incident migration gain counties
21101,Henderson County,KY,Low,4,3,Gradual post-incident migration gain counties,0.9037287362159105,0.8088444920285338,0,Strong post-incident migration gain counties
21103,Henry County,KY,Very Low,4,3,Gradual post-incident migration gain counties,0.5137088431607408,0.03742596463189285,0,Strong post-incident migration gain counties
21107,Hopkins County,KY,Low,4,3,Gradual post-incident migration gain counties,0.5556812193815341,0.11473668953961508,0,Strong post-incident migration gain counties
21109,Jackson County,KY,Very Low,3,0,Strong post-incident migration gain counties,0.9346967406562398,0.8715569278692037,1,Spike-and-fade migration counties
21111,Jefferson County,KY,High,3,0,Strong post-incident migration gain counties,0.695341880997618,0.4795741700202184,3,Gradual post-incident migration gain counties
21113,Jessamine County,KY,Very Low,3,0,Strong post-incident migration gain counties,0.9714714683212022,0.9458113437994895,3,Gradual post-incident migration gain counties
21115,Johnson County,KY,Low,9,3,Gradual post-incident migration gain counties,0.6557226401895028,0.31343276687278615,0,Strong post-incident migration gain counties
21117,Kenton County,KY,Low,1,3,Gradual post-incident migration gain counties,0.9998910060599797,0.9997894639936055,2,Volatile migration counties
21121,Knox County,KY,Low,7,3,Gradual post-incident migration gain counties,0.958273299209002,0.9170241802616617,0,Strong post-incident migration gain counties
21123,Larue County,KY,Very Low,2,2,Volatile migration counties,0.9999999231961615,0.9999998463923243,1,Spike-and-fade migration counties
21125,Laurel County,KY,Low,4,3,Gradual post-incident migration gain counties,0.7537061518157386,0.5084473009062539,0,Strong post-incident migration gain counties
21127,Lawrence County,KY,Low,8,0,Strong post-incident migration gain counties,0.6389637357266781,0.2788502035697471,3,Gradual post-incident migration gain counties
21137,Lincoln County,KY,Very Low,7,0,Strong post-incident migration gain counties,0.7030060999140516,0.4072989075383518,3,Gradual post-incident migration gain counties
21139,Livingston County,KY,Very Low,3,1,Spike-and-fade migration counties,0.8514067881398422,0.7064818413138108,2,Volatile migration counties
21141,Logan County,KY,Low,2,0,Strong post-incident migration gain counties,0.9933899698663481,0.9883909950768912,1,Spike-and-fade migration counties
21143,Lyon County,KY,Very Low,3,2,Volatile migration counties,0.8388537131169505,0.6777074262403905,1,Spike-and-fade migration counties
21145,McCracken County,KY,Moderate,4,3,Gradual post-incident migration gain counties,0.9732352699576342,0.9468903740693838,0,Strong post-incident migration gain counties
21147,McCreary County,KY,Very Low,4,0,Strong post-incident migration gain counties,0.9271376537946115,0.8595264451858012,2,Volatile migration counties
21151,Madison County,KY,Low,5,0,Strong post-incident migration gain counties,0.9786087038310579,0.9659426706728866,1,Spike-and-fade migration counties
21157,Marshall County,KY,Low,4,2,Volatile migration counties,0.9999999999999574,0.9999999999999147,3,Gradual post-incident migration gain counties
21163,Meade County,KY,Very Low,3,3,Gradual post-incident migration gain counties,0.7167008041504014,0.4348083740038068,0,Strong post-incident migration gain counties
21165,Menifee County,KY,Very Low,4,3,Gradual post-incident migration gain counties,0.6058113646522106,0.21274253709318242,0,Strong post-incident migration gain counties
21167,Mercer County,KY,Very Low,2,0,Strong post-incident migration gain counties,0.8573699269557531,0.72120336529991,1,Spike-and-fade migration counties
21173,Montgomery County,KY,Very Low,2,0,Strong post-incident migration gain counties,0.7282809627847622,0.45830704353376467,3,Gradual post-incident migration gain counties
21175,Morgan County,KY,Very Low,2,2,Volatile migration counties,1.0,1.0,1,Spike-and-fade migration counties
21177,Muhlenberg County,KY,Low,3,1,Spike-and-fade migration counties,0.9116230205536687,0.8232460573116395,2,Volatile migration counties
21179,Nelson County,KY,Low,2,3,Gradual post-incident migration gain counties,0.5565383329325516,0.12192815476731628,0,Strong post-incident migration gain counties
21183,Ohio County,KY,Low,3,0,Strong post-incident migration gain counties,0.8713912717706603,0.7647494773330076,1,Spike-and-fade migration counties
21187,Owen County,KY,Very Low,5,0,Strong post-incident migration gain counties,0.9983304868236492,0.997345008573359,1,Spike-and-fade migration counties
21191,Pendleton County,KY,Very Low,3,0,Strong post-incident migration gain counties,0.7173442138147899,0.47402937782979804,1,Spike-and-fade migration counties
21193,Perry County,KY,Low,5,3,Gradual post-incident migration gain counties,0.9922235662563637,0.9845827147110051,0,Strong post-incident migration gain counties
21195,Pike County,KY,Moderate,9,3,Gradual post-incident migration gain counties,0.9977651844511605,0.9955522003629951,2,Volatile migration counties
21197,Powell County,KY,Very Low,7,3,Gradual post-incident migration gain counties,0.5500640576298199,0.10500496546813853,0,Strong post-incident migration gain counties
21199,Pulaski County,KY,Low,3,3,Gradual post-incident migration gain counties,0.9792596736939069,0.9587522717842784,0,Strong post-incident migration gain counties
21203,Rockcastle County,KY,Very Low,4,1,Spike-and-fade migration counties,0.810312566881659,0.6226774944415467,0,Strong post-incident migration gain counties
21205,Rowan County,KY,Low,4,1,Spike-and-fade migration counties,0.634263031040339,0.26905959664550544,2,Volatile migration counties
21207,Russell County,KY,Very Low,2,3,Gradual post-incident migration gain counties,0.5301535141961943,0.07114676134038472,0,Strong post-incident migration gain counties
21209,Scott County,KY,Low,1,0,Strong post-incident migration gain counties,0.9720714824640477,0.9583245659495372,3,Gradual post-incident migration gain counties
21211,Shelby County,KY,Low,3,3,Gradual post-incident migration gain counties,0.986956277423101,0.9740222689864751,0,Strong post-incident migration gain counties
21213,Simpson County,KY,Very Low,1,0,Strong post-incident migration gain counties,0.9573596477429748,0.9205141321322536,2,Volatile migration counties
21215,Spencer County,KY,Very Low,7,3,Gradual post-incident migration gain counties,0.904194947805823,0.8090465415912061,0,Strong post-incident migration gain counties
21217,Taylor County,KY,Very Low,4,1,Spike-and-fade migration counties,0.9750598146881796,0.9535569945684391,0,Strong post-incident migration gain counties
21219,Todd County,KY,Very Low,2,0,Strong post-incident migration gain counties,0.9937882973291995,0.9892145047814189,3,Gradual post-incident migration gain counties
21221,Trigg County,KY,Low,4,0,Strong post-incident migration gain counties,0.8761638135267829,0.7753425594973774,3,Gradual post-incident migration gain counties
21223,Trimble County,KY,Very Low,2,0,Strong post-incident migration gain counties,0.8676373505677556,0.7368974379309395,1,Spike-and-fade migration counties
21227,Warren County,KY,Moderate,4,0,Strong post-incident migration gain counties,0.7421243194773705,0.48625228647973184,1,Spike-and-fade migration counties
21229,Washington County,KY,Very Low,1,1,Spike-and-fade migration counties,0.9540483877081662,0.9145694386584575,0,Strong post-incident migration gain counties
21231,Wayne County,KY,Low,4,3,Gradual post-incident migration gain counties,0.9892285552141529,0.9785448564054915,0,Strong post-incident migration gain counties
21235,Whitley County,KY,Low,10,3,Gradual post-incident migration gain counties,0.9997499379184085,0.9995665107241039,0,Strong post-incident migration gain counties
21239,Woodford County,KY,Very Low,4,3,Gradual post-incident migration gain counties,0.5290459252201113,0.06151486074425888,0,Strong post-incident migration gain counties
22001,Acadia Parish,LA,Moderate,18,3,Gradual post-incident migration gain counties,0.9986873471030467,0.9973796170773059,2,Volatile migration counties
22003,Allen Parish,LA,Low,5,0,Strong post-incident migration gain counties,0.9904179246296796,0.984165870956213,3,Gradual post-incident migration gain counties
22005,Ascension Parish,LA,Moderate,19,3,Gradual post-incident migration gain counties,0.999670453749934,0.9993417290304853,2,Volatile migration counties
22007,Assumption Parish,LA,Low,2,2,Volatile migration counties,1.0,1.0,1,Spike-and-fade migration counties
22009,Avoyelles Parish,LA,Low,15,3,Gradual post-incident migration gain counties,0.8876358273672152,0.7769161429844649,0,Strong post-incident migration gain counties
22011,Beauregard Parish,LA,Low,18,0,Strong post-incident migration gain counties,0.5642543207601397,0.30890592685957685,1,Spike-and-fade migration counties
22019,Calcasieu Parish,LA,High,19,2,Volatile migration counties,0.9999999922468294,0.9999999844936593,1,Spike-and-fade migration counties
22033,East Baton Rouge Parish,LA,High,18,3,Gradual post-incident migration gain counties,0.9997328174994484,0.9994745400478504,2,Volatile migration counties
22037,East Feliciana Parish,LA,Low,16,3,Gradual post-incident migration gain counties,0.6118181576849268,0.22627272836182138,0,Strong post-incident migration gain counties
22039,Evangeline Parish,LA,Low,15,0,Strong post-incident migration gain counties,0.9625099183902969,0.9311127695720841,3,Gradual post-incident migration gain counties
22043,Grant Parish,LA,Very Low,14,1,Spike-and-fade migration counties,0.9846112619535928,0.9715600871997148,0,Strong post-incident migration gain counties
22045,Iberia Parish,LA,Moderate,19,3,Gradual post-incident migration gain counties,0.997144935144449,0.9946680066998371,2,Volatile migration counties
22047,Iberville Parish,LA,Low,19,0,Strong post-incident migration gain counties,0.9816637549933686,0.9681754803959476,1,Spike-and-fade migration counties
22051,Jefferson Parish,LA,High,16,0,Strong post-incident migration gain counties,0.7353601508781304,0.4783031769463036,1,Spike-and-fade migration counties
22053,Jefferson Davis Parish,LA,Low,17,1,Spike-and-fade migration counties,0.995168125516254,0.990499493303983,2,Volatile migration counties
22055,Lafayette Parish,LA,High,18,0,Strong post-incident migration gain counties,0.6285984404415234,0.2595655575635048,3,Gradual post-incident migration gain counties
22057,Lafourche Parish,LA,Moderate,19,1,Spike-and-fade migration counties,0.9951145983912635,0.9913302749062901,2,Volatile migration counties
22061,Lincoln Parish,LA,Low,5,0,Strong post-incident migration gain counties,0.9693882926744201,0.9485595370880789,3,Gradual post-incident migration gain counties
22063,Livingston Parish,LA,High,21,0,Strong post-incident migration gain counties,0.8618089813510623,0.7258273752514648,3,Gradual post-incident migration gain counties
22067,Morehouse Parish,LA,Low,12,1,Spike-and-fade migration counties,0.8662020178490462,0.7517415999564845,0,Strong post-incident migration gain counties
22069,Natchitoches Parish,LA,Low,16,3,Gradual post-incident migration gain counties,0.9951532644006829,0.9904762616932233,0,Strong post-incident migration gain counties
22071,Orleans Parish,LA,High,17,2,Volatile migration counties,1.0,1.0,1,Spike-and-fade migration counties
22073,Ouachita Parish,LA,Moderate,15,3,Gradual post-incident migration gain counties,0.9646775344728632,0.9295340373120478,0,Strong post-incident migration gain counties
22075,Plaquemines Parish,LA,Low,18,1,Spike-and-fade migration counties,0.9792293671078182,0.9584593583015433,2,Volatile migration counties
22077,Pointe Coupee Parish,LA,Low,19,3,Gradual post-incident migration gain counties,0.9991753486323465,0.9984308919253102,0,Strong post-incident migration gain counties
22079,Rapides Parish,LA,Moderate,20,3,Gradual post-incident migration gain counties,0.9980766142068295,0.9961663854168844,2,Volatile migration counties
22087,St. Bernard Parish,LA,Low,16,3,Gradual post-incident migration gain counties,0.9996744090603129,0.9994437233028619,0,Strong post-incident migration gain counties
22089,St. Charles Parish,LA,Moderate,18,1,Spike-and-fade migration counties,0.6572023561875286,0.31440471252145763,2,Volatile migration counties
22095,St. John the Baptist Parish,LA,Moderate,17,1,Spike-and-fade migration counties,0.9808794524360966,0.9617631011347795,2,Volatile migration counties
22097,St. Landry Parish,LA,Moderate,19,3,Gradual post-incident migration gain counties,0.5344566108243842,0.0749587001281865,0,Strong post-incident migration gain counties
22099,St. Martin Parish,LA,Moderate,19,3,Gradual post-incident migration gain counties,0.998491142143247,0.9970384550258454,0,Strong post-incident migration gain counties
22101,St. Mary Parish,LA,Moderate,20,2,Volatile migration counties,0.9999999999999982,0.9999999999999971,1,Spike-and-fade migration counties
22103,St. Tammany Parish,LA,High,17,0,Strong post-incident migration gain counties,0.8451385052039154,0.7368283521099465,3,Gradual post-incident migration gain counties
22105,Tangipahoa Parish,LA,Moderate,18,3,Gradual post-incident migration gain counties,0.822759906572775,0.6473699800920374,0,Strong post-incident migration gain counties
22109,Terrebonne Parish,LA,Moderate,19,1,Spike-and-fade migration counties,0.9738709981034214,0.9533778957674462,0,Strong post-incident migration gain counties
22111,Union Parish,LA,Low,12,1,Spike-and-fade migration counties,0.5723397923420852,0.14645820743078786,0,Strong post-incident migration gain counties
22113,Vermilion Parish,LA,Moderate,20,3,Gradual post-incident migration gain counties,0.9695010633436242,0.9392191469001782,0,Strong post-incident migration gain counties
22115,Vernon Parish,LA,Low,19,2,Volatile migration counties,0.9977071191590261,0.995693949839279,1,Spike-and-fade migration counties
22117,Washington Parish,LA,Moderate,17,3,Gradual post-incident migration gain counties,0.9083511758074586,0.8175716233483651,0,Strong post-incident migration gain counties
22121,West Baton Rouge Parish,LA,Very Low,15,1,Spike-and-fade migration counties,0.6458994051028298,0.293277831131145,0,Strong post-incident migration gain counties
22125,West Feliciana Parish,LA,Very Low,20,0,Strong post-incident migration gain counties,0.564406501043721,0.1634441508183414,3,Gradual post-incident migration gain counties
23001,Androscoggin County,ME,Low,2,1,Spike-and-fade migration counties,0.847127441146837,0.7033934102855386,0,Strong post-incident migration gain counties
23003,Aroostook County,ME,Low,1,1,Spike-and-fade migration counties,0.9257944914764819,0.8550003346005404,0,Strong post-incident migration gain counties
23005,Cumberland County,ME,Low,2,3,Gradual post-incident migration gain counties,0.9228279308711063,0.8472924917920185,0,Strong post-incident migration gain counties
23007,Franklin County,ME,Low,6,2,Volatile migration counties,1.0,1.0,1,Spike-and-fade migration counties
23009,Hancock County,ME,Low,3,1,Spike-and-fade migration counties,0.9942020473091175,0.9884197940093551,2,Volatile migration counties
23011,Kennebec County,ME,Low,4,0,Strong post-incident migration gain counties,0.6644533311363605,0.38156445194984634,1,Spike-and-fade migration counties
23013,Knox County,ME,Very Low,6,3,Gradual post-incident migration gain counties,0.999521596311631,0.9991001771199916,0,Strong post-incident migration gain counties
23015,Lincoln County,ME,Very Low,3,1,Spike-and-fade migration counties,0.9603223984829348,0.9264291336556086,0,Strong post-incident migration gain counties
23017,Oxford County,ME,Low,6,1,Spike-and-fade migration counties,0.8912707377927488,0.8358912687333535,2,Volatile migration counties
23019,Penobscot County,ME,Low,3,0,Strong post-incident migration gain counties,0.8562054312309271,0.7144279245601064,1,Spike-and-fade migration counties
23021,Piscataquis County,ME,Low,3,2,Volatile migration counties,1.0,1.0,1,Spike-and-fade migration counties
23023,Sagadahoc County,ME,Very Low,3,3,Gradual post-incident migration gain counties,0.9645925069793989,0.9295661265507118,0,Strong post-incident migration gain counties
23025,Somerset County,ME,Low,5,3,Gradual post-incident migration gain counties,0.7629734527368539,0.530055652032595,0,Strong post-incident migration gain counties
23027,Waldo County,ME,Very Low,6,0,Strong post-incident migration gain counties,0.537737688145889,0.08980998004613061,3,Gradual post-incident migration gain counties
23029,Washington County,ME,Low,2,1,Spike-and-fade migration counties,0.9689005989846342,0.937801295527381,2,Volatile migration counties
23031,York County,ME,Moderate,5,3,Gradual post-incident migration gain counties,0.9995335597331959,0.9991290497655124,0,Strong post-incident migration gain counties
24001,Allegany County,MD,Low,1,3,Gradual post-incident migration gain counties,0.955681361352877,0.9118533581944618,0,Strong post-incident migration gain counties
24003,Anne Arundel County,MD,Moderate,1,3,Gradual post-incident migration gain counties,0.9998686028344212,0.9997392921379715,2,Volatile migration counties
24005,Baltimore County,MD,Moderate,3,3,Gradual post-incident migration gain counties,0.7294488047761933,0.4715864595036142,0,Strong post-incident migration gain counties
24009,Calvert County,MD,Very Low,2,0,Strong post-incident migration gain counties,0.6111896339578324,0.2294826723247843,3,Gradual post-incident migration gain counties
24011,Caroline County,MD,Low,1,0,Strong post-incident migration gain counties,0.8484152456409313,0.6977784790084006,1,Spike-and-fade migration counties
24013,Carroll County,MD,Low,2,2,Volatile migration counties,0.9999999999999929,0.9999999999999845,3,Gradual post-incident migration gain counties
24015,Cecil County,MD,Low,1,3,Gradual post-incident migration gain counties,0.9817870710582204,0.9637285234985499,0,Strong post-incident migration gain counties
24017,Charles County,MD,Low,1,0,Strong post-incident migration gain counties,0.7495856160498434,0.511794555774912,3,Gradual post-incident migration gain counties
24019,Dorchester County,MD,Low,1,0,Strong post-incident migration gain counties,0.9682206983825141,0.9476784000457741,3,Gradual post-incident migration gain counties
24021,Frederick County,MD,Low,2,0,Strong post-incident migration gain counties,0.981080556952119,0.9699298382768731,1,Spike-and-fade migration counties
24023,Garrett County,MD,Very Low,1,0,Strong post-incident migration gain counties,0.9866284188080536,0.9760360982181088,1,Spike-and-fade migration counties
24025,Harford County,MD,Low,1,0,Strong post-incident migration gain counties,0.9372258769408954,0.8815236117540638,3,Gradual post-incident migration gain counties
24027,Howard County,MD,Low,4,3,Gradual post-incident migration gain counties,0.9995272030093141,0.9991248593420201,0,Strong post-incident migration gain counties
24029,Kent County,MD,Very Low,1,0,Strong post-incident migration gain counties,0.9858705366458951,0.9736896000789266,1,Spike-and-fade migration counties
24031,Montgomery County,MD,Moderate,1,1,Spike-and-fade migration counties,0.9907266819480015,0.9830710424655514,0,Strong post-incident migration gain counties
24033,Prince George's County,MD,Moderate,1,1,Spike-and-fade migration counties,0.9950953754352101,0.9907358999109046,2,Volatile migration counties
24035,Queen Anne's County,MD,Very Low,1,0,Strong post-incident migration gain counties,0.7439684326492991,0.4900769932762392,1,Spike-and-fade migration counties
24037,St. Mary's County,MD,Very Low,1,0,Strong post-incident migration gain counties,0.8619257140127525,0.7400479644090638,1,Spike-and-fade migration counties
24043,Washington County,MD,Low,2,3,Gradual post-incident migration gain counties,0.9979613125091843,0.9959543107746827,0,Strong post-incident migration gain counties
24510,Baltimore City,MD,High,1,1,Spike-and-fade migration counties,0.8955080527705175,0.7910161180564313,2,Volatile migration counties
25001,Barnstable County,MA,Moderate,6,0,Strong post-incident migration gain counties,0.9240282974214833,0.8720208546351935,1,Spike-and-fade migration counties
25003,Berkshire County,MA,Moderate,2,1,Spike-and-fade migration counties,0.9256402192507103,0.8583906855152204,0,Strong post-incident migration gain counties
25005,Bristol County,MA,Moderate,6,3,Gradual post-incident migration gain counties,0.9991603773413008,0.9983553482235878,0,Strong post-incident migration gain counties
25007,Dukes County,MA,Very Low,3,2,Volatile migration counties,0.9999999980983567,0.999999996196714,1,Spike-and-fade migration counties
25009,Essex County,MA,High,5,3,Gradual post-incident migration gain counties,0.6772357947802543,0.36360123718515047,0,Strong post-incident migration gain counties
25011,Franklin County,MA,Low,2,1,Spike-and-fade migration counties,0.7858571231775343,0.5963164642846616,0,Strong post-incident migration gain counties
25013,Hampden County,MA,Moderate,2,3,Gradual post-incident migration gain counties,0.878738984093519,0.7587137073974558,0,Strong post-incident migration gain counties
25015,Hampshire County,MA,Low,2,2,Volatile migration counties,0.9999999434858713,0.9999998869717425,1,Spike-and-fade migration counties
25017,Middlesex County,MA,High,4,0,Strong post-incident migration gain counties,0.5165464673739534,0.08474369716933239,1,Spike-and-fade migration counties
25021,Norfolk County,MA,Moderate,6,3,Gradual post-incident migration gain counties,0.9992782839616957,0.9986243661855485,0,Strong post-incident migration gain counties
25023,Plymouth County,MA,Moderate,5,3,Gradual post-incident migration gain counties,0.9984662274031008,0.9969830874714072,0,Strong post-incident migration gain counties
25025,Suffolk County,MA,Moderate,5,1,Spike-and-fade migration counties,0.7221070575381715,0.4488761222082091,0,Strong post-incident migration gain counties
25027,Worcester County,MA,Moderate,5,3,Gradual post-incident migration gain counties,0.9310310191066408,0.8631857949256196,0,Strong post-incident migration gain counties
26005,Allegan County,MI,Low,1,1,Spike-and-fade migration counties,0.8002790541228781,0.6027240601856706,0,Strong post-incident migration gain counties
26015,Barry County,MI,Low,1,0,Strong post-incident migration gain counties,0.6633851586804733,0.3346748695436739,3,Gradual post-incident migration gain counties
26017,Bay County,MI,Low,1,0,Strong post-incident migration gain counties,0.7294841609698494,0.4895536416903733,3,Gradual post-incident migration gain counties
26045,Eaton County,MI,Low,1,3,Gradual post-incident migration gain counties,0.9064736957712399,0.8132943979968134,0,Strong post-incident migration gain counties
26051,Gladwin County,MI,Very Low,1,0,Strong post-incident migration gain counties,0.8796481369746201,0.7627791044971157,1,Spike-and-fade migration counties
26053,Gogebic County,MI,Very Low,1,2,Volatile migration counties,0.9999999970914004,0.999999994287974,1,Spike-and-fade migration counties
26061,Houghton County,MI,Very Low,1,2,Volatile migration counties,0.9999999999999787,0.9999999999999564,1,Spike-and-fade migration counties
26065,Ingham County,MI,Moderate,1,2,Volatile migration counties,1.0,1.0,1,Spike-and-fade migration counties
26067,Ionia County,MI,Low,3,1,Spike-and-fade migration counties,0.8184987046436779,0.6407466865150222,0,Strong post-incident migration gain counties
26073,Isabella County,MI,Low,1,2,Volatile migration counties,0.9999072783605032,0.9998145567210063,1,Spike-and-fade migration counties
26081,Kent County,MI,Moderate,2,0,Strong post-incident migration gain counties,0.8130361552471052,0.6442555445144903,3,Gradual post-incident migration gain counties
26093,Livingston County,MI,Low,1,0,Strong post-incident migration gain counties,0.7302195747416608,0.5322443660454271,3,Gradual post-incident migration gain counties
26099,Macomb County,MI,High,3,3,Gradual post-incident migration gain counties,0.9993366666020168,0.9986912201850774,0,Strong post-incident migration gain counties
26109,Menominee County,MI,Low,1,0,Strong post-incident migration gain counties,0.9307926274490872,0.8648326296613152,1,Spike-and-fade migration counties
26111,Midland County,MI,Low,2,3,Gradual post-incident migration gain counties,0.998243538877037,0.9965228371667624,0,Strong post-incident migration gain counties
26115,Monroe County,MI,Moderate,1,3,Gradual post-incident migration gain counties,0.9610772276403661,0.9227509637725885,0,Strong post-incident migration gain counties
26121,Muskegon County,MI,Low,1,0,Strong post-incident migration gain counties,0.5167723359205223,0.04452594660197867,1,Spike-and-fade migration counties
26123,Newaygo County,MI,Low,1,0,Strong post-incident migration gain counties,0.9701793626517334,0.9452454581886056,1,Spike-and-fade migration counties
26125,Oakland County,MI,High,3,3,Gradual post-incident migration gain counties,0.9998215841318828,0.9996454794290968,2,Volatile migration counties
26133,Osceola County,MI,Very Low,1,3,Gradual post-incident migration gain counties,0.5163761197711276,0.036926713322081806,0,Strong post-incident migration gain counties
26139,Ottawa County,MI,Moderate,1,3,Gradual post-incident migration gain counties,0.9535063194943508,0.9076138405083927,0,Strong post-incident migration gain counties
26145,Saginaw County,MI,Moderate,1,1,Spike-and-fade migration counties,0.81010623800645,0.624829193224426,0,Strong post-incident migration gain counties
26161,Washtenaw County,MI,Moderate,1,1,Spike-and-fade migration counties,0.6714645167008854,0.3429290352013344,2,Volatile migration counties
26163,Wayne County,MI,High,2,0,Strong post-incident migration gain counties,0.964585791752867,0.9463075274173394,1,Spike-and-fade migration counties
27001,Aitkin County,MN,Low,19,3,Gradual post-incident migration gain counties,0.9957303899779455,0.9915113583089163,0,Strong post-incident migration gain counties
27003,Anoka County,MN,Moderate,15,2,Volatile migration counties,0.9999999999998845,0.9999999999997697,3,Gradual post-incident migration gain counties
27005,Becker County,MN,Very Low,12,0,Strong post-incident migration gain counties,0.8476218990155887,0.7570038522196649,3,Gradual post-incident migration gain counties
27007,Beltrami County,MN,Low,18,3,Gradual post-incident migration gain counties,0.9965031530012117,0.9930478755274078,0,Strong post-incident migration gain counties
27009,Benton County,MN,Low,16,3,Gradual post-incident migration gain counties,0.9863308391358122,0.9728273391561786,0,Strong post-incident migration gain counties
27015,Brown County,MN,Low,18,3,Gradual post-incident migration gain counties,0.9961358786499799,0.9923021008035863,0,Strong post-incident migration gain counties
27019,Carver County,MN,Low,16,3,Gradual post-incident migration gain counties,0.9994939399228319,0.9990291011579064,0,Strong post-incident migration gain counties
27021,Cass County,MN,Low,18,3,Gradual post-incident migration gain counties,0.7172699036321956,0.43566902741247104,0,Strong post-incident migration gain counties
27023,Chippewa County,MN,Very Low,20,0,Strong post-incident migration gain counties,0.7798820098124978,0.5763531544590762,1,Spike-and-fade migration counties
27025,Chisago County,MN,Low,15,3,Gradual post-incident migration gain counties,0.8885839990727669,0.7777331891279304,0,Strong post-incident migration gain counties
27029,Clearwater County,MN,Very Low,4,1,Spike-and-fade migration counties,0.9687536470912195,0.9467636998624318,0,Strong post-incident migration gain counties
27031,Cook County,MN,Very Low,16,0,Strong post-incident migration gain counties,0.9438849087437577,0.8915810360101034,1,Spike-and-fade migration counties
27033,Cottonwood County,MN,Very Low,19,3,Gradual post-incident migration gain counties,0.9172106286017268,0.8346276636570997,0,Strong post-incident migration gain counties
27035,Crow Wing County,MN,Low,16,3,Gradual post-incident migration gain counties,0.9022017472311947,0.8048161917851677,0,Strong post-incident migration gain counties
27037,Dakota County,MN,Moderate,15,3,Gradual post-incident migration gain counties,0.9998521266217458,0.9997062563721512,2,Volatile migration counties
27039,Dodge County,MN,Very Low,17,3,Gradual post-incident migration gain counties,0.9998822351943313,0.9997772915736834,2,Volatile migration counties
27041,Douglas County,MN,Low,18,3,Gradual post-incident migration gain counties,0.9998621281281057,0.9997765376043086,2,Volatile migration counties
27043,Faribault County,MN,Low,19,0,Strong post-incident migration gain counties,0.9662979057121024,0.9434904601893356,3,Gradual post-incident migration gain counties
27045,Fillmore County,MN,Low,18,3,Gradual post-incident migration gain counties,0.9988561337465258,0.9977523074353986,0,Strong post-incident migration gain counties
27047,Freeborn County,MN,Low,19,3,Gradual post-incident migration gain counties,0.9939590323379875,0.9880221063529209,0,Strong post-incident migration gain counties
27049,Goodhue County,MN,Low,17,3,Gradual post-incident migration gain counties,0.9987126375584501,0.997468913100259,0,Strong post-incident migration gain counties
27051,Grant County,MN,Very Low,20,0,Strong post-incident migration gain counties,0.7226091619084382,0.448640387246539,3,Gradual post-incident migration gain counties
27053,Hennepin County,MN,High,18,3,Gradual post-incident migration gain counties,0.9970866853802804,0.994259036569523,0,Strong post-incident migration gain counties
27055,Houston County,MN,Very Low,14,3,Gradual post-incident migration gain counties,0.9994027799810424,0.998833146144826,0,Strong post-incident migration gain counties
27057,Hubbard County,MN,Very Low,15,0,Strong post-incident migration gain counties,0.9121102259068733,0.8538370747583864,3,Gradual post-incident migration gain counties
27059,Isanti County,MN,Very Low,15,0,Strong post-incident migration gain counties,0.520293052825739,0.041450382401734764,3,Gradual post-incident migration gain counties
27061,Itasca County,MN,Low,17,3,Gradual post-incident migration gain counties,0.9994630726430446,0.9989500164692987,0,Strong post-incident migration gain counties
27063,Jackson County,MN,Very Low,4,1,Spike-and-fade migration counties,0.9959674312866962,0.991981672210683,2,Volatile migration counties
27065,Kanabec County,MN,Very Low,17,0,Strong post-incident migration gain counties,0.9789977424787409,0.9610905825092423,1,Spike-and-fade migration counties
27067,Kandiyohi County,MN,Low,17,3,Gradual post-incident migration gain counties,0.9745355138229819,0.9493634582740895,0,Strong post-incident migration gain counties
27071,Koochiching County,MN,Very Low,10,0,Strong post-incident migration gain counties,0.6074657707992698,0.21743174652620567,3,Gradual post-incident migration gain counties
27077,Lake of the Woods County,MN,Very Low,9,2,Volatile migration counties,0.7981395024897691,0.59627900498325,1,Spike-and-fade migration counties
27079,Le Sueur County,MN,Very Low,18,0,Strong post-incident migration gain counties,0.9200696600011893,0.8769059160501389,3,Gradual post-incident migration gain counties
27083,Lyon County,MN,Low,19,3,Gradual post-incident migration gain counties,0.9878674947597761,0.9758717856587634,0,Strong post-incident migration gain counties
27085,McLeod County,MN,Low,18,3,Gradual post-incident migration gain counties,0.9629209160655481,0.9260516441047247,0,Strong post-incident migration gain counties
27089,Marshall County,MN,Very Low,7,0,Strong post-incident migration gain counties,0.9536260906784959,0.9251644568339193,3,Gradual post-incident migration gain counties
27091,Martin County,MN,Low,18,3,Gradual post-incident migration gain counties,0.9904448763363124,0.9812931925449573,0,Strong post-incident migration gain counties
27093,Meeker County,MN,Very Low,15,3,Gradual post-incident migration gain counties,0.8026617746857612,0.6060807916727686,0,Strong post-incident migration gain counties
27095,Mille Lacs County,MN,Very Low,16,3,Gradual post-incident migration gain counties,0.5440664789184756,0.09093115447232725,0,Strong post-incident migration gain counties
27097,Morrison County,MN,Low,18,3,Gradual post-incident migration gain counties,0.9998969206098728,0.9997969563414614,2,Volatile migration counties
27099,Mower County,MN,Low,16,3,Gradual post-incident migration gain counties,0.9998183748050216,0.999683180697469,0,Strong post-incident migration gain counties
27101,Murray County,MN,Very Low,5,1,Spike-and-fade migration counties,0.6824116219844565,0.37125820192534126,0,Strong post-incident migration gain counties
27105,Nobles County,MN,Low,21,3,Gradual post-incident migration gain counties,0.9991611236642465,0.9987082363011763,0,Strong post-incident migration gain counties
27107,Norman County,MN,Very Low,2,0,Strong post-incident migration gain counties,0.9837319236447963,0.9719198866392816,1,Spike-and-fade migration counties
27109,Olmsted County,MN,Moderate,16,2,Volatile migration counties,0.9999999999998668,0.9999999999997337,3,Gradual post-incident migration gain counties
27111,Otter Tail County,MN,Low,15,3,Gradual post-incident migration gain counties,0.9953796283641861,0.9908063990090026,0,Strong post-incident migration gain counties
27113,Pennington County,MN,Low,14,0,Strong post-incident migration gain counties,0.7809565233983317,0.5679646779578218,1,Spike-and-fade migration counties
27115,Pine County,MN,Low,18,1,Spike-and-fade migration counties,0.9517548193703647,0.9060409568853905,0,Strong post-incident migration gain counties
27117,Pipestone County,MN,Very Low,5,3,Gradual post-incident migration gain counties,0.9739132284025556,0.947960392522254,0,Strong post-incident migration gain counties
27121,Pope County,MN,Very Low,19,3,Gradual post-incident migration gain counties,0.9941711459964322,0.9883979907103234,0,Strong post-incident migration gain counties
27123,Ramsey County,MN,High,17,0,Strong post-incident migration gain counties,0.7720567509854562,0.6306322895844776,1,Spike-and-fade migration counties
27127,Redwood County,MN,Very Low,19,0,Strong post-incident migration gain counties,0.8431200515031833,0.6953151423599344,1,Spike-and-fade migration counties
27129,Renville County,MN,Very Low,21,3,Gradual post-incident migration gain counties,0.9971169085487808,0.9946502899043985,0,Strong post-incident migration gain counties
27131,Rice County,MN,Low,17,3,Gradual post-incident migration gain counties,0.9947888038355425,0.9896185514483757,0,Strong post-incident migration gain counties
27133,Rock County,MN,Very Low,14,0,Strong post-incident migration gain counties,0.8651027544053784,0.7663911485603859,3,Gradual post-incident migration gain counties
27135,Roseau County,MN,Low,19,0,Strong post-incident migration gain counties,0.5401354378545473,0.08407822066385429,3,Gradual post-incident migration gain counties
27139,Scott County,MN,Low,17,3,Gradual post-incident migration gain counties,0.9979945580833344,0.9960736460375901,0,Strong post-incident migration gain counties
27141,Sherburne County,MN,Low,15,3,Gradual post-incident migration gain counties,0.9039585267517873,0.8083718932744939,0,Strong post-incident migration gain counties
27143,Sibley County,MN,Very Low,19,0,Strong post-incident migration gain counties,0.9395375401853372,0.899580736051084,3,Gradual post-incident migration gain counties
27145,Stearns County,MN,Moderate,17,3,Gradual post-incident migration gain counties,0.9903379483367264,0.9807622027129645,0,Strong post-incident migration gain counties
27147,Steele County,MN,Very Low,18,3,Gradual post-incident migration gain counties,0.9987566351643524,0.9975601611304469,0,Strong post-incident migration gain counties
27149,Stevens County,MN,Very Low,8,1,Spike-and-fade migration counties,0.9525351760899681,0.9050703698591718,2,Volatile migration counties
27151,Swift County,MN,Very Low,20,0,Strong post-incident migration gain counties,0.7457706718339103,0.49412980692267106,3,Gradual post-incident migration gain counties
27153,Todd County,MN,Very Low,18,3,Gradual post-incident migration gain counties,0.7968763404652871,0.594625343682639,0,Strong post-incident migration gain counties
27157,Wabasha County,MN,Low,17,3,Gradual post-incident migration gain counties,0.6911440199791694,0.38416421164138975,0,Strong post-incident migration gain counties
27159,Wadena County,MN,Very Low,18,0,Strong post-incident migration gain counties,0.7443796194513898,0.5584016819610116,1,Spike-and-fade migration counties
27161,Waseca County,MN,Very Low,18,2,Volatile migration counties,0.9999999999999574,0.9999999999999146,3,Gradual post-incident migration gain counties
27163,Washington County,MN,Moderate,16,3,Gradual post-incident migration gain counties,0.9999363292866942,0.9998826332466008,2,Volatile migration counties
27165,Watonwan County,MN,Very Low,14,3,Gradual post-incident migration gain counties,0.6796487998777919,0.3617960072461688,0,Strong post-incident migration gain counties
27167,Wilkin County,MN,Very Low,7,0,Strong post-incident migration gain counties,0.7776955935761777,0.5734619272991663,3,Gradual post-incident migration gain counties
27169,Winona County,MN,Low,16,3,Gradual post-incident migration gain counties,0.9955544328912538,0.9911721036696682,0,Strong post-incident migration gain counties
27171,Wright County,MN,Low,16,3,Gradual post-incident migration gain counties,0.9799128995126073,0.9599322195465552,0,Strong post-incident migration gain counties
27173,Yellow Medicine County,MN,Very Low,19,0,Strong post-incident migration gain counties,0.981717476936969,0.9724807829914565,3,Gradual post-incident migration gain counties
28001,Adams County,MS,Low,11,2,Volatile migration counties,0.9999999999863629,0.9999999999727265,1,Spike-and-fade migration counties
28003,Alcorn County,MS,Low,5,1,Spike-and-fade migration counties,0.7383633224576874,0.4797019523896207,0,Strong post-incident migration gain counties
28029,Copiah County,MS,Low,9,0,Strong post-incident migration gain counties,0.6543606828942101,0.3106863423880657,3,Gradual post-incident migration gain counties
28033,DeSoto County,MS,Moderate,6,3,Gradual post-incident migration gain counties,0.9509148505009944,0.9037682650021912,0,Strong post-incident migration gain counties
28039,George County,MS,Low,14,0,Strong post-incident migration gain counties,0.8425766539407629,0.6874714350636997,1,Spike-and-fade migration counties
28045,Hancock County,MS,Moderate,12,3,Gradual post-incident migration gain counties,0.9998871158971616,0.9998175188128539,0,Strong post-incident migration gain counties
28047,Harrison County,MS,High,12,3,Gradual post-incident migration gain counties,0.9896939650611172,0.9795080539071919,0,Strong post-incident migration gain counties
28049,Hinds County,MS,Moderate,8,2,Volatile migration counties,0.9999860801476905,0.9999739732222322,0,Strong post-incident migration gain counties
28057,Itawamba County,MS,Low,11,3,Gradual post-incident migration gain counties,0.9994303425651984,0.9988968368500086,0,Strong post-incident migration gain counties
28059,Jackson County,MS,Moderate,13,3,Gradual post-incident migration gain counties,0.9215323908291723,0.8437239968547531,0,Strong post-incident migration gain counties
28071,Lafayette County,MS,Low,8,1,Spike-and-fade migration counties,0.9932712168336747,0.9894443554857518,0,Strong post-incident migration gain counties
28075,Lauderdale County,MS,Moderate,6,0,Strong post-incident migration gain counties,0.5418262057738699,0.08758711246813311,3,Gradual post-incident migration gain counties
28079,Leake County,MS,Low,9,3,Gradual post-incident migration gain counties,0.9947322268423415,0.9895082190061498,0,Strong post-incident migration gain counties
28081,Lee County,MS,Moderate,8,3,Gradual post-incident migration gain counties,0.9981358828257013,0.9963584613265845,0,Strong post-incident migration gain counties
28085,Lincoln County,MS,Low,10,0,Strong post-incident migration gain counties,0.6466671175500903,0.3197882198389412,3,Gradual post-incident migration gain counties
28089,Madison County,MS,Moderate,8,0,Strong post-incident migration gain counties,0.9011910310095834,0.8515722862523231,1,Spike-and-fade migration counties
28091,Marion County,MS,Low,13,0,Strong post-incident migration gain counties,0.9549887276205999,0.9126170912126174,1,Spike-and-fade migration counties
28093,Marshall County,MS,Low,6,0,Strong post-incident migration gain counties,0.8807091557060938,0.7626756269641858,1,Spike-and-fade migration counties
28095,Monroe County,MS,Low,9,3,Gradual post-incident migration gain counties,0.8221341791575145,0.6447133154232134,0,Strong post-incident migration gain counties
28101,Newton County,MS,Low,3,0,Strong post-incident migration gain counties,0.9150431362082511,0.8341631306820694,1,Spike-and-fade migration counties
28107,Panola County,MS,Low,11,3,Gradual post-incident migration gain counties,0.9252853964627208,0.8508177504262515,0,Strong post-incident migration gain counties
28109,Pearl River County,MS,Moderate,10,0,Strong post-incident migration gain counties,0.9785476334655384,0.9663230324481187,3,Gradual post-incident migration gain counties
28113,Pike County,MS,Low,10,3,Gradual post-incident migration gain counties,0.9991551102972466,0.998533551304882,0,Strong post-incident migration gain counties
28115,Pontotoc County,MS,Low,7,3,Gradual post-incident migration gain counties,0.9988726624337614,0.9977718234787119,0,Strong post-incident migration gain counties
28117,Prentiss County,MS,Low,9,0,Strong post-incident migration gain counties,0.8041402996497479,0.611107738803183,3,Gradual post-incident migration gain counties
28121,Rankin County,MS,Moderate,9,3,Gradual post-incident migration gain counties,0.9992650008494705,0.9985571650099492,0,Strong post-incident migration gain counties
28123,Scott County,MS,Low,2,1,Spike-and-fade migration counties,0.9910877688745078,0.9823279387445504,2,Volatile migration counties
28127,Simpson County,MS,Low,11,3,Gradual post-incident migration gain counties,0.9999184982423006,0.9998409774897972,2,Volatile migration counties
28131,Stone County,MS,Low,12,1,Spike-and-fade migration counties,0.9607590177048262,0.9253526031973632,0,Strong post-incident migration gain counties
28137,Tate County,MS,Very Low,7,1,Spike-and-fade migration counties,0.8230448551077393,0.6477697599256469,0,Strong post-incident migration gain counties
28139,Tippah County,MS,Low,7,3,Gradual post-incident migration gain counties,0.5611291553043486,0.1352389492066311,0,Strong post-incident migration gain counties
28141,Tishomingo County,MS,Very Low,5,3,Gradual post-incident migration gain counties,0.78687600209265,0.5787790935383759,0,Strong post-incident migration gain counties
28145,Union County,MS,Low,6,3,Gradual post-incident migration gain counties,0.9998935695846662,0.999828265365377,0,Strong post-incident migration gain counties
28149,Warren County,MS,Moderate,12,3,Gradual post-incident migration gain counties,0.9397083017280619,0.8802121949541243,0,Strong post-incident migration gain counties
28151,Washington County,MS,Moderate,8,2,Volatile migration counties,0.9999823351717496,0.9999684189919155,0,Strong post-incident migration gain counties
28153,Wayne County,MS,Low,2,0,Strong post-incident migration gain counties,0.6367678365347454,0.2747639222963947,1,Spike-and-fade migration counties
28161,Yalobusha County,MS,Very Low,1,1,Spike-and-fade migration counties,0.9802113671578037,0.9604242268289181,2,Volatile migration counties
28163,Yazoo County,MS,Low,12,2,Volatile migration counties,0.9999998452333805,0.9999996904667612,1,Spike-and-fade migration counties
29001,Adair County,MO,Very Low,4,0,Strong post-incident migration gain counties,0.7020502207588183,0.4307224731248512,1,Spike-and-fade migration counties
29003,Andrew County,MO,Very Low,5,0,Strong post-incident migration gain counties,0.7441667365475323,0.5009148350688895,3,Gradual post-incident migration gain counties
29007,Audrain County,MO,Low,2,1,Spike-and-fade migration counties,0.9060366007275716,0.812075433303199,2,Volatile migration counties
29009,Barry County,MO,Low,5,0,Strong post-incident migration gain counties,0.6612334154570296,0.32347770054117647,3,Gradual post-incident migration gain counties
29011,Barton County,MO,Low,5,3,Gradual post-incident migration gain counties,0.8063326337838551,0.614164557464768,0,Strong post-incident migration gain counties
29013,Bates County,MO,Very Low,4,0,Strong post-incident migration gain counties,0.558961673816417,0.13197046540929597,3,Gradual post-incident migration gain counties
29015,Benton County,MO,Low,2,2,Volatile migration counties,0.9913090153433977,0.9826182290179714,1,Spike-and-fade migration counties
29017,Bollinger County,MO,Very Low,6,0,Strong post-incident migration gain counties,0.9961793657841138,0.9942474305422454,3,Gradual post-incident migration gain counties
29019,Boone County,MO,Moderate,4,2,Volatile migration counties,0.9999999999999822,0.999999999999964,3,Gradual post-incident migration gain counties
29021,Buchanan County,MO,Low,4,3,Gradual post-incident migration gain counties,0.5965544844583411,0.20466191188484711,0,Strong post-incident migration gain counties
29023,Butler County,MO,Moderate,3,0,Strong post-incident migration gain counties,0.7985491452189662,0.6345256735605528,1,Spike-and-fade migration counties
29025,Caldwell County,MO,Very Low,1,1,Spike-and-fade migration counties,0.8493813626025338,0.7014813345043034,0,Strong post-incident migration gain counties
29027,Callaway County,MO,Low,3,0,Strong post-incident migration gain counties,0.8494588149027004,0.7729373896755861,1,Spike-and-fade migration counties
29029,Camden County,MO,Moderate,7,3,Gradual post-incident migration gain counties,0.9997440793476465,0.9995409239978689,0,Strong post-incident migration gain counties
29031,Cape Girardeau County,MO,Moderate,5,3,Gradual post-incident migration gain counties,0.4756857755970272,0.031658861048221354,0,Strong post-incident migration gain counties
29033,Carroll County,MO,Very Low,1,1,Spike-and-fade migration counties,0.9813578453520433,0.9628848753144801,2,Volatile migration counties
29039,Cedar County,MO,Very Low,2,0,Strong post-incident migration gain counties,0.9801800420222226,0.9632937045022516,2,Volatile migration counties
29043,Christian County,MO,Low,2,1,Spike-and-fade migration counties,0.987809325873921,0.9756206447533865,2,Volatile migration counties
29047,Clay County,MO,Moderate,2,3,Gradual post-incident migration gain counties,0.9988254991751437,0.9977315563104762,0,Strong post-incident migration gain counties
29049,Clinton County,MO,Low,2,0,Strong post-incident migration gain counties,0.8947728001725447,0.7962713862122262,1,Spike-and-fade migration counties
29051,Cole County,MO,Low,4,3,Gradual post-incident migration gain counties,0.9916132618252895,0.9833116310476687,0,Strong post-incident migration gain counties
29053,Cooper County,MO,Very Low,3,0,Strong post-incident migration gain counties,0.9881806175461624,0.9806632792201129,3,Gradual post-incident migration gain counties
29055,Crawford County,MO,Low,5,0,Strong post-incident migration gain counties,0.9897849954457354,0.9811596253886034,1,Spike-and-fade migration counties
29057,Dade County,MO,Very Low,1,2,Volatile migration counties,1.0,1.0,1,Spike-and-fade migration counties
29059,Dallas County,MO,Very Low,3,0,Strong post-incident migration gain counties,0.9728360787985418,0.9463617566627356,1,Spike-and-fade migration counties
29061,Daviess County,MO,Very Low,3,0,Strong post-incident migration gain counties,0.9072013263200897,0.8292260374874012,1,Spike-and-fade migration counties
29065,Dent County,MO,Low,2,0,Strong post-incident migration gain counties,0.8755706872102872,0.7690359012492166,1,Spike-and-fade migration counties
29067,Douglas County,MO,Very Low,3,1,Spike-and-fade migration counties,0.9786310742433366,0.9618862593329098,0,Strong post-incident migration gain counties
29071,Franklin County,MO,Moderate,3,3,Gradual post-incident migration gain counties,0.9996294861062486,0.9992812574870403,0,Strong post-incident migration gain counties
29073,Gasconade County,MO,Very Low,4,3,Gradual post-incident migration gain counties,0.9921028795017578,0.9842508837452154,0,Strong post-incident migration gain counties
29077,Greene County,MO,Moderate,5,3,Gradual post-incident migration gain counties,0.9960561193534114,0.9922357077016793,0,Strong post-incident migration gain counties
29079,Grundy County,MO,Very Low,1,1,Spike-and-fade migration counties,0.9516998829794234,0.909077516078382,2,Volatile migration counties
29083,Henry County,MO,Low,4,0,Strong post-incident migration gain counties,0.9071412049377092,0.8471153718949931,1,Spike-and-fade migration counties
29085,Hickory County,MO,Very Low,2,2,Volatile migration counties,0.8217527210889742,0.6435054434399242,1,Spike-and-fade migration counties
29089,Howard County,MO,Very Low,1,1,Spike-and-fade migration counties,0.9800787867619788,0.9635781232288492,0,Strong post-incident migration gain counties
29091,Howell County,MO,Low,3,0,Strong post-incident migration gain counties,0.9959644819493384,0.9936485820520861,1,Spike-and-fade migration counties
29093,Iron County,MO,Low,4,0,Strong post-incident migration gain counties,0.9711041513148231,0.9433590103892766,3,Gradual post-incident migration gain counties
29095,Jackson County,MO,High,2,3,Gradual post-incident migration gain counties,0.9995537097537333,0.9991365099375838,0,Strong post-incident migration gain counties
29097,Jasper County,MO,Moderate,4,3,Gradual post-incident migration gain counties,0.999468005820447,0.9990068561392843,0,Strong post-incident migration gain counties
29099,Jefferson County,MO,Moderate,5,3,Gradual post-incident migration gain counties,0.9989287658807184,0.9979069573982953,0,Strong post-incident migration gain counties
29101,Johnson County,MO,Low,1,1,Spike-and-fade migration counties,0.6362339665214661,0.2958629443660784,0,Strong post-incident migration gain counties
29105,Laclede County,MO,Low,5,0,Strong post-incident migration gain counties,0.8780816335065947,0.8020321850455137,3,Gradual post-incident migration gain counties
29107,Lafayette County,MO,Low,2,0,Strong post-incident migration gain counties,0.8877186526765345,0.7872605228399554,3,Gradual post-incident migration gain counties
29109,Lawrence County,MO,Low,1,3,Gradual post-incident migration gain counties,0.9594812120321773,0.9193699162536757,0,Strong post-incident migration gain counties
29111,Lewis County,MO,Very Low,1,1,Spike-and-fade migration counties,0.764369849185852,0.54868336406958,0,Strong post-incident migration gain counties
29113,Lincoln County,MO,Low,5,0,Strong post-incident migration gain counties,0.9764430329876568,0.9543451528294177,3,Gradual post-incident migration gain counties
29117,Livingston County,MO,Very Low,1,2,Volatile migration counties,1.0,1.0,1,Spike-and-fade migration counties
29119,McDonald County,MO,Low,2,1,Spike-and-fade migration counties,0.9959473814278119,0.9921634020737351,2,Volatile migration counties
29121,Macon County,MO,Very Low,2,0,Strong post-incident migration gain counties,0.9759165453415514,0.9562188644377754,1,Spike-and-fade migration counties
29123,Madison County,MO,Low,4,1,Spike-and-fade migration counties,0.5306794161518301,0.09950601592495084,0,Strong post-incident migration gain counties
29127,Marion County,MO,Low,3,3,Gradual post-incident migration gain counties,0.9997155253270108,0.9995473738586748,0,Strong post-incident migration gain counties
29131,Miller County,MO,Low,6,0,Strong post-incident migration gain counties,0.8380538537256863,0.679309870729494,3,Gradual post-incident migration gain counties
29135,Moniteau County,MO,Very Low,2,0,Strong post-incident migration gain counties,0.9589119551864502,0.928137891732178,1,Spike-and-fade migration counties
29139,Montgomery County,MO,Very Low,5,0,Strong post-incident migration gain counties,0.9968151322641031,0.9950985743517672,3,Gradual post-incident migration gain counties
29141,Morgan County,MO,Low,5,1,Spike-and-fade migration counties,0.9851201652292604,0.9726659391169512,0,Strong post-incident migration gain counties
29145,Newton County,MO,Low,2,3,Gradual post-incident migration gain counties,0.8247024123913712,0.6496905442054176,0,Strong post-incident migration gain counties
29147,Nodaway County,MO,Low,3,0,Strong post-incident migration gain counties,0.9680661121382319,0.9451460149119371,1,Spike-and-fade migration counties
29149,Oregon County,MO,Low,2,1,Spike-and-fade migration counties,0.76346969674159,0.5278585458559041,2,Volatile migration counties
29151,Osage County,MO,Very Low,4,0,Strong post-incident migration gain counties,0.8702180464741444,0.7425177316809044,1,Spike-and-fade migration counties
29153,Ozark County,MO,Very Low,1,2,Volatile migration counties,1.0,1.0,1,Spike-and-fade migration counties
29157,Perry County,MO,Low,7,1,Spike-and-fade migration counties,0.662143653905009,0.33238418588128404,0,Strong post-incident migration gain counties
29159,Pettis County,MO,Low,1,0,Strong post-incident migration gain counties,0.8086980148204299,0.6184650384719964,3,Gradual post-incident migration gain counties
29161,Phelps County,MO,Low,4,3,Gradual post-incident migration gain counties,0.9092882455656729,0.8191838158755712,0,Strong post-incident migration gain counties
29163,Pike County,MO,Very Low,5,1,Spike-and-fade migration counties,0.984798984875054,0.9719283144914865,0,Strong post-incident migration gain counties
29165,Platte County,MO,Low,3,3,Gradual post-incident migration gain counties,0.8667290859050976,0.7345760220603437,0,Strong post-incident migration gain counties
29167,Polk County,MO,Low,1,1,Spike-and-fade migration counties,0.4999435637604422,0.026334444850244443,0,Strong post-incident migration gain counties
29169,Pulaski County,MO,Low,4,2,Volatile migration counties,0.9999999999966764,0.999999999993353,1,Spike-and-fade migration counties
29173,Ralls County,MO,Very Low,6,0,Strong post-incident migration gain counties,0.9632464790444264,0.9357366653312389,1,Spike-and-fade migration counties
29175,Randolph County,MO,Very Low,1,2,Volatile migration counties,0.9999361742071471,0.9998723645938525,0,Strong post-incident migration gain counties
29177,Ray County,MO,Low,4,0,Strong post-incident migration gain counties,0.8241281351203557,0.6533878508476808,3,Gradual post-incident migration gain counties
29181,Ripley County,MO,Low,1,0,Strong post-incident migration gain counties,0.5086803093904863,0.030270038823728584,2,Volatile migration counties
29183,St. Charles County,MO,Moderate,4,2,Volatile migration counties,0.9999999999999503,0.999999999999901,3,Gradual post-incident migration gain counties
29185,St. Clair County,MO,Very Low,1,0,Strong post-incident migration gain counties,0.9796187519401374,0.9626134879677003,1,Spike-and-fade migration counties
29186,Ste. Genevieve County,MO,Low,7,0,Strong post-incident migration gain counties,0.6511495730642587,0.4239879485933086,1,Spike-and-fade migration counties
29187,St. Francois County,MO,Low,2,0,Strong post-incident migration gain counties,0.9360277474424894,0.8739670165381971,1,Spike-and-fade migration counties
29189,St. Louis County,MO,High,4,3,Gradual post-incident migration gain counties,0.9998746939271649,0.9998109309183829,0,Strong post-incident migration gain counties
29195,Saline County,MO,Low,3,0,Strong post-incident migration gain counties,0.9034714406867933,0.8087607439357807,1,Spike-and-fade migration counties
29201,Scott County,MO,Low,6,3,Gradual post-incident migration gain counties,0.7175788713657179,0.4380921369808502,0,Strong post-incident migration gain counties
29207,Stoddard County,MO,Low,4,3,Gradual post-incident migration gain counties,0.9981101590778746,0.9962867914874864,0,Strong post-incident migration gain counties
29209,Stone County,MO,Low,1,0,Strong post-incident migration gain counties,0.9968009063563515,0.9945422132613508,1,Spike-and-fade migration counties
29213,Taney County,MO,Moderate,3,0,Strong post-incident migration gain counties,0.537689881356123,0.19312660222195882,1,Spike-and-fade migration counties
29215,Texas County,MO,Low,5,1,Spike-and-fade migration counties,0.7135206609309476,0.44425769563929224,0,Strong post-incident migration gain counties
29217,Vernon County,MO,Low,3,0,Strong post-incident migration gain counties,0.6763610916661885,0.354972799662512,3,Gradual post-incident migration gain counties
29219,Warren County,MO,Low,1,0,Strong post-incident migration gain counties,0.9850947011734326,0.9712966555187712,3,Gradual post-incident migration gain counties
29221,Washington County,MO,Low,4,1,Spike-and-fade migration counties,0.6376497028377028,0.298579991970297,0,Strong post-incident migration gain counties
29223,Wayne County,MO,Low,2,0,Strong post-incident migration gain counties,0.7624113222542841,0.5285675843217194,1,Spike-and-fade migration counties
29225,Webster County,MO,Low,2,0,Strong post-incident migration gain counties,0.5818141079351116,0.17003012518386806,3,Gradual post-incident migration gain counties
29229,Wright County,MO,Low,3,0,Strong post-incident migration gain counties,0.7025879721357787,0.5275845417017384,1,Spike-and-fade migration counties
29510,St. Louis City,MO,High,4,2,Volatile migration counties,1.0,1.0,1,Spike-and-fade migration counties
30001,Beaverhead County,MT,Low,4,0,Strong post-incident migration gain counties,0.9062512035907939,0.8425334862663734,1,Spike-and-fade migration counties
30007,Broadwater County,MT,Very Low,4,1,Spike-and-fade migration counties,0.9842967461741979,0.9730170319923145,2,Volatile migration counties
30009,Carbon County,MT,Low,8,1,Spike-and-fade migration counties,0.9561927996802899,0.9123856422945871,2,Volatile migration counties
30013,Cascade County,MT,Moderate,4,0,Strong post-incident migration gain counties,0.7923389019098673,0.6382523701080347,3,Gradual post-incident migration gain counties
30023,Deer Lodge County,MT,Very Low,4,0,Strong post-incident migration gain counties,0.7568552108913975,0.5152327213171135,1,Spike-and-fade migration counties
30029,Flathead County,MT,Moderate,5,1,Spike-and-fade migration counties,0.9590919292413563,0.9181839802272558,2,Volatile migration counties
30031,Gallatin County,MT,Moderate,6,3,Gradual post-incident migration gain counties,0.5051323778824954,0.03556273560511314,0,Strong post-incident migration gain counties
30043,Jefferson County,MT,Very Low,4,1,Spike-and-fade migration counties,0.9890627135038847,0.9784293353904271,2,Volatile migration counties
30047,Lake County,MT,Low,5,0,Strong post-incident migration gain counties,0.6055836846598739,0.2158072748223145,3,Gradual post-incident migration gain counties
30049,Lewis and Clark County,MT,Low,7,3,Gradual post-incident migration gain counties,0.9860577988945806,0.9723530800389852,0,Strong post-incident migration gain counties
30053,Lincoln County,MT,Low,6,1,Spike-and-fade migration counties,0.9929091321330136,0.988076597734678,2,Volatile migration counties
30057,Madison County,MT,Very Low,4,1,Spike-and-fade migration counties,0.7496377058345716,0.5068809511115558,0,Strong post-incident migration gain counties
30063,Missoula County,MT,Low,7,0,Strong post-incident migration gain counties,0.5510268097810713,0.13502127983980672,3,Gradual post-incident migration gain counties
30065,Musselshell County,MT,Very Low,2,2,Volatile migration counties,0.999999977242972,0.999999954485945,1,Spike-and-fade migration counties
30067,Park County,MT,Low,8,3,Gradual post-incident migration gain counties,0.7983197863347514,0.598934400268624,0,Strong post-incident migration gain counties
30073,Pondera County,MT,Very Low,3,1,Spike-and-fade migration counties,0.615380094075677,0.23081874120337137,2,Volatile migration counties
30077,Powell County,MT,Very Low,3,1,Spike-and-fade migration counties,0.9860352642428376,0.972070864092461,2,Volatile migration counties
30081,Ravalli County,MT,Low,6,1,Spike-and-fade migration counties,0.8939947340347205,0.7966169099470863,0,Strong post-incident migration gain counties
30089,Sanders County,MT,Low,7,1,Spike-and-fade migration counties,0.5751667114384519,0.159991987233693,0,Strong post-incident migration gain counties
30093,Silver Bow County,MT,Very Low,4,3,Gradual post-incident migration gain counties,0.8638337586185519,0.7285806205699602,0,Strong post-incident migration gain counties
30095,Stillwater County,MT,Very Low,8,1,Spike-and-fade migration counties,0.9858593678296863,0.9758962616042752,0,Strong post-incident migration gain counties
30111,Yellowstone County,MT,Moderate,8,3,Gradual post-incident migration gain counties,0.9565622021319462,0.9138143125632382,0,Strong post-incident migration gain counties
31001,Adams County,NE,Low,9,1,Spike-and-fade migration counties,0.9729077051041509,0.9458176911905906,2,Volatile migration counties
31019,Buffalo County,NE,Low,9,0,Strong post-incident migration gain counties,0.8566053759472235,0.7759513423436735,3,Gradual post-incident migration gain counties
31021,Burt County,NE,Very Low,9,3,Gradual post-incident migration gain counties,0.6379425825994991,0.27751952960132664,0,Strong post-incident migration gain counties
31025,Cass County,NE,Very Low,14,0,Strong post-incident migration gain counties,0.9941651291506445,0.9910852814080935,1,Spike-and-fade migration counties
31047,Dawson County,NE,Low,8,1,Spike-and-fade migration counties,0.976522602415378,0.9610822555889971,0,Strong post-incident migration gain counties
31053,Dodge County,NE,Low,9,0,Strong post-incident migration gain counties,0.9494917450663257,0.9179166254546337,1,Spike-and-fade migration counties
31055,Douglas County,NE,High,10,1,Spike-and-fade migration counties,0.9140330922372362,0.8303623951238486,0,Strong post-incident migration gain counties
31067,Gage County,NE,Very Low,11,0,Strong post-incident migration gain counties,0.9629727186502881,0.9282078440812094,1,Spike-and-fade migration counties
31079,Hall County,NE,Low,10,1,Spike-and-fade migration counties,0.9894948887261558,0.9793761626999395,2,Volatile migration counties
31081,Hamilton County,NE,Very Low,2,1,Spike-and-fade migration counties,0.6086415174076097,0.26894173127060267,0,Strong post-incident migration gain counties
31095,Jefferson County,NE,Very Low,9,2,Volatile migration counties,0.9999919630181989,0.9999839260363975,1,Spike-and-fade migration counties
31099,Kearney County,NE,Very Low,9,1,Spike-and-fade migration counties,0.965691283439811,0.9313825705116755,2,Volatile migration counties
31109,Lancaster County,NE,Moderate,9,1,Spike-and-fade migration counties,0.9688484236762103,0.9402214283975437,0,Strong post-incident migration gain counties
31111,Lincoln County,NE,Low,8,0,Strong post-incident migration gain counties,0.635114753317861,0.2814656390937174,1,Spike-and-fade migration counties
31119,Madison County,NE,Low,10,1,Spike-and-fade migration counties,0.9336610968057795,0.8749360442682542,0,Strong post-incident migration gain counties
31127,Nemaha County,NE,Very Low,1,2,Volatile migration counties,0.9989882416598894,0.997976483320016,1,Spike-and-fade migration counties
31131,Otoe County,NE,Very Low,10,0,Strong post-incident migration gain counties,0.8977323606571979,0.7974524936416945,3,Gradual post-incident migration gain counties
31141,Platte County,NE,Low,11,0,Strong post-incident migration gain counties,0.542193123246207,0.09573683269166344,3,Gradual post-incident migration gain counties
31151,Saline County,NE,Very Low,9,2,Volatile migration counties,1.0,1.0,1,Spike-and-fade migration counties
31153,Sarpy County,NE,Moderate,11,3,Gradual post-incident migration gain counties,0.8974266154094706,0.7957269036111637,0,Strong post-incident migration gain counties
31155,Saunders County,NE,Very Low,13,0,Strong post-incident migration gain counties,0.9909745765525655,0.9837685945459921,1,Spike-and-fade migration counties
31157,Scotts Bluff County,NE,Low,8,0,Strong post-incident migration gain counties,0.9283639947061555,0.8609889704048171,3,Gradual post-incident migration gain counties
31159,Seward County,NE,Very Low,10,1,Spike-and-fade migration counties,0.5556641862499345,0.11864148827546778,0,Strong post-incident migration gain counties
31177,Washington County,NE,Very Low,11,1,Spike-and-fade migration counties,0.8938443832114746,0.7903695345847984,0,Strong post-incident migration gain counties
31185,York County,NE,Low,10,0,Strong post-incident migration gain counties,0.6816435010856462,0.3967244172992483,2,Volatile migration counties
32001,Churchill County,NV,Low,5,1,Spike-and-fade migration counties,0.9839619498335141,0.9710475837810635,2,Volatile migration counties
32003,Clark County,NV,Very High,5,3,Gradual post-incident migration gain counties,0.9242873742344694,0.8490399690971251,0,Strong post-incident migration gain counties
32005,Douglas County,NV,Moderate,13,0,Strong post-incident migration gain counties,0.6494471792749374,0.302034758427435,3,Gradual post-incident migration gain counties
32019,Lyon County,NV,Low,7,1,Spike-and-fade migration counties,0.5811726970506254,0.17031440534190279,0,Strong post-incident migration gain counties
32021,Mineral County,NV,Very Low,1,2,Volatile migration counties,1.0,1.0,1,Spike-and-fade migration counties
32023,Nye County,NV,Low,4,2,Volatile migration counties,0.9997328948189653,0.9994695875702598,1,Spike-and-fade migration counties
32029,Storey County,NV,Very Low,7,2,Volatile migration counties,0.9997287687969615,0.9994575389757074,0,Strong post-incident migration gain counties
32031,Washoe County,NV,High,18,3,Gradual post-incident migration gain counties,0.9994435892154089,0.9989319159477668,0,Strong post-incident migration gain counties
32033,White Pine County,NV,Very Low,4,0,Strong post-incident migration gain counties,0.9495264171307956,0.9162000155629013,1,Spike-and-fade migration counties
32510,Carson City,NV,Low,6,0,Strong post-incident migration gain counties,0.9823240897558997,0.9651793523350604,1,Spike-and-fade migration counties
33001,Belknap County,NH,Low,5,3,Gradual post-incident migration gain counties,0.526368390682277,0.10644498669973268,0,Strong post-incident migration gain counties
33003,Carroll County,NH,Low,7,1,Spike-and-fade migration counties,0.993240892416104,0.9867266541007423,2,Volatile migration counties
33005,Cheshire County,NH,Low,6,3,Gradual post-incident migration gain counties,0.9786549126158922,0.957566303976218,0,Strong post-incident migration gain counties
33007,Coos County,NH,Low,5,0,Strong post-incident migration gain counties,0.8787631527282137,0.7672471539041164,1,Spike-and-fade migration counties
33009,Grafton County,NH,Moderate,7,1,Spike-and-fade migration counties,0.8542803320200167,0.7115155416922088,0,Strong post-incident migration gain counties
33011,Hillsborough County,NH,Moderate,2,3,Gradual post-incident migration gain counties,0.9956750434580688,0.991408247576458,0,Strong post-incident migration gain counties
33013,Merrimack County,NH,Low,2,3,Gradual post-incident migration gain counties,0.9939611356705861,0.9879847978240025,0,Strong post-incident migration gain counties
33015,Rockingham County,NH,Moderate,5,3,Gradual post-incident migration gain counties,0.9998257059477608,0.9997070263212434,2,Volatile migration counties
33017,Strafford County,NH,Low,3,1,Spike-and-fade migration counties,0.7288095917337349,0.45993346991281264,0,Strong post-incident migration gain counties
33019,Sullivan County,NH,Very Low,5,3,Gradual post-incident migration gain counties,0.995701137737102,0.9914810017783393,0,Strong post-incident migration gain counties
34001,Atlantic County,NJ,Moderate,5,3,Gradual post-incident migration gain counties,0.943366826827839,0.8869713004657171,0,Strong post-incident migration gain counties
34003,Bergen County,NJ,High,4,3,Gradual post-incident migration gain counties,0.9978631498677274,0.9957539951410286,0,Strong post-incident migration gain counties
34005,Burlington County,NJ,Moderate,6,3,Gradual post-incident migration gain counties,0.8060786379888902,0.6129609244001376,0,Strong post-incident migration gain counties
34007,Camden County,NJ,Moderate,4,3,Gradual post-incident migration gain counties,0.8797085223067174,0.7596923547822072,0,Strong post-incident migration gain counties
34009,Cape May County,NJ,Moderate,5,1,Spike-and-fade migration counties,0.8557903554014973,0.7134360999626153,0,Strong post-incident migration gain counties
34011,Cumberland County,NJ,Moderate,4,2,Volatile migration counties,0.9769515749370686,0.9643860184934098,0,Strong post-incident migration gain counties
34013,Essex County,NJ,High,4,0,Strong post-incident migration gain counties,0.9954605239674148,0.9929109055036546,1,Spike-and-fade migration counties
34015,Gloucester County,NJ,Moderate,4,3,Gradual post-incident migration gain counties,0.9350777167062485,0.8704733681494673,0,Strong post-incident migration gain counties
34017,Hudson County,NJ,High,2,2,Volatile migration counties,0.9999998509907759,0.9999997019815516,1,Spike-and-fade migration counties
34019,Hunterdon County,NJ,Low,2,0,Strong post-incident migration gain counties,0.9837344018530635,0.975496146868153,3,Gradual post-incident migration gain counties
34021,Mercer County,NJ,High,3,1,Spike-and-fade migration counties,0.955187233619377,0.9103830090393504,2,Volatile migration counties
34023,Middlesex County,NJ,High,3,0,Strong post-incident migration gain counties,0.9814921353843296,0.9653712902608502,3,Gradual post-incident migration gain counties
34025,Monmouth County,NJ,High,4,3,Gradual post-incident migration gain counties,0.8041560360409076,0.6100588958293418,0,Strong post-incident migration gain counties
34027,Morris County,NJ,Moderate,5,3,Gradual post-incident migration gain counties,0.5099885463697135,0.020800769081770976,0,Strong post-incident migration gain counties
34029,Ocean County,NJ,High,4,1,Spike-and-fade migration counties,0.821801628115647,0.6454016048666673,0,Strong post-incident migration gain counties
34031,Passaic County,NJ,High,3,0,Strong post-incident migration gain counties,0.9897864944684512,0.9840008937363622,1,Spike-and-fade migration counties
34033,Salem County,NJ,Low,3,0,Strong post-incident migration gain counties,0.9791945030614917,0.9640097882630779,1,Spike-and-fade migration counties
34035,Somerset County,NJ,Moderate,4,3,Gradual post-incident migration gain counties,0.6657799674041421,0.33218808451252,0,Strong post-incident migration gain counties
34037,Sussex County,NJ,Low,4,0,Strong post-incident migration gain counties,0.8663355951238592,0.7337741412659463,1,Spike-and-fade migration counties
34039,Union County,NJ,High,2,0,Strong post-incident migration gain counties,0.9133857992670895,0.8370916210081103,2,Volatile migration counties
34041,Warren County,NJ,Low,5,0,Strong post-incident migration gain counties,0.9761847033491654,0.961690013140194,3,Gradual post-incident migration gain counties
35005,Chaves County,NM,Moderate,1,0,Strong post-incident migration gain counties,0.945731199089089,0.9026133223730591,1,Spike-and-fade migration counties
35006,Cibola County,NM,Low,1,0,Strong post-incident migration gain counties,0.9146065746376468,0.8342772370349085,1,Spike-and-fade migration counties
35007,Colfax County,NM,Low,4,1,Spike-and-fade migration counties,0.9210025833120979,0.8447038419686815,0,Strong post-incident migration gain counties
35009,Curry County,NM,Low,1,2,Volatile migration counties,0.999957741880722,0.9999155145222234,1,Spike-and-fade migration counties
35013,Doña Ana County,NM,High,14,1,Spike-and-fade migration counties,0.9822639649847943,0.9645763655309628,2,Volatile migration counties
35015,Eddy County,NM,Moderate,1,2,Volatile migration counties,0.9998752386619583,0.9997504773239169,1,Spike-and-fade migration counties
35017,Grant County,NM,Low,1,0,Strong post-incident migration gain counties,0.9882205318484261,0.9819756930604111,1,Spike-and-fade migration counties
35025,Lea County,NM,Moderate,1,2,Volatile migration counties,1.0,1.0,1,Spike-and-fade migration counties
35027,Lincoln County,NM,Low,5,0,Strong post-incident migration gain counties,0.8678768010310587,0.7395386216196177,1,Spike-and-fade migration counties
35028,Los Alamos County,NM,Very Low,15,2,Volatile migration counties,0.9978831203678834,0.9957662407377019,1,Spike-and-fade migration counties
35029,Luna County,NM,Low,1,1,Spike-and-fade migration counties,0.9462500962884974,0.9002815213553426,0,Strong post-incident migration gain counties
35031,McKinley County,NM,Low,1,1,Spike-and-fade migration counties,0.9878719992826145,0.9757533047974669,2,Volatile migration counties
35035,Otero County,NM,Moderate,2,0,Strong post-incident migration gain counties,0.9737473568921696,0.9486509029032475,1,Spike-and-fade migration counties
35041,Roosevelt County,NM,Moderate,1,2,Volatile migration counties,1.0,1.0,1,Spike-and-fade migration counties
35045,San Juan County,NM,Moderate,1,2,Volatile migration counties,1.0,1.0,1,Spike-and-fade migration counties
35047,San Miguel County,NM,Low,5,0,Strong post-incident migration gain counties,0.9185249957310395,0.84272399658399,1,Spike-and-fade migration counties
35049,Santa Fe County,NM,Moderate,15,0,Strong post-incident migration gain counties,0.5259025378593769,0.08518766554613183,3,Gradual post-incident migration gain counties
35051,Sierra County,NM,Low,1,1,Spike-and-fade migration counties,0.5432572713993103,0.08856676732344759,0,Strong post-incident migration gain counties
35053,Socorro County,NM,Low,1,0,Strong post-incident migration gain counties,0.6727691784614334,0.3482318534490123,3,Gradual post-incident migration gain counties
35055,Taos County,NM,Low,1,0,Strong post-incident migration gain counties,0.9771240423091594,0.9557205725346879,1,Spike-and-fade migration counties
36001,Albany County,NY,Moderate,2,0,Strong post-incident migration gain counties,0.9853681365212899,0.9737890426034428,3,Gradual post-incident migration gain counties
36003,Allegany County,NY,Low,3,3,Gradual post-incident migration gain counties,0.6546237754762497,0.31156569447938415,0,Strong post-incident migration gain counties
36005,Bronx County,NY,High,3,2,Volatile migration counties,0.9999991824570176,0.9999983738212562,1,Spike-and-fade migration counties
36007,Broome County,NY,Moderate,4,3,Gradual post-incident migration gain counties,0.5309818914938935,0.06697143715965703,0,Strong post-incident migration gain counties
36009,Cattaraugus County,NY,Moderate,3,3,Gradual post-incident migration gain counties,0.9925116184520117,0.9851504138285875,0,Strong post-incident migration gain counties
36011,Cayuga County,NY,Low,2,3,Gradual post-incident migration gain counties,0.9995446574434044,0.9991731233084084,0,Strong post-incident migration gain counties
36013,Chautauqua County,NY,Moderate,5,3,Gradual post-incident migration gain counties,0.9983398490957054,0.9972362719548383,0,Strong post-incident migration gain counties
36015,Chemung County,NY,Low,1,0,Strong post-incident migration gain counties,0.6879867297680909,0.38716156504426374,3,Gradual post-incident migration gain counties
36017,Chenango County,NY,Low,5,0,Strong post-incident migration gain counties,0.49757990366829985,0.018545597552827364,3,Gradual post-incident migration gain counties
36019,Clinton County,NY,Low,2,0,Strong post-incident migration gain counties,0.8895684517558401,0.7833490457857492,1,Spike-and-fade migration counties
36021,Columbia County,NY,Low,2,1,Spike-and-fade migration counties,0.7390074613250815,0.4960827373596981,0,Strong post-incident migration gain counties
36023,Cortland County,NY,Low,4,3,Gradual post-incident migration gain counties,0.8676135867952101,0.7380257975107651,0,Strong post-incident migration gain counties
36025,Delaware County,NY,Moderate,5,0,Strong post-incident migration gain counties,0.8297112112210574,0.6629081027313243,1,Spike-and-fade migration counties
36027,Dutchess County,NY,Moderate,5,3,Gradual post-incident migration gain counties,0.967663888099994,0.9355643359388104,0,Strong post-incident migration gain counties
36029,Erie County,NY,High,5,3,Gradual post-incident migration gain counties,0.9998826399206244,0.9998119400426089,0,Strong post-incident migration gain counties
36031,Essex County,NY,Low,4,0,Strong post-incident migration gain counties,0.7373086761738985,0.49290270140244763,3,Gradual post-incident migration gain counties
36033,Franklin County,NY,Low,2,2,Volatile migration counties,0.9999645309021384,0.9999290618042764,1,Spike-and-fade migration counties
36035,Fulton County,NY,Low,2,0,Strong post-incident migration gain counties,0.9251784820099732,0.8816684886658426,3,Gradual post-incident migration gain counties
36037,Genesee County,NY,Low,4,1,Spike-and-fade migration counties,0.8217323311051907,0.6504125661143244,0,Strong post-incident migration gain counties
36039,Greene County,NY,Low,2,1,Spike-and-fade migration counties,0.8800391441901513,0.7813492925381573,0,Strong post-incident migration gain counties
36041,Hamilton County,NY,Very Low,3,1,Spike-and-fade migration counties,0.9860517392729323,0.9721066375427446,2,Volatile migration counties
36043,Herkimer County,NY,Low,4,3,Gradual post-incident migration gain counties,0.9024966379296269,0.8062502915118701,0,Strong post-incident migration gain counties
36045,Jefferson County,NY,Low,4,2,Volatile migration counties,0.9999999999700098,0.9999999999400191,1,Spike-and-fade migration counties
36047,Kings County,NY,High,4,2,Volatile migration counties,1.0,1.0,1,Spike-and-fade migration counties
36049,Lewis County,NY,Very Low,5,0,Strong post-incident migration gain counties,0.5495183768449091,0.10591421898137376,3,Gradual post-incident migration gain counties
36051,Livingston County,NY,Low,1,0,Strong post-incident migration gain counties,0.7497187957624403,0.5400533670518174,3,Gradual post-incident migration gain counties
36053,Madison County,NY,Low,3,0,Strong post-incident migration gain counties,0.6752963735215965,0.4023699092506768,3,Gradual post-incident migration gain counties
36055,Monroe County,NY,Moderate,1,3,Gradual post-incident migration gain counties,0.9239937000814302,0.8489186964501745,0,Strong post-incident migration gain counties
36057,Montgomery County,NY,Low,4,3,Gradual post-incident migration gain counties,0.531756092872605,0.06820601146283845,0,Strong post-incident migration gain counties
36059,Nassau County,NY,High,5,3,Gradual post-incident migration gain counties,0.9976432363322603,0.9953234595733471,0,Strong post-incident migration gain counties
36061,New York County,NY,High,3,2,Volatile migration counties,1.0,1.0,1,Spike-and-fade migration counties
36063,Niagara County,NY,Moderate,4,3,Gradual post-incident migration gain counties,0.9997502566279785,0.9995237556713396,0,Strong post-incident migration gain counties
36065,Oneida County,NY,Moderate,5,3,Gradual post-incident migration gain counties,0.9997005937159412,0.9994437727081337,0,Strong post-incident migration gain counties
36067,Onondaga County,NY,Moderate,1,3,Gradual post-incident migration gain counties,0.7614308408049809,0.5255546704277276,0,Strong post-incident migration gain counties
36069,Ontario County,NY,Low,2,3,Gradual post-incident migration gain counties,0.9997806871740864,0.9995964501905792,0,Strong post-incident migration gain counties
36071,Orange County,NY,Moderate,4,0,Strong post-incident migration gain counties,0.6440390831019835,0.31053491870419836,3,Gradual post-incident migration gain counties
36073,Orleans County,NY,Very Low,3,0,Strong post-incident migration gain counties,0.7866507110423973,0.6552899435531782,1,Spike-and-fade migration counties
36075,Oswego County,NY,Low,3,0,Strong post-incident migration gain counties,0.7722056401791928,0.5463196228158775,3,Gradual post-incident migration gain counties
36077,Otsego County,NY,Low,5,0,Strong post-incident migration gain counties,0.7984340874808407,0.6057291596042735,1,Spike-and-fade migration counties
36079,Putnam County,NY,Very Low,5,0,Strong post-incident migration gain counties,0.5180947221615524,0.07113732625516628,3,Gradual post-incident migration gain counties
36081,Queens County,NY,High,4,2,Volatile migration counties,0.999201126708504,0.998402260696255,0,Strong post-incident migration gain counties
36083,Rensselaer County,NY,Moderate,2,3,Gradual post-incident migration gain counties,0.9574883750783275,0.9151469957146219,0,Strong post-incident migration gain counties
36085,Richmond County,NY,Moderate,4,3,Gradual post-incident migration gain counties,0.5371400165608771,0.07523266653482957,0,Strong post-incident migration gain counties
36087,Rockland County,NY,Moderate,5,0,Strong post-incident migration gain counties,0.8867562197935382,0.8141377394273537,1,Spike-and-fade migration counties
36089,St. Lawrence County,NY,Low,4,3,Gradual post-incident migration gain counties,0.9995971299963943,0.9993273870934004,0,Strong post-incident migration gain counties
36091,Saratoga County,NY,Low,3,0,Strong post-incident migration gain counties,0.6825938029797343,0.3874825805643441,3,Gradual post-incident migration gain counties
36093,Schenectady County,NY,Low,2,0,Strong post-incident migration gain counties,0.8739369150262934,0.7487855432880628,1,Spike-and-fade migration counties
36095,Schoharie County,NY,Very Low,2,0,Strong post-incident migration gain counties,0.8892193874427498,0.7801266759054872,1,Spike-and-fade migration counties
36097,Schuyler County,NY,Very Low,1,0,Strong post-incident migration gain counties,0.5608446614084448,0.14010459561173494,1,Spike-and-fade migration counties
36099,Seneca County,NY,Very Low,1,1,Spike-and-fade migration counties,0.9803691788371859,0.9664638319156315,0,Strong post-incident migration gain counties
36101,Steuben County,NY,Low,2,3,Gradual post-incident migration gain counties,0.9988230694314517,0.9982268250281674,0,Strong post-incident migration gain counties
36103,Suffolk County,NY,High,7,0,Strong post-incident migration gain counties,0.6697587966091566,0.3465257161804036,3,Gradual post-incident migration gain counties
36105,Sullivan County,NY,Low,4,0,Strong post-incident migration gain counties,0.8334274754628452,0.668405405988522,1,Spike-and-fade migration counties
36107,Tioga County,NY,Low,4,3,Gradual post-incident migration gain counties,0.7708438840935025,0.5430337566345926,0,Strong post-incident migration gain counties
36109,Tompkins County,NY,Low,1,3,Gradual post-incident migration gain counties,0.986097058084187,0.9726315513497268,0,Strong post-incident migration gain counties
36111,Ulster County,NY,Moderate,4,0,Strong post-incident migration gain counties,0.9111158172824713,0.8287993303879587,1,Spike-and-fade migration counties
36113,Warren County,NY,Low,2,3,Gradual post-incident migration gain counties,0.5249747449398093,0.06081583578348926,0,Strong post-incident migration gain counties
36117,Wayne County,NY,Low,1,3,Gradual post-incident migration gain counties,0.9979620472129863,0.995970940133939,0,Strong post-incident migration gain counties
36119,Westchester County,NY,High,5,3,Gradual post-incident migration gain counties,0.8905045321945845,0.7813227625716608,0,Strong post-incident migration gain counties
36121,Wyoming County,NY,Very Low,2,3,Gradual post-incident migration gain counties,0.5111588355809216,0.027569818303057325,0,Strong post-incident migration gain counties
36123,Yates County,NY,Low,2,3,Gradual post-incident migration gain counties,0.7843830136663644,0.5735836117298172,0,Strong post-incident migration gain counties
37001,Alamance County,NC,Low,14,3,Gradual post-incident migration gain counties,0.9988883611332854,0.9977774554447966,2,Volatile migration counties
37003,Alexander County,NC,Low,10,3,Gradual post-incident migration gain counties,0.99971667133722,0.9994337885021571,2,Volatile migration counties
37005,Alleghany County,NC,Very Low,10,3,Gradual post-incident migration gain counties,0.9973989944184347,0.9949266446694925,0,Strong post-incident migration gain counties
37007,Anson County,NC,Low,11,0,Strong post-incident migration gain counties,0.896548665373925,0.8362833847282316,1,Spike-and-fade migration counties
37009,Ashe County,NC,Low,12,3,Gradual post-incident migration gain counties,0.9874168446576094,0.9750074402266452,0,Strong post-incident migration gain counties
37011,Avery County,NC,Low,9,3,Gradual post-incident migration gain counties,0.9916434642110751,0.983362068609429,0,Strong post-incident migration gain counties
37013,Beaufort County,NC,Moderate,16,3,Gradual post-incident migration gain counties,0.9995898621790886,0.999202488245488,0,Strong post-incident migration gain counties
37015,Bertie County,NC,Low,10,0,Strong post-incident migration gain counties,0.9153895405967218,0.8691474795045218,1,Spike-and-fade migration counties
37017,Bladen County,NC,Moderate,12,0,Strong post-incident migration gain counties,0.9846534132498896,0.9745422996597172,3,Gradual post-incident migration gain counties
37019,Brunswick County,NC,High,16,2,Volatile migration counties,0.9996130384714004,0.9992534562690414,0,Strong post-incident migration gain counties
37021,Buncombe County,NC,Moderate,13,2,Volatile migration counties,0.9999999999999858,0.999999999999971,3,Gradual post-incident migration gain counties
37023,Burke County,NC,Low,5,3,Gradual post-incident migration gain counties,0.7388040072831408,0.4781204265767613,0,Strong post-incident migration gain counties
37025,Cabarrus County,NC,Moderate,9,3,Gradual post-incident migration gain counties,0.9850131716714425,0.9752856053619982,0,Strong post-incident migration gain counties
37027,Caldwell County,NC,Low,9,2,Volatile migration counties,0.9999999999999698,0.9999999999999392,3,Gradual post-incident migration gain counties
37029,Camden County,NC,Very Low,9,0,Strong post-incident migration gain counties,0.9921266263229211,0.9857145631159353,1,Spike-and-fade migration counties
37031,Carteret County,NC,Moderate,15,3,Gradual post-incident migration gain counties,0.867597174407086,0.735559938020671,0,Strong post-incident migration gain counties
37033,Caswell County,NC,Very Low,11,0,Strong post-incident migration gain counties,0.5455986958888626,0.10425238722613711,3,Gradual post-incident migration gain counties
37035,Catawba County,NC,Low,11,3,Gradual post-incident migration gain counties,0.9972409934567253,0.9945160522540604,0,Strong post-incident migration gain counties
37037,Chatham County,NC,Low,14,3,Gradual post-incident migration gain counties,0.9996607330652921,0.9994012234231833,2,Volatile migration counties
37039,Cherokee County,NC,Low,11,3,Gradual post-incident migration gain counties,0.9921456606704249,0.9846447470367338,0,Strong post-incident migration gain counties
37041,Chowan County,NC,Very Low,10,0,Strong post-incident migration gain counties,0.9758547185431156,0.9526376706354345,3,Gradual post-incident migration gain counties
37043,Clay County,NC,Very Low,10,3,Gradual post-incident migration gain counties,0.9796584212024816,0.9599500441937339,0,Strong post-incident migration gain counties
37045,Cleveland County,NC,Low,2,0,Strong post-incident migration gain counties,0.5907429387867479,0.21186273393285382,3,Gradual post-incident migration gain counties
37047,Columbus County,NC,Moderate,15,3,Gradual post-incident migration gain counties,0.9999234637953902,0.9998831915540243,2,Volatile migration counties
37049,Craven County,NC,Moderate,15,3,Gradual post-incident migration gain counties,0.9734525204123626,0.9470158792271435,0,Strong post-incident migration gain counties
37051,Cumberland County,NC,Moderate,13,3,Gradual post-incident migration gain counties,0.9932396432362433,0.9866577267101817,0,Strong post-incident migration gain counties
37053,Currituck County,NC,Very Low,11,0,Strong post-incident migration gain counties,0.993454293077435,0.9901741001018354,2,Volatile migration counties
37055,Dare County,NC,Moderate,13,3,Gradual post-incident migration gain counties,0.6502048446675379,0.305589617843727,0,Strong post-incident migration gain counties
37057,Davidson County,NC,Moderate,13,3,Gradual post-incident migration gain counties,0.8394437406227221,0.6794027820762586,0,Strong post-incident migration gain counties
37059,Davie County,NC,Very Low,12,0,Strong post-incident migration gain counties,0.9525200871460289,0.9099064538538989,3,Gradual post-incident migration gain counties
37061,Duplin County,NC,Moderate,15,0,Strong post-incident migration gain counties,0.7397199493969645,0.48138016829658686,3,Gradual post-incident migration gain counties
37063,Durham County,NC,Moderate,12,3,Gradual post-incident migration gain counties,0.9997862404624824,0.9995945800911769,2,Volatile migration counties
37065,Edgecombe County,NC,Low,12,0,Strong post-incident migration gain counties,0.8208711038911778,0.6510310749687686,3,Gradual post-incident migration gain counties
37067,Forsyth County,NC,Moderate,10,2,Volatile migration counties,0.9999999999999307,0.9999999999998614,3,Gradual post-incident migration gain counties
37069,Franklin County,NC,Low,12,0,Strong post-incident migration gain counties,0.9511904937636623,0.90483825187539,1,Spike-and-fade migration counties
37071,Gaston County,NC,Moderate,9,3,Gradual post-incident migration gain counties,0.9990782204471307,0.998331578174915,0,Strong post-incident migration gain counties
37073,Gates County,NC,Very Low,8,3,Gradual post-incident migration gain counties,0.9998510319970961,0.9997589647915079,0,Strong post-incident migration gain counties
37075,Graham County,NC,Very Low,3,0,Strong post-incident migration gain counties,0.9977990852841814,0.9967772431277707,2,Volatile migration counties
37077,Granville County,NC,Low,14,2,Volatile migration counties,0.9999999999997904,0.9999999999995813,3,Gradual post-incident migration gain counties
37079,Greene County,NC,Low,6,0,Strong post-incident migration gain counties,0.5505689442325837,0.10430205539088677,1,Spike-and-fade migration counties
37081,Guilford County,NC,Moderate,11,3,Gradual post-incident migration gain counties,0.9997214417944675,0.9994451801870999,2,Volatile migration counties
37083,Halifax County,NC,Low,8,3,Gradual post-incident migration gain counties,0.5267494839390777,0.05584980483472335,0,Strong post-incident migration gain counties
37085,Harnett County,NC,Low,13,3,Gradual post-incident migration gain counties,0.9979704698038209,0.9960295243143051,0,Strong post-incident migration gain counties
37087,Haywood County,NC,Low,9,3,Gradual post-incident migration gain counties,0.8063260215390172,0.6207021227392473,0,Strong post-incident migration gain counties
37089,Henderson County,NC,Moderate,9,3,Gradual post-incident migration gain counties,0.9847381366604055,0.9701633923052251,0,Strong post-incident migration gain counties
37091,Hertford County,NC,Low,6,0,Strong post-incident migration gain counties,0.5981361214657218,0.3628472495813674,1,Spike-and-fade migration counties
37093,Hoke County,NC,Low,14,0,Strong post-incident migration gain counties,0.8912477951115864,0.8279457449033785,1,Spike-and-fade migration counties
37095,Hyde County,NC,Low,3,2,Volatile migration counties,1.0,1.0,1,Spike-and-fade migration counties
37097,Iredell County,NC,Low,10,0,Strong post-incident migration gain counties,0.919616530215146,0.8442898037024065,3,Gradual post-incident migration gain counties
37099,Jackson County,NC,Low,9,1,Spike-and-fade migration counties,0.5648509335490297,0.15420614334428256,0,Strong post-incident migration gain counties
37101,Johnston County,NC,Moderate,13,0,Strong post-incident migration gain counties,0.885484798604634,0.7800855014067836,3,Gradual post-incident migration gain counties
37103,Jones County,NC,Low,12,0,Strong post-incident migration gain counties,0.9949729629806064,0.9919181173594509,1,Spike-and-fade migration counties
37105,Lee County,NC,Low,13,0,Strong post-incident migration gain counties,0.7343191709464961,0.4700538037916903,3,Gradual post-incident migration gain counties
37107,Lenoir County,NC,Moderate,15,0,Strong post-incident migration gain counties,0.6939189556357999,0.3937933121559364,3,Gradual post-incident migration gain counties
37109,Lincoln County,NC,Low,8,0,Strong post-incident migration gain counties,0.9070750658020453,0.8177184139073848,1,Spike-and-fade migration counties
37111,McDowell County,NC,Low,10,3,Gradual post-incident migration gain counties,0.9152289917682034,0.830968168949206,0,Strong post-incident migration gain counties
37113,Macon County,NC,Low,10,3,Gradual post-incident migration gain counties,0.9886991151130246,0.977542482654755,0,Strong post-incident migration gain counties
37115,Madison County,NC,Very Low,11,0,Strong post-incident migration gain counties,0.985965723357284,0.9769278386473693,3,Gradual post-incident migration gain counties
37117,Martin County,NC,Low,12,3,Gradual post-incident migration gain counties,0.9903975132476508,0.9808474361008304,0,Strong post-incident migration gain counties
37119,Mecklenburg County,NC,High,8,3,Gradual post-incident migration gain counties,0.9969176920562952,0.993972367444115,0,Strong post-incident migration gain counties
37121,Mitchell County,NC,Very Low,10,3,Gradual post-incident migration gain counties,0.5853980679143356,0.17146150873015464,0,Strong post-incident migration gain counties
37123,Montgomery County,NC,Low,14,0,Strong post-incident migration gain counties,0.9196115130228015,0.8530746608767776,1,Spike-and-fade migration counties
37125,Moore County,NC,Low,13,3,Gradual post-incident migration gain counties,0.6019617124288517,0.20863632808072569,0,Strong post-incident migration gain counties
37127,Nash County,NC,Low,12,3,Gradual post-incident migration gain counties,0.8318724986784115,0.6641810173926195,0,Strong post-incident migration gain counties
37129,New Hanover County,NC,High,13,3,Gradual post-incident migration gain counties,0.997889948557121,0.9964408809007053,0,Strong post-incident migration gain counties
37133,Onslow County,NC,High,15,1,Spike-and-fade migration counties,0.7455647682046621,0.49397599760296823,0,Strong post-incident migration gain counties
37135,Orange County,NC,Low,14,0,Strong post-incident migration gain counties,0.719892175258484,0.4466889123589515,1,Spike-and-fade migration counties
37137,Pamlico County,NC,Low,15,0,Strong post-incident migration gain counties,0.9566367623541888,0.933481498563584,1,Spike-and-fade migration counties
37139,Pasquotank County,NC,Low,9,3,Gradual post-incident migration gain counties,0.574902248788791,0.15141119464051306,0,Strong post-incident migration gain counties
37141,Pender County,NC,Moderate,14,0,Strong post-incident migration gain counties,0.9804826914262551,0.966023908304021,1,Spike-and-fade migration counties
37143,Perquimans County,NC,Very Low,10,0,Strong post-incident migration gain counties,0.9700756967137352,0.9424853458096911,1,Spike-and-fade migration counties
37145,Person County,NC,Very Low,14,3,Gradual post-incident migration gain counties,0.9833963271104034,0.9668585435524479,0,Strong post-incident migration gain counties
37147,Pitt County,NC,Moderate,15,3,Gradual post-incident migration gain counties,0.9972879754031438,0.9946050817434675,0,Strong post-incident migration gain counties
37149,Polk County,NC,Very Low,10,0,Strong post-incident migration gain counties,0.9962185720845452,0.9940335233417763,2,Volatile migration counties
37151,Randolph County,NC,Low,12,3,Gradual post-incident migration gain counties,0.8596365594635996,0.7196358228959124,0,Strong post-incident migration gain counties
37153,Richmond County,NC,Low,11,3,Gradual post-incident migration gain counties,0.9854017011773755,0.9709046539557172,0,Strong post-incident migration gain counties
37155,Robeson County,NC,Moderate,13,0,Strong post-incident migration gain counties,0.8213186017639891,0.6455434779803422,3,Gradual post-incident migration gain counties
37157,Rockingham County,NC,Low,11,0,Strong post-incident migration gain counties,0.8088352420722926,0.619889270606379,3,Gradual post-incident migration gain counties
37159,Rowan County,NC,Moderate,10,3,Gradual post-incident migration gain counties,0.9916193486785716,0.9832894735928168,0,Strong post-incident migration gain counties
37161,Rutherford County,NC,Low,10,3,Gradual post-incident migration gain counties,0.9698986042779553,0.9399408800201969,0,Strong post-incident migration gain counties
37163,Sampson County,NC,Moderate,15,3,Gradual post-incident migration gain counties,0.8651050431245407,0.7306289557711924,0,Strong post-incident migration gain counties
37165,Scotland County,NC,Low,11,0,Strong post-incident migration gain counties,0.7195126508838243,0.4478283365693947,3,Gradual post-incident migration gain counties
37167,Stanly County,NC,Low,12,3,Gradual post-incident migration gain counties,0.5143406667789502,0.02986310586260771,0,Strong post-incident migration gain counties
37169,Stokes County,NC,Very Low,12,0,Strong post-incident migration gain counties,0.9469997081255506,0.8981597548317986,3,Gradual post-incident migration gain counties
37171,Surry County,NC,Low,10,3,Gradual post-incident migration gain counties,0.9991774176684244,0.9983779034885333,0,Strong post-incident migration gain counties
37173,Swain County,NC,Low,9,1,Spike-and-fade migration counties,0.6434861786209145,0.29259743611668637,0,Strong post-incident migration gain counties
37175,Transylvania County,NC,Low,9,3,Gradual post-incident migration gain counties,0.9977997906149579,0.9959006961987342,0,Strong post-incident migration gain counties
37179,Union County,NC,Moderate,9,3,Gradual post-incident migration gain counties,0.9996324477568655,0.9993899057662351,2,Volatile migration counties
37181,Vance County,NC,Low,12,3,Gradual post-incident migration gain counties,0.9823061585049128,0.9647768601060045,0,Strong post-incident migration gain counties
37183,Wake County,NC,High,12,3,Gradual post-incident migration gain counties,0.9983263243070835,0.9966679936971234,2,Volatile migration counties
37185,Warren County,NC,Low,2,2,Volatile migration counties,0.9994659066910847,0.9989398321554339,1,Spike-and-fade migration counties
37187,Washington County,NC,Low,2,0,Strong post-incident migration gain counties,0.9360271438609478,0.8751562087962248,1,Spike-and-fade migration counties
37189,Watauga County,NC,Low,9,1,Spike-and-fade migration counties,0.9930623775615105,0.9866702032417848,2,Volatile migration counties
37191,Wayne County,NC,Moderate,13,0,Strong post-incident migration gain counties,0.6986131210319917,0.3993070652937064,3,Gradual post-incident migration gain counties
37193,Wilkes County,NC,Moderate,9,3,Gradual post-incident migration gain counties,0.9999052390114921,0.9998341288680791,2,Volatile migration counties
37195,Wilson County,NC,Low,14,3,Gradual post-incident migration gain counties,0.9972308228557545,0.994489246030975,0,Strong post-incident migration gain counties
37197,Yadkin County,NC,Very Low,12,3,Gradual post-incident migration gain counties,0.6779071047763997,0.35703011179010646,0,Strong post-incident migration gain counties
37199,Yancey County,NC,Very Low,11,0,Strong post-incident migration gain counties,0.5126964072496007,0.04210219649399549,3,Gradual post-incident migration gain counties
38003,Barnes County,ND,Low,7,0,Strong post-incident migration gain counties,0.9106565024441299,0.83014375988299,1,Spike-and-fade migration counties
38015,Burleigh County,ND,Moderate,1,2,Volatile migration counties,0.9999983410262393,0.999996682052478,1,Spike-and-fade migration counties
38053,McKenzie County,ND,Very Low,4,2,Volatile migration counties,0.9999999736695958,0.9999999473391932,1,Spike-and-fade migration counties
38055,McLean County,ND,Low,1,0,Strong post-incident migration gain counties,0.8907370483940432,0.7827142233250848,1,Spike-and-fade migration counties
38057,Mercer County,ND,Very Low,2,0,Strong post-incident migration gain counties,0.7732106442384056,0.5476279842476828,3,Gradual post-incident migration gain counties
38059,Morton County,ND,Low,3,3,Gradual post-incident migration gain counties,0.9677634019512045,0.935719741488162,0,Strong post-incident migration gain counties
38077,Richland County,ND,Very Low,5,3,Gradual post-incident migration gain counties,0.8281728894648492,0.6570478679188962,0,Strong post-incident migration gain counties
38089,Stark County,ND,Very Low,1,2,Volatile migration counties,1.0,1.0,1,Spike-and-fade migration counties
38093,Stutsman County,ND,Low,5,3,Gradual post-incident migration gain counties,0.973996066804537,0.948104380183278,0,Strong post-incident migration gain counties
38097,Traill County,ND,Very Low,2,0,Strong post-incident migration gain counties,0.8193392006588487,0.6459586430140745,3,Gradual post-incident migration gain counties
38101,Ward County,ND,Low,2,2,Volatile migration counties,0.989074572562816,0.9781491451626182,1,Spike-and-fade migration counties
38105,Williams County,ND,Low,3,2,Volatile migration counties,1.0,1.0,1,Spike-and-fade migration counties
39001,Adams County,OH,Low,2,3,Gradual post-incident migration gain counties,0.999118961057992,0.9982615807094739,0,Strong post-incident migration gain counties
39009,Athens County,OH,Low,1,2,Volatile migration counties,1.0,1.0,1,Spike-and-fade migration counties
39011,Auglaize County,OH,Very Low,1,0,Strong post-incident migration gain counties,0.6649535624362889,0.4488797988447242,1,Spike-and-fade migration counties
39013,Belmont County,OH,Low,2,0,Strong post-incident migration gain counties,0.7909259459195513,0.5892368719640411,1,Spike-and-fade migration counties
39015,Brown County,OH,Low,2,3,Gradual post-incident migration gain counties,0.9988222812007005,0.9977018107865848,0,Strong post-incident migration gain counties
39029,Columbiana County,OH,Low,2,3,Gradual post-incident migration gain counties,0.9982940282115987,0.996617304130204,0,Strong post-incident migration gain counties
39031,Coshocton County,OH,Low,1,0,Strong post-incident migration gain counties,0.8775408810156362,0.8049539258780498,3,Gradual post-incident migration gain counties
39037,Darke County,OH,Low,1,0,Strong post-incident migration gain counties,0.6622394156385744,0.439787746977998,1,Spike-and-fade migration counties
39057,Greene County,OH,Low,1,1,Spike-and-fade migration counties,0.5936408508037717,0.1899590685553777,0,Strong post-incident migration gain counties
39059,Guernsey County,OH,Very Low,1,3,Gradual post-incident migration gain counties,0.9901846349813836,0.9804611825230031,0,Strong post-incident migration gain counties
39061,Hamilton County,OH,High,1,3,Gradual post-incident migration gain counties,0.5605793146103313,0.15345503488983198,0,Strong post-incident migration gain counties
39067,Harrison County,OH,Very Low,1,0,Strong post-incident migration gain counties,0.9963069352343513,0.9941547277724896,1,Spike-and-fade migration counties
39073,Hocking County,OH,Low,2,0,Strong post-incident migration gain counties,0.9955888831367086,0.9927295591297016,1,Spike-and-fade migration counties
39079,Jackson County,OH,Very Low,2,3,Gradual post-incident migration gain counties,0.553127515580984,0.10924619710927341,0,Strong post-incident migration gain counties
39081,Jefferson County,OH,Low,2,3,Gradual post-incident migration gain counties,0.9982719828684988,0.9965675371464868,0,Strong post-incident migration gain counties
39087,Lawrence County,OH,Low,2,3,Gradual post-incident migration gain counties,0.608694113353599,0.22877671826452134,0,Strong post-incident migration gain counties
39099,Mahoning County,OH,Moderate,1,3,Gradual post-incident migration gain counties,0.5925622536137453,0.1950108317912363,0,Strong post-incident migration gain counties
39107,Mercer County,OH,Very Low,1,1,Spike-and-fade migration counties,0.9224325970697697,0.8476024312033519,0,Strong post-incident migration gain counties
39109,Miami County,OH,Low,1,3,Gradual post-incident migration gain counties,0.9307591770264831,0.8622500341835388,0,Strong post-incident migration gain counties
39113,Montgomery County,OH,Moderate,1,2,Volatile migration counties,0.999999999999968,0.9999999999999366,3,Gradual post-incident migration gain counties
39115,Morgan County,OH,Very Low,1,0,Strong post-incident migration gain counties,0.9876489624786428,0.9786867376664468,1,Spike-and-fade migration counties
39119,Muskingum County,OH,Low,3,3,Gradual post-incident migration gain counties,0.9998999942715033,0.999804943666705,2,Volatile migration counties
39121,Noble County,OH,Very Low,2,3,Gradual post-incident migration gain counties,0.752382681410266,0.5058847346298012,0,Strong post-incident migration gain counties
39127,Perry County,OH,Very Low,3,3,Gradual post-incident migration gain counties,0.9734556069952099,0.9470295312300475,0,Strong post-incident migration gain counties
39129,Pickaway County,OH,Low,1,3,Gradual post-incident migration gain counties,0.6413714217891018,0.2903732724688493,0,Strong post-incident migration gain counties
39131,Pike County,OH,Low,2,3,Gradual post-incident migration gain counties,0.8849628984279517,0.7707545873659856,0,Strong post-incident migration gain counties
39141,Ross County,OH,Low,1,1,Spike-and-fade migration counties,0.9925526219184693,0.986749777814909,0,Strong post-incident migration gain counties
39167,Washington County,OH,Low,2,3,Gradual post-incident migration gain counties,0.9997451234667342,0.9995865115441138,0,Strong post-incident migration gain counties
40001,Adair County,OK,Low,8,0,Strong post-incident migration gain counties,0.9973125488636587,0.9955904681169655,1,Spike-and-fade migration counties
40009,Beckham County,OK,Low,14,0,Strong post-incident migration gain counties,0.7567810249899932,0.5346317655004444,1,Spike-and-fade migration counties
40013,Bryan County,OK,Low,9,3,Gradual post-incident migration gain counties,0.982415414579541,0.9650314546605685,0,Strong post-incident migration gain counties
40015,Caddo County,OK,Low,14,0,Strong post-incident migration gain counties,0.7133416932932357,0.5265476319078392,3,Gradual post-incident migration gain counties
40017,Canadian County,OK,Moderate,13,3,Gradual post-incident migration gain counties,0.762741023075738,0.5283128331066751,0,Strong post-incident migration gain counties
40019,Carter County,OK,Low,8,3,Gradual post-incident migration gain counties,0.9999000978019282,0.9998199252102538,0,Strong post-incident migration gain counties
40021,Cherokee County,OK,Low,13,3,Gradual post-incident migration gain counties,0.9424417434705283,0.8850963572566715,0,Strong post-incident migration gain counties
40023,Choctaw County,OK,Low,2,2,Volatile migration counties,0.9999999999999964,0.9999999999999946,1,Spike-and-fade migration counties
40027,Cleveland County,OK,Moderate,12,3,Gradual post-incident migration gain counties,0.9829262210229194,0.9661022771621539,0,Strong post-incident migration gain counties
40031,Comanche County,OK,Moderate,12,3,Gradual post-incident migration gain counties,0.5533127107811501,0.1086354196294459,0,Strong post-incident migration gain counties
40035,Craig County,OK,Low,2,0,Strong post-incident migration gain counties,0.9570409380147751,0.916805473952917,2,Volatile migration counties
40037,Creek County,OK,Moderate,11,3,Gradual post-incident migration gain counties,0.9348213874515643,0.8698171905037267,0,Strong post-incident migration gain counties
40039,Custer County,OK,Low,14,1,Spike-and-fade migration counties,0.5369108428662507,0.07732245996756876,0,Strong post-incident migration gain counties
40041,Delaware County,OK,Moderate,13,3,Gradual post-incident migration gain counties,0.9554974300028551,0.9114245475467341,0,Strong post-incident migration gain counties
40047,Garfield County,OK,Moderate,9,0,Strong post-incident migration gain counties,0.6197959220172885,0.24338803444608859,3,Gradual post-incident migration gain counties
40049,Garvin County,OK,Low,9,3,Gradual post-incident migration gain counties,0.9998151363620086,0.999661956696175,0,Strong post-incident migration gain counties
40051,Grady County,OK,Low,13,3,Gradual post-incident migration gain counties,0.9907941427575823,0.9817003913109804,0,Strong post-incident migration gain counties
40055,Greer County,OK,Very Low,4,2,Volatile migration counties,0.9999998082035322,0.9999996164070649,1,Spike-and-fade migration counties
40061,Haskell County,OK,Very Low,4,0,Strong post-incident migration gain counties,0.778060522864748,0.5570039767287652,1,Spike-and-fade migration counties
40063,Hughes County,OK,Very Low,5,0,Strong post-incident migration gain counties,0.9873833307909599,0.9763889234031398,1,Spike-and-fade migration counties
40065,Jackson County,OK,Moderate,12,0,Strong post-incident migration gain counties,0.9096559305209491,0.8620959166608997,3,Gradual post-incident migration gain counties
40071,Kay County,OK,Low,5,0,Strong post-incident migration gain counties,0.6426711409216399,0.28684521969263016,1,Spike-and-fade migration counties
40073,Kingfisher County,OK,Low,5,0,Strong post-incident migration gain counties,0.7096473174548951,0.4490680105237971,3,Gradual post-incident migration gain counties
40079,Le Flore County,OK,Moderate,11,0,Strong post-incident migration gain counties,0.9244197658802134,0.8767654336741081,1,Spike-and-fade migration counties
40081,Lincoln County,OK,Low,13,3,Gradual post-incident migration gain counties,0.5123817850251449,0.025621621529697935,0,Strong post-incident migration gain counties
40083,Logan County,OK,Low,14,3,Gradual post-incident migration gain counties,0.9993964411081928,0.9989092339350623,0,Strong post-incident migration gain counties
40085,Love County,OK,Very Low,8,0,Strong post-incident migration gain counties,0.9820789941773251,0.9658910246864294,3,Gradual post-incident migration gain counties
40087,McClain County,OK,Low,11,0,Strong post-incident migration gain counties,0.9733548563819118,0.9483833564201263,1,Spike-and-fade migration counties
40089,McCurtain County,OK,Low,5,3,Gradual post-incident migration gain counties,0.748329517370049,0.5003423596759445,0,Strong post-incident migration gain counties
40091,McIntosh County,OK,Low,10,3,Gradual post-incident migration gain counties,0.9811657355656433,0.962482369753269,0,Strong post-incident migration gain counties
40095,Marshall County,OK,Low,7,0,Strong post-incident migration gain counties,0.6655611839162106,0.33499048450320207,1,Spike-and-fade migration counties
40097,Mayes County,OK,Low,12,3,Gradual post-incident migration gain counties,0.621084010161634,0.24580176344820043,0,Strong post-incident migration gain counties
40099,Murray County,OK,Very Low,9,3,Gradual post-incident migration gain counties,0.9754363100840691,0.9510421890512682,0,Strong post-incident migration gain counties
40101,Muskogee County,OK,Moderate,15,3,Gradual post-incident migration gain counties,0.966513981605308,0.9331590108869939,0,Strong post-incident migration gain counties
40103,Noble County,OK,Low,10,0,Strong post-incident migration gain counties,0.9935449465477064,0.9886411667409462,1,Spike-and-fade migration counties
40105,Nowata County,OK,Very Low,11,0,Strong post-incident migration gain counties,0.8507883084735662,0.706591595525487,3,Gradual post-incident migration gain counties
40107,Okfuskee County,OK,Very Low,8,0,Strong post-incident migration gain counties,0.9949179603342875,0.9908935869731309,3,Gradual post-incident migration gain counties
40109,Oklahoma County,OK,High,12,3,Gradual post-incident migration gain counties,0.9959070543793423,0.9919171511135512,0,Strong post-incident migration gain counties
40111,Okmulgee County,OK,Low,14,0,Strong post-incident migration gain counties,0.963692865091555,0.9295036365957983,3,Gradual post-incident migration gain counties
40113,Osage County,OK,Low,11,0,Strong post-incident migration gain counties,0.6869040158755009,0.37460061168231706,3,Gradual post-incident migration gain counties
40117,Pawnee County,OK,Low,12,0,Strong post-incident migration gain counties,0.9814868165765164,0.9643488970859507,3,Gradual post-incident migration gain counties
40119,Payne County,OK,Moderate,10,3,Gradual post-incident migration gain counties,0.9826687594055044,0.9654440417874738,0,Strong post-incident migration gain counties
40121,Pittsburg County,OK,Low,13,3,Gradual post-incident migration gain counties,0.9973864490861066,0.9948048994244296,0,Strong post-incident migration gain counties
40123,Pontotoc County,OK,Low,8,3,Gradual post-incident migration gain counties,0.8068616149967629,0.615230795757506,0,Strong post-incident migration gain counties
40125,Pottawatomie County,OK,Moderate,14,3,Gradual post-incident migration gain counties,0.9499357608437375,0.9002229090735533,0,Strong post-incident migration gain counties
40127,Pushmataha County,OK,Very Low,2,2,Volatile migration counties,0.9999998498321581,0.9999996996643167,1,Spike-and-fade migration counties
40131,Rogers County,OK,Low,11,3,Gradual post-incident migration gain counties,0.997673575899048,0.9953938178805043,0,Strong post-incident migration gain counties
40133,Seminole County,OK,Low,10,3,Gradual post-incident migration gain counties,0.9932160384272388,0.9864976571335532,0,Strong post-incident migration gain counties
40135,Sequoyah County,OK,Low,12,3,Gradual post-incident migration gain counties,0.5930567950407247,0.18712567681416808,0,Strong post-incident migration gain counties
40137,Stephens County,OK,Low,11,0,Strong post-incident migration gain counties,0.8115727237947499,0.6248312018546864,3,Gradual post-incident migration gain counties
40143,Tulsa County,OK,High,12,3,Gradual post-incident migration gain counties,0.9938638748936682,0.9877952015533943,0,Strong post-incident migration gain counties
40145,Wagoner County,OK,Low,12,0,Strong post-incident migration gain counties,0.9788504111364865,0.9619317030855565,3,Gradual post-incident migration gain counties
40147,Washington County,OK,Low,10,0,Strong post-incident migration gain counties,0.8422430018691408,0.7397653621013766,3,Gradual post-incident migration gain counties
40149,Washita County,OK,Very Low,15,0,Strong post-incident migration gain counties,0.6806012352755066,0.3692847026792404,1,Spike-and-fade migration counties
40153,Woodward County,OK,Very Low,3,3,Gradual post-incident migration gain counties,0.49973265125509914,0.004939129414389509,0,Strong post-incident migration gain counties
41001,Baker County,OR,Low,6,3,Gradual post-incident migration gain counties,0.9915512110963505,0.9833013029360393,0,Strong post-incident migration gain counties
41003,Benton County,OR,Moderate,7,0,Strong post-incident migration gain counties,0.8405249455122166,0.7198892034928721,2,Volatile migration counties
41005,Clackamas County,OR,High,13,3,Gradual post-incident migration gain counties,0.9362674680039343,0.8735853612868133,0,Strong post-incident migration gain counties
41007,Clatsop County,OR,High,5,1,Spike-and-fade migration counties,0.8772749325010964,0.7545498731808318,2,Volatile migration counties
41009,Columbia County,OR,Low,7,3,Gradual post-incident migration gain counties,0.5024836790377333,0.02952547483243284,0,Strong post-incident migration gain counties
41011,Coos County,OR,Moderate,7,3,Gradual post-incident migration gain counties,0.9959828808757125,0.9921624272596663,0,Strong post-incident migration gain counties
41013,Crook County,OR,Very Low,4,1,Spike-and-fade migration counties,0.9476696992976936,0.8953403131514026,2,Volatile migration counties
41015,Curry County,OR,Moderate,8,3,Gradual post-incident migration gain counties,0.986544957969136,0.973766725199536,0,Strong post-incident migration gain counties
41017,Deschutes County,OR,Moderate,9,1,Spike-and-fade migration counties,0.9896545805226094,0.9794276361262114,2,Volatile migration counties
41019,Douglas County,OR,Moderate,13,3,Gradual post-incident migration gain counties,0.9998360920192736,0.9997198405543223,2,Volatile migration counties
41023,Grant County,OR,Very Low,4,0,Strong post-incident migration gain counties,0.5293591312785308,0.06660130915893925,3,Gradual post-incident migration gain counties
41027,Hood River County,OR,Very Low,7,3,Gradual post-incident migration gain counties,0.9988032037597245,0.9976564096297974,0,Strong post-incident migration gain counties
41029,Jackson County,OR,Moderate,11,1,Spike-and-fade migration counties,0.9978585289396258,0.9961728268548338,2,Volatile migration counties
41031,Jefferson County,OR,Very Low,10,1,Spike-and-fade migration counties,0.9929302351656863,0.9859429016164095,2,Volatile migration counties
41033,Josephine County,OR,Moderate,15,3,Gradual post-incident migration gain counties,0.9938590177605955,0.9878809734774562,0,Strong post-incident migration gain counties
41035,Klamath County,OR,Low,12,1,Spike-and-fade migration counties,0.9876531277993561,0.9778425454959431,0,Strong post-incident migration gain counties
41039,Lane County,OR,High,12,3,Gradual post-incident migration gain counties,0.9837492744130307,0.9678577192780298,0,Strong post-incident migration gain counties
41041,Lincoln County,OR,Moderate,9,0,Strong post-incident migration gain counties,0.4984163442023595,0.17872643687449985,1,Spike-and-fade migration counties
41043,Linn County,OR,Moderate,11,3,Gradual post-incident migration gain counties,0.9995812570544746,0.9991755027070972,2,Volatile migration counties
41045,Malheur County,OR,Very Low,4,0,Strong post-incident migration gain counties,0.9293594020251285,0.8824921542185483,3,Gradual post-incident migration gain counties
41047,Marion County,OR,High,9,3,Gradual post-incident migration gain counties,0.9572672548547912,0.9152809523059097,0,Strong post-incident migration gain counties
41049,Morrow County,OR,Very Low,2,0,Strong post-incident migration gain counties,0.9017878351737072,0.8075469417168352,1,Spike-and-fade migration counties
41051,Multnomah County,OR,High,7,0,Strong post-incident migration gain counties,0.9109694158443705,0.8334499052241016,1,Spike-and-fade migration counties
41053,Polk County,OR,Low,6,0,Strong post-incident migration gain counties,0.6700245108006446,0.46545224907972405,1,Spike-and-fade migration counties
41057,Tillamook County,OR,Moderate,8,1,Spike-and-fade migration counties,0.9918107371864469,0.9836738915744507,2,Volatile migration counties
41059,Umatilla County,OR,Moderate,6,3,Gradual post-incident migration gain counties,0.9996266647437313,0.9992554835185175,2,Volatile migration counties
41061,Union County,OR,Low,5,1,Spike-and-fade migration counties,0.9956842086895862,0.9913779874075941,2,Volatile migration counties
41063,Wallowa County,OR,Very Low,5,1,Spike-and-fade migration counties,0.9806585837215646,0.9613953385941477,2,Volatile migration counties
41065,Wasco County,OR,Low,12,1,Spike-and-fade migration counties,0.9962077089738199,0.9924246494059475,2,Volatile migration counties
41067,Washington County,OR,High,9,0,Strong post-incident migration gain counties,0.5376096162674205,0.1709377075562461,3,Gradual post-incident migration gain counties
41071,Yamhill County,OR,Moderate,8,3,Gradual post-incident migration gain counties,0.6767615976130933,0.3629623047467533,0,Strong post-incident migration gain counties
42001,Adams County,PA,Low,1,0,Strong post-incident migration gain counties,0.8198085612985354,0.6672462832445615,3,Gradual post-incident migration gain counties
42003,Allegheny County,PA,High,1,1,Spike-and-fade migration counties,0.8465505923536837,0.6955966525416692,0,Strong post-incident migration gain counties
42009,Bedford County,PA,Low,2,3,Gradual post-incident migration gain counties,0.9115057588596408,0.8237908575918343,0,Strong post-incident migration gain counties
42011,Berks County,PA,Moderate,1,3,Gradual post-incident migration gain counties,0.6180745043689428,0.2372199295291375,0,Strong post-incident migration gain counties
42013,Blair County,PA,Low,1,3,Gradual post-incident migration gain counties,0.9815594857308441,0.9634526317936121,0,Strong post-incident migration gain counties
42015,Bradford County,PA,Low,2,0,Strong post-incident migration gain counties,0.8683529355069411,0.7436902590619701,3,Gradual post-incident migration gain counties
42017,Bucks County,PA,High,3,3,Gradual post-incident migration gain counties,0.9999459690442828,0.9999126800601703,2,Volatile migration counties
42027,Centre County,PA,Low,2,1,Spike-and-fade migration counties,0.6322878633211307,0.26620107453161773,0,Strong post-incident migration gain counties
42029,Chester County,PA,Moderate,3,3,Gradual post-incident migration gain counties,0.9997947945243257,0.9995917923722861,2,Volatile migration counties
42033,Clearfield County,PA,Low,1,0,Strong post-incident migration gain counties,0.9019028994220848,0.8523002251407028,1,Spike-and-fade migration counties
42037,Columbia County,PA,Low,1,0,Strong post-incident migration gain counties,0.7818149571076831,0.5667221346704653,3,Gradual post-incident migration gain counties
42039,Crawford County,PA,Low,1,0,Strong post-incident migration gain counties,0.6027340424922323,0.24252162791928406,3,Gradual post-incident migration gain counties
42041,Cumberland County,PA,Moderate,1,3,Gradual post-incident migration gain counties,0.9776372838836037,0.9555302480762605,0,Strong post-incident migration gain counties
42043,Dauphin County,PA,Moderate,2,3,Gradual post-incident migration gain counties,0.9998666162866557,0.9997603211168442,0,Strong post-incident migration gain counties
42045,Delaware County,PA,Moderate,2,3,Gradual post-incident migration gain counties,0.9998559877154323,0.999715677244158,2,Volatile migration counties
42051,Fayette County,PA,Moderate,2,3,Gradual post-incident migration gain counties,0.9994119671264521,0.9988815974572169,0,Strong post-incident migration gain counties
42055,Franklin County,PA,Low,1,3,Gradual post-incident migration gain counties,0.993173777717627,0.986467422062602,0,Strong post-incident migration gain counties
42057,Fulton County,PA,Very Low,2,3,Gradual post-incident migration gain counties,0.8174493552386958,0.6356114100837554,0,Strong post-incident migration gain counties
42067,Juniata County,PA,Very Low,1,0,Strong post-incident migration gain counties,0.8607029444555372,0.7337046059426563,3,Gradual post-incident migration gain counties
42069,Lackawanna County,PA,Moderate,1,3,Gradual post-incident migration gain counties,0.9508959835046767,0.9022062056042329,0,Strong post-incident migration gain counties
42071,Lancaster County,PA,High,2,2,Volatile migration counties,0.9999999999996891,0.9999999999993789,3,Gradual post-incident migration gain counties
42073,Lawrence County,PA,Low,1,3,Gradual post-incident migration gain counties,0.9998015797095301,0.9996315651414075,0,Strong post-incident migration gain counties
42075,Lebanon County,PA,Low,1,3,Gradual post-incident migration gain counties,0.6554922135670274,0.3115594136424605,0,Strong post-incident migration gain counties
42077,Lehigh County,PA,Moderate,1,3,Gradual post-incident migration gain counties,0.9966088854828766,0.9932813861809521,0,Strong post-incident migration gain counties
42079,Luzerne County,PA,Moderate,1,0,Strong post-incident migration gain counties,0.9787717663839686,0.9610541412279264,3,Gradual post-incident migration gain counties
42081,Lycoming County,PA,Low,2,3,Gradual post-incident migration gain counties,0.8903184570831911,0.7808878574057211,0,Strong post-incident migration gain counties
42091,Montgomery County,PA,High,3,2,Volatile migration counties,0.9999999999999591,0.9999999999999177,3,Gradual post-incident migration gain counties
42093,Montour County,PA,Very Low,1,1,Spike-and-fade migration counties,0.9955710017729497,0.9928179880119886,0,Strong post-incident migration gain counties
42095,Northampton County,PA,Moderate,3,3,Gradual post-incident migration gain counties,0.8930751754799268,0.7867364353790252,0,Strong post-incident migration gain counties
42099,Perry County,PA,Low,1,3,Gradual post-incident migration gain counties,0.9512855115068143,0.9028138969073395,0,Strong post-incident migration gain counties
42101,Philadelphia County,PA,Very High,3,3,Gradual post-incident migration gain counties,0.9945259867423201,0.9891375753422084,0,Strong post-incident migration gain counties
42107,Schuylkill County,PA,Moderate,3,3,Gradual post-incident migration gain counties,0.9439170269656731,0.8880282392481605,0,Strong post-incident migration gain counties
42111,Somerset County,PA,Low,1,3,Gradual post-incident migration gain counties,0.9951191447694868,0.9902752809253659,0,Strong post-incident migration gain counties
42113,Sullivan County,PA,Very Low,2,1,Spike-and-fade migration counties,0.9482654066081484,0.8965308141954405,2,Volatile migration counties
42115,Susquehanna County,PA,Low,1,0,Strong post-incident migration gain counties,0.6916449077768638,0.38851607552790984,3,Gradual post-incident migration gain counties
42117,Tioga County,PA,Low,1,1,Spike-and-fade migration counties,0.9129134813199621,0.8348769259283311,0,Strong post-incident migration gain counties
42121,Venango County,PA,Low,1,3,Gradual post-incident migration gain counties,0.9587704758688731,0.9178594265023272,0,Strong post-incident migration gain counties
42127,Wayne County,PA,Low,1,0,Strong post-incident migration gain counties,0.6043400473153007,0.2110577821917411,1,Spike-and-fade migration counties
42129,Westmoreland County,PA,Moderate,1,3,Gradual post-incident migration gain counties,0.9998857344027469,0.9998258522678846,2,Volatile migration counties
42131,Wyoming County,PA,Low,1,0,Strong post-incident migration gain counties,0.9224925572208018,0.8644714792397177,3,Gradual post-incident migration gain counties
42133,York County,PA,Moderate,3,3,Gradual post-incident migration gain counties,0.9973734716416501,0.9947687067227244,0,Strong post-incident migration gain counties
44001,Bristol County,RI,Very Low,6,3,Gradual post-incident migration gain counties,0.5115120004673203,0.02454941856896936,0,Strong post-incident migration gain counties
44003,Kent County,RI,Low,7,3,Gradual post-incident migration gain counties,0.999913213450438,0.9998538181957474,0,Strong post-incident migration gain counties
44005,Newport County,RI,Very Low,6,0,Strong post-incident migration gain counties,0.58549167864083,0.17346160430807844,1,Spike-and-fade migration counties
44007,Providence County,RI,Moderate,8,0,Strong post-incident migration gain counties,0.9024820741089604,0.8343218854302255,1,Spike-and-fade migration counties
44009,Washington County,RI,Low,8,3,Gradual post-incident migration gain counties,0.9286900455932827,0.8581750069740048,0,Strong post-incident migration gain counties
45001,Abbeville County,SC,Low,17,3,Gradual post-incident migration gain counties,0.9980860963754657,0.9961948570779393,0,Strong post-incident migration gain counties
45003,Aiken County,SC,Moderate,12,3,Gradual post-incident migration gain counties,0.9997175633522963,0.9994684665848249,0,Strong post-incident migration gain counties
45007,Anderson County,SC,Moderate,18,3,Gradual post-incident migration gain counties,0.9982870779965424,0.9966165271063385,0,Strong post-incident migration gain counties
45009,Bamberg County,SC,Low,12,0,Strong post-incident migration gain counties,0.9342002125308916,0.8757620084410247,1,Spike-and-fade migration counties
45011,Barnwell County,SC,Low,16,3,Gradual post-incident migration gain counties,0.9801238142241218,0.9603529411259594,0,Strong post-incident migration gain counties
45013,Beaufort County,SC,High,19,3,Gradual post-incident migration gain counties,0.7797210923028003,0.571918744571335,0,Strong post-incident migration gain counties
45015,Berkeley County,SC,High,22,0,Strong post-incident migration gain counties,0.7431743793326882,0.4930472171471983,3,Gradual post-incident migration gain counties
45019,Charleston County,SC,High,20,3,Gradual post-incident migration gain counties,0.6309654344153109,0.29989947218493385,0,Strong post-incident migration gain counties
45021,Cherokee County,SC,Low,13,3,Gradual post-incident migration gain counties,0.998503952200901,0.9970362947389292,0,Strong post-incident migration gain counties
45023,Chester County,SC,Low,16,3,Gradual post-incident migration gain counties,0.935875510521059,0.8720042225238162,0,Strong post-incident migration gain counties
45025,Chesterfield County,SC,Low,18,2,Volatile migration counties,0.999999999999952,0.999999999999904,3,Gradual post-incident migration gain counties
45027,Clarendon County,SC,Low,15,3,Gradual post-incident migration gain counties,0.9874253871036813,0.9749878657011931,0,Strong post-incident migration gain counties
45029,Colleton County,SC,Moderate,22,3,Gradual post-incident migration gain counties,0.5621634864789955,0.1271820474117818,0,Strong post-incident migration gain counties
45031,Darlington County,SC,Low,18,3,Gradual post-incident migration gain counties,0.9999362240199996,0.9998893191761744,2,Volatile migration counties
45033,Dillon County,SC,Moderate,19,3,Gradual post-incident migration gain counties,0.9982414113766541,0.9965198694002626,0,Strong post-incident migration gain counties
45035,Dorchester County,SC,Moderate,21,3,Gradual post-incident migration gain counties,0.9962787239087573,0.9927666235818072,0,Strong post-incident migration gain counties
45037,Edgefield County,SC,Very Low,11,0,Strong post-incident migration gain counties,0.832252185315892,0.6657040796959832,1,Spike-and-fade migration counties
45041,Florence County,SC,Moderate,18,2,Volatile migration counties,0.9999999999999414,0.9999999999998822,3,Gradual post-incident migration gain counties
45043,Georgetown County,SC,Moderate,22,3,Gradual post-incident migration gain counties,0.9980004502857667,0.9960444383855996,0,Strong post-incident migration gain counties
45045,Greenville County,SC,Moderate,19,3,Gradual post-incident migration gain counties,0.99967551961295,0.9993532787117203,2,Volatile migration counties
45047,Greenwood County,SC,Low,17,3,Gradual post-incident migration gain counties,0.9626182653127819,0.9254306548023334,0,Strong post-incident migration gain counties
45049,Hampton County,SC,Low,3,1,Spike-and-fade migration counties,0.9140090913267813,0.8401996098178109,2,Volatile migration counties
45051,Horry County,SC,High,21,2,Volatile migration counties,0.9999741860483836,0.9999593559505714,0,Strong post-incident migration gain counties
45053,Jasper County,SC,Low,19,0,Strong post-incident migration gain counties,0.9939856946569102,0.989972752571051,1,Spike-and-fade migration counties
45057,Lancaster County,SC,Low,17,2,Volatile migration counties,1.0,1.0,1,Spike-and-fade migration counties
45059,Laurens County,SC,Low,17,3,Gradual post-incident migration gain counties,0.9307015052842489,0.861603077060662,0,Strong post-incident migration gain counties
45061,Lee County,SC,Very Low,3,3,Gradual post-incident migration gain counties,0.8393997918471868,0.6791979314290744,0,Strong post-incident migration gain counties
45065,McCormick County,SC,Very Low,11,0,Strong post-incident migration gain counties,0.9973970993793289,0.9956303337506012,2,Volatile migration counties
45067,Marion County,SC,Low,19,3,Gradual post-incident migration gain counties,0.9712140285157875,0.9434517767563145,0,Strong post-incident migration gain counties
45069,Marlboro County,SC,Low,19,3,Gradual post-incident migration gain counties,0.9995225855214674,0.9991337251163181,2,Volatile migration counties
45071,Newberry County,SC,Low,12,3,Gradual post-incident migration gain counties,0.9994739299564345,0.9989918809326267,0,Strong post-incident migration gain counties
45073,Oconee County,SC,Moderate,18,3,Gradual post-incident migration gain counties,0.6223768979823053,0.24631450375528868,0,Strong post-incident migration gain counties
45075,Orangeburg County,SC,Moderate,21,3,Gradual post-incident migration gain counties,0.999836988331462,0.9997543364062337,0,Strong post-incident migration gain counties
45077,Pickens County,SC,Low,19,3,Gradual post-incident migration gain counties,0.9235246426655056,0.8473938596043402,0,Strong post-incident migration gain counties
45083,Spartanburg County,SC,Moderate,18,0,Strong post-incident migration gain counties,0.9839334685038433,0.9758721492493343,1,Spike-and-fade migration counties
45085,Sumter County,SC,Moderate,20,3,Gradual post-incident migration gain counties,0.999749777320338,0.9995379196829973,0,Strong post-incident migration gain counties
45087,Union County,SC,Low,11,3,Gradual post-incident migration gain counties,0.9955481352937552,0.9911252165908292,0,Strong post-incident migration gain counties
45089,Williamsburg County,SC,Moderate,9,0,Strong post-incident migration gain counties,0.9770683015847612,0.9581444503244166,3,Gradual post-incident migration gain counties
45091,York County,SC,Moderate,15,3,Gradual post-incident migration gain counties,0.999622614815285,0.9993162916386515,2,Volatile migration counties
46005,Beadle County,SD,Low,25,1,Spike-and-fade migration counties,0.9888697779185905,0.9789657790348214,2,Volatile migration counties
46013,Brown County,SD,Low,29,1,Spike-and-fade migration counties,0.7405692527142853,0.48980945222254263,0,Strong post-incident migration gain counties
46019,Butte County,SD,Very Low,23,0,Strong post-incident migration gain counties,0.9979760264635336,0.9968663362926771,2,Volatile migration counties
46027,Clay County,SD,Very Low,4,1,Spike-and-fade migration counties,0.9548704304471736,0.9097430293918113,2,Volatile migration counties
46029,Codington County,SD,Low,24,0,Strong post-incident migration gain counties,0.9609332338687959,0.930774619969082,1,Spike-and-fade migration counties
46033,Custer County,SD,Very Low,21,2,Volatile migration counties,0.9999677634145978,0.9999355273404096,0,Strong post-incident migration gain counties
46035,Davison County,SD,Very Low,29,3,Gradual post-incident migration gain counties,0.9175171899484594,0.8358459832517826,0,Strong post-incident migration gain counties
46047,Fall River County,SD,Very Low,18,2,Volatile migration counties,1.0,1.0,1,Spike-and-fade migration counties
46065,Hughes County,SD,Very Low,25,0,Strong post-incident migration gain counties,0.7784088184146256,0.5644431333753047,1,Spike-and-fade migration counties
46079,Lake County,SD,Very Low,24,2,Volatile migration counties,0.99999999980297,0.9999999996059401,1,Spike-and-fade migration counties
46081,Lawrence County,SD,Low,20,0,Strong post-incident migration gain counties,0.9164076779116749,0.8402822368920169,1,Spike-and-fade migration counties
46083,Lincoln County,SD,Low,32,3,Gradual post-incident migration gain counties,0.6387665279353233,0.2964227899159841,0,Strong post-incident migration gain counties
46093,Meade County,SD,Low,22,1,Spike-and-fade migration counties,0.8688471050759673,0.7696401021790221,0,Strong post-incident migration gain counties
46099,Minnehaha County,SD,Moderate,32,3,Gradual post-incident migration gain counties,0.9901021456037307,0.9803340709272884,0,Strong post-incident migration gain counties
46103,Pennington County,SD,Low,24,0,Strong post-incident migration gain counties,0.9700015392561272,0.9418545422295408,3,Gradual post-incident migration gain counties
46125,Turner County,SD,Very Low,28,1,Spike-and-fade migration counties,0.9520281156423874,0.9090641770871398,0,Strong post-incident migration gain counties
46127,Union County,SD,Very Low,25,1,Spike-and-fade migration counties,0.9967131160846059,0.9936634304906856,2,Volatile migration counties
46135,Yankton County,SD,Low,29,3,Gradual post-incident migration gain counties,0.7876361055325453,0.5760957806968626,0,Strong post-incident migration gain counties
47001,Anderson County,TN,Low,3,3,Gradual post-incident migration gain counties,0.9953647725023893,0.9907621419260172,0,Strong post-incident migration gain counties
47003,Bedford County,TN,Low,3,0,Strong post-incident migration gain counties,0.8940996199745913,0.7904822354733968,3,Gradual post-incident migration gain counties
47005,Benton County,TN,Very Low,4,0,Strong post-incident migration gain counties,0.9340287205664718,0.8781095501658829,1,Spike-and-fade migration counties
47007,Bledsoe County,TN,Very Low,4,2,Volatile migration counties,1.0,1.0,1,Spike-and-fade migration counties
47009,Blount County,TN,Low,4,3,Gradual post-incident migration gain counties,0.9125740331006209,0.8254941280722647,0,Strong post-incident migration gain counties
47011,Bradley County,TN,Low,1,0,Strong post-incident migration gain counties,0.7488124591116564,0.5217359100803047,1,Spike-and-fade migration counties
47013,Campbell County,TN,Low,5,0,Strong post-incident migration gain counties,0.7233523883556026,0.45097637207036806,3,Gradual post-incident migration gain counties
47015,Cannon County,TN,Very Low,3,0,Strong post-incident migration gain counties,0.6556782462579993,0.3157613907605961,1,Spike-and-fade migration counties
47017,Carroll County,TN,Low,3,0,Strong post-incident migration gain counties,0.9326148146758777,0.8660270340053468,1,Spike-and-fade migration counties
47019,Carter County,TN,Low,1,3,Gradual post-incident migration gain counties,0.6907566054656744,0.3996644031387295,0,Strong post-incident migration gain counties
47021,Cheatham County,TN,Low,6,3,Gradual post-incident migration gain counties,0.9068994426457022,0.8151091045211978,0,Strong post-incident migration gain counties
47025,Claiborne County,TN,Low,4,0,Strong post-incident migration gain counties,0.9004175424406139,0.8084482524474239,3,Gradual post-incident migration gain counties
47027,Clay County,TN,Very Low,1,1,Spike-and-fade migration counties,0.9903812913297974,0.9818895923889069,2,Volatile migration counties
47029,Cocke County,TN,Low,3,0,Strong post-incident migration gain counties,0.9681365325410463,0.9440218092687225,3,Gradual post-incident migration gain counties
47031,Coffee County,TN,Low,5,3,Gradual post-incident migration gain counties,0.9998532342307761,0.9997172305589915,2,Volatile migration counties
47033,Crockett County,TN,Low,2,0,Strong post-incident migration gain counties,0.5686436779809355,0.15165505141727942,3,Gradual post-incident migration gain counties
47035,Cumberland County,TN,Low,3,3,Gradual post-incident migration gain counties,0.9954534700768634,0.9914215578816981,2,Volatile migration counties
47037,Davidson County,TN,High,9,0,Strong post-incident migration gain counties,0.9983853357396516,0.9976579488929573,2,Volatile migration counties
47039,Decatur County,TN,Very Low,7,0,Strong post-incident migration gain counties,0.9856873451542134,0.9773561681929906,1,Spike-and-fade migration counties
47041,DeKalb County,TN,Very Low,3,0,Strong post-incident migration gain counties,0.948121398737362,0.900771697345591,1,Spike-and-fade migration counties
47043,Dickson County,TN,Low,7,3,Gradual post-incident migration gain counties,0.969882614584931,0.9399771267815347,0,Strong post-incident migration gain counties
47045,Dyer County,TN,Moderate,4,0,Strong post-incident migration gain counties,0.687352275880958,0.37603844066651787,3,Gradual post-incident migration gain counties
47047,Fayette County,TN,Low,5,3,Gradual post-incident migration gain counties,0.9610552400636163,0.9224200232786148,0,Strong post-incident migration gain counties
47049,Fentress County,TN,Very Low,5,0,Strong post-incident migration gain counties,0.9285652130897013,0.8637509876714553,3,Gradual post-incident migration gain counties
47053,Gibson County,TN,Moderate,5,3,Gradual post-incident migration gain counties,0.8692383513737888,0.7415537923578546,0,Strong post-incident migration gain counties
47055,Giles County,TN,Low,5,0,Strong post-incident migration gain counties,0.9510665315116457,0.9037217665945945,3,Gradual post-incident migration gain counties
47057,Grainger County,TN,Very Low,3,0,Strong post-incident migration gain counties,0.938935409039163,0.9004070059698892,1,Spike-and-fade migration counties
47059,Greene County,TN,Low,2,0,Strong post-incident migration gain counties,0.6104858452892182,0.2231117573608521,1,Spike-and-fade migration counties
47061,Grundy County,TN,Very Low,2,1,Spike-and-fade migration counties,0.6916141556968189,0.38511226679860605,0,Strong post-incident migration gain counties
47063,Hamblen County,TN,Low,2,3,Gradual post-incident migration gain counties,0.9989492312202838,0.9979201270932794,0,Strong post-incident migration gain counties
47069,Hardeman County,TN,Low,3,0,Strong post-incident migration gain counties,0.7626918554658197,0.5405414060912059,1,Spike-and-fade migration counties
47071,Hardin County,TN,Low,6,3,Gradual post-incident migration gain counties,0.99375603943132,0.9875768413858684,0,Strong post-incident migration gain counties
47073,Hawkins County,TN,Low,1,0,Strong post-incident migration gain counties,0.9894782625314359,0.9804423790607765,2,Volatile migration counties
47075,Haywood County,TN,Low,3,0,Strong post-incident migration gain counties,0.8043240997577694,0.6198883255643235,1,Spike-and-fade migration counties
47077,Henderson County,TN,Low,6,3,Gradual post-incident migration gain counties,0.9692267113957184,0.9385523509080935,0,Strong post-incident migration gain counties
47079,Henry County,TN,Moderate,4,1,Spike-and-fade migration counties,0.8951169433564693,0.7924802159696167,0,Strong post-incident migration gain counties
47081,Hickman County,TN,Low,7,0,Strong post-incident migration gain counties,0.9954329255076126,0.9926773781755136,2,Volatile migration counties
47083,Houston County,TN,Very Low,5,1,Spike-and-fade migration counties,0.9923481448290773,0.9869007628100872,2,Volatile migration counties
47085,Humphreys County,TN,Low,5,0,Strong post-incident migration gain counties,0.8804774170489391,0.7671722858289678,3,Gradual post-incident migration gain counties
47087,Jackson County,TN,Very Low,5,0,Strong post-incident migration gain counties,0.9463057680548117,0.9062368019509751,3,Gradual post-incident migration gain counties
47089,Jefferson County,TN,Low,4,0,Strong post-incident migration gain counties,0.6382452220696904,0.28327369256971663,3,Gradual post-incident migration gain counties
47091,Johnson County,TN,Very Low,2,0,Strong post-incident migration gain counties,0.95984376482303,0.9202687556168815,1,Spike-and-fade migration counties
47093,Knox County,TN,Moderate,5,3,Gradual post-incident migration gain counties,0.7783364859132227,0.5617383440841998,0,Strong post-incident migration gain counties
47097,Lauderdale County,TN,Low,3,1,Spike-and-fade migration counties,0.9676884511983651,0.9512482242173593,0,Strong post-incident migration gain counties
47099,Lawrence County,TN,Low,5,3,Gradual post-incident migration gain counties,0.9811601737683234,0.962443271290164,0,Strong post-incident migration gain counties
47101,Lewis County,TN,Very Low,5,3,Gradual post-incident migration gain counties,0.9163490745557594,0.8342278473004158,0,Strong post-incident migration gain counties
47103,Lincoln County,TN,Low,1,0,Strong post-incident migration gain counties,0.8749633621801799,0.8043107589395682,3,Gradual post-incident migration gain counties
47105,Loudon County,TN,Low,4,0,Strong post-incident migration gain counties,0.9172635362935164,0.851123089685586,1,Spike-and-fade migration counties
47107,McMinn County,TN,Low,1,0,Strong post-incident migration gain counties,0.648778909441055,0.30006214573864154,1,Spike-and-fade migration counties
47109,McNairy County,TN,Low,6,3,Gradual post-incident migration gain counties,0.9877196195773271,0.9755123664163399,0,Strong post-incident migration gain counties
47111,Macon County,TN,Very Low,2,1,Spike-and-fade migration counties,0.9927410214426121,0.985925650518739,2,Volatile migration counties
47113,Madison County,TN,Moderate,3,0,Strong post-incident migration gain counties,0.8634426017957827,0.7358665698136831,3,Gradual post-incident migration gain counties
47117,Marshall County,TN,Low,2,0,Strong post-incident migration gain counties,0.9931139274893656,0.9893321194174642,2,Volatile migration counties
47119,Maury County,TN,Low,3,3,Gradual post-incident migration gain counties,0.982457552243297,0.9654117398868791,0,Strong post-incident migration gain counties
47121,Meigs County,TN,Very Low,3,1,Spike-and-fade migration counties,0.9889605251149822,0.9781353150535848,2,Volatile migration counties
47123,Monroe County,TN,Low,3,0,Strong post-incident migration gain counties,0.853207529250898,0.7094727688940731,1,Spike-and-fade migration counties
47125,Montgomery County,TN,Moderate,3,1,Spike-and-fade migration counties,0.9052257324592163,0.8104514677336719,2,Volatile migration counties
47127,Moore County,TN,Very Low,1,2,Volatile migration counties,1.0,1.0,1,Spike-and-fade migration counties
47129,Morgan County,TN,Very Low,4,1,Spike-and-fade migration counties,0.9911625911647168,0.9823273619303423,2,Volatile migration counties
47131,Obion County,TN,Moderate,5,3,Gradual post-incident migration gain counties,0.9990406455859695,0.9980974276606216,0,Strong post-incident migration gain counties
47133,Overton County,TN,Very Low,4,0,Strong post-incident migration gain counties,0.9939827193345595,0.9901793021185678,3,Gradual post-incident migration gain counties
47137,Pickett County,TN,Very Low,3,0,Strong post-incident migration gain counties,0.7330934553447278,0.5326125229340236,1,Spike-and-fade migration counties
47139,Polk County,TN,Very Low,2,1,Spike-and-fade migration counties,0.9876288975735534,0.9779708593130553,0,Strong post-incident migration gain counties
47141,Putnam County,TN,Low,5,0,Strong post-incident migration gain counties,0.8710726556942091,0.7510217825092927,3,Gradual post-incident migration gain counties
47143,Rhea County,TN,Low,5,1,Spike-and-fade migration counties,0.8674487759269726,0.739739476336117,0,Strong post-incident migration gain counties
47145,Roane County,TN,Low,5,3,Gradual post-incident migration gain counties,0.6893813759566491,0.3803832416269529,0,Strong post-incident migration gain counties
47147,Robertson County,TN,Low,3,3,Gradual post-incident migration gain counties,0.7836982896115832,0.5766294639231926,0,Strong post-incident migration gain counties
47149,Rutherford County,TN,Moderate,1,1,Spike-and-fade migration counties,0.9343856114278586,0.8687712333679594,2,Volatile migration counties
47151,Scott County,TN,Very Low,3,0,Strong post-incident migration gain counties,0.9758238090671307,0.9568263053153825,3,Gradual post-incident migration gain counties
47155,Sevier County,TN,Low,5,3,Gradual post-incident migration gain counties,0.9660606973385213,0.9331947307246742,0,Strong post-incident migration gain counties
47157,Shelby County,TN,High,7,3,Gradual post-incident migration gain counties,0.9994557200933072,0.9989805748368,0,Strong post-incident migration gain counties
47159,Smith County,TN,Very Low,5,3,Gradual post-incident migration gain counties,0.9830114083770651,0.9663038596641257,0,Strong post-incident migration gain counties
47161,Stewart County,TN,Very Low,4,0,Strong post-incident migration gain counties,0.7586800821533971,0.522538489875839,1,Spike-and-fade migration counties
47165,Sumner County,TN,Moderate,3,3,Gradual post-incident migration gain counties,0.6947724029023482,0.39818346651831843,0,Strong post-incident migration gain counties
47167,Tipton County,TN,Moderate,8,1,Spike-and-fade migration counties,0.8311906880738403,0.6689698431171278,0,Strong post-incident migration gain counties
47171,Unicoi County,TN,Very Low,2,1,Spike-and-fade migration counties,0.9624615854126265,0.9425371427313097,0,Strong post-incident migration gain counties
47173,Union County,TN,Very Low,1,3,Gradual post-incident migration gain counties,0.9250962815699786,0.8506802966660113,0,Strong post-incident migration gain counties
47175,Van Buren County,TN,Very Low,2,0,Strong post-incident migration gain counties,0.9060367700240851,0.8177300497363569,2,Volatile migration counties
47177,Warren County,TN,Low,2,3,Gradual post-incident migration gain counties,0.5116492334691335,0.02449211778153476,0,Strong post-incident migration gain counties
47179,Washington County,TN,Low,2,0,Strong post-incident migration gain counties,0.958178139531281,0.9169278197082462,1,Spike-and-fade migration counties
47181,Wayne County,TN,Low,5,2,Volatile migration counties,0.9998711767701066,0.9997423564442175,0,Strong post-incident migration gain counties
47183,Weakley County,TN,Low,5,3,Gradual post-incident migration gain counties,0.7923651263160411,0.5860595243972964,0,Strong post-incident migration gain counties
47185,White County,TN,Very Low,2,0,Strong post-incident migration gain counties,0.8481619787534532,0.6978297623924258,1,Spike-and-fade migration counties
47187,Williamson County,TN,Moderate,1,1,Spike-and-fade migration counties,0.9688656002225022,0.9377313912421379,2,Volatile migration counties
47189,Wilson County,TN,Low,3,0,Strong post-incident migration gain counties,0.938961009839509,0.88650201917188,1,Spike-and-fade migration counties
48001,Anderson County,TX,Low,5,0,Strong post-incident migration gain counties,0.9975057756165043,0.9961624088041235,1,Spike-and-fade migration counties
48003,Andrews County,TX,Very Low,2,2,Volatile migration counties,1.0,1.0,1,Spike-and-fade migration counties
48005,Angelina County,TX,Low,5,0,Strong post-incident migration gain counties,0.7277987292507915,0.4625653514248785,3,Gradual post-incident migration gain counties
48007,Aransas County,TX,Low,6,0,Strong post-incident migration gain counties,0.9382781785465723,0.8890493142454929,1,Spike-and-fade migration counties
48009,Archer County,TX,Very Low,3,0,Strong post-incident migration gain counties,0.9719547343405678,0.9460822938592696,1,Spike-and-fade migration counties
48013,Atascosa County,TX,Low,3,3,Gradual post-incident migration gain counties,0.88450202515364,0.7694455159421077,0,Strong post-incident migration gain counties
48015,Austin County,TX,Low,6,3,Gradual post-incident migration gain counties,0.8960396538980886,0.7925151744839365,0,Strong post-incident migration gain counties
48019,Bandera County,TX,Low,3,1,Spike-and-fade migration counties,0.9626177912145126,0.9291403143970239,2,Volatile migration counties
48021,Bastrop County,TX,Moderate,9,0,Strong post-incident migration gain counties,0.7846020395019488,0.5727298616943964,1,Spike-and-fade migration counties
48025,Bee County,TX,Low,4,0,Strong post-incident migration gain counties,0.9711201569408253,0.9464890760182538,1,Spike-and-fade migration counties
48027,Bell County,TX,Moderate,2,1,Spike-and-fade migration counties,0.7623811776581103,0.5274712040454984,0,Strong post-incident migration gain counties
48029,Bexar County,TX,High,6,3,Gradual post-incident migration gain counties,0.9994205008870671,0.9988953289922288,0,Strong post-incident migration gain counties
48031,Blanco County,TX,Very Low,4,2,Volatile migration counties,0.9999999999989839,0.9999999999979685,1,Spike-and-fade migration counties
48035,Bosque County,TX,Very Low,1,1,Spike-and-fade migration counties,0.9748762887785487,0.9497526063584186,2,Volatile migration counties
48037,Bowie County,TX,Low,3,3,Gradual post-incident migration gain counties,0.9990431993298675,0.9981192677100204,0,Strong post-incident migration gain counties
48039,Brazoria County,TX,Moderate,9,3,Gradual post-incident migration gain counties,0.9742088240616266,0.9485839293203542,0,Strong post-incident migration gain counties
48041,Brazos County,TX,Moderate,3,1,Spike-and-fade migration counties,0.9643361932697769,0.9324673924894157,0,Strong post-incident migration gain counties
48043,Brewster County,TX,Very Low,2,2,Volatile migration counties,0.9998300169124035,0.9996600354120534,0,Strong post-incident migration gain counties
48049,Brown County,TX,Low,6,1,Spike-and-fade migration counties,0.5083758188906213,0.01948950826840934,0,Strong post-incident migration gain counties
48051,Burleson County,TX,Very Low,5,0,Strong post-incident migration gain counties,0.9401299625556642,0.8835721125464356,1,Spike-and-fade migration counties
48053,Burnet County,TX,Low,5,0,Strong post-incident migration gain counties,0.9857654904248617,0.9804291066784052,3,Gradual post-incident migration gain counties
48055,Caldwell County,TX,Low,7,0,Strong post-incident migration gain counties,0.9965323433224321,0.9944179821774403,1,Spike-and-fade migration counties
48057,Calhoun County,TX,Low,5,0,Strong post-incident migration gain counties,0.9762457441034407,0.9571966072429211,3,Gradual post-incident migration gain counties
48059,Callahan County,TX,Very Low,6,1,Spike-and-fade migration counties,0.8940369629565366,0.7917114617405765,0,Strong post-incident migration gain counties
48061,Cameron County,TX,High,7,0,Strong post-incident migration gain counties,0.7937857381080495,0.5927292581469544,3,Gradual post-incident migration gain counties
48063,Camp County,TX,Very Low,3,0,Strong post-incident migration gain counties,0.8281231364868625,0.6658175090803632,1,Spike-and-fade migration counties
48067,Cass County,TX,Low,3,0,Strong post-incident migration gain counties,0.9498386027401254,0.9179772494115187,1,Spike-and-fade migration counties
48071,Chambers County,TX,Low,5,2,Volatile migration counties,1.0,1.0,1,Spike-and-fade migration counties
48073,Cherokee County,TX,Low,5,0,Strong post-incident migration gain counties,0.9794949226679758,0.9633978772889088,1,Spike-and-fade migration counties
48077,Clay County,TX,Very Low,2,0,Strong post-incident migration gain counties,0.847951170792765,0.7018431756840653,1,Spike-and-fade migration counties
48083,Coleman County,TX,Very Low,2,2,Volatile migration counties,0.999999980060956,0.9999999601219124,1,Spike-and-fade migration counties
48085,Collin County,TX,High,2,1,Spike-and-fade migration counties,0.9320447250761598,0.8966495171045954,2,Volatile migration counties
48089,Colorado County,TX,Low,5,3,Gradual post-incident migration gain counties,0.9352790318671413,0.8707864669453904,0,Strong post-incident migration gain counties
48091,Comal County,TX,Moderate,6,2,Volatile migration counties,0.9999202843685457,0.9998462466565644,0,Strong post-incident migration gain counties
48093,Comanche County,TX,Low,5,0,Strong post-incident migration gain counties,0.9463615621092155,0.9192821211215211,3,Gradual post-incident migration gain counties
48097,Cooke County,TX,Low,3,0,Strong post-incident migration gain counties,0.994443010942937,0.9909497364977801,3,Gradual post-incident migration gain counties
48099,Coryell County,TX,Low,5,0,Strong post-incident migration gain counties,0.99367231188612,0.9896542814532863,3,Gradual post-incident migration gain counties
48113,Dallas County,TX,Very High,7,3,Gradual post-incident migration gain counties,0.9885614061724801,0.9772729727437567,0,Strong post-incident migration gain counties
48119,Delta County,TX,Very Low,2,2,Volatile migration counties,1.0,0.9999999999999999,1,Spike-and-fade migration counties
48121,Denton County,TX,High,3,3,Gradual post-incident migration gain counties,0.9320452714264605,0.8667111415327421,0,Strong post-incident migration gain counties
48123,DeWitt County,TX,Moderate,2,2,Volatile migration counties,0.999344285422985,0.99868857266581,0,Strong post-incident migration gain counties
48133,Eastland County,TX,Very Low,6,0,Strong post-incident migration gain counties,0.984517873126096,0.973414199361818,1,Spike-and-fade migration counties
48135,Ector County,TX,Moderate,2,2,Volatile migration counties,1.0,1.0,1,Spike-and-fade migration counties
48139,Ellis County,TX,Moderate,5,2,Volatile migration counties,0.9999999999999982,0.999999999999997,1,Spike-and-fade migration counties
48141,El Paso County,TX,High,2,3,Gradual post-incident migration gain counties,0.9688880003103505,0.9379191919469546,0,Strong post-incident migration gain counties
48143,Erath County,TX,Low,5,0,Strong post-incident migration gain counties,0.8340162870011725,0.6918503202547853,3,Gradual post-incident migration gain counties
48145,Falls County,TX,Very Low,1,2,Volatile migration counties,0.9999999973595273,0.9999999947190542,1,Spike-and-fade migration counties
48147,Fannin County,TX,Low,4,0,Strong post-incident migration gain counties,0.9948846027578694,0.9906749848194653,1,Spike-and-fade migration counties
48149,Fayette County,TX,Low,6,0,Strong post-incident migration gain counties,0.5939860776238167,0.18909278204571084,3,Gradual post-incident migration gain counties
48157,Fort Bend County,TX,High,9,3,Gradual post-incident migration gain counties,0.9667567798337916,0.9369379459786777,0,Strong post-incident migration gain counties
48159,Franklin County,TX,Very Low,6,0,Strong post-incident migration gain counties,0.9726488123342505,0.9459153707205907,1,Spike-and-fade migration counties
48165,Gaines County,TX,Low,2,2,Volatile migration counties,0.9985826398958023,0.9971652797916055,1,Spike-and-fade migration counties
48167,Galveston County,TX,High,8,3,Gradual post-incident migration gain counties,0.7583217727820365,0.5278856718039986,0,Strong post-incident migration gain counties
48171,Gillespie County,TX,Low,4,1,Spike-and-fade migration counties,0.7671347654950023,0.5372455667509433,0,Strong post-incident migration gain counties
48177,Gonzales County,TX,Moderate,4,1,Spike-and-fade migration counties,0.9878691519522149,0.9776004492590894,0,Strong post-incident migration gain counties
48179,Gray County,TX,Low,3,0,Strong post-incident migration gain counties,0.8323866419441158,0.7403320327895142,2,Volatile migration counties
48181,Grayson County,TX,Low,3,0,Strong post-incident migration gain counties,0.6924158623769688,0.3912198989199032,1,Spike-and-fade migration counties
48183,Gregg County,TX,Moderate,3,0,Strong post-incident migration gain counties,0.9764472335419545,0.9563147426515456,1,Spike-and-fade migration counties
48185,Grimes County,TX,Low,7,0,Strong post-incident migration gain counties,0.9899406324652743,0.9811488043803848,1,Spike-and-fade migration counties
48187,Guadalupe County,TX,Moderate,5,0,Strong post-incident migration gain counties,0.9828617055282262,0.9695131298882022,3,Gradual post-incident migration gain counties
48189,Hale County,TX,Low,2,0,Strong post-incident migration gain counties,0.9866474328799607,0.9779031852680987,1,Spike-and-fade migration counties
48193,Hamilton County,TX,Very Low,2,2,Volatile migration counties,1.0,1.0,1,Spike-and-fade migration counties
48199,Hardin County,TX,Low,7,0,Strong post-incident migration gain counties,0.9630852541008117,0.9412986159204195,3,Gradual post-incident migration gain counties
48201,Harris County,TX,Very High,11,0,Strong post-incident migration gain counties,0.7484836879798897,0.5117385145091878,3,Gradual post-incident migration gain counties
48203,Harrison County,TX,Low,3,0,Strong post-incident migration gain counties,0.914308669511928,0.8300067824176829,1,Spike-and-fade migration counties
48207,Haskell County,TX,Very Low,2,1,Spike-and-fade migration counties,0.7646725883452091,0.5293457116662266,2,Volatile migration counties
48209,Hays County,TX,Moderate,6,2,Volatile migration counties,0.9988074947691152,0.9977986147423072,1,Spike-and-fade migration counties
48213,Henderson County,TX,Moderate,6,0,Strong post-incident migration gain counties,0.9951648372851113,0.9922820960123272,3,Gradual post-incident migration gain counties
48215,Hidalgo County,TX,High,5,3,Gradual post-incident migration gain counties,0.9239136810112275,0.8480477438798004,0,Strong post-incident migration gain counties
48217,Hill County,TX,Low,5,0,Strong post-incident migration gain counties,0.9732405428005477,0.9478309385165603,1,Spike-and-fade migration counties
48219,Hockley County,TX,Low,2,1,Spike-and-fade migration counties,0.8993413123340875,0.8331867503535265,2,Volatile migration counties
48221,Hood County,TX,Low,7,0,Strong post-incident migration gain counties,0.9663473717158316,0.9370770530515483,1,Spike-and-fade migration counties
48223,Hopkins County,TX,Low,6,0,Strong post-incident migration gain counties,0.8950239762812836,0.8160589738454871,3,Gradual post-incident migration gain counties
48225,Houston County,TX,Low,4,3,Gradual post-incident migration gain counties,0.974964833769546,0.950014687223314,0,Strong post-incident migration gain counties
48231,Hunt County,TX,Moderate,2,2,Volatile migration counties,0.9999997108030058,0.9999994216075697,1,Spike-and-fade migration counties
48233,Hutchinson County,TX,Low,4,0,Strong post-incident migration gain counties,0.5831793135811971,0.17327939443296048,3,Gradual post-incident migration gain counties
48239,Jackson County,TX,Low,4,0,Strong post-incident migration gain counties,0.5530151799457043,0.10845297775601298,1,Spike-and-fade migration counties
48241,Jasper County,TX,Low,5,0,Strong post-incident migration gain counties,0.9640892224234061,0.9398334484352829,3,Gradual post-incident migration gain counties
48245,Jefferson County,TX,High,7,0,Strong post-incident migration gain counties,0.8161608438423016,0.6385511345816145,3,Gradual post-incident migration gain counties
48249,Jim Wells County,TX,Moderate,5,0,Strong post-incident migration gain counties,0.825271383426313,0.6628280868695294,3,Gradual post-incident migration gain counties
48251,Johnson County,TX,Moderate,3,1,Spike-and-fade migration counties,0.9058677876543171,0.8511022141539122,0,Strong post-incident migration gain counties
48253,Jones County,TX,Very Low,7,0,Strong post-incident migration gain counties,0.7461601028075696,0.4935147466246937,1,Spike-and-fade migration counties
48257,Kaufman County,TX,Low,4,2,Volatile migration counties,1.0,1.0,1,Spike-and-fade migration counties
48259,Kendall County,TX,Low,4,2,Volatile migration counties,0.9999097421938232,0.999819484538816,1,Spike-and-fade migration counties
48265,Kerr County,TX,Low,3,1,Spike-and-fade migration counties,0.991070681922359,0.9841101413640297,0,Strong post-incident migration gain counties
48273,Kleberg County,TX,Moderate,4,3,Gradual post-incident migration gain counties,0.9449052797118977,0.8904566430388119,0,Strong post-incident migration gain counties
48281,Lampasas County,TX,Very Low,2,1,Spike-and-fade migration counties,0.92361913431863,0.8778334259624372,0,Strong post-incident migration gain counties
48285,Lavaca County,TX,Low,2,1,Spike-and-fade migration counties,0.9830892014084371,0.9661794980447538,2,Volatile migration counties
48287,Lee County,TX,Very Low,4,0,Strong post-incident migration gain counties,0.7093872516724758,0.42414644863338513,3,Gradual post-incident migration gain counties
48289,Leon County,TX,Low,5,0,Strong post-incident migration gain counties,0.9625719037106086,0.9257149263021315,1,Spike-and-fade migration counties
48291,Liberty County,TX,Low,9,0,Strong post-incident migration gain counties,0.8699494308982709,0.7511263793781517,1,Spike-and-fade migration counties
48293,Limestone County,TX,Low,1,1,Spike-and-fade migration counties,0.9965712953432091,0.9931645543341271,2,Volatile migration counties
48297,Live Oak County,TX,Very Low,3,0,Strong post-incident migration gain counties,0.9797118787307141,0.9642071827527126,1,Spike-and-fade migration counties
48299,Llano County,TX,Low,3,1,Spike-and-fade migration counties,0.8997982850214645,0.7995966083682091,2,Volatile migration counties
48303,Lubbock County,TX,High,3,3,Gradual post-incident migration gain counties,0.9983680198550706,0.9967764030104636,0,Strong post-incident migration gain counties
48309,McLennan County,TX,Moderate,2,3,Gradual post-incident migration gain counties,0.9958075156908135,0.9917024923934967,0,Strong post-incident migration gain counties
48315,Marion County,TX,Very Low,3,0,Strong post-incident migration gain counties,0.9368274262351,0.9007684327011584,1,Spike-and-fade migration counties
48321,Matagorda County,TX,Low,5,0,Strong post-incident migration gain counties,0.8943043084841125,0.8218649618700025,3,Gradual post-incident migration gain counties
48323,Maverick County,TX,Low,2,0,Strong post-incident migration gain counties,0.5555711022991483,0.11428957488308983,3,Gradual post-incident migration gain counties
48325,Medina County,TX,Low,2,1,Spike-and-fade migration counties,0.9708516071901129,0.949351996028524,2,Volatile migration counties
48329,Midland County,TX,Moderate,2,2,Volatile migration counties,1.0,1.0,1,Spike-and-fade migration counties
48331,Milam County,TX,Low,6,1,Spike-and-fade migration counties,0.9707293373281785,0.945352667069851,0,Strong post-incident migration gain counties
48337,Montague County,TX,Low,3,1,Spike-and-fade migration counties,0.9821223547002089,0.9656374451716763,2,Volatile migration counties
48339,Montgomery County,TX,High,9,3,Gradual post-incident migration gain counties,0.8036785781992488,0.6107888018825738,0,Strong post-incident migration gain counties
48343,Morris County,TX,Very Low,3,0,Strong post-incident migration gain counties,0.9730077212003002,0.9529002611999856,1,Spike-and-fade migration counties
48347,Nacogdoches County,TX,Low,4,0,Strong post-incident migration gain counties,0.9867965680827122,0.975933366054869,1,Spike-and-fade migration counties
48349,Navarro County,TX,Low,6,0,Strong post-incident migration gain counties,0.9812762493823514,0.963252170836766,1,Spike-and-fade migration counties
48353,Nolan County,TX,Very Low,2,1,Spike-and-fade migration counties,0.9874683051371091,0.9750082056839114,2,Volatile migration counties
48361,Orange County,TX,Moderate,10,0,Strong post-incident migration gain counties,0.9844008032853401,0.9714132737331002,3,Gradual post-incident migration gain counties
48363,Palo Pinto County,TX,Low,4,0,Strong post-incident migration gain counties,0.6293432381330856,0.26016960858572974,1,Spike-and-fade migration counties
48365,Panola County,TX,Low,3,0,Strong post-incident migration gain counties,0.9325486790278927,0.8664571346810855,1,Spike-and-fade migration counties
48367,Parker County,TX,Moderate,6,0,Strong post-incident migration gain counties,0.6611571081208902,0.34078417300961306,1,Spike-and-fade migration counties
48375,Potter County,TX,Moderate,2,0,Strong post-incident migration gain counties,0.9031154259590332,0.8118544031432056,2,Volatile migration counties
48379,Rains County,TX,Very Low,2,2,Volatile migration counties,0.99995299384691,0.9999059876938199,1,Spike-and-fade migration counties
48381,Randall County,TX,Moderate,2,0,Strong post-incident migration gain counties,0.6937514937814221,0.3904423835541527,1,Spike-and-fade migration counties
48395,Robertson County,TX,Very Low,3,1,Spike-and-fade migration counties,0.9824664561837056,0.9705707087543186,0,Strong post-incident migration gain counties
48397,Rockwall County,TX,Low,3,2,Volatile migration counties,0.9988985347683674,0.9980970462597911,0,Strong post-incident migration gain counties
48399,Runnels County,TX,Very Low,2,1,Spike-and-fade migration counties,0.9946482864265512,0.9903286978444393,2,Volatile migration counties
48401,Rusk County,TX,Low,4,0,Strong post-incident migration gain counties,0.9965057473143911,0.9944613031908053,1,Spike-and-fade migration counties
48407,San Jacinto County,TX,Low,8,0,Strong post-incident migration gain counties,0.9839018816605244,0.9685668167534475,1,Spike-and-fade migration counties
48423,Smith County,TX,Moderate,5,3,Gradual post-incident migration gain counties,0.7952992475504383,0.5920458232680182,0,Strong post-incident migration gain counties
48425,Somervell County,TX,Very Low,5,1,Spike-and-fade migration counties,0.9878705366362809,0.9789742313272444,2,Volatile migration counties
48427,Starr County,TX,Moderate,3,3,Gradual post-incident migration gain counties,0.9997527419402366,0.9996070201184207,0,Strong post-incident migration gain counties
48429,Stephens County,TX,Very Low,2,2,Volatile migration counties,0.9999998729475276,0.9999997458950565,1,Spike-and-fade migration counties
48439,Tarrant County,TX,High,5,3,Gradual post-incident migration gain counties,0.9996342024560378,0.9993027525405771,0,Strong post-incident migration gain counties
48441,Taylor County,TX,Moderate,3,0,Strong post-incident migration gain counties,0.9587333546784107,0.9334812260119624,3,Gradual post-incident migration gain counties
48449,Titus County,TX,Low,4,3,Gradual post-incident migration gain counties,0.9668222757081033,0.9339088377841003,0,Strong post-incident migration gain counties
48451,Tom Green County,TX,Low,3,1,Spike-and-fade migration counties,0.9852347066351952,0.9776707266975643,0,Strong post-incident migration gain counties
48453,Travis County,TX,High,10,0,Strong post-incident migration gain counties,0.520271309464648,0.13303575224450537,3,Gradual post-incident migration gain counties
48457,Tyler County,TX,Low,7,0,Strong post-incident migration gain counties,0.5924818627668831,0.18629907674263418,1,Spike-and-fade migration counties
48459,Upshur County,TX,Low,4,0,Strong post-incident migration gain counties,0.9152991625955018,0.8315432757692575,1,Spike-and-fade migration counties
48463,Uvalde County,TX,Low,4,3,Gradual post-incident migration gain counties,0.9105064807552545,0.8223941526182514,0,Strong post-incident migration gain counties
48465,Val Verde County,TX,Low,3,3,Gradual post-incident migration gain counties,0.9912370513400276,0.9825957866529056,0,Strong post-incident migration gain counties
48467,Van Zandt County,TX,Low,5,1,Spike-and-fade migration counties,0.9565901804159934,0.9237785530528009,0,Strong post-incident migration gain counties
48469,Victoria County,TX,Moderate,6,3,Gradual post-incident migration gain counties,0.9948702467305847,0.9898102392304483,0,Strong post-incident migration gain counties
48471,Walker County,TX,Low,10,0,Strong post-incident migration gain counties,0.873445987687836,0.7475916059472049,1,Spike-and-fade migration counties
48473,Waller County,TX,Low,7,0,Strong post-incident migration gain counties,0.9506604163925033,0.9255148981310761,3,Gradual post-incident migration gain counties
48475,Ward County,TX,Very Low,2,2,Volatile migration counties,0.999999999998586,0.9999999999971722,1,Spike-and-fade migration counties
48477,Washington County,TX,Low,6,0,Strong post-incident migration gain counties,0.9958595177017309,0.9930900596049371,1,Spike-and-fade migration counties
48479,Webb County,TX,Moderate,3,3,Gradual post-incident migration gain counties,0.9038674436450137,0.8080223567817244,0,Strong post-incident migration gain counties
48481,Wharton County,TX,Moderate,7,0,Strong post-incident migration gain counties,0.8797889869583236,0.7771617792185879,3,Gradual post-incident migration gain counties
48485,Wichita County,TX,Moderate,3,1,Spike-and-fade migration counties,0.8031334143219585,0.6091821563683479,0,Strong post-incident migration gain counties
48491,Williamson County,TX,Moderate,4,2,Volatile migration counties,0.999999999999531,0.9999999999990625,1,Spike-and-fade migration counties
48493,Wilson County,TX,Low,4,0,Strong post-incident migration gain counties,0.9718244464764453,0.9455111307822919,1,Spike-and-fade migration counties
48497,Wise County,TX,Low,3,2,Volatile migration counties,0.7901320434578083,0.5811105646432241,1,Spike-and-fade migration counties
48499,Wood County,TX,Low,4,1,Spike-and-fade migration counties,0.9154217747832368,0.8534725339614275,0,Strong post-incident migration gain counties
48503,Young County,TX,Very Low,3,3,Gradual post-incident migration gain counties,0.5216421967811118,0.04487048291275075,0,Strong post-incident migration gain counties
49003,Box Elder County,UT,Low,1,0,Strong post-incident migration gain counties,0.9850520878586024,0.9706829943473149,1,Spike-and-fade migration counties
49005,Cache County,UT,Low,1,0,Strong post-incident migration gain counties,0.6328431264641226,0.3526212593078541,1,Spike-and-fade migration counties
49011,Davis County,UT,Moderate,4,3,Gradual post-incident migration gain counties,0.9997475432732289,0.9995034152468433,2,Volatile migration counties
49013,Duchesne County,UT,Very Low,1,2,Volatile migration counties,0.9999999999913864,0.999999999982772,1,Spike-and-fade migration counties
49021,Iron County,UT,Low,2,2,Volatile migration counties,0.8768621856239991,0.7537299074069503,1,Spike-and-fade migration counties
49027,Millard County,UT,Very Low,1,0,Strong post-incident migration gain counties,0.9973629061397937,0.9963196028127593,1,Spike-and-fade migration counties
49029,Morgan County,UT,Very Low,2,0,Strong post-incident migration gain counties,0.8400604862637091,0.6814975502897831,1,Spike-and-fade migration counties
49035,Salt Lake County,UT,High,3,0,Strong post-incident migration gain counties,0.8464979594685739,0.6987418056585617,3,Gradual post-incident migration gain counties
49039,Sanpete County,UT,Very Low,2,1,Spike-and-fade migration counties,0.8334625774630395,0.7388566805528407,0,Strong post-incident migration gain counties
49043,Summit County,UT,Low,2,1,Spike-and-fade migration counties,0.9922150370162158,0.984474072733148,2,Volatile migration counties
49045,Tooele County,UT,Low,1,0,Strong post-incident migration gain counties,0.9661276589555379,0.944445034564882,2,Volatile migration counties
49049,Utah County,UT,High,4,1,Spike-and-fade migration counties,0.6536759753863223,0.31168981776068583,0,Strong post-incident migration gain counties
49051,Wasatch County,UT,Very Low,2,2,Volatile migration counties,0.759708853850189,0.5194180731116805,1,Spike-and-fade migration counties
49053,Washington County,UT,Moderate,2,2,Volatile migration counties,0.9999999999997549,0.999999999999509,1,Spike-and-fade migration counties
49057,Weber County,UT,Moderate,2,3,Gradual post-incident migration gain counties,0.993375518273092,0.9868685933117947,0,Strong post-incident migration gain counties
50001,Addison County,VT,Very Low,9,3,Gradual post-incident migration gain counties,0.9997797535228062,0.9995834025819702,0,Strong post-incident migration gain counties
50003,Bennington County,VT,Low,6,3,Gradual post-incident migration gain counties,0.838732926091479,0.684342937859894,0,Strong post-incident migration gain counties
50005,Caledonia County,VT,Very Low,7,0,Strong post-incident migration gain counties,0.864093091290377,0.7730537890457853,1,Spike-and-fade migration counties
50007,Chittenden County,VT,Low,12,3,Gradual post-incident migration gain counties,0.999868120983782,0.9997969233900267,2,Volatile migration counties
50009,Essex County,VT,Very Low,12,0,Strong post-incident migration gain counties,0.9843871010400037,0.9722660004038768,3,Gradual post-incident migration gain counties
50011,Franklin County,VT,Very Low,9,3,Gradual post-incident migration gain counties,0.9816819134210294,0.9637480080222297,0,Strong post-incident migration gain counties
50013,Grand Isle County,VT,Very Low,3,1,Spike-and-fade migration counties,0.9950983297974538,0.9902291305158866,2,Volatile migration counties
50015,Lamoille County,VT,Very Low,12,0,Strong post-incident migration gain counties,0.6722158847675487,0.35312810342635065,3,Gradual post-incident migration gain counties
50017,Orange County,VT,Very Low,13,3,Gradual post-incident migration gain counties,0.9979335511036147,0.9959391201490541,0,Strong post-incident migration gain counties
50019,Orleans County,VT,Very Low,12,3,Gradual post-incident migration gain counties,0.8346198937096906,0.6757726657474443,0,Strong post-incident migration gain counties
50021,Rutland County,VT,Low,8,0,Strong post-incident migration gain counties,0.5785605628622101,0.17424115561485837,3,Gradual post-incident migration gain counties
50023,Washington County,VT,Low,11,3,Gradual post-incident migration gain counties,0.9360353826535242,0.8725602156551018,0,Strong post-incident migration gain counties
50025,Windham County,VT,Low,6,0,Strong post-incident migration gain counties,0.8842079030288109,0.7706335132662638,1,Spike-and-fade migration counties
50027,Windsor County,VT,Low,8,0,Strong post-incident migration gain counties,0.8055272609562706,0.6159166495658217,1,Spike-and-fade migration counties
51003,Albemarle County,VA,Low,3,3,Gradual post-incident migration gain counties,0.6917951710393188,0.4066379673497921,0,Strong post-incident migration gain counties
51005,Alleghany County,VA,Very Low,1,1,Spike-and-fade migration counties,0.9940489829449427,0.9906247215474528,0,Strong post-incident migration gain counties
51007,Amelia County,VA,Very Low,4,1,Spike-and-fade migration counties,0.8704037567261005,0.7452487781467402,0,Strong post-incident migration gain counties
51009,Amherst County,VA,Very Low,1,0,Strong post-incident migration gain counties,0.6201026153938634,0.2439925210896205,3,Gradual post-incident migration gain counties
51011,Appomattox County,VA,Very Low,4,0,Strong post-incident migration gain counties,0.9846734629715574,0.9704165731192573,1,Spike-and-fade migration counties
51013,Arlington County,VA,Low,2,0,Strong post-incident migration gain counties,0.6503526221911899,0.46100303398065734,1,Spike-and-fade migration counties
51015,Augusta County,VA,Low,1,3,Gradual post-incident migration gain counties,0.8416825435808379,0.684084814369569,0,Strong post-incident migration gain counties
51019,Bedford County,VA,Low,2,3,Gradual post-incident migration gain counties,0.6887979715958418,0.37905191618566364,0,Strong post-incident migration gain counties
51023,Botetourt County,VA,Very Low,2,0,Strong post-incident migration gain counties,0.9570728054308065,0.9196247717059107,3,Gradual post-incident migration gain counties
51029,Buckingham County,VA,Very Low,2,3,Gradual post-incident migration gain counties,0.7608411993988217,0.5229341520008429,0,Strong post-incident migration gain counties
51031,Campbell County,VA,Very Low,3,3,Gradual post-incident migration gain counties,0.9998597115374886,0.9997558380894338,0,Strong post-incident migration gain counties
51033,Caroline County,VA,Very Low,4,0,Strong post-incident migration gain counties,0.9825489252393131,0.9670622711188732,3,Gradual post-incident migration gain counties
51035,Carroll County,VA,Low,1,0,Strong post-incident migration gain counties,0.5419808704511258,0.0856472004511149,1,Spike-and-fade migration counties
51037,Charlotte County,VA,Very Low,4,0,Strong post-incident migration gain counties,0.9226870337130808,0.8597201920705313,1,Spike-and-fade migration counties
51041,Chesterfield County,VA,Moderate,4,3,Gradual post-incident migration gain counties,0.8915186125246375,0.7836253032616651,0,Strong post-incident migration gain counties
51043,Clarke County,VA,Very Low,2,3,Gradual post-incident migration gain counties,0.6192535772102501,0.2597538231141533,0,Strong post-incident migration gain counties
51047,Culpeper County,VA,Low,3,0,Strong post-incident migration gain counties,0.6291526402747148,0.2754388886510132,3,Gradual post-incident migration gain counties
51049,Cumberland County,VA,Very Low,4,0,Strong post-incident migration gain counties,0.9029340536026452,0.8341286122164913,1,Spike-and-fade migration counties
51053,Dinwiddie County,VA,Very Low,3,0,Strong post-incident migration gain counties,0.7170370931905471,0.5686937293531484,3,Gradual post-incident migration gain counties
51057,Essex County,VA,Very Low,4,0,Strong post-incident migration gain counties,0.5051599256478886,0.012892153724219035,1,Spike-and-fade migration counties
51059,Fairfax County,VA,High,2,3,Gradual post-incident migration gain counties,0.5440698003180386,0.1121620903582059,0,Strong post-incident migration gain counties
51061,Fauquier County,VA,Low,3,3,Gradual post-incident migration gain counties,0.8369677119349795,0.6756270739111347,0,Strong post-incident migration gain counties
51063,Floyd County,VA,Very Low,4,1,Spike-and-fade migration counties,0.8597389606693094,0.7259670292232328,0,Strong post-incident migration gain counties
51065,Fluvanna County,VA,Very Low,3,1,Spike-and-fade migration counties,0.9604798212639925,0.9227060294325522,0,Strong post-incident migration gain counties
51067,Franklin County,VA,Very Low,4,3,Gradual post-incident migration gain counties,0.851410386954482,0.7032071979118749,0,Strong post-incident migration gain counties
51069,Frederick County,VA,Low,2,3,Gradual post-incident migration gain counties,0.6673982185427826,0.3367592565767265,0,Strong post-incident migration gain counties
51073,Gloucester County,VA,Very Low,1,3,Gradual post-incident migration gain counties,0.7177335860584908,0.4518643348337041,0,Strong post-incident migration gain counties
51075,Goochland County,VA,Very Low,3,0,Strong post-incident migration gain counties,0.9847591077348571,0.9710727497497977,1,Spike-and-fade migration counties
51077,Grayson County,VA,Very Low,3,0,Strong post-incident migration gain counties,0.9091296985025684,0.850296935533741,1,Spike-and-fade migration counties
51079,Greene County,VA,Very Low,3,0,Strong post-incident migration gain counties,0.6721142117193241,0.35749571033666566,1,Spike-and-fade migration counties
51083,Halifax County,VA,Low,4,1,Spike-and-fade migration counties,0.9844375876474771,0.9722284743265724,0,Strong post-incident migration gain counties
51085,Hanover County,VA,Low,3,3,Gradual post-incident migration gain counties,0.9843048661982657,0.9688127857003717,0,Strong post-incident migration gain counties
51087,Henrico County,VA,Moderate,2,3,Gradual post-incident migration gain counties,0.9954772069785902,0.9911050372556827,0,Strong post-incident migration gain counties
51089,Henry County,VA,Low,2,3,Gradual post-incident migration gain counties,0.9998951309134665,0.9998242526839225,2,Volatile migration counties
51093,Isle of Wight County,VA,Very Low,3,3,Gradual post-incident migration gain counties,0.9853346490690503,0.9708322432872112,0,Strong post-incident migration gain counties
51095,James City County,VA,Low,2,1,Spike-and-fade migration counties,0.97123478801256,0.9567063510160881,2,Volatile migration counties
51097,King and Queen County,VA,Very Low,4,1,Spike-and-fade migration counties,0.9878681847657286,0.9787110724933217,0,Strong post-incident migration gain counties
51099,King George County,VA,Very Low,3,3,Gradual post-incident migration gain counties,0.9983632717199951,0.9968613091843014,0,Strong post-incident migration gain counties
51101,King William County,VA,Very Low,5,0,Strong post-incident migration gain counties,0.9847113064183246,0.9733616619165403,2,Volatile migration counties
51103,Lancaster County,VA,Very Low,4,0,Strong post-incident migration gain counties,0.9929535722543841,0.9893763581712611,2,Volatile migration counties
51105,Lee County,VA,Low,1,1,Spike-and-fade migration counties,0.9320047743433402,0.8871627928654104,0,Strong post-incident migration gain counties
51107,Loudoun County,VA,Low,2,1,Spike-and-fade migration counties,0.9928297638458271,0.9858507643829596,2,Volatile migration counties
51109,Louisa County,VA,Very Low,4,0,Strong post-incident migration gain counties,0.9835958943600022,0.9685680454163103,1,Spike-and-fade migration counties
51111,Lunenburg County,VA,Very Low,1,3,Gradual post-incident migration gain counties,0.9335756311664909,0.8674678218724413,0,Strong post-incident migration gain counties
51113,Madison County,VA,Very Low,3,0,Strong post-incident migration gain counties,0.602530084633774,0.21621266829988894,3,Gradual post-incident migration gain counties
51115,Mathews County,VA,Very Low,2,0,Strong post-incident migration gain counties,0.5747239834418735,0.15070838185880525,1,Spike-and-fade migration counties
51117,Mecklenburg County,VA,Low,4,0,Strong post-incident migration gain counties,0.5096101698700057,0.02374603857893226,3,Gradual post-incident migration gain counties
51119,Middlesex County,VA,Very Low,3,1,Spike-and-fade migration counties,0.735903636901026,0.5414166215296843,2,Volatile migration counties
51121,Montgomery County,VA,Low,2,1,Spike-and-fade migration counties,0.9975528593645437,0.9951338099999542,2,Volatile migration counties
51125,Nelson County,VA,Very Low,3,1,Spike-and-fade migration counties,0.9959361213435227,0.9934449892612981,0,Strong post-incident migration gain counties
51127,New Kent County,VA,Very Low,3,3,Gradual post-incident migration gain counties,0.7950201877755895,0.5935106470779407,0,Strong post-incident migration gain counties
51133,Northumberland County,VA,Very Low,4,0,Strong post-incident migration gain counties,0.8076997631135662,0.6622563260589188,1,Spike-and-fade migration counties
51135,Nottoway County,VA,Very Low,4,0,Strong post-incident migration gain counties,0.9934863272507767,0.9897765993186196,1,Spike-and-fade migration counties
51137,Orange County,VA,Very Low,2,0,Strong post-incident migration gain counties,0.9862472773070612,0.9781035959277576,2,Volatile migration counties
51139,Page County,VA,Very Low,2,3,Gradual post-incident migration gain counties,0.9102053925054392,0.8208450237537395,0,Strong post-incident migration gain counties
51141,Patrick County,VA,Very Low,4,3,Gradual post-incident migration gain counties,0.9894220762281828,0.9789262087178222,0,Strong post-incident migration gain counties
51143,Pittsylvania County,VA,Low,4,3,Gradual post-incident migration gain counties,0.9988956366771156,0.9979037832093712,0,Strong post-incident migration gain counties
51145,Powhatan County,VA,Very Low,4,0,Strong post-incident migration gain counties,0.8855435749724304,0.8024065803919481,3,Gradual post-incident migration gain counties
51147,Prince Edward County,VA,Very Low,4,0,Strong post-incident migration gain counties,0.9266725172444592,0.8695811592751987,2,Volatile migration counties
51149,Prince George County,VA,Very Low,2,1,Spike-and-fade migration counties,0.5552293105437303,0.11260313552450191,0,Strong post-incident migration gain counties
51153,Prince William County,VA,Moderate,2,1,Spike-and-fade migration counties,0.935563214042658,0.8745019805393311,0,Strong post-incident migration gain counties
51155,Pulaski County,VA,Low,2,3,Gradual post-incident migration gain counties,0.7469612035985336,0.4955876058800585,0,Strong post-incident migration gain counties
51157,Rappahannock County,VA,Very Low,4,1,Spike-and-fade migration counties,0.9332269140044454,0.8664538283429246,2,Volatile migration counties
51161,Roanoke County,VA,Low,2,3,Gradual post-incident migration gain counties,0.9742567316863396,0.9487903693950825,0,Strong post-incident migration gain counties
51163,Rockbridge County,VA,Very Low,1,1,Spike-and-fade migration counties,0.9161149641979481,0.8644568311373744,0,Strong post-incident migration gain counties
51165,Rockingham County,VA,Low,1,1,Spike-and-fade migration counties,0.9971296620325645,0.9953132983115601,2,Volatile migration counties
51167,Russell County,VA,Very Low,2,0,Strong post-incident migration gain counties,0.9462922890389435,0.8980878134367052,1,Spike-and-fade migration counties
51169,Scott County,VA,Very Low,1,0,Strong post-incident migration gain counties,0.991215889966251,0.9838908485711727,1,Spike-and-fade migration counties
51171,Shenandoah County,VA,Low,2,3,Gradual post-incident migration gain counties,0.904388728702618,0.8092164107459909,0,Strong post-incident migration gain counties
51173,Smyth County,VA,Low,1,0,Strong post-incident migration gain counties,0.9961856646999386,0.9938124320421943,3,Gradual post-incident migration gain counties
51177,Spotsylvania County,VA,Low,3,0,Strong post-incident migration gain counties,0.7376406724699619,0.4959288847068667,3,Gradual post-incident migration gain counties
51179,Stafford County,VA,Low,3,0,Strong post-incident migration gain counties,0.5927820108835424,0.22435990964950903,3,Gradual post-incident migration gain counties
51183,Sussex County,VA,Very Low,1,1,Spike-and-fade migration counties,0.9314980347715234,0.8630004829254575,2,Volatile migration counties
51185,Tazewell County,VA,Low,2,0,Strong post-incident migration gain counties,0.8835425998810572,0.8097416430685824,2,Volatile migration counties
51187,Warren County,VA,Very Low,2,1,Spike-and-fade migration counties,0.737326721713302,0.47474996962195426,2,Volatile migration counties
51191,Washington County,VA,Low,1,0,Strong post-incident migration gain counties,0.5896186766999026,0.18716143741871444,3,Gradual post-incident migration gain counties
51193,Westmoreland County,VA,Very Low,3,1,Spike-and-fade migration counties,0.5678953898745084,0.1380406699960101,0,Strong post-incident migration gain counties
51195,Wise County,VA,Low,1,0,Strong post-incident migration gain counties,0.9894296606758908,0.9829535244808516,1,Spike-and-fade migration counties
51197,Wythe County,VA,Low,1,0,Strong post-incident migration gain counties,0.9415342334849578,0.892632540543962,3,Gradual post-incident migration gain counties
51199,York County,VA,Low,1,0,Strong post-incident migration gain counties,0.9628212869036726,0.9275286363031007,1,Spike-and-fade migration counties
51510,Alexandria City,VA,Low,2,2,Volatile migration counties,0.9761128760336198,0.9522257520672389,1,Spike-and-fade migration counties
51520,Bristol City,VA,Very Low,2,2,Volatile migration counties,0.9136571451986295,0.8334456477252934,1,Spike-and-fade migration counties
51530,Buena Vista City,VA,Very Low,1,1,Spike-and-fade migration counties,0.9353567507243373,0.8707135248651069,2,Volatile migration counties
51540,Charlottesville City,VA,Very Low,1,2,Volatile migration counties,0.9999999999545768,0.9999999999091539,1,Spike-and-fade migration counties
51550,Chesapeake City,VA,Low,2,3,Gradual post-incident migration gain counties,0.9825780894587436,0.9656078617020794,0,Strong post-incident migration gain counties
51570,Colonial Heights City,VA,Very Low,1,0,Strong post-incident migration gain counties,0.580387358199905,0.2995466916028673,1,Spike-and-fade migration counties
51590,Danville City,VA,Low,3,0,Strong post-incident migration gain counties,0.9953127929642993,0.9924989573492634,1,Spike-and-fade migration counties
51600,Fairfax City,VA,Very Low,2,3,Gradual post-incident migration gain counties,0.9309603210590112,0.8631622674824222,0,Strong post-incident migration gain counties
51610,Falls Church City,VA,Very Low,2,2,Volatile migration counties,1.0,1.0,1,Spike-and-fade migration counties
51620,Franklin City,VA,Very Low,3,0,Strong post-incident migration gain counties,0.9085045978682936,0.8247703296870674,1,Spike-and-fade migration counties
51630,Fredericksburg City,VA,Very Low,3,0,Strong post-incident migration gain counties,0.980826812338192,0.971033132083136,1,Spike-and-fade migration counties
51640,Galax City,VA,Very Low,2,1,Spike-and-fade migration counties,0.9725214698391688,0.9450539850189038,2,Volatile migration counties
51650,Hampton City,VA,Low,3,0,Strong post-incident migration gain counties,0.9795407748178278,0.9670021632667669,1,Spike-and-fade migration counties
51660,Harrisonburg City,VA,Very Low,1,2,Volatile migration counties,0.9999863072612573,0.9999726145225144,1,Spike-and-fade migration counties
51670,Hopewell City,VA,Very Low,1,2,Volatile migration counties,0.5581484660358853,0.11629693207189801,1,Spike-and-fade migration counties
51680,Lynchburg City,VA,Low,1,1,Spike-and-fade migration counties,0.9920495811412261,0.984099490967142,2,Volatile migration counties
51683,Manassas City,VA,Very Low,2,0,Strong post-incident migration gain counties,0.5027304296060215,0.020795301280624068,3,Gradual post-incident migration gain counties
51685,Manassas Park City,VA,Very Low,2,1,Spike-and-fade migration counties,0.7578131128442306,0.5156262789720985,2,Volatile migration counties
51690,Martinsville City,VA,Very Low,3,1,Spike-and-fade migration counties,0.8642746108804493,0.7311517106945319,0,Strong post-incident migration gain counties
51700,Newport News City,VA,Low,3,1,Spike-and-fade migration counties,0.8498972685786143,0.7084129332637464,0,Strong post-incident migration gain counties
51710,Norfolk City,VA,Moderate,2,3,Gradual post-incident migration gain counties,0.9995103729665358,0.9991288956175337,2,Volatile migration counties
51730,Petersburg City,VA,Very Low,1,1,Spike-and-fade migration counties,0.9753515876532008,0.9507788685628874,2,Volatile migration counties
51735,Poquoson City,VA,Very Low,1,1,Spike-and-fade migration counties,0.9911595674545711,0.9864432925261422,2,Volatile migration counties
51740,Portsmouth City,VA,Low,2,0,Strong post-incident migration gain counties,0.9947317227732364,0.9918404077663796,1,Spike-and-fade migration counties
51760,Richmond City,VA,Low,2,1,Spike-and-fade migration counties,0.993473176036399,0.9870709682264325,2,Volatile migration counties
51770,Roanoke City,VA,Low,2,0,Strong post-incident migration gain counties,0.8265516684925143,0.675112123578237,1,Spike-and-fade migration counties
51775,Salem City,VA,Very Low,1,0,Strong post-incident migration gain counties,0.9874330764062736,0.9762874209592297,1,Spike-and-fade migration counties
51790,Staunton City,VA,Very Low,1,1,Spike-and-fade migration counties,0.8610683442585177,0.7258792080783134,0,Strong post-incident migration gain counties
51800,Suffolk City,VA,Low,2,3,Gradual post-incident migration gain counties,0.8976346272317939,0.7956085217802984,0,Strong post-incident migration gain counties
51810,Virginia Beach City,VA,Low,2,3,Gradual post-incident migration gain counties,0.9998267028390356,0.9996926228730704,0,Strong post-incident migration gain counties
51820,Waynesboro City,VA,Very Low,1,1,Spike-and-fade migration counties,0.6036144530678902,0.3099699122016322,2,Volatile migration counties
51830,Williamsburg City,VA,Very Low,2,0,Strong post-incident migration gain counties,0.9135264962158441,0.8317856304596718,2,Volatile migration counties
51840,Winchester City,VA,Very Low,2,2,Volatile migration counties,0.999999999999936,0.9999999999998707,1,Spike-and-fade migration counties
53001,Adams County,WA,Very Low,35,0,Strong post-incident migration gain counties,0.5043831959667984,0.015169323171626947,3,Gradual post-incident migration gain counties
53003,Asotin County,WA,Very Low,34,3,Gradual post-incident migration gain counties,0.944173403540097,0.8885693616700815,0,Strong post-incident migration gain counties
53005,Benton County,WA,Moderate,35,3,Gradual post-incident migration gain counties,0.7981055398136471,0.59689049736314,0,Strong post-incident migration gain counties
53007,Chelan County,WA,Moderate,52,3,Gradual post-incident migration gain counties,0.9172258611901427,0.8349940897087537,0,Strong post-incident migration gain counties
53009,Clallam County,WA,Moderate,41,3,Gradual post-incident migration gain counties,0.9974156464269359,0.994992314807434,0,Strong post-incident migration gain counties
53011,Clark County,WA,Moderate,35,3,Gradual post-incident migration gain counties,0.9784022597952171,0.9569788242586758,0,Strong post-incident migration gain counties
53013,Columbia County,WA,Very Low,31,0,Strong post-incident migration gain counties,0.9272170711897676,0.8549955063246428,1,Spike-and-fade migration counties
53015,Cowlitz County,WA,Moderate,36,0,Strong post-incident migration gain counties,0.6776560876495278,0.3570823353363288,3,Gradual post-incident migration gain counties
53017,Douglas County,WA,Low,40,0,Strong post-incident migration gain counties,0.6798745690821052,0.3650447291913156,3,Gradual post-incident migration gain counties
53019,Ferry County,WA,Low,27,0,Strong post-incident migration gain counties,0.9118281209344605,0.8248741201809336,1,Spike-and-fade migration counties
53021,Franklin County,WA,Low,36,0,Strong post-incident migration gain counties,0.6228640789066902,0.2526290956977497,3,Gradual post-incident migration gain counties
53025,Grant County,WA,Low,37,3,Gradual post-incident migration gain counties,0.9939374189746227,0.9879206006814293,0,Strong post-incident migration gain counties
53027,Grays Harbor County,WA,High,39,0,Strong post-incident migration gain counties,0.8895436091795603,0.7818388682259194,3,Gradual post-incident migration gain counties
53029,Island County,WA,Low,40,0,Strong post-incident migration gain counties,0.9442440680845425,0.9059238297806235,3,Gradual post-incident migration gain counties
53031,Jefferson County,WA,Low,41,3,Gradual post-incident migration gain counties,0.9996065411032242,0.9993308964372515,0,Strong post-incident migration gain counties
53033,King County,WA,Very High,36,0,Strong post-incident migration gain counties,0.6545856028318963,0.3253722450721347,3,Gradual post-incident migration gain counties
53035,Kitsap County,WA,Moderate,33,0,Strong post-incident migration gain counties,0.5129022641202978,0.02733305034461264,1,Spike-and-fade migration counties
53037,Kittitas County,WA,Moderate,41,1,Spike-and-fade migration counties,0.6501623251994343,0.45977786912673396,2,Volatile migration counties
53039,Klickitat County,WA,Low,39,0,Strong post-incident migration gain counties,0.6539671080793774,0.3091487944801525,3,Gradual post-incident migration gain counties
53041,Lewis County,WA,Moderate,41,0,Strong post-incident migration gain counties,0.9849178750881212,0.9715474879204886,1,Spike-and-fade migration counties
53043,Lincoln County,WA,Low,39,0,Strong post-incident migration gain counties,0.856764872173155,0.7151356650897012,1,Spike-and-fade migration counties
53045,Mason County,WA,Moderate,40,0,Strong post-incident migration gain counties,0.9760090336227805,0.9567360383530191,3,Gradual post-incident migration gain counties
53047,Okanogan County,WA,Moderate,52,0,Strong post-incident migration gain counties,0.9630983070037756,0.931678731276224,3,Gradual post-incident migration gain counties
53049,Pacific County,WA,Moderate,38,0,Strong post-incident migration gain counties,0.5444487891428469,0.09768005529358958,1,Spike-and-fade migration counties
53051,Pend Oreille County,WA,Very Low,39,0,Strong post-incident migration gain counties,0.928138127619331,0.8573554634769855,1,Spike-and-fade migration counties
53053,Pierce County,WA,High,34,3,Gradual post-incident migration gain counties,0.9996358479365691,0.9993089174213519,0,Strong post-incident migration gain counties
53055,San Juan County,WA,Very Low,35,1,Spike-and-fade migration counties,0.9946227353563588,0.9899063070076108,2,Volatile migration counties
53057,Skagit County,WA,Moderate,39,3,Gradual post-incident migration gain counties,0.9983136924843666,0.9966678476018406,0,Strong post-incident migration gain counties
53059,Skamania County,WA,Low,43,0,Strong post-incident migration gain counties,0.981748987942972,0.9647675078066201,1,Spike-and-fade migration counties
53061,Snohomish County,WA,High,42,3,Gradual post-incident migration gain counties,0.999881463716904,0.9997991997792807,2,Volatile migration counties
53063,Spokane County,WA,Moderate,30,1,Spike-and-fade migration counties,0.9835288260142769,0.9699223889862252,0,Strong post-incident migration gain counties
53065,Stevens County,WA,Low,24,0,Strong post-incident migration gain counties,0.8344991939845661,0.6724143014536651,1,Spike-and-fade migration counties
53067,Thurston County,WA,High,36,3,Gradual post-incident migration gain counties,0.9957916221493773,0.9917648067357202,0,Strong post-incident migration gain counties
53071,Walla Walla County,WA,Low,36,3,Gradual post-incident migration gain counties,0.9999354790285713,0.9998954850668419,2,Volatile migration counties
53073,Whatcom County,WA,Moderate,40,0,Strong post-incident migration gain counties,0.9732335777231963,0.9545833188768476,1,Spike-and-fade migration counties
53075,Whitman County,WA,Very Low,37,1,Spike-and-fade migration counties,0.8875883071776566,0.7751766185506531,2,Volatile migration counties
53077,Yakima County,WA,Moderate,41,3,Gradual post-incident migration gain counties,0.998507399439925,0.9970512896540971,0,Strong post-incident migration gain counties
54005,Boone County,WV,Low,1,1,Spike-and-fade migration counties,0.7734304886834131,0.5581509905622292,0,Strong post-incident migration gain counties
54009,Brooke County,WV,Low,1,0,Strong post-incident migration gain counties,0.9193657725483781,0.844285692397439,1,Spike-and-fade migration counties
54011,Cabell County,WV,Moderate,3,0,Strong post-incident migration gain counties,0.9323262969420986,0.8670756825948129,3,Gradual post-incident migration gain counties
54019,Fayette County,WV,Low,2,0,Strong post-incident migration gain counties,0.706168040877106,0.5500116016826165,3,Gradual post-incident migration gain counties
54023,Grant County,WV,Very Low,2,0,Strong post-incident migration gain counties,0.9948874636549793,0.9912994712257431,1,Spike-and-fade migration counties
54025,Greenbrier County,WV,Low,2,1,Spike-and-fade migration counties,0.9749705519206431,0.9518791676657251,0,Strong post-incident migration gain counties
54027,Hampshire County,WV,Very Low,1,0,Strong post-incident migration gain counties,0.6067383760451923,0.22544542813275392,1,Spike-and-fade migration counties
54031,Hardy County,WV,Very Low,1,2,Volatile migration counties,0.9999999919405091,0.9999999838810185,1,Spike-and-fade migration counties
54033,Harrison County,WV,Low,3,3,Gradual post-incident migration gain counties,0.9972340345200161,0.9944986595498967,0,Strong post-incident migration gain counties
54035,Jackson County,WV,Low,1,0,Strong post-incident migration gain counties,0.5931223246692011,0.19058163819590018,1,Spike-and-fade migration counties
54037,Jefferson County,WV,Low,1,0,Strong post-incident migration gain counties,0.5194740205132311,0.04018124939062112,1,Spike-and-fade migration counties
54039,Kanawha County,WV,High,3,3,Gradual post-incident migration gain counties,0.9997870205349194,0.9995783712621689,2,Volatile migration counties
54041,Lewis County,WV,Low,1,1,Spike-and-fade migration counties,0.992375864814564,0.984778519275013,2,Volatile migration counties
54043,Lincoln County,WV,Low,2,0,Strong post-incident migration gain counties,0.9815003087728263,0.9683895219378315,1,Spike-and-fade migration counties
54049,Marion County,WV,Low,1,3,Gradual post-incident migration gain counties,0.8424226689875779,0.6854102731248685,0,Strong post-incident migration gain counties
54051,Marshall County,WV,Low,4,0,Strong post-incident migration gain counties,0.7672902027070118,0.5930184269802095,1,Spike-and-fade migration counties
54053,Mason County,WV,Low,2,0,Strong post-incident migration gain counties,0.8258169014056238,0.6596946919969863,3,Gradual post-incident migration gain counties
54055,Mercer County,WV,Low,1,1,Spike-and-fade migration counties,0.9829934183009306,0.9660015820049507,2,Volatile migration counties
54057,Mineral County,WV,Low,1,1,Spike-and-fade migration counties,0.937976152827657,0.8783395057426802,0,Strong post-incident migration gain counties
54061,Monongalia County,WV,Low,2,1,Spike-and-fade migration counties,0.6545357817690645,0.31908213386399387,0,Strong post-incident migration gain counties
54065,Morgan County,WV,Very Low,1,1,Spike-and-fade migration counties,0.49957418366883255,0.047606144636425485,0,Strong post-incident migration gain counties
54069,Ohio County,WV,Low,3,3,Gradual post-incident migration gain counties,0.5955290220006121,0.20690984716090427,0,Strong post-incident migration gain counties
54075,Pocahontas County,WV,Very Low,1,0,Strong post-incident migration gain counties,0.5688035024806711,0.2732864240457102,3,Gradual post-incident migration gain counties
54077,Preston County,WV,Very Low,3,3,Gradual post-incident migration gain counties,0.9924804448122159,0.9850473290638602,0,Strong post-incident migration gain counties
54079,Putnam County,WV,Low,1,3,Gradual post-incident migration gain counties,0.9787491202826355,0.9576717237047726,0,Strong post-incident migration gain counties
54083,Randolph County,WV,Low,3,3,Gradual post-incident migration gain counties,0.9989149024786079,0.9978527979587968,0,Strong post-incident migration gain counties
54085,Ritchie County,WV,Very Low,2,1,Spike-and-fade migration counties,0.9829534984607098,0.9660530121552723,2,Volatile migration counties
54093,Tucker County,WV,Very Low,1,0,Strong post-incident migration gain counties,0.9176504949283171,0.8738264195769605,1,Spike-and-fade migration counties
54097,Upshur County,WV,Low,1,1,Spike-and-fade migration counties,0.9841167917576114,0.9718814941223701,0,Strong post-incident migration gain counties
54099,Wayne County,WV,Low,2,0,Strong post-incident migration gain counties,0.8946800052510325,0.7917524635915442,3,Gradual post-incident migration gain counties
54103,Wetzel County,WV,Low,4,3,Gradual post-incident migration gain counties,0.95720701942307,0.9152128398007716,0,Strong post-incident migration gain counties
54107,Wood County,WV,Low,2,1,Spike-and-fade migration counties,0.6949973726700549,0.3932852993456551,0,Strong post-incident migration gain counties
55001,Adams County,WI,Low,5,2,Volatile migration counties,0.9999999860685875,0.9999999721584395,0,Strong post-incident migration gain counties
55003,Ashland County,WI,Very Low,6,0,Strong post-incident migration gain counties,0.892323476927011,0.7892201893121316,3,Gradual post-incident migration gain counties
55005,Barron County,WI,Low,4,3,Gradual post-incident migration gain counties,0.9967711786622989,0.9935868940173701,0,Strong post-incident migration gain counties
55007,Bayfield County,WI,Very Low,6,3,Gradual post-incident migration gain counties,0.9468072586794753,0.8937627157322471,0,Strong post-incident migration gain counties
55009,Brown County,WI,Moderate,2,1,Spike-and-fade migration counties,0.4721878096459672,0.0009017540074531261,0,Strong post-incident migration gain counties
55011,Buffalo County,WI,Very Low,4,0,Strong post-incident migration gain counties,0.5995834018730466,0.20463492042542525,1,Spike-and-fade migration counties
55013,Burnett County,WI,Low,5,0,Strong post-incident migration gain counties,0.9530064183004991,0.9115389256547412,3,Gradual post-incident migration gain counties
55015,Calumet County,WI,Very Low,2,1,Spike-and-fade migration counties,0.5062027859368305,0.03676598059471803,0,Strong post-incident migration gain counties
55017,Chippewa County,WI,Low,2,0,Strong post-incident migration gain counties,0.9876974743424464,0.9797370611987444,1,Spike-and-fade migration counties
55019,Clark County,WI,Low,6,3,Gradual post-incident migration gain counties,0.9371042509832408,0.8746557606553599,0,Strong post-incident migration gain counties
55021,Columbia County,WI,Moderate,2,0,Strong post-incident migration gain counties,0.5107590451364041,0.1586494467544235,1,Spike-and-fade migration counties
55023,Crawford County,WI,Low,7,3,Gradual post-incident migration gain counties,0.9536540690657783,0.9075459299087124,0,Strong post-incident migration gain counties
55025,Dane County,WI,Moderate,3,1,Spike-and-fade migration counties,0.9900165991788472,0.9818091069580416,0,Strong post-incident migration gain counties
55027,Dodge County,WI,Low,3,0,Strong post-incident migration gain counties,0.5807185101634371,0.27865685649577443,1,Spike-and-fade migration counties
55029,Door County,WI,Low,3,0,Strong post-incident migration gain counties,0.9558731931313453,0.9145066719219364,3,Gradual post-incident migration gain counties
55033,Dunn County,WI,Low,3,1,Spike-and-fade migration counties,0.9940863851923492,0.9881740183636307,2,Volatile migration counties
55035,Eau Claire County,WI,Low,2,1,Spike-and-fade migration counties,0.9662246525647289,0.935006557491876,0,Strong post-incident migration gain counties
55037,Florence County,WI,Low,2,0,Strong post-incident migration gain counties,0.9880005850448681,0.977404373441922,1,Spike-and-fade migration counties
55039,Fond du Lac County,WI,Low,3,3,Gradual post-incident migration gain counties,0.7987595139378233,0.6003288815125501,0,Strong post-incident migration gain counties
55041,Forest County,WI,Low,4,2,Volatile migration counties,0.999547001537165,0.9990940046291966,0,Strong post-incident migration gain counties
55043,Grant County,WI,Low,5,0,Strong post-incident migration gain counties,0.517927634367943,0.14946263569718826,3,Gradual post-incident migration gain counties
55045,Green County,WI,Low,2,0,Strong post-incident migration gain counties,0.9693629758976244,0.9455625926522627,3,Gradual post-incident migration gain counties
55047,Green Lake County,WI,Low,4,0,Strong post-incident migration gain counties,0.9845130771865769,0.9729067709843088,3,Gradual post-incident migration gain counties
55049,Iowa County,WI,Very Low,3,0,Strong post-incident migration gain counties,0.8533238731298425,0.7529100832987456,1,Spike-and-fade migration counties
55051,Iron County,WI,Very Low,6,1,Spike-and-fade migration counties,0.8321876379981338,0.669342196183726,0,Strong post-incident migration gain counties
55053,Jackson County,WI,Low,5,3,Gradual post-incident migration gain counties,0.9966833601935239,0.9934023865908267,0,Strong post-incident migration gain counties
55055,Jefferson County,WI,Low,3,0,Strong post-incident migration gain counties,0.6895529914266436,0.432957059875175,3,Gradual post-incident migration gain counties
55057,Juneau County,WI,Low,5,0,Strong post-incident migration gain counties,0.940528539833463,0.8936682656294397,3,Gradual post-incident migration gain counties
55059,Kenosha County,WI,Moderate,4,3,Gradual post-incident migration gain counties,0.9956435642600792,0.991405778633665,0,Strong post-incident migration gain counties
55061,Kewaunee County,WI,Very Low,2,3,Gradual post-incident migration gain counties,0.5843262109637619,0.17038507145715948,0,Strong post-incident migration gain counties
55063,La Crosse County,WI,Low,5,1,Spike-and-fade migration counties,0.5632914820660401,0.1898934381831482,0,Strong post-incident migration gain counties
55065,Lafayette County,WI,Very Low,2,0,Strong post-incident migration gain counties,0.9982459802293601,0.9975300177699203,2,Volatile migration counties
55067,Langlade County,WI,Low,4,3,Gradual post-incident migration gain counties,0.9506260410164471,0.9013791189349283,0,Strong post-incident migration gain counties
55069,Lincoln County,WI,Low,2,0,Strong post-incident migration gain counties,0.9641854559743049,0.9300855807595888,3,Gradual post-incident migration gain counties
55071,Manitowoc County,WI,Low,3,3,Gradual post-incident migration gain counties,0.9329081259237505,0.8659731755178143,0,Strong post-incident migration gain counties
55073,Marathon County,WI,Moderate,2,3,Gradual post-incident migration gain counties,0.9211977073478655,0.8434456730438663,0,Strong post-incident migration gain counties
55075,Marinette County,WI,Low,4,0,Strong post-incident migration gain counties,0.9262944334752471,0.8704926633622565,3,Gradual post-incident migration gain counties
55077,Marquette County,WI,Low,4,0,Strong post-incident migration gain counties,0.9596122317528536,0.9243473054802563,3,Gradual post-incident migration gain counties
55079,Milwaukee County,WI,High,3,1,Spike-and-fade migration counties,0.9895250694492301,0.9828197401841009,2,Volatile migration counties
55081,Monroe County,WI,Low,7,3,Gradual post-incident migration gain counties,0.9787292410540618,0.957551064318265,0,Strong post-incident migration gain counties
55083,Oconto County,WI,Low,3,0,Strong post-incident migration gain counties,0.9379758683907069,0.8772240268526417,1,Spike-and-fade migration counties
55085,Oneida County,WI,Low,4,0,Strong post-incident migration gain counties,0.9973718705073025,0.9959065553672237,2,Volatile migration counties
55087,Outagamie County,WI,Low,3,3,Gradual post-incident migration gain counties,0.9964863932599997,0.9930630061161129,0,Strong post-incident migration gain counties
55089,Ozaukee County,WI,Low,3,3,Gradual post-incident migration gain counties,0.9510377259424315,0.9022689802717492,0,Strong post-incident migration gain counties
55091,Pepin County,WI,Very Low,3,0,Strong post-incident migration gain counties,0.6422492265527032,0.2856246807010008,3,Gradual post-incident migration gain counties
55093,Pierce County,WI,Very Low,3,1,Spike-and-fade migration counties,0.9954476287557734,0.9923414327717681,0,Strong post-incident migration gain counties
55095,Polk County,WI,Low,4,0,Strong post-incident migration gain counties,0.6323334094204418,0.26545831964653954,3,Gradual post-incident migration gain counties
55097,Portage County,WI,Low,4,1,Spike-and-fade migration counties,0.996239444364314,0.9943008974190902,0,Strong post-incident migration gain counties
55099,Price County,WI,Very Low,3,0,Strong post-incident migration gain counties,0.9464417056107151,0.8961025796356447,3,Gradual post-incident migration gain counties
55101,Racine County,WI,Moderate,4,3,Gradual post-incident migration gain counties,0.9312956120645285,0.864345823529338,0,Strong post-incident migration gain counties
55103,Richland County,WI,Low,7,3,Gradual post-incident migration gain counties,0.5443776646222965,0.09915866894502007,0,Strong post-incident migration gain counties
55105,Rock County,WI,Moderate,2,3,Gradual post-incident migration gain counties,0.8565124875325772,0.7140076395266632,0,Strong post-incident migration gain counties
55107,Rusk County,WI,Very Low,4,1,Spike-and-fade migration counties,0.8215547844442392,0.6462623461294872,0,Strong post-incident migration gain counties
55109,St. Croix County,WI,Low,4,3,Gradual post-incident migration gain counties,0.7441472162384287,0.49076362865884565,0,Strong post-incident migration gain counties
55111,Sauk County,WI,Low,4,3,Gradual post-incident migration gain counties,0.9994183143009377,0.998877907848978,0,Strong post-incident migration gain counties
55113,Sawyer County,WI,Low,4,0,Strong post-incident migration gain counties,0.9814443231372885,0.9674983953895419,1,Spike-and-fade migration counties
55115,Shawano County,WI,Low,4,3,Gradual post-incident migration gain counties,0.9737924635256126,0.9477498048497396,0,Strong post-incident migration gain counties
55117,Sheboygan County,WI,Low,2,3,Gradual post-incident migration gain counties,0.9997237368412679,0.9995267699850364,0,Strong post-incident migration gain counties
55119,Taylor County,WI,Very Low,3,3,Gradual post-incident migration gain counties,0.998842940698372,0.9977137540111632,0,Strong post-incident migration gain counties
55121,Trempealeau County,WI,Low,4,0,Strong post-incident migration gain counties,0.5437679164929972,0.0897333410894936,3,Gradual post-incident migration gain counties
55123,Vernon County,WI,Low,8,3,Gradual post-incident migration gain counties,0.999799548898368,0.9996070998992733,2,Volatile migration counties
55125,Vilas County,WI,Low,3,0,Strong post-incident migration gain counties,0.9956902821850409,0.9935751597900514,1,Spike-and-fade migration counties
55127,Walworth County,WI,Low,3,3,Gradual post-incident migration gain counties,0.9829507709826819,0.9660164706693309,0,Strong post-incident migration gain counties
55129,Washburn County,WI,Very Low,4,0,Strong post-incident migration gain counties,0.9812910680975185,0.9636324385066678,1,Spike-and-fade migration counties
55131,Washington County,WI,Low,2,3,Gradual post-incident migration gain counties,0.9900158186110518,0.9801429222759906,0,Strong post-incident migration gain counties
55133,Waukesha County,WI,Moderate,2,3,Gradual post-incident migration gain counties,0.9998557127251536,0.9997221851037211,2,Volatile migration counties
55135,Waupaca County,WI,Low,4,0,Strong post-incident migration gain counties,0.8193163564248915,0.6404428831193244,3,Gradual post-incident migration gain counties
55137,Waushara County,WI,Low,3,0,Strong post-incident migration gain counties,0.9975283860891512,0.9963373867786935,1,Spike-and-fade migration counties
55139,Winnebago County,WI,Moderate,2,1,Spike-and-fade migration counties,0.9939216417782983,0.9879138151581061,2,Volatile migration counties
55141,Wood County,WI,Low,4,3,Gradual post-incident migration gain counties,0.9995799887312808,0.999189765481434,0,Strong post-incident migration gain counties
56001,Albany County,WY,Low,3,0,Strong post-incident migration gain counties,0.9970550133321268,0.9955607543987777,2,Volatile migration counties
56007,Carbon County,WY,Very Low,2,2,Volatile migration counties,0.9999999780239046,0.999999956047808,1,Spike-and-fade migration counties
56013,Fremont County,WY,Low,1,1,Spike-and-fade migration counties,0.7748541984074541,0.5592148501253673,0,Strong post-incident migration gain counties
56025,Natrona County,WY,Low,1,0,Strong post-incident migration gain counties,0.8784665146367645,0.7578800194629939,1,Spike-and-fade migration counties
56029,Park County,WY,Low,1,1,Spike-and-fade migration counties,0.9952735379673078,0.990577533155348,2,Volatile migration counties
56035,Sublette County,WY,Very Low,1,2,Volatile migration counties,1.0,1.0,1,Spike-and-fade migration counties
56039,Teton County,WY,Low,1,2,Volatile migration counties,0.9999999922065896,0.9999999844131798,1,Spike-and-fade migration counties
